step,cut_edges,max_dev_pct
0,230,13.6
1,248,13.6
2,247,13.6
3,266,14.451
4,279,13.6
5,242,15.428
6,238,15.428
7,245,15.428
8,257,15.428
9,256,15.428
10,257,15.428
11,261,13.68
12,257,13.6
13,248,13.6
14,246,13.166
15,243,13.551
16,247,13.166
17,253,12.957
18,246,15.216
19,260,15.528
20,248,15.528
21,253,15.528
22,250,12.957
23,243,14.219
24,234,14.219
25,232,14.219
26,240,13.328
27,242,10.736
28,280,10.963
29,283,14.615
30,278,10.963
31,273,13.043
32,240,10.736
33,239,10.392
34,235,10.392
35,240,8.754
36,240,15.372
37,245,15.372
38,247,9.393
39,243,14.299
40,246,14.299
41,255,15.567
42,257,14.299
43,251,14.299
44,248,14.299
45,245,14.299
46,249,14.299
47,254,11.731
48,251,12.514
49,256,12.514
50,258,12.514
51,263,14.591
52,261,14.591
53,254,12.651
54,248,13.031
55,260,6.901
56,254,15.402
57,254,15.402
58,250,15.402
59,247,15.402
60,239,15.402
61,245,15.402
62,239,13.548
63,240,13.734
64,249,12.906
65,247,14.46
66,256,14.46
67,254,14.003
68,273,15.187
69,271,15.446
70,272,15.446
71,282,15.446
72,274,15.446
73,270,14.947
74,279,14.947
75,283,15.109
76,279,15.109
77,278,15.109
78,260,15.109
79,260,15.109
80,260,15.109
81,267,15.109
82,263,13.689
83,267,13.133
84,261,13.133
85,266,13.133
86,258,13.796
87,259,10.499
88,259,11.289
89,256,11.289
90,250,11.289
91,240,15.431
92,248,15.431
93,237,15.431
94,242,15.431
95,239,15.584
96,241,15.584
97,247,14.926
98,250,14.926
99,257,14.732
100,254,11.289
101,245,15.315
102,254,15.315
103,245,12.494
104,257,12.494
105,256,13.1
106,265,12.494
107,281,12.494
108,287,12.494
109,274,12.508
110,271,13.286
111,269,13.286
112,262,13.286
113,254,12.508
114,268,13.116
115,280,14.897
116,271,14.897
117,274,14.897
118,255,14.897
119,248,14.897
120,253,14.897
121,256,14.897
122,254,14.897
123,272,15.53
124,274,15.067
125,274,15.067
126,269,14.897
127,268,14.897
128,257,13.775
129,239,13.524
130,241,13.524
131,242,13.306
132,248,14.087
133,250,14.087
134,249,14.087
135,249,9.235
136,243,13.85
137,230,13.85
138,235,13.85
139,232,13.85
140,235,13.85
141,252,15.575
142,252,15.575
143,273,15.575
144,242,15.575
145,237,15.575
146,237,15.575
147,243,13.082
148,252,10.984
149,252,13.859
150,250,15.465
151,255,15.465
152,251,14.685
153,262,11.429
154,265,12.992
155,262,12.992
156,308,12.992
157,323,13.573
158,293,14.559
159,293,14.559
160,273,15.402
161,275,15.402
162,260,14.706
163,256,14.706
164,269,14.388
165,267,14.388
166,266,14.388
167,265,8.898
168,280,11.905
169,260,14.577
170,259,14.577
171,261,14.577
172,283,14.577
173,266,14.577
174,276,10.227
175,268,10.227
176,269,14.52
177,265,14.52
178,262,14.52
179,269,12.502
180,261,13.379
181,278,13.379
182,287,13.979
183,291,13.979
184,297,13.979
185,294,13.979
186,276,13.979
187,250,14.353
188,261,14.353
189,256,14.353
190,267,13.979
191,264,13.336
192,257,13.716
193,256,13.716
194,258,13.716
195,254,13.716
196,252,13.716
197,250,13.716
198,273,13.716
199,269,13.716
200,266,11.43
201,240,13.964
202,237,13.964
203,240,13.964
204,240,15.546
205,243,15.546
206,241,15.546
207,242,11.43
208,227,11.43
209,234,11.43
210,224,11.43
211,236,11.43
212,245,11.43
213,246,11.43
214,243,14.173
215,245,15.217
216,244,15.217
217,246,15.217
218,240,15.217
219,242,15.217
220,261,15.217
221,248,15.217
222,237,15.217
223,237,15.217
224,240,15.217
225,242,15.217
226,259,15.217
227,267,15.217
228,278,15.217
229,275,15.217
230,262,15.217
231,270,15.217
232,266,15.217
233,272,15.217
234,265,15.217
235,264,15.217
236,267,15.217
237,270,15.217
238,267,15.217
239,267,15.217
240,264,15.217
241,262,15.085
242,256,14.018
243,263,14.018
244,278,15.141
245,240,14.712
246,240,14.712
247,230,14.018
248,229,14.018
249,232,14.718
250,232,14.718
251,252,14.718
252,230,14.718
253,234,14.718
254,239,15.337
255,231,14.718
256,249,14.718
257,243,14.718
258,229,14.718
259,233,14.718
260,231,14.718
261,229,14.718
262,224,12.938
263,218,12.938
264,220,12.938
265,231,12.679
266,221,12.679
267,225,11.381
268,230,12.828
269,234,12.828
270,252,12.335
271,251,12.335
272,248,12.335
273,243,12.335
274,241,12.335
275,233,13.432
276,236,13.432
277,243,13.432
278,244,14.075
279,253,14.075
280,245,14.075
281,238,14.075
282,243,9.854
283,240,9.854
284,247,9.854
285,258,10.708
286,259,11.587
287,258,11.587
288,255,14.903
289,253,14.903
290,274,14.903
291,272,14.903
292,249,14.903
293,254,14.903
294,254,14.903
295,258,13.24
296,258,13.24
297,274,13.24
298,279,13.24
299,262,13.24
300,268,14.11
301,255,13.24
302,258,13.743
303,270,13.24
304,281,13.836
305,284,13.836
306,274,13.836
307,292,13.836
308,284,13.77
309,289,13.77
310,279,13.77
311,260,13.77
312,258,13.77
313,249,10.527
314,256,7.319
315,257,6.314
316,267,4.327
317,275,11.37
318,270,11.37
319,277,14.918
320,263,14.918
321,259,14.918
322,251,14.918
323,257,14.918
324,262,14.918
325,251,14.918
326,250,14.918
327,230,14.583
328,223,15.15
329,212,15.15
330,212,10.608
331,220,13.429
332,221,13.429
333,221,14.359
334,224,14.359
335,226,14.359
336,233,15.139
337,233,12.759
338,237,11.686
339,233,11.686
340,243,11.686
341,243,11.686
342,242,8.267
343,238,8.267
344,250,13.926
345,243,13.926
346,245,13.926
347,246,14.607
348,251,14.607
349,245,11.25
350,247,10.257
351,238,10.257
352,239,14.624
353,240,14.624
354,260,14.624
355,262,14.568
356,279,12.149
357,279,12.149
358,264,12.149
359,262,12.149
360,258,11.185
361,270,11.185
362,262,14.122
363,253,11.185
364,263,11.185
365,245,11.185
366,255,11.185
367,262,11.151
368,274,13.19
369,279,13.839
370,282,13.839
371,290,13.839
372,282,13.839
373,268,13.839
374,274,13.839
375,281,13.839
376,280,13.19
377,276,13.19
378,271,13.19
379,270,13.19
380,265,13.19
381,261,13.19
382,237,12.243
383,241,12.243
384,242,12.243
385,238,13.01
386,216,14.096
387,232,14.096
388,243,14.096
389,243,14.096
390,246,14.096
391,234,14.096
392,235,14.096
393,231,14.116
394,236,14.116
395,231,14.116
396,236,14.116
397,233,14.116
398,238,14.116
399,249,13.922
400,253,13.922
401,250,13.922
402,272,13.922
403,254,13.863
404,263,12.745
405,279,12.745
406,278,12.745
407,276,15.264
408,268,12.745
409,247,12.745
410,250,12.057
411,256,12.057
412,238,11.755
413,234,13.384
414,229,11.755
415,229,13.516
416,229,8.826
417,224,8.632
418,246,8.632
419,226,8.632
420,226,11.66
421,216,12.933
422,209,12.933
423,216,12.933
424,221,12.933
425,223,12.933
426,223,12.933
427,226,12.933
428,228,11.232
429,227,11.232
430,228,11.853
431,233,11.896
432,253,11.896
433,244,11.896
434,231,11.911
435,232,11.911
436,232,12.708
437,232,12.708
438,223,11.911
439,241,14.801
440,230,14.801
441,234,14.801
442,232,14.801
443,234,14.801
444,226,14.801
445,229,15.029
446,234,14.951
447,233,14.951
448,252,14.921
449,254,14.762
450,245,14.762
451,229,15.429
452,229,15.429
453,225,14.762
454,229,15.059
455,243,15.059
456,249,15.059
457,238,15.059
458,248,15.059
459,240,15.059
460,238,15.059
461,230,15.059
462,233,15.059
463,240,15.059
464,238,15.274
465,238,15.274
466,251,15.274
467,253,14.876
468,253,13.961
469,285,13.961
470,279,15.428
471,241,15.428
472,240,15.492
473,243,15.492
474,240,15.492
475,245,15.492
476,242,15.569
477,248,15.569
478,241,15.569
479,240,15.569
480,227,15.458
481,248,15.458
482,246,13.851
483,252,14.957
484,252,14.957
485,247,15.44
486,234,15.44
487,259,15.44
488,254,15.44
489,228,15.44
490,232,15.44
491,232,15.44
492,238,15.44
493,236,15.44
494,233,15.44
495,234,15.44
496,240,15.44
497,260,15.44
498,260,15.44
499,260,15.44
500,266,15.44
501,278,15.032
502,268,15.032
503,251,15.032
504,256,15.273
505,255,15.273
506,258,15.273
507,241,15.273
508,250,15.273
509,240,15.273
510,240,15.273
511,239,13.913
512,230,13.913
513,228,13.913
514,239,13.913
515,236,13.913
516,227,11.603
517,228,11.603
518,220,11.603
519,227,11.74
520,236,11.74
521,236,11.74
522,228,15.513
523,233,15.513
524,226,15.513
525,244,15.513
526,226,15.513
527,222,15.513
528,223,15.513
529,224,12.669
530,259,13.25
531,226,12.669
532,221,13.716
533,215,12.669
534,217,14.902
535,217,14.902
536,218,11.603
537,215,13.244
538,211,13.244
539,207,14.532
540,199,14.532
541,204,8.335
542,198,8.335
543,203,8.335
544,205,8.335
545,197,11.146
546,194,12.972
547,192,12.972
548,193,12.972
549,196,14.819
550,203,14.819
551,220,13.588
552,231,13.588
553,223,13.588
554,259,13.588
555,276,13.588
556,279,13.588
557,275,13.588
558,284,11.429
559,282,12.237
560,279,12.237
561,271,13.555
562,259,12.237
563,257,12.539
564,264,13.163
565,267,14.658
566,267,14.658
567,261,14.658
568,242,14.658
569,246,14.658
570,247,15.055
571,239,15.055
572,232,14.658
573,227,14.658
574,241,14.658
575,243,15.118
576,238,15.118
577,229,14.183
578,226,14.183
579,241,14.183
580,252,13.639
581,244,13.639
582,239,13.639
583,239,13.639
584,244,13.639
585,248,12.846
586,252,13.337
587,260,14.878
588,260,14.878
589,249,14.878
590,278,14.878
591,249,14.878
592,232,14.878
593,236,14.428
594,231,14.428
595,231,14.428
596,228,14.428
597,230,14.15
598,222,14.457
599,234,14.457
600,238,14.457
601,232,14.457
602,236,14.15
603,236,14.15
604,236,15.474
605,238,15.474
606,241,15.474
607,228,14.768
608,227,14.15
609,229,14.15
610,229,14.096
611,233,14.096
612,247,14.096
613,260,14.437
614,267,12.311
615,269,14.081
616,253,14.189
617,253,14.189
618,239,14.523
619,225,14.523
620,227,11.57
621,235,12.536
622,233,11.385
623,236,12.122
624,249,11.385
625,270,13.659
626,264,13.659
627,266,9.321
628,267,10.601
629,261,13.298
630,252,13.298
631,261,15.325
632,272,15.325
633,277,14.681
634,253,13.298
635,247,14.69
636,246,14.748
637,251,15.196
638,257,15.196
639,253,15.196
640,252,15.53
641,259,15.196
642,241,15.196
643,240,15.196
644,243,15.196
645,242,15.196
646,245,15.196
647,248,15.196
648,238,15.196
649,232,15.196
650,231,13.298
651,226,13.298
652,245,13.298
653,246,13.298
654,252,14.893
655,248,13.298
656,237,13.298
657,219,13.298
658,219,13.298
659,218,13.107
660,225,13.818
661,227,13.818
662,223,13.818
663,223,13.818
664,224,13.818
665,216,13.818
666,216,13.818
667,217,13.818
668,215,13.818
669,208,15.043
670,204,15.411
671,212,15.043
672,230,13.283
673,233,15.494
674,234,13.283
675,228,15.591
676,229,15.591
677,238,15.591
678,235,15.283
679,248,15.283
680,248,14.454
681,249,10.918
682,236,15.31
683,236,15.31
684,236,15.31
685,230,15.283
686,227,15.283
687,227,15.283
688,230,15.283
689,233,13.531
690,231,13.531
691,240,13.531
692,247,13.531
693,246,13.531
694,242,13.531
695,248,13.531
696,270,13.025
697,268,10.718
698,278,14.819
699,268,14.819
700,271,11.128
701,266,14.975
702,272,15.465
703,267,15.465
704,270,15.465
705,270,15.465
706,267,15.465
707,262,12.509
708,264,12.742
709,255,12.231
710,249,13.241
711,256,14.52
712,255,14.52
713,242,13.241
714,248,13.241
715,244,14.374
716,248,12.353
717,255,12.353
718,256,12.353
719,260,13.163
720,256,13.163
721,250,13.163
722,260,13.163
723,258,13.441
724,259,13.441
725,265,13.548
726,260,13.441
727,255,14.051
728,252,13.908
729,252,13.908
730,248,13.908
731,247,13.908
732,253,13.585
733,247,13.585
734,237,13.585
735,255,7.677
736,262,15.141
737,251,15.141
738,250,15.141
739,259,15.141
740,253,15.141
741,248,15.141
742,269,14.55
743,275,14.816
744,282,14.816
745,276,14.816
746,264,13.438
747,276,14.568
748,279,14.568
749,280,13.438
750,271,13.438
751,269,13.438
752,273,14.096
753,270,14.096
754,280,14.096
755,286,11.465
756,295,11.465
757,293,14.242
758,290,14.242
759,287,14.242
760,266,14.242
761,246,14.242
762,240,14.242
763,240,14.242
764,242,14.242
765,232,14.242
766,222,12.706
767,226,12.706
768,230,15.014
769,230,15.014
770,237,15.014
771,244,11.339
772,224,11.339
773,216,11.339
774,215,11.339
775,219,11.339
776,222,11.339
777,229,5.212
778,238,5.929
779,254,9.686
780,254,9.686
781,253,13.842
782,252,13.842
783,238,13.842
784,251,13.322
785,245,13.322
786,270,13.322
787,284,13.322
788,269,13.322
789,258,13.322
790,236,13.322
791,238,15.384
792,254,15.384
793,250,13.322
794,250,13.322
795,241,13.322
796,257,13.322
797,253,14.015
798,234,14.015
799,231,13.914
800,223,13.914
801,224,13.914
802,235,15.214
803,262,15.214
804,259,15.214
805,253,14.778
806,254,14.778
807,256,14.778
808,254,14.778
809,257,14.778
810,284,14.778
811,282,14.562
812,282,14.562
813,286,14.562
814,281,14.562
815,284,14.562
816,287,14.562
817,288,14.562
818,279,13.534
819,287,13.534
820,284,13.534
821,288,13.534
822,294,13.534
823,293,12.643
824,276,12.643
825,267,12.643
826,270,12.643
827,275,12.643
828,282,12.643
829,278,12.643
830,283,12.643
831,269,14.209
832,278,14.209
833,285,14.209
834,295,14.209
835,293,14.209
836,285,15.387
837,284,15.455
838,263,15.455
839,259,15.455
840,260,15.455
841,250,15.455
842,249,14.837
843,251,14.837
844,248,11.794
845,267,11.794
846,254,12.798
847,259,15.509
848,251,15.509
849,260,15.509
850,267,12.903
851,264,12.903
852,263,12.903
853,269,15.014
854,270,12.903
855,280,15.073
856,304,15.073
857,308,15.073
858,305,13.845
859,296,13.845
860,293,13.845
861,271,13.845
862,264,13.845
863,267,13.845
864,273,13.845
865,267,13.845
866,256,13.845
867,249,15.253
868,247,15.253
869,232,11.328
870,235,15.576
871,236,15.576
872,255,15.576
873,264,15.576
874,279,15.576
875,302,15.576
876,300,15.576
877,317,14.778
878,295,14.778
879,316,14.778
880,299,15.576
881,300,15.576
882,287,13.841
883,284,13.841
884,264,13.841
885,259,13.282
886,263,13.282
887,291,14.111
888,283,15.184
889,270,13.282
890,275,15.434
891,269,15.524
892,266,15.524
893,266,15.524
894,268,15.524
895,284,15.497
896,283,15.497
897,293,15.497
898,302,15.497
899,300,15.497
900,307,15.461
901,293,15.461
902,282,15.461
903,294,15.461
904,289,15.461
905,313,14.873
906,314,14.637
907,328,14.637
908,314,14.637
909,319,14.637
910,315,14.637
911,306,14.52
912,306,14.52
913,312,14.388
914,324,14.388
915,303,15.366
916,302,13.285
917,300,13.285
918,311,14.899
919,291,14.346
920,261,14.346
921,266,14.346
922,277,15.506
923,274,15.506
924,275,15.506
925,278,15.506
926,288,15.597
927,289,15.506
928,291,14.61
929,284,14.61
930,289,13.749
931,281,14.993
932,281,14.993
933,281,14.993
934,253,14.993
935,262,14.993
936,258,14.993
937,256,15.178
938,261,14.993
939,265,14.993
940,270,14.993
941,268,14.993
942,272,14.993
943,266,14.993
944,250,15.309
945,252,15.309
946,252,15.309
947,258,14.993
948,267,14.993
949,281,14.993
950,274,14.993
951,268,14.993
952,269,14.993
953,273,14.993
954,268,13.313
955,268,13.313
956,287,13.929
957,296,13.929
958,291,12.87
959,283,12.87
960,270,12.87
961,265,12.87
962,251,12.87
963,243,13.503
964,240,15.482
965,247,15.482
966,248,14.909
967,244,14.909
968,246,14.909
969,248,14.738
970,257,14.594
971,257,14.594
972,258,14.594
973,262,14.594
974,263,14.594
975,261,14.896
976,259,14.896
977,255,14.896
978,259,14.896
979,255,14.896
980,241,14.896
981,243,14.896
982,238,14.392
983,249,13.937
984,249,11.86
985,250,11.86
986,270,12.592
987,264,14.335
988,266,14.335
989,268,14.335
990,269,14.335
991,267,14.335
992,264,14.335
993,271,14.335
994,270,14.335
995,271,14.335
996,268,14.335
997,268,15.038
998,258,15.038
999,264,14.335
1000,288,11.719
1001,290,11.719
1002,289,11.719
1003,290,11.719
1004,295,13.916
1005,297,13.916
1006,292,13.916
1007,289,13.916
1008,274,15.008
1009,269,15.008
1010,268,15.008
1011,254,14.984
1012,246,14.984
1013,246,14.984
1014,242,14.984
1015,247,15.467
1016,241,14.984
1017,231,14.984
1018,240,14.984
1019,250,14.984
1020,250,14.984
1021,265,14.984
1022,282,14.984
1023,249,14.984
1024,241,14.984
1025,245,10.048
1026,248,12.751
1027,245,13.817
1028,272,14.618
1029,281,14.618
1030,286,15.342
1031,273,14.31
1032,275,14.31
1033,276,12.045
1034,278,12.045
1035,271,14.73
1036,263,12.963
1037,264,12.963
1038,272,12.963
1039,268,14.424
1040,273,14.424
1041,251,15.473
1042,251,15.473
1043,248,15.473
1044,237,14.463
1045,229,14.463
1046,229,13.034
1047,230,15.554
1048,265,12.822
1049,273,12.822
1050,276,12.822
1051,294,9.54
1052,271,11.519
1053,281,13.546
1054,278,13.546
1055,276,13.546
1056,293,14.093
1057,298,13.618
1058,289,13.618
1059,263,14.368
1060,228,14.368
1061,223,15.366
1062,211,15.366
1063,213,15.366
1064,191,15.366
1065,198,15.366
1066,189,15.366
1067,184,15.366
1068,186,15.434
1069,194,15.434
1070,203,15.366
1071,252,15.366
1072,233,15.366
1073,269,15.366
1074,240,15.366
1075,244,15.366
1076,248,14.81
1077,233,14.81
1078,226,14.81
1079,226,14.81
1080,233,14.81
1081,248,15.464
1082,263,14.81
1083,268,15.222
1084,267,15.222
1085,258,15.222
1086,256,15.222
1087,257,15.222
1088,257,15.222
1089,256,15.222
1090,270,15.222
1091,281,15.222
1092,263,15.222
1093,258,15.222
1094,263,15.222
1095,259,15.222
1096,247,13.835
1097,240,13.835
1098,233,13.349
1099,242,13.349
1100,235,13.349
1101,239,13.349
1102,245,15.563
1103,244,15.563
1104,245,15.563
1105,249,11.824
1106,259,11.824
1107,260,14.449
1108,261,14.449
1109,264,14.449
1110,277,11.929
1111,277,11.929
1112,266,12.013
1113,264,13.554
1114,272,13.554
1115,268,14.634
1116,268,14.634
1117,263,14.634
1118,267,14.634
1119,278,14.634
1120,264,14.634
1121,261,14.634
1122,281,14.634
1123,281,15.15
1124,288,15.15
1125,292,15.15
1126,285,15.15
1127,284,15.15
1128,285,15.15
1129,280,15.15
1130,280,15.15
1131,299,15.15
1132,267,15.15
1133,271,8.566
1134,263,8.566
1135,235,8.183
1136,234,8.183
1137,241,12.395
1138,252,12.395
1139,241,12.395
1140,248,12.395
1141,265,13.031
1142,262,13.031
1143,263,13.657
1144,276,13.657
1145,266,13.031
1146,268,14.509
1147,277,13.031
1148,276,13.453
1149,280,14.485
1150,284,14.485
1151,283,13.567
1152,284,13.567
1153,285,13.567
1154,285,13.567
1155,289,14.939
1156,279,14.894
1157,278,13.567
1158,279,13.651
1159,280,15.468
1160,275,13.663
1161,275,13.663
1162,276,13.663
1163,270,13.663
1164,269,13.663
1165,266,13.663
1166,261,13.663
1167,273,13.663
1168,269,13.663
1169,267,13.663
1170,266,13.663
1171,272,13.034
1172,262,13.034
1173,268,13.034
1174,268,13.034
1175,281,13.034
1176,288,13.034
1177,307,11.052
1178,295,12.643
1179,294,14.577
1180,308,15.153
1181,303,15.153
1182,302,15.153
1183,280,15.153
1184,290,15.153
1185,278,15.153
1186,273,15.153
1187,247,15.153
1188,249,13.546
1189,246,12.85
1190,238,12.85
1191,244,13.806
1192,239,13.806
1193,237,13.806
1194,235,15.512
1195,243,15.512
1196,258,15.512
1197,245,15.512
1198,245,15.512
1199,252,15.512
1200,263,13.935
1201,267,15.304
1202,260,15.449
1203,259,15.449
1204,254,15.449
1205,259,15.449
1206,264,13.935
1207,280,13.264
1208,287,13.264
1209,252,14.437
1210,251,14.437
1211,259,14.437
1212,302,13.264
1213,328,15.162
1214,328,15.162
1215,323,15.162
1216,319,15.162
1217,306,15.162
1218,302,15.162
1219,300,15.162
1220,298,15.162
1221,261,14.156
1222,264,12.195
1223,245,14.738
1224,246,14.738
1225,241,14.927
1226,243,14.927
1227,246,14.927
1228,244,14.927
1229,237,14.927
1230,239,14.927
1231,239,14.927
1232,235,13.223
1233,242,13.223
1234,241,13.223
1235,263,13.781
1236,245,13.223
1237,264,13.223
1238,277,13.223
1239,267,14.69
1240,273,14.69
1241,263,13.223
1242,281,9.121
1243,289,13.495
1244,291,13.495
1245,295,10.795
1246,280,10.795
1247,290,10.795
1248,320,10.795
1249,321,10.795
1250,322,10.795
1251,330,10.795
1252,331,12.622
1253,315,12.622
1254,307,12.622
1255,276,10.795
1256,277,13.551
1257,267,14.195
1258,268,14.021
1259,263,14.18
1260,255,13.812
1261,259,13.812
1262,259,13.812
1263,253,13.812
1264,249,13.683
1265,240,13.683
1266,245,14.751
1267,250,14.751
1268,254,14.751
1269,254,14.751
1270,256,14.751
1271,257,14.751
1272,254,14.751
1273,258,14.751
1274,256,14.751
1275,242,15.115
1276,253,15.115
1277,262,13.793
1278,245,15.304
1279,247,15.304
1280,248,15.304
1281,250,15.304
1282,255,15.515
1283,253,15.515
1284,249,15.515
1285,250,15.304
1286,254,15.282
1287,250,15.581
1288,253,15.569
1289,253,15.569
1290,257,12.242
1291,266,13.453
1292,275,15.54
1293,273,15.54
1294,266,15.54
1295,264,12.242
1296,269,14.083
1297,255,14.083
1298,263,15.288
1299,264,12.317
1300,260,12.317
1301,278,12.317
1302,268,12.242
1303,245,14.248
1304,245,14.248
1305,234,13.751
1306,258,13.751
1307,258,13.751
1308,251,13.751
1309,243,8.227
1310,249,11.205
1311,248,11.743
1312,254,11.59
1313,254,11.59
1314,254,11.59
1315,254,11.59
1316,249,12.314
1317,262,12.314
1318,258,11.205
1319,249,15.058
1320,253,15.058
1321,238,15.285
1322,244,15.285
1323,242,15.285
1324,262,15.285
1325,263,15.058
1326,273,15.058
1327,261,15.058
1328,235,14.428
1329,235,14.428
1330,246,14.428
1331,252,14.428
1332,247,14.428
1333,264,14.998
1334,271,14.998
1335,267,14.998
1336,276,15.485
1337,283,15.485
1338,281,15.485
1339,277,15.485
1340,278,15.025
1341,275,15.025
1342,279,14.532
1343,279,14.532
1344,259,15.33
1345,270,15.434
1346,275,14.532
1347,273,14.532
1348,250,14.162
1349,234,14.162
1350,235,14.162
1351,231,14.162
1352,233,14.162
1353,224,14.162
1354,231,14.162
1355,229,14.162
1356,238,14.162
1357,242,14.162
1358,243,13.941
1359,254,13.941
1360,248,13.941
1361,242,13.668
1362,226,13.668
1363,227,13.668
1364,219,13.668
1365,233,13.668
1366,232,13.668
1367,232,13.668
1368,228,14.186
1369,250,14.186
1370,228,14.186
1371,248,10.445
1372,248,10.445
1373,248,13.292
1374,239,11.454
1375,223,11.551
1376,221,12.392
1377,222,15.247
1378,236,15.247
1379,233,15.247
1380,259,15.247
1381,247,15.247
1382,240,15.247
1383,243,15.247
1384,253,15.247
1385,243,15.247
1386,241,15.247
1387,242,15.247
1388,242,15.106
1389,246,15.106
1390,251,15.106
1391,243,15.581
1392,252,15.106
1393,247,15.023
1394,247,15.289
1395,251,15.289
1396,241,15.289
1397,237,15.289
1398,228,15.289
1399,236,15.289
1400,236,15.289
1401,243,15.289
1402,254,15.289
1403,237,15.289
1404,238,15.289
1405,255,15.289
1406,257,15.289
1407,265,15.289
1408,265,15.289
1409,257,15.289
1410,262,15.289
1411,268,15.289
1412,273,15.168
1413,281,15.168
1414,287,15.168
1415,286,15.168
1416,284,13.04
1417,278,15.587
1418,281,15.587
1419,260,12.49
1420,270,13.211
1421,272,13.211
1422,271,13.211
1423,265,13.211
1424,269,14.207
1425,265,14.207
1426,267,14.207
1427,265,11.534
1428,256,11.534
1429,258,11.534
1430,250,11.534
1431,282,14.763
1432,286,14.763
1433,285,15.321
1434,279,15.321
1435,276,14.763
1436,270,15.33
1437,277,14.763
1438,275,14.763
1439,233,8.207
1440,232,8.207
1441,232,8.207
1442,235,15.309
1443,229,11.261
1444,229,15.573
1445,232,15.573
1446,230,15.573
1447,240,12.876
1448,246,13.325
1449,245,13.133
1450,238,14.745
1451,241,14.745
1452,243,15.109
1453,226,15.109
1454,223,15.109
1455,225,11.69
1456,223,11.69
1457,232,12.045
1458,232,15.354
1459,237,15.354
1460,236,15.354
1461,244,15.354
1462,240,12.167
1463,237,12.799
1464,237,12.799
1465,240,13.527
1466,239,13.527
1467,228,15.449
1468,223,15.449
1469,245,15.449
1470,240,15.449
1471,243,15.449
1472,229,15.449
1473,231,15.243
1474,233,15.243
1475,247,13.734
1476,260,13.734
1477,261,13.734
1478,256,13.734
1479,274,13.734
1480,288,15.204
1481,296,15.204
1482,302,13.734
1483,303,12.723
1484,286,12.723
1485,283,14.52
1486,278,13.277
1487,259,15.449
1488,254,15.449
1489,254,15.449
1490,247,15.321
1491,256,15.321
1492,259,15.321
1493,264,15.321
1494,266,8.171
1495,285,8.171
1496,299,12.708
1497,279,12.708
1498,274,8.171
1499,244,11.835
1500,246,12.012
1501,242,14.146
1502,238,14.146
1503,233,14.146
1504,240,14.146
1505,243,14.146
1506,236,13.79
1507,233,13.79
1508,238,13.79
1509,241,13.79
1510,254,13.605
1511,239,14.801
1512,253,14.801
1513,253,14.801
1514,252,14.801
1515,254,15.001
1516,260,15.001
1517,264,12.691
1518,257,12.269
1519,255,12.269
1520,267,9.496
1521,266,9.496
1522,248,9.496
1523,252,12.314
1524,259,12.314
1525,266,12.314
1526,265,12.314
1527,263,12.314
1528,270,12.314
1529,273,12.314
1530,273,14.087
1531,249,14.087
1532,244,14.272
1533,239,14.272
1534,242,14.272
1535,244,14.272
1536,244,14.272
1537,244,14.272
1538,246,12.876
1539,258,13.303
1540,259,13.303
1541,259,13.303
1542,260,13.303
1543,263,14.511
1544,267,14.511
1545,266,13.348
1546,260,13.444
1547,259,13.013
1548,265,13.545
1549,258,13.088
1550,266,13.088
1551,262,13.088
1552,257,13.088
1553,240,13.088
1554,228,13.088
1555,234,13.088
1556,250,6.324
1557,246,11.728
1558,247,9.496
1559,243,9.496
1560,246,9.496
1561,249,10.335
1562,239,10.335
1563,249,10.335
1564,247,10.335
1565,261,6.324
1566,243,8.523
1567,236,11.193
1568,261,11.193
1569,227,11.193
1570,227,11.193
1571,226,12.673
1572,226,12.673
1573,225,12.673
1574,228,12.673
1575,232,13.025
1576,220,12.78
1577,244,12.78
1578,218,12.78
1579,213,13.692
1580,228,13.692
1581,224,13.692
1582,225,13.692
1583,239,13.692
1584,242,13.692
1585,231,15.483
1586,233,13.692
1587,244,13.692
1588,240,13.878
1589,239,15.518
1590,238,15.518
1591,237,15.566
1592,246,15.518
1593,244,15.518
1594,249,14.585
1595,258,14.585
1596,262,14.585
1597,262,14.585
1598,262,12.499
1599,251,12.499
1600,243,12.499
1601,244,12.499
1602,243,11.267
1603,241,14.404
1604,258,14.404
1605,259,14.404
1606,250,12.778
1607,242,14.227
1608,238,14.227
1609,240,14.227
1610,233,14.227
1611,234,14.227
1612,239,14.227
1613,253,14.227
1614,267,14.227
1615,277,14.227
1616,260,12.968
1617,260,12.968
1618,263,13.432
1619,277,13.432
1620,265,14.281
1621,255,15.172
1622,250,15.172
1623,248,15.588
1624,265,15.588
1625,257,15.588
1626,258,13.988
1627,257,13.988
1628,260,13.988
1629,261,13.988
1630,262,13.988
1631,280,13.988
1632,264,13.988
1633,265,13.988
1634,256,13.988
1635,249,8.251
1636,252,10.945
1637,256,10.945
1638,256,7.899
1639,251,15.256
1640,238,15.256
1641,240,12.891
1642,233,12.891
1643,231,12.891
1644,236,14.526
1645,235,13.151
1646,243,13.151
1647,243,13.151
1648,246,10.619
1649,244,9.874
1650,240,14.637
1651,241,14.637
1652,240,14.637
1653,241,14.637
1654,248,14.875
1655,223,15.043
1656,231,15.043
1657,235,14.637
1658,220,14.637
1659,222,14.637
1660,222,14.637
1661,221,14.637
1662,221,14.637
1663,220,10.273
1664,215,13.4
1665,217,7.789
1666,218,8.535
1667,238,15.258
1668,243,15.258
1669,237,15.258
1670,237,14.391
1671,236,14.391
1672,242,14.391
1673,249,12.834
1674,232,12.834
1675,239,12.834
1676,239,12.834
1677,244,15.026
1678,245,15.026
1679,259,12.834
1680,259,12.834
1681,285,13.555
1682,305,15.27
1683,278,13.946
1684,282,13.946
1685,282,13.946
1686,253,13.946
1687,265,15.534
1688,265,15.534
1689,259,15.068
1690,276,15.068
1691,276,15.068
1692,267,15.068
1693,275,13.252
1694,239,11.576
1695,237,11.576
1696,242,11.576
1697,248,13.334
1698,253,14.449
1699,255,14.449
1700,265,13.334
1701,252,13.334
1702,257,14.497
1703,262,14.497
1704,273,14.497
1705,271,14.349
1706,274,13.994
1707,275,13.994
1708,273,13.994
1709,277,15.244
1710,271,15.244
1711,266,15.244
1712,270,15.244
1713,264,15.244
1714,257,15.244
1715,259,15.244
1716,252,15.244
1717,240,15.244
1718,223,15.244
1719,233,15.244
1720,237,14.29
1721,264,14.29
1722,265,14.29
1723,268,14.29
1724,275,14.29
1725,251,15.584
1726,250,15.584
1727,246,15.584
1728,237,15.584
1729,234,13.557
1730,237,13.394
1731,238,13.432
1732,232,13.432
1733,252,13.432
1734,246,15.022
1735,243,15.022
1736,262,15.471
1737,240,15.022
1738,246,13.477
1739,240,13.477
1740,245,14.968
1741,251,14.968
1742,242,14.968
1743,252,14.968
1744,250,15.351
1745,259,14.968
1746,267,14.968
1747,275,13.423
1748,264,13.055
1749,253,10.401
1750,253,14.819
1751,239,14.819
1752,255,14.819
1753,262,12.445
1754,289,12.197
1755,288,12.906
1756,288,12.906
1757,256,14.917
1758,253,15.13
1759,261,15.13
1760,255,15.13
1761,254,15.13
1762,254,15.13
1763,244,15.13
1764,233,14.09
1765,241,14.09
1766,234,14.09
1767,232,13.528
1768,228,15.337
1769,243,15.425
1770,233,15.425
1771,242,15.425
1772,243,15.425
1773,242,13.528
1774,248,13.528
1775,249,13.528
1776,248,13.528
1777,269,10.655
1778,255,12.252
1779,254,10.01
1780,233,10.01
1781,232,10.01
1782,232,10.01
1783,230,10.01
1784,229,10.01
1785,222,10.263
1786,227,12.85
1787,264,12.85
1788,265,10.7
1789,270,10.735
1790,254,10.735
1791,244,10.735
1792,233,10.01
1793,232,10.01
1794,221,11.734
1795,221,14.691
1796,228,14.691
1797,206,14.691
1798,223,14.691
1799,233,14.691
1800,234,14.691
1801,239,14.691
1802,224,14.691
1803,222,14.661
1804,221,15.557
1805,234,15.557
1806,230,15.557
1807,220,15.557
1808,220,15.557
1809,232,15.557
1810,244,15.557
1811,238,15.557
1812,247,15.557
1813,256,15.557
1814,257,15.557
1815,246,15.557
1816,249,15.557
1817,247,14.965
1818,235,15.166
1819,222,15.166
1820,220,15.166
1821,220,15.166
1822,234,13.258
1823,243,13.258
1824,236,14.23
1825,237,14.23
1826,245,14.23
1827,243,13.258
1828,247,13.258
1829,253,13.258
1830,257,13.258
1831,256,14.932
1832,254,14.932
1833,264,7.896
1834,264,7.896
1835,264,7.731
1836,248,7.05
1837,249,15.068
1838,249,15.068
1839,240,12.72
1840,231,12.212
1841,250,8.686
1842,228,8.686
1843,228,9.068
1844,226,15.495
1845,239,15.495
1846,233,15.495
1847,240,15.495
1848,226,15.495
1849,246,15.495
1850,245,15.495
1851,244,15.503
1852,251,15.503
1853,264,15.503
1854,257,14.654
1855,259,8.336
1856,255,8.336
1857,244,8.336
1858,247,10.553
1859,243,12.984
1860,265,12.984
1861,264,12.984
1862,255,12.984
1863,272,12.984
1864,262,14.307
1865,263,14.307
1866,248,14.307
1867,249,14.307
1868,253,12.984
1869,257,12.984
1870,241,14.015
1871,239,14.015
1872,235,14.015
1873,235,14.015
1874,242,14.015
1875,264,13.675
1876,262,12.984
1877,244,12.984
1878,251,12.984
1879,255,12.984
1880,256,12.538
1881,262,14.362
1882,256,12.538
1883,245,13.372
1884,257,13.372
1885,251,13.573
1886,258,12.538
1887,250,12.538
1888,249,11.665
1889,249,11.665
1890,253,12.831
1891,246,14.765
1892,246,14.765
1893,237,14.765
1894,239,14.765
1895,246,14.765
1896,247,14.765
1897,273,14.765
1898,273,14.765
1899,249,14.765
1900,243,14.765
1901,242,14.765
1902,246,12.648
1903,259,12.654
1904,261,12.654
1905,249,11.576
1906,254,13.193
1907,241,11.785
1908,225,13.877
1909,245,12.613
1910,242,11.704
1911,223,14.346
1912,222,14.346
1913,223,14.346
1914,240,14.346
1915,241,14.346
1916,251,14.346
1917,251,14.346
1918,276,12.35
1919,277,11.576
1920,260,11.576
1921,264,11.576
1922,268,11.576
1923,271,11.576
1924,267,11.576
1925,262,11.576
1926,257,11.576
1927,259,12.267
1928,257,14.287
1929,260,12.267
1930,276,12.267
1931,287,11.576
1932,280,11.576
1933,253,11.576
1934,245,12.669
1935,238,15.222
1936,250,15.222
1937,247,14.113
1938,244,11.657
1939,244,11.657
1940,234,11.576
1941,242,11.576
1942,256,11.576
1943,242,11.576
1944,242,11.576
1945,240,11.576
1946,251,11.576
1947,271,11.576
1948,287,13.243
1949,283,13.243
1950,288,12.852
1951,286,12.852
1952,279,12.427
1953,262,14.451
1954,265,14.451
1955,267,14.849
1956,284,14.849
1957,299,14.849
1958,289,14.849
1959,274,14.849
1960,278,15.016
1961,262,15.016
1962,259,15.016
1963,264,14.69
1964,274,14.715
1965,285,14.715
1966,285,14.69
1967,267,14.69
1968,280,14.69
1969,274,14.69
1970,272,15.029
1971,268,15.029
1972,263,15.029
1973,260,15.029
1974,268,15.029
1975,263,15.029
1976,261,15.029
1977,271,13.237
1978,289,13.237
1979,267,14.589
1980,255,13.237
1981,258,13.237
1982,255,14.485
1983,267,13.237
1984,262,13.237
1985,250,15.313
1986,256,13.237
1987,265,13.237
1988,275,14.203
1989,278,14.394
1990,279,14.816
1991,271,14.816
1992,270,14.816
1993,271,12.714
1994,268,10.876
1995,266,12.47
1996,257,12.47
1997,251,12.47
1998,269,12.957
1999,274,10.876
2000,272,15.028
2001,272,15.028
2002,274,15.028
2003,261,15.028
2004,263,15.028
2005,255,15.028
2006,255,15.028
2007,253,15.028
2008,253,15.028
2009,257,15.028
2010,262,15.028
2011,264,15.028
2012,264,15.539
2013,265,15.539
2014,275,15.539
2015,278,15.539
2016,277,15.172
2017,261,13.839
2018,287,13.944
2019,294,6.279
2020,294,12.445
2021,302,12.445
2022,317,12.473
2023,312,12.473
2024,326,12.473
2025,325,12.927
2026,314,12.927
2027,296,12.445
2028,298,12.445
2029,286,8.1
2030,251,12.305
2031,269,11.955
2032,251,11.955
2033,244,10.556
2034,253,10.556
2035,266,15.091
2036,280,10.556
2037,283,10.556
2038,285,8.1
2039,283,12.771
2040,283,12.771
2041,284,14.316
2042,290,15.488
2043,291,15.488
2044,277,12.305
2045,264,12.305
2046,270,13.306
2047,267,13.387
2048,283,13.306
2049,278,15.564
2050,287,15.564
2051,300,14.978
2052,271,15.515
2053,268,15.515
2054,271,15.515
2055,266,15.515
2056,261,15.515
2057,251,15.515
2058,257,15.515
2059,281,14.978
2060,273,14.978
2061,244,14.978
2062,235,14.978
2063,248,15.336
2064,250,15.336
2065,251,15.04
2066,245,13.575
2067,251,13.575
2068,250,11.626
2069,245,11.794
2070,234,11.626
2071,225,11.626
2072,226,11.626
2073,231,11.626
2074,205,11.626
2075,210,11.626
2076,207,9.116
2077,216,8.819
2078,225,10.936
2079,235,12.054
2080,227,12.434
2081,230,14.798
2082,236,14.798
2083,226,14.798
2084,226,14.798
2085,233,8.819
2086,235,8.819
2087,228,8.819
2088,227,8.819
2089,241,10.335
2090,250,12.684
2091,250,14.541
2092,253,14.541
2093,249,13.512
2094,257,13.512
2095,252,13.512
2096,243,13.512
2097,254,7.399
2098,254,8.44
2099,240,15.348
2100,229,15.348
2101,231,15.348
2102,237,14.31
2103,238,12.544
2104,247,12.544
2105,242,13.002
2106,253,13.002
2107,273,15.587
2108,257,13.002
2109,235,15.103
2110,252,13.24
2111,252,14.622
2112,260,14.622
2113,289,14.622
2114,276,14.622
2115,248,14.622
2116,238,14.622
2117,249,14.622
2118,250,14.622
2119,251,14.622
2120,254,14.622
2121,256,14.622
2122,261,14.622
2123,261,14.622
2124,261,14.622
2125,272,14.257
2126,279,14.257
2127,281,14.257
2128,283,14.257
2129,287,14.111
2130,275,14.111
2131,263,14.111
2132,255,14.111
2133,256,15.336
2134,280,14.406
2135,290,14.406
2136,290,14.406
2137,299,14.406
2138,299,14.406
2139,294,14.111
2140,291,14.965
2141,275,14.965
2142,280,15.082
2143,280,15.082
2144,279,15.082
2145,269,15.082
2146,260,14.965
2147,259,14.466
2148,257,14.466
2149,268,14.466
2150,270,15.159
2151,271,15.159
2152,263,11.791
2153,267,11.791
2154,263,12.446
2155,256,14.947
2156,258,12.446
2157,251,11.791
2158,236,12.709
2159,240,13.047
2160,240,13.047
2161,245,13.047
2162,248,13.047
2163,247,14.463
2164,261,14.463
2165,259,14.463
2166,263,14.463
2167,262,14.463
2168,258,14.463
2169,250,14.174
2170,257,14.174
2171,269,14.021
2172,259,14.021
2173,250,14.021
2174,242,14.021
2175,245,13.567
2176,251,13.567
2177,253,13.479
2178,252,15.217
2179,249,15.217
2180,235,15.217
2181,250,15.217
2182,249,12.311
2183,233,12.311
2184,231,13.462
2185,234,12.311
2186,234,12.311
2187,243,13.935
2188,250,13.935
2189,267,8.452
2190,271,12.24
2191,265,12.252
2192,268,13.716
2193,254,13.716
2194,259,13.716
2195,261,13.716
2196,251,14.412
2197,251,14.412
2198,255,14.412
2199,285,14.412
2200,314,14.412
2201,298,14.412
2202,286,15.226
2203,283,15.226
2204,247,15.226
2205,255,13.824
2206,251,12.747
2207,251,12.747
2208,256,15.091
2209,253,15.091
2210,259,15.324
2211,270,15.324
2212,268,15.079
2213,280,13.707
2214,283,14.437
2215,296,14.437
2216,299,14.437
2217,301,14.437
2218,290,14.437
2219,290,14.437
2220,282,14.437
2221,298,14.437
2222,292,14.437
2223,294,14.437
2224,296,11.821
2225,292,11.734
2226,248,13.509
2227,233,13.509
2228,225,13.509
2229,225,13.982
2230,244,14.66
2231,240,14.66
2232,218,15.369
2233,217,12.374
2234,217,12.374
2235,216,15.205
2236,251,12.122
2237,255,12.987
2238,258,12.122
2239,263,12.122
2240,295,11.994
2241,273,11.994
2242,270,14.051
2243,290,14.051
2244,286,14.051
2245,264,14.051
2246,246,14.051
2247,234,14.051
2248,242,14.051
2249,239,14.051
2250,235,14.051
2251,226,14.051
2252,218,14.051
2253,209,14.051
2254,210,14.051
2255,225,14.051
2256,226,15.417
2257,231,14.051
2258,213,14.051
2259,268,14.051
2260,232,14.051
2261,235,14.051
2262,233,14.051
2263,233,14.34
2264,246,14.051
2265,248,14.051
2266,253,14.189
2267,261,14.189
2268,263,14.189
2269,251,14.189
2270,255,14.529
2271,250,14.942
2272,246,14.942
2273,232,14.942
2274,231,14.828
2275,236,14.828
2276,238,14.828
2277,235,14.828
2278,236,14.828
2279,231,9.932
2280,230,9.695
2281,230,13.985
2282,240,13.985
2283,221,13.985
2284,222,11.576
2285,243,15.578
2286,237,15.578
2287,226,15.076
2288,235,15.076
2289,250,15.343
2290,252,15.343
2291,256,15.343
2292,237,15.343
2293,239,15.343
2294,245,15.343
2295,256,15.343
2296,251,14.511
2297,246,15.219
2298,250,15.219
2299,254,14.947
2300,257,14.383
2301,268,14.383
2302,267,15.54
2303,266,15.54
2304,259,15.54
2305,264,15.54
2306,263,13.763
2307,283,13.763
2308,291,13.763
2309,286,10.828
2310,291,10.828
2311,289,10.093
2312,290,7.618
2313,291,7.618
2314,291,7.618
2315,296,8.224
2316,283,8.224
2317,273,13.369
2318,268,13.285
2319,263,14.054
2320,260,14.054
2321,258,14.054
2322,270,14.054
2323,307,14.054
2324,309,14.054
2325,318,13.788
2326,304,12.804
2327,261,12.804
2328,254,14.798
2329,252,14.798
2330,261,14.798
2331,254,15.151
2332,253,15.171
2333,265,15.171
2334,258,15.151
2335,256,15.151
2336,265,15.151
2337,266,15.151
2338,262,15.151
2339,255,15.151
2340,255,12.356
2341,256,14.422
2342,255,14.422
2343,265,14.422
2344,272,12.356
2345,275,14.239
2346,273,14.239
2347,279,12.932
2348,271,13.645
2349,308,12.932
2350,305,14.421
2351,311,14.421
2352,313,14.636
2353,318,14.421
2354,286,14.421
2355,278,15.273
2356,288,15.273
2357,298,9.675
2358,305,15.1
2359,303,15.1
2360,306,15.1
2361,284,15.1
2362,295,11.735
2363,303,11.735
2364,300,10.383
2365,303,10.383
2366,305,10.383
2367,300,15.491
2368,283,15.491
2369,285,15.491
2370,268,15.491
2371,266,15.491
2372,266,15.491
2373,265,15.491
2374,272,15.491
2375,259,15.491
2376,251,15.491
2377,242,15.491
2378,242,12.207
2379,246,12.207
2380,246,12.207
2381,246,12.207
2382,258,15.211
2383,267,15.211
2384,277,15.211
2385,280,11.72
2386,284,11.72
2387,271,13.025
2388,282,13.025
2389,279,13.025
2390,281,14.218
2391,291,13.769
2392,299,13.769
2393,315,13.025
2394,310,13.928
2395,294,13.928
2396,282,14.156
2397,284,15.127
2398,285,15.127
2399,284,15.127
2400,282,15.127
2401,282,15.518
2402,287,15.518
2403,276,15.518
2404,276,15.518
2405,271,11.37
2406,253,11.37
2407,258,13.97
2408,260,13.97
2409,258,13.97
2410,271,13.97
2411,275,15.411
2412,266,15.411
2413,252,15.411
2414,264,15.411
2415,258,15.411
2416,263,14.706
2417,263,15.174
2418,254,15.174
2419,249,14.706
2420,241,15.145
2421,215,13.746
2422,227,13.746
2423,240,13.746
2424,247,14.721
2425,257,14.721
2426,247,15.189
2427,247,15.189
2428,233,15.189
2429,236,15.189
2430,238,14.352
2431,247,14.514
2432,247,14.514
2433,246,14.514
2434,237,15.115
2435,244,14.352
2436,239,14.352
2437,237,14.352
2438,240,14.352
2439,245,14.352
2440,246,14.352
2441,249,15.554
2442,241,15.554
2443,260,14.352
2444,264,14.352
2445,247,14.352
2446,253,14.352
2447,244,14.352
2448,246,14.352
2449,244,14.352
2450,241,14.352
2451,246,14.352
2452,247,14.352
2453,250,14.352
2454,251,14.352
2455,225,14.352
2456,224,14.352
2457,224,14.352
2458,225,14.138
2459,229,14.138
2460,229,14.138
2461,249,14.601
2462,250,13.953
2463,245,15.462
2464,243,15.462
2465,244,13.953
2466,243,15.21
2467,250,13.953
2468,235,13.953
2469,242,13.953
2470,237,13.953
2471,237,13.953
2472,223,15.201
2473,215,15.201
2474,217,15.201
2475,221,15.201
2476,232,15.201
2477,245,15.201
2478,258,10.3
2479,235,10.3
2480,243,10.066
2481,256,10.066
2482,254,10.066
2483,260,13.184
2484,253,13.184
2485,275,13.184
2486,296,13.184
2487,283,12.039
2488,281,13.902
2489,265,13.902
2490,280,15.204
2491,278,15.204
2492,252,13.902
2493,255,13.325
2494,238,13.325
2495,242,13.325
2496,235,13.325
2497,231,14.594
2498,255,13.325
2499,272,13.325
2500,254,13.325
2501,259,13.491
2502,246,15.431
2503,242,15.431
2504,253,15.431
2505,252,15.431
2506,251,15.431
2507,240,15.431
2508,249,15.431
2509,247,14.071
2510,237,14.071
2511,251,14.071
2512,233,14.071
2513,240,14.071
2514,238,14.071
2515,244,14.071
2516,242,12.945
2517,243,12.945
2518,230,12.945
2519,213,12.945
2520,213,12.945
2521,210,13.812
2522,227,13.812
2523,234,13.291
2524,230,13.291
2525,233,13.324
2526,240,12.945
2527,226,12.945
2528,228,12.945
2529,236,12.945
2530,230,12.945
2531,234,12.945
2532,232,12.945
2533,234,13.178
2534,250,13.178
2535,238,13.491
2536,253,13.575
2537,259,13.178
2538,254,14.861
2539,248,13.178
2540,265,15.127
2541,231,13.178
2542,223,13.178
2543,220,13.178
2544,219,12.945
2545,241,15.449
2546,259,15.449
2547,258,14.032
2548,261,14.032
2549,239,14.745
2550,241,14.032
2551,255,14.884
2552,248,13.713
2553,239,13.713
2554,237,13.713
2555,232,14.419
2556,233,14.419
2557,233,14.419
2558,232,14.419
2559,228,12.568
2560,239,13.618
2561,238,13.618
2562,252,13.618
2563,249,13.618
2564,245,15.237
2565,238,15.237
2566,246,13.618
2567,231,13.707
2568,232,13.581
2569,232,13.581
2570,228,13.581
2571,231,13.86
2572,244,13.86
2573,252,14.143
2574,263,14.143
2575,264,14.143
2576,264,14.143
2577,282,14.143
2578,301,15.082
2579,302,15.57
2580,296,15.57
2581,293,15.57
2582,286,15.57
2583,277,15.02
2584,276,15.36
2585,282,15.36
2586,284,15.02
2587,269,15.02
2588,275,15.02
2589,273,15.288
2590,273,15.288
2591,272,15.288
2592,272,15.02
2593,275,15.02
2594,268,15.02
2595,255,15.02
2596,254,15.02
2597,252,15.02
2598,253,15.02
2599,260,15.02
2600,269,15.02
2601,260,15.566
2602,260,15.566
2603,265,15.02
2604,265,15.02
2605,251,15.02
2606,268,15.02
2607,267,15.02
2608,257,15.02
2609,263,15.02
2610,260,15.02
2611,247,15.141
2612,242,15.02
2613,251,15.02
2614,251,15.02
2615,257,15.02
2616,261,14.993
2617,262,14.993
2618,264,14.993
2619,266,14.993
2620,281,14.993
2621,274,15.261
2622,263,15.261
2623,284,14.993
2624,294,14.993
2625,292,14.993
2626,297,14.993
2627,284,14.876
2628,268,14.876
2629,283,14.876
2630,258,14.876
2631,261,14.876
2632,270,15.42
2633,262,15.42
2634,265,15.42
2635,275,11.638
2636,265,14.959
2637,250,14.959
2638,253,15.594
2639,256,14.959
2640,258,14.959
2641,265,14.382
2642,257,13.838
2643,258,13.838
2644,264,13.231
2645,262,15.575
2646,263,15.575
2647,260,13.231
2648,264,13.231
2649,256,13.231
2650,259,13.651
2651,268,13.651
2652,265,13.651
2653,265,14.484
2654,272,14.484
2655,269,10.072
2656,264,11.883
2657,251,12.189
2658,242,12.189
2659,236,11.623
2660,240,11.623
2661,251,14.595
2662,250,14.843
2663,250,14.843
2664,250,14.843
2665,252,14.843
2666,269,15.038
2667,261,15.038
2668,270,15.038
2669,270,15.038
2670,270,15.038
2671,271,15.038
2672,269,15.557
2673,266,15.038
2674,248,15.01
2675,247,15.366
2676,245,15.366
2677,247,15.366
2678,243,15.366
2679,240,15.366
2680,234,12.709
2681,231,12.709
2682,228,15.241
2683,225,15.241
2684,226,15.241
2685,232,15.241
2686,240,15.241
2687,263,15.241
2688,279,15.241
2689,285,15.186
2690,287,15.186
2691,261,15.186
2692,262,15.186
2693,262,15.186
2694,269,15.186
2695,268,15.54
2696,268,15.186
2697,269,13.904
2698,260,13.904
2699,262,12.454
2700,290,11.454
2701,294,11.333
2702,280,11.109
2703,270,11.109
2704,264,14.119
2705,273,11.109
2706,269,11.738
2707,257,11.109
2708,258,13.169
2709,252,11.109
2710,288,12.024
2711,281,12.024
2712,279,12.762
2713,284,12.762
2714,290,11.109
2715,288,11.109
2716,296,12.195
2717,254,12.195
2718,254,11.109
2719,246,11.109
2720,260,11.109
2721,249,15.235
2722,248,11.575
2723,284,12.027
2724,241,8.94
2725,243,14.532
2726,246,12.727
2727,240,12.727
2728,240,12.727
2729,236,12.727
2730,246,13.701
2731,252,13.701
2732,252,13.701
2733,250,13.701
2734,264,14.269
2735,274,14.269
2736,278,13.701
2737,267,13.594
2738,273,14.72
2739,245,14.72
2740,232,13.594
2741,237,13.196
2742,253,13.196
2743,261,13.196
2744,266,13.196
2745,289,13.931
2746,299,13.931
2747,295,13.931
2748,273,13.931
2749,271,13.931
2750,267,13.931
2751,263,13.931
2752,277,13.931
2753,274,13.196
2754,273,12.978
2755,271,14.923
2756,270,14.923
2757,262,14.923
2758,266,14.923
2759,247,14.923
2760,250,14.923
2761,242,13.479
2762,247,13.479
2763,245,13.656
2764,256,15.322
2765,250,13.656
2766,249,14.281
2767,239,14.281
2768,236,14.281
2769,240,14.281
2770,242,14.281
2771,244,14.281
2772,232,14.281
2773,234,14.281
2774,229,14.79
2775,225,14.79
2776,241,14.281
2777,246,15.375
2778,266,15.375
2779,270,15.375
2780,276,15.375
2781,274,15.375
2782,251,14.281
2783,261,15.163
2784,268,14.281
2785,268,14.281
2786,284,14.281
2787,284,14.281
2788,281,14.281
2789,272,14.281
2790,266,14.281
2791,263,14.281
2792,263,14.586
2793,264,14.281
2794,270,14.281
2795,281,14.281
2796,280,14.281
2797,283,14.281
2798,279,14.281
2799,271,14.281
2800,266,14.281
2801,265,14.281
2802,261,14.281
2803,261,14.281
2804,261,14.281
2805,275,14.281
2806,289,14.281
2807,279,14.281
2808,273,14.281
2809,257,14.281
2810,273,14.281
2811,272,14.977
2812,275,14.968
2813,279,13.844
2814,283,13.844
2815,281,13.844
2816,261,13.844
2817,265,13.844
2818,265,13.844
2819,279,13.844
2820,270,15.109
2821,263,15.109
2822,240,15.109
2823,239,15.109
2824,239,15.109
2825,244,14.766
2826,253,14.766
2827,256,14.766
2828,248,14.766
2829,242,13.065
2830,252,13.391
2831,265,13.065
2832,255,13.065
2833,261,13.065
2834,254,13.6
2835,269,13.6
2836,274,13.6
2837,261,14.643
2838,265,14.643
2839,266,14.643
2840,253,14.643
2841,254,14.643
2842,250,13.13
2843,241,14.308
2844,251,14.308
2845,254,14.308
2846,259,14.308
2847,249,14.308
2848,256,14.308
2849,266,14.308
2850,275,13.097
2851,259,13.097
2852,249,13.097
2853,281,13.097
2854,285,14.891
2855,285,14.891
2856,286,14.616
2857,268,15.046
2858,259,15.046
2859,258,15.046
2860,261,15.046
2861,253,15.046
2862,243,13.065
2863,250,13.065
2864,254,14.699
2865,259,13.065
2866,268,13.065
2867,271,13.065
2868,291,13.065
2869,282,13.065
2870,287,13.065
2871,286,13.531
2872,301,14.183
2873,309,14.183
2874,316,14.183
2875,348,14.183
2876,297,14.183
2877,296,14.183
2878,287,14.183
2879,272,13.531
2880,267,13.531
2881,269,13.575
2882,273,13.937
2883,268,13.937
2884,271,14.296
2885,270,13.937
2886,265,11.91
2887,267,11.91
2888,268,12.903
2889,276,12.903
2890,279,13.65
2891,278,15.079
2892,269,15.079
2893,268,15.079
2894,269,15.079
2895,277,15.079
2896,280,13.229
2897,268,13.229
2898,267,13.229
2899,267,12.903
2900,265,12.903
2901,269,14.071
2902,262,14.071
2903,283,14.071
2904,282,14.071
2905,278,14.071
2906,277,14.071
2907,274,12.903
2908,272,13.896
2909,277,13.896
2910,264,13.896
2911,250,13.896
2912,244,9.373
2913,239,9.373
2914,235,12.063
2915,236,12.063
2916,236,12.063
2917,236,13.258
2918,240,13.258
2919,243,13.258
2920,240,13.258
2921,234,13.258
2922,228,13.13
2923,233,12.291
2924,232,15.564
2925,240,15.564
2926,244,15.564
2927,240,15.564
2928,230,15.564
2929,235,15.564
2930,239,15.564
2931,242,15.564
2932,248,15.564
2933,254,15.564
2934,260,15.564
2935,254,15.564
2936,257,15.564
2937,256,15.564
2938,262,12.616
2939,264,12.616
2940,266,12.616
2941,266,13.378
2942,252,13.378
2943,258,13.378
2944,247,13.061
2945,249,12.233
2946,257,13.713
2947,253,13.713
2948,255,13.713
2949,246,7.908
2950,249,10.529
2951,258,15.258
2952,257,9.256
2953,246,7.908
2954,238,10.332
2955,244,10.332
2956,285,10.252
2957,280,12.95
2958,277,12.95
2959,230,12.95
2960,227,13.388
2961,240,13.388
2962,244,12.95
2963,250,14.403
2964,260,14.403
2965,257,14.403
2966,257,14.403
2967,256,14.403
2968,251,14.403
2969,236,12.649
2970,228,12.523
2971,238,12.553
2972,238,13.166
2973,240,15.154
2974,242,12.574
2975,241,12.574
2976,238,12.574
2977,245,12.941
2978,234,12.523
2979,239,12.523
2980,245,15.596
2981,244,15.596
2982,250,14.062
2983,256,14.619
2984,245,14.619
2985,255,14.619
2986,249,15.291
2987,253,14.619
2988,258,13.901
2989,280,12.828
2990,270,13.283
2991,269,13.283
2992,254,13.283
2993,252,13.283
2994,248,12.804
2995,255,12.024
2996,261,12.024
2997,260,12.024
2998,264,12.024
2999,265,12.024
3000,257,12.024
3001,260,12.024
3002,261,13.624
3003,262,15.375
3004,256,15.375
3005,265,15.375
3006,273,15.375
3007,272,15.375
3008,263,15.375
3009,263,15.375
3010,258,15.375
3011,253,15.375
3012,255,15.542
3013,254,15.542
3014,264,15.542
3015,258,15.542
3016,261,15.542
3017,265,15.542
3018,262,15.542
3019,271,15.542
3020,272,15.542
3021,283,15.542
3022,286,15.542
3023,288,15.542
3024,285,15.542
3025,287,11.681
3026,276,15.246
3027,284,15.246
3028,285,10.658
3029,275,10.658
3030,272,12.302
3031,268,15.369
3032,253,15.369
3033,252,12.565
3034,252,12.565
3035,252,12.565
3036,249,12.565
3037,251,12.565
3038,243,13.376
3039,243,13.778
3040,262,13.778
3041,285,13.778
3042,256,13.778
3043,253,13.778
3044,252,13.778
3045,245,13.778
3046,241,13.778
3047,241,13.778
3048,241,14.062
3049,257,14.062
3050,242,14.062
3051,237,14.062
3052,234,14.062
3053,236,14.879
3054,247,14.879
3055,245,14.879
3056,244,14.741
3057,248,14.741
3058,236,14.741
3059,227,14.062
3060,233,13.938
3061,249,10.545
3062,225,15.522
3063,223,15.522
3064,218,15.522
3065,228,15.522
3066,227,15.522
3067,231,15.522
3068,244,15.097
3069,246,15.097
3070,271,15.097
3071,275,12.107
3072,272,12.107
3073,267,12.335
3074,267,7.934
3075,264,11.645
3076,263,13.298
3077,246,13.298
3078,250,15.154
3079,247,13.298
3080,248,13.298
3081,251,13.298
3082,251,14.541
3083,251,14.541
3084,266,14.541
3085,257,14.541
3086,245,14.541
3087,244,14.541
3088,245,14.541
3089,253,14.541
3090,251,15.001
3091,249,14.541
3092,249,14.541
3093,243,13.094
3094,240,14.406
3095,245,14.406
3096,239,14.406
3097,241,15.282
3098,239,15.282
3099,229,15.282
3100,230,14.406
3101,230,13.953
3102,247,8.35
3103,239,8.35
3104,247,13.979
3105,218,12.726
3106,223,8.35
3107,240,8.35
3108,230,8.35
3109,233,8.35
3110,251,8.35
3111,255,7.015
3112,272,10.894
3113,272,10.894
3114,257,10.894
3115,232,10.909
3116,249,9.342
3117,231,11.1
3118,220,13.019
3119,228,13.019
3120,225,13.019
3121,232,13.512
3122,234,13.512
3123,242,13.512
3124,254,12.125
3125,255,12.125
3126,258,13.955
3127,251,13.955
3128,261,13.955
3129,243,12.125
3130,256,14.867
3131,245,15.297
3132,249,15.297
3133,246,14.867
3134,239,14.867
3135,248,14.867
3136,248,14.867
3137,276,14.867
3138,268,14.867
3139,268,14.867
3140,263,14.867
3141,270,14.867
3142,247,14.867
3143,242,13.163
3144,241,13.163
3145,251,13.163
3146,251,12.841
3147,249,12.841
3148,254,12.841
3149,240,14.541
3150,237,14.541
3151,238,14.541
3152,229,14.541
3153,230,12.802
3154,250,12.802
3155,264,12.802
3156,268,12.802
3157,265,12.802
3158,266,13.103
3159,262,13.827
3160,261,13.827
3161,267,13.103
3162,275,13.103
3163,275,13.336
3164,280,13.336
3165,298,15.464
3166,297,15.464
3167,290,15.464
3168,297,15.464
3169,293,15.464
3170,277,14.881
3171,264,14.881
3172,261,14.26
3173,258,14.26
3174,260,14.26
3175,257,15.534
3176,250,14.574
3177,251,14.574
3178,256,14.574
3179,249,15.482
3180,251,14.574
3181,250,14.574
3182,283,12.817
3183,279,12.76
3184,254,12.76
3185,259,12.76
3186,267,12.76
3187,258,12.76
3188,244,14.038
3189,245,14.038
3190,245,14.038
3191,262,12.76
3192,256,12.76
3193,247,14.606
3194,250,14.606
3195,242,14.606
3196,244,14.606
3197,237,14.606
3198,235,14.606
3199,245,11.291
3200,237,12.777
3201,240,12.795
3202,240,12.795
3203,250,14.577
3204,251,15.512
3205,263,15.512
3206,266,12.506
3207,262,12.285
3208,275,12.285
3209,268,12.285
3210,271,14.416
3211,285,14.416
3212,279,14.416
3213,278,14.968
3214,272,14.968
3215,276,14.416
3216,273,12.391
3217,245,12.391
3218,245,12.64
3219,244,12.391
3220,235,12.391
3221,259,14.736
3222,270,14.736
3223,251,12.391
3224,239,12.391
3225,242,12.391
3226,261,12.391
3227,260,12.391
3228,259,12.391
3229,291,15.408
3230,293,15.408
3231,278,15.408
3232,278,15.408
3233,262,15.533
3234,262,15.533
3235,265,15.533
3236,268,15.533
3237,287,15.408
3238,304,14.941
3239,302,13.594
3240,313,13.594
3241,316,13.594
3242,301,13.594
3243,300,13.594
3244,309,13.594
3245,281,15.088
3246,265,14.538
3247,264,14.538
3248,259,14.538
3249,249,14.538
3250,253,14.538
3251,260,15.019
3252,268,15.019
3253,276,15.019
3254,277,15.019
3255,280,15.019
3256,272,15.019
3257,265,15.019
3258,254,15.019
3259,254,15.019
3260,249,15.019
3261,254,15.019
3262,266,15.019
3263,261,13.498
3264,247,12.835
3265,244,12.835
3266,249,12.835
3267,254,12.835
3268,254,12.835
3269,261,12.835
3270,257,12.589
3271,245,12.234
3272,249,12.234
3273,238,12.234
3274,261,12.234
3275,266,12.234
3276,250,12.234
3277,260,12.234
3278,280,12.234
3279,282,12.234
3280,266,12.234
3281,256,12.234
3282,256,12.234
3283,249,12.234
3284,242,12.234
3285,254,12.234
3286,246,14.422
3287,246,12.649
3288,243,15.587
3289,247,15.587
3290,251,14.607
3291,245,14.607
3292,255,15.292
3293,248,13.725
3294,261,13.725
3295,256,13.426
3296,262,14.819
3297,235,13.426
3298,246,13.426
3299,239,12.234
3300,239,12.589
3301,230,14.721
3302,236,13.896
3303,237,13.896
3304,244,13.896
3305,242,13.896
3306,229,13.896
3307,232,13.787
3308,228,12.234
3309,228,12.234
3310,239,13.154
3311,238,13.154
3312,236,13.154
3313,227,13.154
3314,237,13.154
3315,255,13.154
3316,277,14.828
3317,259,14.828
3318,255,13.629
3319,254,13.629
3320,251,13.629
3321,251,13.629
3322,263,12.03
3323,275,14.089
3324,280,14.089
3325,285,14.089
3326,287,11.956
3327,284,11.956
3328,283,13.725
3329,269,14.693
3330,271,14.703
3331,288,14.703
3332,296,14.703
3333,297,14.703
3334,275,15.434
3335,261,14.703
3336,252,14.703
3337,245,15.082
3338,252,15.082
3339,252,14.051
3340,246,13.928
3341,244,13.928
3342,244,13.928
3343,241,13.928
3344,237,13.928
3345,234,6.706
3346,224,15.59
3347,226,15.59
3348,249,7.558
3349,245,8.243
3350,246,8.243
3351,253,12.601
3352,249,14.79
3353,244,14.79
3354,245,14.79
3355,252,14.79
3356,244,14.79
3357,245,14.79
3358,243,14.79
3359,249,14.79
3360,252,14.79
3361,249,13.806
3362,253,13.806
3363,251,13.806
3364,253,6.87
3365,257,7.298
3366,257,7.298
3367,251,15.265
3368,251,15.265
3369,248,15.265
3370,243,15.265
3371,252,15.017
3372,240,11.361
3373,241,11.361
3374,230,12.4
3375,247,8.461
3376,266,8.461
3377,255,13.456
3378,249,13.456
3379,246,13.456
3380,262,13.817
3381,270,13.817
3382,249,13.817
3383,251,14.935
3384,260,13.817
3385,256,13.817
3386,255,13.376
3387,259,14.296
3388,263,14.296
3389,254,14.296
3390,258,14.296
3391,242,14.296
3392,238,14.296
3393,240,14.296
3394,232,14.296
3395,240,14.296
3396,251,14.296
3397,254,14.296
3398,252,14.296
3399,257,14.296
3400,260,14.296
3401,260,14.296
3402,261,14.296
3403,261,14.296
3404,262,14.972
3405,259,14.972
3406,262,14.972
3407,267,14.296
3408,249,14.296
3409,246,14.296
3410,244,14.687
3411,227,14.687
3412,210,15.468
3413,214,14.687
3414,250,14.687
3415,250,14.687
3416,250,14.687
3417,247,14.687
3418,257,14.687
3419,260,15.07
3420,251,15.07
3421,266,15.07
3422,235,15.07
3423,251,15.572
3424,263,15.572
3425,248,15.572
3426,245,15.572
3427,246,15.572
3428,246,14.687
3429,237,14.687
3430,221,14.687
3431,211,14.687
3432,225,14.687
3433,221,14.687
3434,224,13.869
3435,237,14.894
3436,222,13.498
3437,228,13.498
3438,245,13.498
3439,223,13.498
3440,225,13.327
3441,224,13.626
3442,224,13.626
3443,213,13.82
3444,236,14.484
3445,228,14.484
3446,225,14.484
3447,236,14.484
3448,236,14.484
3449,231,14.484
3450,239,14.484
3451,225,12.577
3452,235,10.652
3453,239,10.652
3454,240,15.537
3455,240,15.537
3456,240,15.537
3457,240,14.804
3458,227,14.804
3459,238,11.689
3460,222,15.106
3461,223,15.106
3462,222,15.106
3463,229,15.106
3464,230,15.106
3465,212,15.106
3466,236,15.106
3467,224,15.106
3468,213,15.106
3469,214,15.106
3470,216,15.106
3471,222,13.005
3472,224,13.005
3473,218,12.947
3474,219,12.947
3475,256,15.429
3476,269,15.429
3477,260,12.947
3478,255,12.947
3479,261,12.947
3480,269,12.947
3481,268,12.947
3482,277,12.947
3483,277,10.557
3484,276,11.448
3485,262,12.273
3486,262,12.273
3487,264,12.273
3488,263,12.935
3489,259,15.512
3490,257,15.512
3491,257,12.935
3492,246,14.332
3493,242,12.935
3494,237,12.935
3495,262,12.935
3496,265,12.935
3497,263,13.629
3498,267,14.73
3499,275,14.73
3500,285,12.947
3501,282,13.856
3502,275,13.856
3503,272,13.856
3504,275,13.856
3505,289,13.856
3506,288,13.856
3507,290,13.856
3508,268,13.856
3509,260,13.856
3510,271,14.146
3511,266,14.146
3512,283,13.856
3513,284,10.218
3514,271,15.543
3515,256,15.543
3516,247,15.543
3517,244,15.543
3518,248,15.543
3519,265,15.543
3520,235,15.543
3521,231,15.543
3522,230,15.543
3523,249,8.505
3524,249,8.505
3525,262,8.505
3526,264,8.517
3527,290,13.044
3528,288,13.044
3529,282,14.685
3530,286,14.685
3531,282,14.912
3532,283,14.912
3533,252,14.912
3534,255,14.912
3535,236,14.912
3536,233,14.912
3537,248,14.912
3538,248,14.912
3539,243,14.912
3540,246,14.912
3541,254,14.912
3542,260,14.912
3543,260,13.255
3544,272,13.255
3545,271,14.496
3546,274,14.496
3547,262,14.496
3548,259,14.921
3549,269,14.921
3550,257,15.291
3551,249,15.291
3552,242,15.381
3553,214,15.291
3554,215,15.291
3555,218,11.056
3556,226,12.792
3557,233,11.489
3558,235,12.802
3559,233,12.802
3560,267,12.802
3561,272,12.802
3562,272,12.802
3563,245,12.802
3564,244,14.863
3565,253,14.863
3566,250,14.863
3567,248,14.863
3568,245,14.863
3569,257,14.863
3570,253,14.792
3571,244,14.792
3572,239,11.519
3573,239,11.519
3574,240,11.519
3575,234,12.5
3576,234,11.519
3577,251,13.438
3578,251,13.438
3579,279,14.657
3580,272,14.657
3581,276,13.796
3582,291,13.796
3583,293,14.167
3584,287,14.167
3585,289,14.87
3586,283,14.87
3587,279,14.87
3588,269,14.128
3589,255,13.884
3590,242,14.099
3591,254,14.099
3592,265,14.099
3593,256,14.099
3594,274,11.699
3595,275,10.837
3596,272,13.064
3597,272,13.064
3598,256,13.064
3599,234,14.781
3600,238,14.781
3601,238,14.781
3602,246,13.645
3603,248,13.645
3604,251,13.645
3605,254,13.645
3606,253,15.234
3607,256,15.234
3608,258,15.234
3609,278,14.95
3610,280,15.041
3611,274,15.041
3612,279,15.041
3613,286,14.95
3614,281,15.004
3615,276,15.393
3616,264,14.95
3617,259,14.95
3618,240,14.95
3619,244,12.968
3620,237,14.403
3621,234,14.403
3622,234,14.403
3623,233,14.403
3624,256,14.403
3625,260,15.575
3626,238,14.403
3627,233,14.403
3628,234,13.779
3629,226,13.779
3630,230,13.779
3631,225,15.183
3632,230,15.183
3633,238,15.183
3634,244,12.455
3635,250,12.455
3636,253,12.455
3637,242,13.901
3638,243,13.901
3639,232,15.294
3640,235,15.294
3641,254,15.294
3642,248,15.294
3643,225,15.294
3644,219,15.294
3645,242,15.294
3646,254,15.294
3647,237,15.294
3648,243,15.294
3649,264,15.294
3650,271,15.294
3651,249,15.294
3652,248,15.294
3653,247,12.455
3654,251,12.455
3655,256,12.455
3656,264,12.455
3657,272,12.455
3658,268,12.455
3659,262,12.455
3660,279,12.455
3661,271,12.455
3662,261,12.562
3663,258,12.562
3664,250,12.562
3665,257,12.21
3666,246,12.21
3667,234,12.21
3668,233,12.962
3669,228,12.21
3670,242,15.411
3671,230,15.411
3672,234,15.411
3673,257,15.411
3674,260,15.411
3675,246,11.313
3676,252,15.411
3677,244,15.411
3678,269,15.112
3679,269,15.112
3680,268,15.112
3681,277,15.112
3682,263,13.013
3683,262,15.276
3684,254,12.643
3685,242,11.597
3686,244,11.597
3687,256,14.122
3688,254,14.122
3689,255,12.027
3690,265,12.027
3691,276,14.583
3692,269,14.583
3693,268,14.583
3694,272,14.583
3695,286,12.098
3696,299,12.098
3697,301,12.098
3698,299,11.829
3699,298,11.829
3700,297,11.829
3701,267,15.002
3702,268,15.002
3703,267,15.002
3704,266,15.002
3705,266,15.002
3706,273,15.002
3707,273,15.002
3708,262,15.002
3709,261,13.304
3710,270,13.304
3711,267,13.304
3712,249,13.304
3713,257,12.897
3714,272,12.897
3715,270,12.38
3716,264,13.172
3717,262,13.172
3718,255,13.172
3719,259,13.74
3720,254,13.74
3721,252,9.914
3722,262,9.914
3723,265,14.852
3724,287,14.852
3725,263,14.852
3726,262,14.852
3727,256,14.852
3728,255,14.852
3729,281,13.641
3730,286,13.459
3731,285,13.459
3732,292,13.459
3733,289,14.43
3734,289,15.258
3735,285,15.258
3736,277,15.258
3737,270,11.826
3738,274,13.572
3739,278,13.572
3740,289,11.826
3741,281,11.86
3742,278,13.66
3743,266,13.66
3744,267,13.66
3745,267,11.86
3746,282,11.758
3747,281,11.758
3748,294,12.843
3749,289,12.843
3750,282,13.919
3751,267,13.919
3752,273,10.688
3753,270,10.688
3754,275,10.688
3755,277,10.688
3756,283,10.688
3757,284,13.618
3758,311,13.618
3759,309,13.618
3760,319,13.618
3761,317,15.312
3762,321,15.312
3763,321,13.618
3764,295,13.618
3765,294,13.618
3766,290,13.734
3767,297,13.618
3768,292,13.618
3769,308,13.618
3770,303,13.618
3771,289,13.618
3772,287,8.523
3773,283,10.611
3774,280,10.611
3775,284,10.611
3776,283,12.308
3777,285,12.554
3778,294,9.911
3779,296,9.911
3780,294,10.144
3781,294,10.144
3782,294,10.144
3783,297,10.144
3784,289,10.144
3785,292,12.122
3786,295,15.521
3787,293,12.122
3788,290,12.122
3789,290,12.122
3790,288,12.122
3791,293,12.122
3792,291,13.671
3793,293,13.671
3794,298,13.938
3795,271,13.938
3796,264,13.938
3797,253,13.938
3798,279,13.938
3799,285,13.938
3800,282,13.938
3801,286,13.938
3802,274,13.938
3803,265,13.938
3804,260,14.577
3805,262,13.938
3806,262,13.938
3807,274,13.938
3808,267,13.654
3809,286,12.957
3810,278,12.87
3811,302,12.87
3812,300,14.162
3813,268,14.162
3814,265,13.438
3815,256,14.192
3816,255,14.192
3817,288,14.192
3818,290,14.192
3819,279,14.192
3820,280,14.192
3821,280,14.192
3822,291,14.192
3823,296,14.192
3824,267,14.192
3825,258,14.929
3826,272,14.192
3827,272,14.192
3828,275,14.192
3829,285,14.639
3830,266,14.192
3831,268,14.192
3832,275,14.192
3833,280,13.264
3834,288,13.264
3835,287,13.264
3836,282,13.264
3837,279,10.897
3838,256,15.124
3839,248,15.124
3840,242,15.124
3841,248,15.495
3842,252,15.124
3843,244,15.124
3844,251,15.124
3845,250,15.124
3846,270,15.124
3847,271,15.124
3848,273,15.124
3849,267,15.124
3850,263,15.124
3851,267,14.529
3852,268,14.562
3853,271,14.733
3854,267,14.733
3855,266,14.529
3856,271,14.529
3857,275,14.529
3858,266,14.529
3859,258,10.825
3860,265,12.702
3861,254,12.702
3862,258,14.89
3863,262,15.214
3864,275,14.89
3865,261,14.89
3866,259,14.869
3867,230,14.869
3868,258,14.869
3869,260,14.869
3870,270,14.869
3871,269,14.869
3872,257,14.869
3873,256,14.869
3874,247,14.869
3875,254,14.869
3876,254,14.869
3877,246,14.869
3878,242,14.869
3879,245,8.464
3880,264,15.292
3881,270,15.292
3882,273,15.292
3883,268,14.869
3884,267,14.869
3885,268,14.869
3886,261,14.869
3887,253,14.869
3888,253,13.734
3889,258,13.734
3890,278,13.734
3891,287,12.664
3892,290,12.592
3893,293,15.02
3894,282,15.02
3895,275,15.02
3896,288,15.02
3897,291,15.02
3898,282,15.02
3899,280,13.373
3900,263,13.373
3901,246,13.373
3902,238,13.373
3903,233,13.695
3904,236,12.667
3905,229,14.302
3906,252,9.134
3907,234,14.299
3908,238,14.299
3909,241,14.299
3910,234,13.716
3911,230,14.251
3912,239,14.646
3913,229,12.261
3914,239,12.261
3915,251,15.304
3916,255,14.225
3917,247,14.225
3918,248,14.225
3919,240,14.093
3920,238,11.696
3921,237,9.943
3922,234,12.619
3923,236,12.619
3924,241,15.002
3925,246,14.771
3926,261,14.771
3927,257,14.771
3928,258,14.771
3929,249,13.48
3930,249,13.48
3931,239,14.911
3932,242,14.911
3933,260,13.806
3934,244,13.806
3935,251,13.806
3936,260,14.248
3937,235,14.248
3938,243,14.248
3939,238,13.806
3940,238,13.806
3941,232,13.806
3942,228,13.806
3943,238,13.806
3944,228,13.806
3945,227,13.806
3946,229,13.806
3947,229,13.806
3948,234,15.434
3949,235,13.904
3950,237,13.806
3951,246,13.806
3952,246,13.806
3953,247,13.806
3954,232,14.875
3955,240,14.875
3956,239,14.875
3957,244,14.461
3958,250,14.461
3959,247,14.461
3960,247,14.461
3961,247,14.908
3962,241,14.461
3963,246,15.414
3964,253,15.414
3965,239,12.92
3966,241,8.335
3967,237,8.602
3968,241,14.032
3969,263,14.032
3970,250,8.602
3971,233,13.669
3972,238,14.741
3973,232,13.669
3974,236,13.669
3975,256,12.87
3976,275,14.062
3977,272,15.507
3978,264,15.507
3979,262,15.507
3980,262,15.507
3981,270,15.507
3982,261,15.507
3983,267,12.693
3984,248,12.693
3985,278,13.988
3986,268,13.988
3987,275,13.988
3988,287,13.988
3989,301,15.109
3990,303,15.109
3991,300,15.109
3992,297,14.159
3993,293,14.159
3994,297,14.159
3995,283,14.159
3996,267,14.159
3997,267,14.159
3998,268,14.159
3999,271,14.192
4000,287,14.192
4001,276,14.192
4002,265,14.192
4003,254,14.192
4004,256,14.192
4005,261,12.778
4006,248,12.778
4007,229,11.998
4008,232,11.998
4009,234,14.591
4010,249,14.591
4011,240,14.891
4012,253,14.891
4013,261,14.591
4014,247,14.591
4015,256,14.591
4016,254,15.025
4017,241,15.025
4018,253,15.471
4019,257,15.025
4020,258,15.025
4021,264,14.077
4022,268,14.077
4023,278,15.584
4024,274,15.584
4025,271,13.74
4026,270,13.74
4027,273,13.74
4028,267,12.625
4029,262,12.625
4030,271,12.625
4031,274,12.625
4032,270,12.625
4033,269,12.625
4034,278,12.625
4035,282,12.625
4036,280,9.274
4037,270,9.274
4038,257,14.104
4039,258,9.274
4040,259,9.274
4041,258,11.48
4042,258,11.48
4043,261,12.73
4044,252,14.532
4045,249,14.532
4046,240,14.532
4047,235,14.532
4048,229,14.532
4049,231,14.532
4050,214,14.532
4051,212,14.532
4052,234,13.838
4053,240,13.435
4054,238,13.435
4055,247,13.435
4056,235,13.435
4057,239,13.435
4058,240,14.556
4059,240,14.556
4060,240,14.556
4061,236,14.556
4062,240,14.556
4063,251,14.556
4064,252,14.556
4065,248,14.556
4066,233,14.556
4067,239,14.556
4068,266,14.556
4069,277,14.691
4070,274,15.393
4071,286,15.393
4072,276,15.393
4073,263,15.393
4074,261,15.393
4075,268,15.393
4076,258,15.393
4077,253,15.393
4078,279,15.393
4079,289,15.393
4080,285,15.393
4081,280,15.393
4082,293,15.393
4083,287,15.393
4084,282,15.393
4085,282,15.393
4086,279,15.393
4087,276,15.393
4088,275,15.393
4089,287,13.023
4090,289,15.558
4091,286,15.558
4092,285,15.558
4093,296,10.197
4094,301,14.325
4095,310,14.325
4096,309,9.331
4097,285,13.157
4098,283,13.157
4099,282,13.157
4100,273,15.378
4101,274,14.571
4102,269,14.571
4103,264,14.571
4104,261,14.571
4105,262,13.082
4106,262,12.589
4107,253,15.138
4108,266,15.138
4109,274,15.138
4110,260,15.138
4111,261,14.938
4112,247,14.938
4113,248,14.938
4114,243,14.938
4115,239,15.097
4116,239,14.784
4117,251,14.702
4118,275,15.273
4119,275,15.273
4120,254,15.273
4121,255,15.273
4122,257,15.273
4123,243,14.775
4124,245,14.775
4125,243,13.267
4126,243,14.331
4127,268,14.331
4128,246,14.331
4129,247,14.331
4130,241,12.684
4131,246,12.95
4132,238,12.066
4133,246,14.544
4134,238,14.544
4135,238,14.544
4136,236,14.544
4137,229,14.544
4138,237,14.544
4139,236,14.915
4140,235,14.415
4141,277,14.415
4142,237,14.415
4143,240,14.941
4144,231,14.941
4145,243,14.941
4146,254,14.941
4147,249,12.709
4148,251,12.529
4149,237,12.529
4150,237,12.529
4151,240,12.529
4152,237,6.53
4153,237,11.788
4154,213,12.933
4155,215,13.193
4156,226,13.193
4157,224,13.193
4158,222,13.193
4159,222,13.193
4160,246,13.193
4161,246,13.193
4162,250,13.193
4163,240,13.778
4164,261,13.778
4165,270,13.193
4166,270,13.193
4167,267,13.193
4168,265,13.411
4169,265,13.193
4170,284,13.193
4171,270,14.152
4172,267,14.152
4173,250,14.152
4174,257,14.152
4175,256,14.909
4176,265,14.909
4177,237,14.909
4178,238,14.787
4179,246,14.152
4180,221,14.152
4181,232,14.152
4182,229,12.583
4183,235,12.249
4184,236,12.249
4185,233,12.249
4186,239,14.038
4187,241,14.038
4188,240,14.038
4189,243,14.038
4190,261,14.038
4191,252,14.015
4192,235,14.015
4193,257,14.015
4194,258,14.015
4195,231,14.015
4196,238,11.898
4197,267,9.221
4198,269,10.288
4199,266,11.913
4200,266,14.732
4201,270,14.732
4202,279,14.732
4203,287,14.732
4204,285,14.732
4205,285,14.732
4206,290,14.801
4207,279,14.801
4208,275,14.801
4209,273,14.801
4210,268,14.732
4211,260,14.732
4212,239,14.834
4213,223,14.834
4214,237,14.834
4215,238,14.834
4216,235,15.498
4217,240,15.498
4218,234,15.498
4219,227,15.498
4220,227,15.498
4221,239,15.498
4222,239,15.498
4223,239,14.834
4224,242,15.041
4225,253,14.834
4226,249,14.834
4227,262,14.834
4228,262,14.834
4229,246,11.337
4230,270,13.387
4231,267,13.387
4232,263,13.387
4233,256,13.387
4234,258,13.387
4235,266,13.955
4236,270,13.955
4237,304,13.387
4238,306,13.506
4239,308,14.828
4240,307,14.828
4241,290,14.786
4242,257,13.387
4243,258,14.388
4244,261,14.388
4245,256,14.388
4246,263,13.778
4247,250,12.335
4248,250,15.013
4249,237,15.013
4250,234,15.079
4251,239,15.079
4252,250,15.079
4253,266,15.079
4254,259,15.079
4255,260,15.079
4256,273,15.079
4257,272,15.079
4258,272,15.079
4259,281,13.886
4260,276,13.886
4261,271,14.421
4262,261,10.622
4263,255,13.548
4264,263,13.548
4265,283,13.548
4266,273,13.548
4267,273,13.548
4268,285,13.548
4269,288,15.082
4270,288,15.082
4271,288,10.475
4272,293,10.475
4273,296,10.475
4274,291,13.489
4275,274,14.427
4276,269,14.427
4277,276,14.427
4278,261,13.489
4279,254,13.489
4280,238,13.489
4281,237,14.219
4282,254,14.219
4283,254,14.219
4284,264,14.219
4285,252,15.546
4286,250,15.546
4287,253,15.546
4288,256,15.546
4289,264,15.546
4290,261,15.546
4291,321,15.546
4292,258,15.546
4293,253,15.546
4294,246,15.546
4295,252,15.546
4296,245,15.546
4297,258,15.546
4298,258,15.546
4299,241,15.546
4300,264,15.546
4301,264,15.546
4302,287,15.467
4303,281,14.281
4304,281,14.281
4305,268,14.281
4306,266,14.398
4307,248,12.637
4308,235,15.477
4309,240,15.477
4310,245,15.154
4311,236,9.484
4312,232,12.227
4313,234,11.424
4314,240,11.424
4315,235,11.424
4316,224,14.935
4317,222,11.424
4318,212,10.21
4319,219,15.473
4320,221,15.473
4321,218,15.473
4322,223,15.473
4323,233,13.931
4324,223,14.427
4325,233,13.931
4326,234,12.568
4327,229,11.77
4328,227,8.416
4329,224,7.786
4330,224,13.886
4331,219,13.886
4332,222,13.886
4333,230,13.931
4334,259,13.931
4335,270,13.931
4336,283,13.931
4337,276,13.931
4338,285,13.931
4339,265,13.931
4340,252,14.995
4341,256,14.995
4342,245,14.995
4343,237,15.434
4344,226,15.434
4345,206,11.136
4346,215,14.873
4347,207,12.428
4348,209,12.482
4349,209,12.482
4350,209,12.482
4351,193,12.482
4352,198,12.482
4353,198,13.097
4354,208,13.097
4355,196,13.097
4356,192,13.166
4357,187,13.166
4358,196,12.482
4359,211,11.576
4360,218,12.72
4361,222,11.576
4362,233,11.576
4363,234,11.797
4364,235,11.797
4365,240,11.797
4366,259,11.797
4367,252,11.797
4368,251,14.493
4369,238,14.493
4370,238,14.493
4371,245,14.018
4372,245,14.869
4373,250,12.682
4374,251,12.682
4375,254,14.021
4376,264,14.648
4377,253,15.327
4378,247,15.327
4379,252,15.327
4380,269,15.485
4381,274,15.542
4382,259,15.542
4383,258,15.542
4384,258,15.542
4385,263,15.542
4386,247,15.542
4387,234,14.084
4388,230,14.084
4389,233,14.084
4390,235,14.084
4391,224,14.084
4392,239,14.084
4393,232,14.084
4394,240,14.084
4395,231,14.084
4396,231,14.084
4397,231,12.198
4398,236,12.198
4399,237,9.977
4400,279,9.977
4401,278,9.977
4402,283,9.977
4403,264,11.352
4404,251,11.136
4405,266,11.19
4406,266,14.861
4407,266,13.277
4408,270,12.027
4409,257,14.332
4410,258,15.265
4411,254,14.682
4412,256,14.682
4413,254,12.144
4414,257,12.144
4415,259,13.941
4416,259,14.096
4417,258,12.045
4418,262,12.326
4419,275,12.326
4420,288,11.42
4421,297,11.42
4422,321,9.433
4423,311,11.626
4424,307,12.948
4425,296,13.895
4426,301,13.895
4427,294,13.895
4428,294,11.581
4429,283,11.581
4430,284,11.581
4431,279,11.581
4432,280,11.581
4433,283,11.581
4434,271,11.041
4435,274,9.119
4436,283,12.134
4437,287,12.134
4438,280,12.134
4439,275,12.134
4440,267,10.998
4441,270,13.331
4442,286,13.331
4443,276,13.331
4444,262,13.295
4445,250,13.295
4446,245,13.295
4447,237,13.295
4448,238,13.295
4449,240,13.295
4450,247,13.295
4451,243,13.295
4452,260,13.295
4453,257,14.972
4454,258,13.295
4455,245,13.295
4456,259,12.909
4457,252,13.639
4458,264,15.467
4459,265,15.467
4460,263,15.467
4461,280,15.467
4462,275,15.467
4463,282,15.31
4464,294,15.351
4465,301,15.351
4466,280,14.881
4467,269,14.685
4468,273,14.685
4469,252,14.685
4470,249,14.685
4471,255,14.685
4472,255,14.685
4473,251,10.945
4474,258,9.271
4475,263,10.351
4476,268,10.351
4477,274,14.424
4478,265,14.424
4479,271,14.424
4480,257,14.424
4481,261,15.555
4482,272,15.555
4483,277,7.4
4484,277,7.4
4485,266,4.752
4486,267,12.057
4487,291,12.057
4488,302,13.007
4489,289,13.007
4490,305,13.007
4491,288,13.007
4492,263,13.007
4493,264,13.007
4494,267,13.007
4495,264,13.007
4496,267,13.007
4497,248,12.703
4498,240,12.703
4499,233,12.586
4500,240,11.764
4501,251,11.235
4502,249,10.572
4503,228,11.19
4504,226,11.19
4505,240,13.324
4506,257,10.572
4507,226,10.936
4508,231,12.374
4509,234,12.374
4510,230,13.489
4511,230,13.489
4512,241,11.994
4513,242,7.998
4514,230,11.552
4515,222,11.552
4516,231,11.552
4517,231,13.997
4518,241,11.489
4519,242,14.906
4520,233,14.906
4521,247,11.489
4522,248,11.489
4523,249,11.489
4524,267,13.004
4525,267,14.027
4526,265,14.027
4527,265,14.027
4528,260,14.027
4529,250,13.537
4530,255,13.537
4531,255,13.004
4532,247,13.004
4533,243,13.883
4534,241,10.273
4535,227,10.273
4536,232,15.384
4537,230,15.384
4538,240,12.237
4539,240,12.237
4540,239,12.237
4541,239,12.237
4542,234,13.937
4543,227,15.217
4544,240,13.937
4545,243,13.937
4546,238,13.937
4547,239,13.937
4548,241,13.937
4549,239,13.937
4550,242,13.937
4551,240,13.937
4552,240,13.937
4553,240,13.95
4554,240,13.95
4555,248,13.95
4556,260,14.499
4557,246,14.499
4558,231,14.499
4559,230,14.499
4560,221,15.138
4561,222,15.138
4562,227,15.138
4563,225,15.138
4564,228,15.138
4565,213,15.138
4566,217,13.932
4567,216,13.238
4568,227,13.238
4569,230,15.594
4570,229,15.594
4571,234,14.374
4572,254,14.374
4573,269,13.286
4574,268,13.286
4575,277,13.286
4576,269,12.281
4577,278,12.281
4578,275,12.281
4579,281,13.301
4580,251,12.281
4581,255,11.961
4582,273,11.961
4583,274,13.53
4584,274,15.417
4585,268,15.417
4586,267,15.405
4587,272,15.062
4588,276,15.062
4589,268,15.062
4590,283,15.062
4591,277,13.59
4592,277,13.59
4593,260,13.543
4594,259,13.543
4595,254,13.53
4596,256,13.53
4597,248,14.747
4598,251,14.747
4599,255,14.747
4600,259,14.846
4601,263,14.846
4602,256,14.846
4603,267,14.846
4604,248,14.846
4605,270,14.846
4606,250,14.846
4607,267,14.846
4608,268,15.079
4609,274,15.079
4610,281,15.079
4611,272,15.079
4612,270,15.079
4613,265,15.079
4614,265,15.079
4615,266,15.079
4616,262,15.552
4617,254,15.552
4618,260,15.552
4619,259,15.079
4620,258,15.079
4621,253,15.079
4622,259,15.079
4623,263,13.581
4624,259,13.581
4625,263,13.581
4626,260,13.581
4627,267,13.581
4628,274,13.581
4629,260,13.581
4630,275,13.581
4631,279,13.581
4632,275,13.581
4633,255,14.254
4634,278,14.254
4635,299,15.198
4636,295,15.198
4637,283,15.198
4638,295,15.198
4639,284,14.044
4640,288,14.328
4641,294,14.328
4642,282,14.365
4643,281,14.365
4644,286,12.589
4645,293,12.589
4646,294,14.361
4647,275,14.361
4648,280,12.589
4649,275,12.589
4650,272,12.589
4651,270,12.589
4652,257,13.238
4653,251,13.423
4654,255,14.801
4655,278,14.801
4656,276,14.801
4657,276,12.589
4658,276,12.589
4659,272,11.728
4660,274,10.834
4661,264,10.834
4662,250,15.201
4663,248,15.05
4664,241,13.605
4665,240,13.605
4666,260,13.605
4667,258,13.605
4668,255,15.459
4669,266,15.459
4670,260,15.459
4671,257,15.459
4672,261,15.459
4673,265,15.459
4674,265,15.459
4675,269,15.459
4676,270,13.794
4677,276,13.794
4678,278,13.794
4679,287,14.615
4680,296,14.615
4681,286,14.615
4682,276,14.615
4683,277,14.615
4684,276,14.615
4685,260,14.615
4686,250,13.907
4687,243,13.907
4688,219,13.881
4689,223,13.881
4690,227,13.881
4691,230,12.787
4692,239,12.787
4693,232,12.787
4694,238,12.945
4695,242,12.945
4696,241,12.945
4697,235,12.945
4698,228,12.945
4699,222,13.28
4700,218,15.348
4701,215,15.348
4702,237,15.348
4703,232,15.348
4704,220,15.348
4705,218,15.348
4706,218,15.348
4707,228,14.206
4708,225,14.651
4709,249,15.192
4710,255,15.192
4711,256,13.776
4712,262,14.607
4713,264,14.607
4714,266,15.041
4715,246,15.041
4716,256,15.041
4717,222,15.041
4718,221,15.041
4719,227,15.041
4720,226,15.041
4721,227,15.041
4722,228,14.822
4723,232,13.776
4724,216,13.776
4725,212,13.776
4726,203,13.776
4727,192,13.776
4728,192,13.776
4729,210,13.776
4730,222,13.776
4731,204,13.776
4732,202,13.776
4733,221,13.776
4734,206,13.776
4735,208,11.325
4736,235,11.325
4737,239,11.325
4738,237,11.325
4739,242,11.325
4740,240,11.325
4741,241,14.212
4742,238,14.212
4743,240,14.212
4744,250,14.212
4745,257,14.212
4746,253,11.669
4747,269,13.805
4748,267,14.702
4749,241,13.154
4750,255,12.61
4751,253,12.61
4752,253,12.61
4753,264,14.287
4754,256,14.936
4755,253,14.287
4756,251,14.287
4757,254,14.287
4758,257,14.287
4759,251,11.824
4760,253,11.824
4761,249,11.824
4762,247,11.824
4763,248,11.824
4764,249,11.824
4765,234,11.824
4766,256,14.834
4767,257,14.834
4768,259,14.101
4769,256,11.832
4770,250,12.572
4771,252,13.007
4772,254,13.007
4773,262,13.007
4774,250,14.869
4775,250,14.869
4776,250,15.112
4777,251,15.112
4778,256,15.112
4779,247,15.112
4780,250,15.112
4781,267,15.112
4782,259,15.112
4783,256,15.112
4784,259,15.375
4785,257,15.375
4786,255,15.112
4787,251,15.112
4788,249,15.013
4789,259,15.013
4790,259,15.013
4791,266,15.492
4792,253,15.492
4793,259,15.013
4794,270,15.094
4795,270,15.013
4796,272,15.013
4797,280,15.013
4798,271,13.844
4799,275,13.316
4800,278,13.316
4801,266,13.316
4802,266,10.733
4803,259,10.733
4804,261,10.733
4805,259,10.733
4806,257,10.733
4807,258,10.733
4808,258,10.733
4809,245,14.672
4810,235,14.672
4811,232,14.672
4812,236,14.672
4813,236,14.672
4814,237,14.672
4815,248,14.672
4816,236,14.672
4817,224,14.672
4818,221,14.93
4819,224,14.93
4820,222,14.93
4821,223,14.672
4822,234,14.672
4823,230,14.672
4824,243,14.672
4825,239,14.672
4826,239,14.672
4827,228,14.672
4828,225,14.672
4829,229,14.672
4830,231,15.486
4831,232,15.486
4832,242,15.486
4833,244,15.486
4834,236,15.486
4835,230,15.486
4836,232,15.486
4837,237,15.486
4838,252,14.672
4839,260,11.665
4840,256,11.665
4841,261,11.665
4842,265,9.534
4843,266,9.534
4844,273,9.534
4845,271,9.534
4846,269,9.534
4847,253,9.534
4848,267,12.437
4849,267,12.437
4850,261,12.437
4851,262,14.344
4852,251,14.344
4853,248,12.437
4854,256,12.437
4855,261,14.206
4856,260,14.206
4857,260,14.206
4858,260,14.206
4859,271,12.989
4860,277,12.989
4861,275,13.026
4862,276,13.026
4863,269,13.797
4864,277,13.797
4865,283,13.797
4866,274,13.797
4867,285,13.797
4868,283,13.797
4869,294,12.711
4870,306,12.711
4871,293,15.211
4872,288,15.211
4873,287,15.211
4874,296,15.211
4875,272,15.211
4876,275,15.211
4877,277,15.211
4878,275,15.106
4879,277,15.369
4880,286,15.369
4881,270,15.369
4882,275,15.369
4883,280,15.369
4884,282,15.369
4885,278,15.061
4886,270,15.061
4887,270,15.061
4888,259,15.061
4889,262,10.571
4890,270,10.514
4891,273,10.514
4892,277,10.514
4893,275,9.011
4894,278,9.011
4895,293,14.454
4896,281,14.454
4897,269,9.011
4898,255,13.904
4899,257,13.216
4900,254,13.216
4901,247,13.216
4902,254,11.896
4903,255,11.896
4904,259,11.896
4905,270,12.909
4906,270,12.909
4907,260,12.909
4908,271,13.633
4909,270,13.633
4910,278,12.849
4911,282,15.345
4912,280,15.345
4913,277,9.325
4914,262,11.062
4915,262,9.325
4916,247,9.011
4917,235,11.161
4918,232,11.678
4919,239,11.678
4920,264,11.678
4921,282,11.161
4922,263,11.161
4923,260,11.161
4924,259,11.161
4925,281,13.217
4926,281,13.217
4927,276,13.217
4928,277,14.583
4929,283,15.431
4930,277,15.431
4931,276,14.583
4932,259,14.583
4933,267,12.344
4934,273,13.71
4935,260,12.344
4936,247,12.344
4937,235,13.256
4938,241,14.458
4939,243,14.458
4940,249,14.458
4941,253,14.458
4942,245,14.458
4943,248,14.658
4944,284,15.196
4945,283,15.196
4946,280,15.196
4947,272,15.196
4948,268,15.196
4949,277,15.196
4950,276,15.196
4951,293,15.196
4952,275,15.196
4953,279,15.196
4954,266,13.142
4955,267,13.142
4956,269,13.142
4957,267,13.136
4958,272,13.136
4959,306,13.848
4960,302,13.848
4961,290,11.623
4962,292,12.392
4963,288,13.019
4964,285,14.933
4965,290,14.933
4966,287,14.933
4967,292,14.933
4968,290,12.971
4969,292,12.971
4970,288,12.971
4971,294,12.039
4972,299,12.039
4973,293,13.743
4974,302,14.254
4975,302,14.254
4976,298,14.254
4977,320,14.254
4978,319,14.254
4979,309,14.254
4980,311,14.254
4981,318,14.254
4982,309,15.133
4983,308,15.378
4984,306,15.378
4985,304,15.378
4986,311,15.378
4987,312,15.378
4988,314,11.545
4989,299,11.545
4990,295,14.077
4991,284,14.077
4992,285,14.077
4993,285,14.077
4994,290,14.077
4995,281,14.077
4996,283,9.399
4997,283,9.399
4998,272,9.399
4999,266,14.367
5000,277,14.367
5001,288,14.367
5002,275,14.367
5003,291,14.367
5004,291,14.367
5005,278,14.367
5006,283,14.367
5007,292,14.367
5008,290,13.959
5009,266,13.959
5010,279,13.959
5011,277,13.076
5012,274,13.076
5013,276,13.076
5014,290,13.076
5015,288,13.076
5016,276,11.08
5017,271,10.446
5018,268,9.047
5019,270,9.047
5020,255,11.615
5021,249,11.615
5022,251,15.396
5023,253,11.615
5024,266,15.39
5025,264,15.39
5026,269,15.39
5027,256,15.39
5028,255,14.29
5029,259,11.235
5030,250,12.628
5031,232,12.027
5032,223,12.386
5033,231,12.386
5034,228,14.272
5035,228,14.272
5036,259,12.386
5037,258,14.754
5038,258,13.247
5039,242,13.247
5040,243,13.355
5041,242,13.355
5042,244,13.355
5043,246,13.423
5044,250,13.355
5045,249,13.973
5046,238,14.472
5047,250,13.973
5048,261,13.973
5049,248,13.973
5050,248,14.245
5051,250,14.245
5052,263,14.245
5053,261,14.245
5054,247,14.245
5055,243,13.865
5056,248,13.169
5057,249,13.567
5058,244,13.567
5059,238,12.488
5060,229,12.089
5061,222,12.089
5062,232,12.089
5063,244,13.225
5064,246,13.225
5065,253,13.225
5066,245,13.225
5067,229,12.407
5068,225,10.395
5069,231,10.395
5070,222,11.672
5071,251,12.93
5072,253,13.154
5073,255,14.996
5074,234,14.996
5075,239,14.996
5076,245,11.818
5077,242,12.506
5078,259,14.813
5079,257,14.813
5080,257,14.813
5081,261,14.813
5082,259,14.813
5083,258,14.813
5084,227,14.813
5085,223,14.813
5086,219,14.813
5087,224,14.813
5088,225,14.813
5089,221,14.813
5090,219,14.813
5091,239,15.165
5092,235,14.167
5093,246,13.151
5094,261,13.151
5095,277,15.21
5096,259,15.21
5097,263,15.21
5098,265,15.21
5099,246,15.21
5100,234,14.648
5101,233,13.805
5102,232,13.805
5103,231,13.805
5104,230,13.805
5105,221,14.866
5106,230,14.866
5107,245,12.92
5108,253,14.621
5109,249,14.621
5110,255,14.621
5111,271,14.621
5112,266,14.621
5113,257,14.621
5114,255,14.123
5115,251,13.345
5116,248,15.034
5117,249,15.366
5118,253,15.366
5119,275,15.034
5120,267,14.174
5121,254,15.068
5122,249,15.068
5123,252,13.148
5124,252,13.148
5125,257,13.148
5126,246,8.948
5127,257,8.948
5128,247,9.904
5129,245,10.885
5130,239,9.967
5131,245,8.948
5132,247,11.731
5133,246,11.731
5134,243,11.731
5135,230,11.731
5136,232,12.499
5137,241,12.499
5138,234,12.694
5139,238,12.694
5140,249,12.694
5141,274,12.694
5142,270,13.91
5143,261,13.91
5144,265,13.91
5145,246,15.593
5146,245,15.593
5147,247,13.381
5148,251,13.381
5149,248,13.381
5150,264,11.725
5151,267,14.314
5152,269,14.314
5153,269,14.314
5154,272,14.945
5155,273,14.945
5156,279,14.945
5157,301,14.945
5158,309,14.945
5159,306,14.945
5160,300,12.389
5161,283,13.417
5162,288,13.417
5163,283,13.91
5164,272,13.91
5165,273,14.843
5166,262,13.91
5167,260,13.91
5168,264,13.91
5169,267,13.91
5170,262,13.91
5171,271,13.91
5172,272,13.91
5173,264,13.91
5174,252,7.155
5175,251,7.155
5176,250,7.155
5177,250,13.946
5178,252,13.946
5179,241,13.363
5180,232,13.363
5181,223,13.363
5182,220,13.363
5183,220,13.363
5184,219,13.363
5185,232,15.016
5186,238,15.016
5187,235,15.016
5188,248,15.016
5189,248,15.016
5190,257,15.016
5191,259,15.016
5192,257,15.016
5193,258,11.869
5194,252,11.869
5195,239,11.552
5196,244,11.552
5197,240,13.722
5198,243,13.722
5199,250,14.977
5200,250,12.735
5201,251,12.735
5202,246,12.735
5203,241,12.735
5204,240,12.735
5205,250,12.735
5206,245,12.735
5207,252,12.735
5208,253,12.735
5209,240,13.677
5210,235,15.211
5211,255,13.677
5212,252,13.677
5213,234,13.677
5214,238,13.677
5215,235,13.677
5216,233,13.677
5217,241,13.677
5218,233,13.677
5219,235,10.989
5220,238,10.989
5221,244,12.386
5222,255,12.386
5223,248,14.098
5224,248,12.386
5225,248,12.386
5226,256,12.841
5227,252,13.944
5228,261,15.351
5229,264,15.351
5230,269,15.351
5231,283,15.384
5232,290,15.384
5233,280,15.384
5234,278,15.384
5235,284,15.384
5236,283,15.384
5237,274,15.384
5238,291,15.384
5239,268,15.384
5240,271,15.384
5241,239,10.989
5242,241,10.989
5243,238,10.989
5244,239,10.989
5245,233,14.697
5246,241,11.797
5247,250,11.797
5248,229,11.797
5249,242,11.797
5250,219,14.831
5251,225,14.831
5252,231,13.704
5253,219,13.704
5254,207,14.056
5255,202,14.188
5256,207,14.188
5257,217,15.357
5258,223,15.357
5259,234,15.357
5260,251,15.357
5261,251,15.357
5262,246,15.357
5263,247,15.357
5264,240,15.357
5265,239,15.357
5266,235,15.357
5267,223,15.34
5268,220,15.34
5269,224,15.34
5270,232,15.34
5271,239,14.73
5272,246,14.73
5273,253,14.73
5274,250,14.73
5275,258,13.178
5276,261,15.267
5277,260,14.669
5278,256,14.669
5279,259,14.669
5280,269,12.708
5281,263,12.708
5282,268,13.528
5283,269,13.528
5284,261,9.845
5285,262,9.845
5286,271,9.845
5287,279,9.845
5288,279,9.789
5289,276,9.789
5290,257,9.28
5291,241,14.986
5292,252,14.986
5293,256,14.986
5294,276,12.332
5295,275,12.332
5296,281,11.537
5297,279,14.257
5298,282,14.257
5299,286,11.537
5300,283,11.548
5301,271,11.548
5302,277,11.537
5303,301,11.537
5304,306,11.537
5305,305,11.537
5306,299,11.537
5307,299,11.537
5308,299,11.537
5309,287,12.281
5310,269,12.281
5311,291,12.281
5312,284,13.122
5313,282,15.187
5314,279,15.187
5315,279,15.187
5316,288,15.187
5317,287,15.187
5318,292,15.321
5319,294,15.321
5320,291,14.768
5321,273,14.768
5322,279,14.768
5323,281,14.768
5324,285,14.768
5325,305,13.659
5326,321,10.705
5327,303,10.705
5328,308,10.658
5329,294,9.017
5330,287,9.017
5331,269,10.813
5332,250,10.813
5333,249,9.758
5334,280,13.835
5335,264,13.835
5336,260,13.835
5337,260,13.835
5338,229,12.197
5339,241,14.72
5340,242,14.72
5341,254,14.72
5342,256,14.72
5343,265,14.72
5344,260,14.95
5345,246,14.95
5346,237,12.622
5347,232,12.622
5348,234,12.311
5349,235,12.311
5350,235,9.112
5351,235,13.355
5352,236,13.355
5353,232,13.355
5354,234,13.931
5355,233,13.355
5356,227,13.355
5357,236,6.916
5358,250,8.386
5359,243,13.663
5360,245,13.663
5361,242,13.663
5362,243,13.663
5363,242,13.663
5364,234,13.663
5365,224,13.663
5366,228,13.663
5367,226,13.663
5368,224,14.574
5369,227,14.574
5370,238,14.574
5371,240,14.198
5372,240,13.663
5373,253,13.663
5374,249,14.138
5375,250,14.138
5376,260,14.138
5377,255,14.138
5378,266,13.904
5379,267,13.663
5380,257,13.663
5381,254,13.575
5382,248,13.575
5383,248,13.575
5384,251,13.575
5385,245,13.575
5386,246,13.575
5387,245,13.575
5388,232,14.066
5389,249,14.066
5390,257,13.575
5391,257,13.575
5392,243,13.575
5393,238,13.211
5394,245,13.211
5395,241,13.211
5396,258,14.867
5397,258,14.867
5398,267,14.795
5399,275,14.795
5400,279,14.795
5401,253,14.974
5402,249,15.07
5403,257,15.07
5404,277,15.07
5405,237,15.07
5406,223,15.07
5407,222,15.07
5408,237,15.07
5409,241,14.257
5410,244,14.257
5411,262,14.257
5412,269,14.257
5413,259,14.813
5414,262,14.813
5415,253,14.813
5416,246,14.813
5417,243,14.813
5418,240,15.351
5419,244,15.351
5420,262,15.351
5421,282,15.351
5422,273,15.351
5423,268,15.351
5424,246,15.482
5425,247,15.351
5426,244,15.351
5427,246,15.351
5428,255,13.809
5429,259,13.809
5430,267,13.809
5431,264,14.858
5432,264,14.858
5433,262,14.858
5434,254,14.858
5435,252,14.858
5436,255,14.858
5437,252,14.858
5438,253,14.858
5439,243,14.858
5440,256,14.858
5441,244,14.858
5442,238,13.092
5443,247,13.092
5444,239,13.11
5445,265,15.025
5446,261,13.414
5447,261,13.414
5448,261,13.414
5449,260,13.414
5450,262,13.11
5451,274,14.834
5452,255,14.834
5453,255,14.834
5454,255,14.834
5455,249,14.834
5456,275,13.092
5457,264,13.092
5458,279,13.092
5459,274,14.056
5460,260,14.056
5461,266,14.056
5462,262,14.056
5463,250,14.056
5464,251,14.056
5465,246,14.364
5466,248,14.364
5467,243,15.306
5468,254,15.306
5469,262,13.115
5470,262,12.847
5471,258,12.847
5472,263,12.847
5473,262,12.847
5474,270,12.847
5475,261,15.357
5476,256,14.083
5477,253,14.083
5478,254,14.083
5479,255,14.941
5480,254,12.847
5481,252,12.847
5482,256,12.847
5483,252,12.847
5484,253,12.847
5485,257,15.178
5486,281,15.178
5487,251,15.178
5488,250,13.815
5489,247,12.847
5490,251,12.847
5491,258,12.847
5492,255,15.384
5493,254,12.847
5494,232,12.847
5495,228,12.847
5496,224,12.847
5497,220,12.847
5498,220,12.847
5499,238,14.098
5500,242,14.098
5501,252,14.098
5502,250,14.628
5503,252,15.558
5504,251,15.558
5505,253,15.558
5506,263,14.098
5507,254,14.098
5508,249,14.098
5509,267,11.761
5510,267,11.761
5511,272,11.761
5512,265,13.734
5513,267,13.734
5514,268,13.734
5515,269,11.115
5516,281,14.111
5517,273,12.401
5518,278,13.477
5519,265,11.115
5520,256,12.368
5521,263,15.147
5522,282,15.147
5523,287,14.451
5524,277,14.451
5525,270,12.368
5526,274,11.605
5527,285,11.605
5528,280,13.704
5529,274,13.704
5530,276,13.704
5531,284,11.651
5532,283,11.651
5533,291,15.366
5534,279,15.171
5535,278,15.171
5536,278,15.171
5537,281,15.171
5538,262,15.171
5539,259,13.593
5540,253,13.593
5541,253,13.593
5542,234,13.593
5543,238,13.593
5544,233,13.593
5545,233,13.593
5546,234,13.593
5547,240,13.593
5548,243,13.593
5549,243,13.593
5550,244,13.593
5551,252,11.788
5552,251,11.788
5553,260,11.788
5554,261,11.788
5555,260,10.888
5556,250,10.888
5557,249,10.888
5558,245,10.888
5559,239,12.855
5560,216,12.855
5561,230,12.855
5562,233,12.855
5563,232,12.855
5564,232,12.855
5565,243,12.855
5566,244,12.855
5567,231,13.755
5568,238,14.965
5569,241,13.755
5570,248,13.755
5571,255,12.128
5572,265,14.759
5573,258,14.759
5574,254,14.759
5575,243,15.42
5576,240,15.42
5577,230,15.42
5578,225,15.42
5579,226,15.42
5580,224,15.42
5581,233,15.461
5582,247,15.461
5583,263,15.097
5584,261,15.097
5585,275,14.759
5586,272,14.759
5587,262,14.76
5588,270,14.76
5589,266,15.57
5590,277,15.57
5591,272,15.57
5592,268,13.306
5593,267,13.994
5594,243,13.994
5595,245,15.527
5596,258,14.307
5597,239,15.121
5598,238,15.121
5599,233,13.994
5600,232,13.994
5601,244,13.994
5602,252,13.994
5603,255,15.522
5604,257,15.522
5605,257,15.411
5606,255,15.411
5607,272,15.411
5608,257,15.411
5609,254,14.403
5610,256,14.403
5611,257,14.403
5612,262,14.403
5613,261,14.403
5614,275,15.486
5615,275,15.486
5616,268,15.486
5617,271,15.486
5618,270,15.486
5619,262,15.486
5620,255,15.486
5621,242,12.415
5622,239,14.353
5623,243,14.353
5624,252,14.353
5625,247,14.353
5626,253,14.353
5627,247,14.353
5628,259,14.353
5629,281,14.353
5630,278,15.498
5631,270,15.498
5632,255,15.498
5633,274,14.353
5634,274,14.353
5635,257,14.353
5636,257,14.353
5637,261,15.151
5638,257,15.151
5639,269,15.151
5640,278,11.432
5641,276,13.994
5642,286,14.99
5643,285,14.99
5644,274,14.99
5645,269,14.909
5646,268,14.909
5647,269,14.909
5648,264,14.909
5649,267,14.909
5650,275,15.112
5651,277,15.112
5652,275,15.112
5653,276,15.112
5654,276,15.112
5655,276,15.112
5656,274,15.112
5657,276,15.112
5658,281,15.112
5659,272,15.112
5660,306,15.061
5661,317,15.061
5662,320,15.061
5663,286,15.061
5664,287,15.061
5665,285,15.549
5666,289,15.549
5667,285,15.549
5668,286,12.657
5669,281,12.657
5670,280,15.431
5671,283,15.431
5672,269,14.909
5673,269,14.909
5674,268,13.298
5675,272,12.222
5676,288,12.222
5677,305,12.222
5678,303,12.222
5679,301,12.222
5680,303,12.222
5681,297,12.222
5682,293,12.222
5683,292,12.317
5684,292,13.563
5685,287,12.222
5686,282,12.084
5687,305,12.084
5688,311,10.783
5689,308,11.25
5690,311,11.25
5691,313,12.631
5692,290,12.882
5693,289,12.882
5694,296,12.882
5695,283,12.882
5696,275,12.882
5697,279,12.882
5698,284,12.882
5699,311,13.022
5700,306,13.022
5701,298,13.119
5702,295,14.721
5703,267,14.721
5704,274,11.28
5705,269,11.519
5706,270,12.461
5707,273,12.461
5708,266,14.108
5709,301,13.552
5710,293,13.552
5711,293,13.205
5712,292,13.205
5713,288,13.205
5714,285,13.205
5715,281,13.205
5716,276,14.687
5717,276,15.21
5718,276,15.21
5719,286,15.21
5720,274,15.21
5721,275,15.21
5722,279,15.21
5723,262,15.21
5724,257,15.21
5725,254,15.189
5726,250,15.189
5727,252,15.189
5728,242,15.189
5729,246,15.189
5730,249,15.189
5731,257,15.189
5732,273,15.189
5733,262,15.189
5734,260,15.189
5735,258,15.189
5736,254,9.633
5737,251,13.432
5738,257,14.822
5739,242,14.822
5740,239,11.919
5741,253,13.554
5742,259,13.554
5743,262,13.554
5744,255,15.482
5745,239,15.482
5746,231,14.615
5747,232,15.396
5748,235,15.396
5749,231,15.396
5750,252,15.396
5751,261,15.396
5752,259,15.396
5753,239,15.396
5754,247,15.396
5755,259,15.396
5756,273,15.396
5757,277,15.396
5758,276,15.396
5759,259,15.414
5760,242,15.396
5761,259,15.396
5762,230,15.396
5763,236,15.396
5764,242,15.396
5765,237,13.845
5766,241,13.845
5767,242,13.845
5768,247,13.845
5769,243,13.845
5770,232,13.845
5771,232,6.199
5772,248,6.199
5773,225,6.199
5774,229,7.792
5775,229,10.141
5776,234,10.141
5777,238,10.141
5778,238,8.007
5779,246,8.526
5780,251,9.032
5781,262,8.007
5782,245,9.735
5783,242,12.959
5784,266,15.467
5785,263,15.467
5786,252,14.756
5787,231,14.756
5788,232,14.756
5789,245,14.756
5790,232,14.756
5791,233,14.756
5792,265,14.756
5793,233,14.756
5794,236,13.092
5795,239,11.122
5796,237,11.788
5797,235,13.95
5798,241,13.95
5799,259,13.95
5800,264,13.95
5801,276,14.628
5802,278,15.558
5803,280,15.558
5804,281,15.558
5805,277,14.921
5806,280,14.921
5807,274,14.921
5808,278,14.389
5809,278,14.389
5810,262,11.642
5811,279,11.642
5812,275,11.642
5813,271,10.53
5814,261,10.53
5815,264,12.927
5816,275,12.927
5817,274,12.927
5818,275,15.591
5819,268,9.768
5820,280,12.897
5821,293,12.897
5822,287,9.768
5823,293,15.399
5824,286,10.221
5825,292,13.313
5826,286,13.313
5827,267,13.13
5828,278,10.646
5829,281,13.955
5830,261,13.955
5831,263,13.955
5832,261,13.955
5833,264,13.955
5834,259,13.955
5835,265,15.055
5836,261,15.055
5837,269,15.055
5838,266,15.055
5839,285,15.055
5840,279,15.055
5841,266,15.055
5842,263,15.055
5843,271,15.055
5844,271,15.055
5845,292,13.955
5846,274,13.955
5847,289,13.955
5848,291,12.975
5849,267,12.975
5850,272,12.066
5851,272,12.066
5852,270,12.066
5853,272,15.142
5854,277,12.066
5855,270,12.066
5856,268,15.431
5857,277,14.248
5858,274,14.899
5859,281,14.863
5860,279,14.248
5861,293,14.248
5862,289,15.563
5863,290,15.563
5864,300,15.563
5865,289,15.563
5866,284,15.231
5867,280,15.231
5868,300,15.231
5869,289,10.691
5870,288,10.691
5871,289,13.154
5872,278,13.154
5873,277,13.154
5874,266,15.085
5875,259,15.085
5876,269,15.085
5877,281,11.971
5878,291,11.971
5879,291,11.971
5880,283,15.138
5881,271,15.578
5882,266,15.539
5883,269,15.138
5884,270,15.138
5885,242,15.138
5886,232,15.138
5887,234,9.896
5888,234,9.896
5889,251,9.896
5890,270,13.536
5891,253,13.536
5892,256,13.536
5893,251,11.188
5894,257,11.713
5895,243,11.306
5896,242,11.188
5897,263,11.188
5898,238,11.268
5899,237,11.268
5900,235,15.047
5901,242,15.047
5902,246,15.047
5903,250,15.047
5904,243,14.316
5905,244,14.313
5906,250,12.81
5907,258,13.503
5908,258,13.503
5909,254,13.503
5910,267,13.503
5911,266,10.535
5912,262,10.12
5913,256,11.638
5914,272,11.638
5915,268,11.638
5916,272,11.638
5917,276,11.578
5918,270,15.34
5919,307,15.34
5920,308,13.148
5921,311,13.515
5922,290,13.515
5923,289,13.515
5924,293,13.515
5925,272,15.333
5926,263,15.333
5927,264,14.771
5928,267,14.771
5929,277,14.771
5930,268,14.771
5931,263,15.429
5932,258,15.429
5933,262,15.429
5934,255,15.429
5935,258,15.429
5936,250,15.429
5937,245,15.429
5938,247,14.825
5939,232,14.825
5940,235,13.892
5941,236,13.892
5942,240,15.319
5943,244,15.319
5944,238,15.319
5945,238,15.319
5946,245,15.319
5947,242,10.177
5948,253,11.471
5949,247,11.471
5950,246,10.177
5951,256,10.291
5952,254,15.537
5953,250,15.537
5954,243,15.537
5955,241,15.537
5956,230,15.537
5957,218,15.537
5958,232,15.537
5959,225,14.89
5960,235,14.89
5961,236,14.89
5962,238,14.89
5963,228,13.354
5964,223,13.354
5965,232,13.354
5966,233,12.329
5967,222,12.329
5968,215,12.329
5969,210,13.638
5970,229,14.592
5971,231,14.592
5972,233,14.592
5973,236,14.284
5974,240,14.284
5975,243,14.284
5976,239,14.529
5977,247,14.284
5978,249,14.738
5979,258,15.554
5980,258,15.554
5981,272,15.554
5982,270,15.554
5983,278,14.284
5984,276,14.284
5985,258,14.284
5986,249,14.284
5987,245,14.284
5988,257,14.361
5989,261,14.491
5990,259,14.361
5991,260,15.016
5992,268,15.016
5993,262,15.016
5994,254,15.016
5995,250,15.016
5996,255,15.016
5997,257,15.016
5998,294,15.106
5999,296,15.106
6000,307,15.106
6001,330,15.106
6002,329,14.606
6003,303,12.87
6004,265,12.87
6005,261,13.71
6006,250,13.71
6007,252,13.71
6008,250,13.811
6009,256,13.811
6010,267,13.811
6011,293,13.811
6012,284,13.241
6013,301,13.241
6014,300,13.241
6015,287,11.677
6016,279,11.677
6017,279,11.677
6018,279,11.677
6019,281,12.834
6020,260,12.834
6021,278,8.641
6022,288,8.55
6023,302,8.55
6024,300,9.058
6025,277,12.843
6026,285,14.06
6027,288,14.06
6028,273,14.06
6029,271,14.06
6030,249,14.132
6031,248,14.132
6032,248,14.132
6033,259,14.984
6034,272,13.639
6035,289,15.005
6036,280,15.005
6037,300,15.005
6038,284,14.446
6039,282,14.446
6040,273,15.528
6041,287,14.311
6042,282,13.847
6043,288,14.696
6044,292,14.696
6045,288,14.696
6046,294,14.696
6047,300,14.696
6048,288,14.696
6049,283,14.696
6050,282,10.796
6051,280,14.299
6052,279,14.299
6053,274,14.299
6054,266,14.571
6055,273,14.571
6056,259,11.336
6057,255,11.336
6058,253,11.336
6059,254,11.336
6060,254,11.336
6061,248,14.006
6062,265,15.462
6063,267,11.336
6064,275,11.336
6065,261,12.057
6066,258,12.125
6067,269,12.125
6068,265,12.125
6069,268,12.125
6070,258,12.125
6071,263,12.125
6072,264,12.125
6073,263,12.125
6074,272,8.93
6075,282,8.93
6076,258,8.984
6077,254,15.157
6078,248,15.157
6079,252,15.157
6080,258,15.157
6081,271,15.157
6082,271,15.157
6083,280,15.157
6084,277,14.123
6085,279,14.123
6086,286,14.123
6087,302,14.123
6088,277,14.123
6089,278,12.437
6090,276,15.172
6091,265,11.737
6092,251,11.737
6093,250,14.114
6094,250,15.524
6095,259,15.524
6096,259,15.524
6097,244,15.267
6098,262,15.267
6099,262,15.267
6100,269,15.267
6101,290,9.991
6102,270,9.295
6103,272,9.295
6104,276,13.328
6105,265,13.328
6106,276,13.328
6107,272,13.328
6108,261,12.951
6109,279,14.657
6110,282,14.657
6111,278,14.657
6112,280,12.951
6113,263,12.951
6114,246,15.014
6115,226,15.014
6116,226,15.014
6117,231,15.014
6118,230,15.014
6119,244,13.184
6120,243,9.666
6121,239,9.666
6122,238,13.973
6123,254,7.402
6124,262,9.313
6125,262,9.313
6126,271,13.315
6127,290,9.313
6128,290,8.787
6129,281,8.787
6130,273,9.994
6131,273,9.994
6132,278,9.994
6133,282,11.871
6134,292,12.58
6135,286,12.58
6136,279,11.871
6137,280,15.534
6138,288,15.534
6139,278,15.534
6140,281,15.534
6141,274,15.534
6142,267,15.534
6143,261,15.534
6144,263,15.534
6145,245,15.534
6146,245,15.534
6147,235,15.534
6148,241,15.534
6149,246,15.534
6150,252,15.534
6151,259,15.534
6152,257,15.534
6153,257,15.534
6154,254,15.534
6155,241,15.534
6156,290,15.534
6157,290,15.534
6158,254,15.534
6159,253,15.534
6160,258,15.534
6161,257,15.534
6162,271,15.534
6163,265,15.534
6164,258,15.56
6165,249,15.534
6166,248,15.534
6167,243,14.583
6168,239,14.583
6169,231,14.669
6170,237,14.583
6171,249,14.583
6172,239,14.583
6173,238,14.583
6174,265,14.583
6175,259,14.583
6176,247,15.168
6177,242,10.718
6178,213,14.029
6179,227,14.029
6180,229,14.029
6181,268,14.029
6182,267,14.711
6183,270,14.029
6184,219,14.029
6185,219,15.091
6186,227,15.091
6187,224,15.091
6188,234,14.308
6189,236,14.029
6190,236,14.029
6191,231,14.029
6192,233,15.264
6193,235,10.718
6194,240,11.806
6195,239,11.806
6196,246,11.806
6197,250,13.881
6198,261,13.881
6199,284,14.67
6200,293,14.67
6201,271,12.648
6202,269,12.648
6203,264,12.648
6204,258,12.648
6205,258,12.648
6206,239,12.648
6207,231,12.648
6208,237,12.648
6209,231,15.154
6210,238,15.154
6211,230,15.154
6212,230,11.961
6213,235,14.935
6214,246,14.935
6215,242,14.935
6216,238,14.935
6217,247,14.935
6218,248,14.935
6219,251,14.935
6220,253,14.935
6221,255,14.517
6222,251,14.379
6223,260,12.993
6224,259,12.993
6225,263,11.474
6226,277,11.474
6227,286,15.39
6228,286,9.459
6229,283,13.28
6230,283,13.28
6231,274,15.548
6232,288,15.548
6233,279,15.115
6234,295,15.115
6235,290,15.115
6236,290,15.115
6237,281,13.391
6238,278,13.391
6239,278,13.391
6240,280,13.391
6241,272,15.471
6242,269,15.471
6243,269,14.505
6244,268,14.505
6245,266,14.505
6246,266,14.505
6247,264,15.303
6248,271,14.631
6249,262,14.631
6250,260,14.631
6251,259,14.631
6252,259,14.631
6253,257,14.631
6254,257,14.631
6255,270,14.631
6256,267,14.631
6257,271,14.631
6258,269,14.631
6259,267,14.505
6260,277,15.138
6261,289,15.22
6262,290,15.22
6263,290,13.172
6264,290,13.172
6265,296,13.172
6266,275,13.172
6267,285,13.172
6268,267,13.172
6269,262,13.172
6270,264,13.172
6271,283,13.172
6272,287,13.172
6273,263,13.172
6274,274,13.172
6275,278,10.948
6276,294,13.716
6277,290,11.399
6278,285,13.932
6279,293,13.932
6280,293,13.932
6281,308,9.647
6282,294,9.647
6283,310,12.006
6284,303,14.93
6285,304,14.93
6286,293,12.006
6287,281,9.922
6288,280,9.647
6289,284,9.647
6290,298,9.647
6291,300,13.376
6292,298,9.647
6293,293,9.647
6294,293,14.775
6295,293,14.775
6296,281,11.264
6297,293,9.756
6298,289,12.81
6299,308,12.81
6300,297,12.81
6301,297,12.81
6302,295,12.81
6303,272,12.81
6304,271,12.81
6305,266,12.81
6306,268,15.333
6307,268,15.333
6308,270,10.012
6309,269,10.236
6310,263,15.47
6311,269,10.843
6312,275,10.843
6313,274,12.748
6314,281,12.748
6315,289,11.202
6316,287,11.202
6317,293,13.468
6318,265,13.468
6319,270,13.468
6320,271,13.468
6321,270,11.871
6322,273,11.871
6323,264,11.871
6324,267,12.655
6325,275,12.655
6326,268,12.655
6327,249,12.912
6328,242,12.655
6329,246,13.615
6330,243,13.615
6331,243,13.615
6332,247,15.213
6333,257,15.213
6334,251,15.3
6335,248,13.926
6336,247,13.926
6337,249,13.926
6338,251,13.926
6339,242,15.056
6340,242,15.056
6341,223,15.056
6342,222,15.342
6343,243,15.342
6344,244,13.199
6345,248,13.199
6346,249,13.199
6347,244,14.313
6348,245,15.252
6349,261,15.252
6350,257,15.252
6351,257,15.252
6352,256,15.252
6353,270,12.46
6354,271,12.46
6355,266,12.46
6356,243,12.06
6357,239,14.361
6358,223,14.361
6359,239,14.361
6360,238,14.361
6361,216,14.361
6362,222,13.659
6363,225,13.659
6364,226,13.743
6365,230,13.743
6366,227,13.743
6367,225,13.659
6368,226,13.659
6369,232,13.659
6370,228,13.659
6371,235,13.659
6372,245,13.659
6373,257,10.808
6374,278,12.829
6375,270,14.227
6376,280,13.841
6377,293,12.443
6378,283,11.809
6379,279,12.847
6380,268,13.94
6381,272,14.035
6382,277,15.581
6383,280,15.581
6384,278,10.808
6385,282,13.089
6386,280,14.956
6387,295,13.089
6388,292,13.089
6389,292,13.089
6390,276,14.251
6391,276,14.251
6392,286,11.528
6393,302,12.741
6394,295,15.483
6395,265,15.483
6396,266,15.483
6397,263,15.483
6398,262,15.483
6399,246,15.474
6400,246,15.474
6401,247,15.474
6402,241,15.474
6403,246,13.252
6404,271,13.252
6405,266,13.252
6406,264,14.932
6407,265,14.932
6408,254,13.769
6409,253,15.366
6410,252,15.366
6411,270,15.366
6412,271,13.769
6413,273,13.719
6414,268,13.719
6415,268,14.128
6416,265,14.128
6417,263,15.393
6418,260,15.393
6419,239,15.393
6420,263,15.393
6421,246,15.393
6422,251,15.393
6423,251,15.393
6424,248,15.393
6425,245,15.393
6426,256,15.393
6427,243,15.393
6428,229,15.393
6429,247,15.393
6430,231,15.393
6431,229,15.393
6432,238,11.019
6433,239,10.865
6434,247,10.865
6435,251,10.865
6436,257,11.663
6437,258,11.663
6438,257,11.663
6439,256,11.663
6440,263,11.663
6441,271,15.204
6442,284,15.204
6443,284,15.204
6444,267,15.204
6445,269,15.204
6446,266,15.204
6447,262,11.037
6448,254,15.19
6449,254,15.19
6450,252,15.19
6451,256,15.19
6452,258,15.19
6453,250,15.19
6454,266,15.19
6455,258,15.19
6456,271,15.19
6457,259,15.19
6458,269,15.19
6459,257,15.19
6460,258,15.19
6461,256,15.19
6462,256,15.19
6463,262,15.19
6464,262,15.19
6465,246,15.19
6466,242,15.19
6467,245,15.19
6468,245,15.19
6469,241,15.19
6470,238,15.19
6471,238,15.19
6472,241,15.19
6473,242,15.19
6474,244,15.19
6475,241,15.19
6476,241,15.19
6477,241,10.936
6478,248,10.936
6479,241,14.401
6480,235,15.088
6481,239,15.088
6482,247,15.492
6483,244,15.492
6484,238,15.492
6485,241,15.492
6486,247,15.492
6487,240,15.492
6488,234,12.41
6489,230,14.344
6490,229,14.482
6491,232,14.482
6492,239,11.767
6493,236,11.767
6494,230,15.372
6495,236,15.372
6496,235,15.372
6497,238,15.372
6498,243,15.372
6499,252,15.372
6500,230,15.372
6501,228,15.372
6502,226,13.285
6503,239,13.285
6504,234,13.285
6505,240,13.225
6506,245,13.225
6507,246,11.271
6508,244,9.967
6509,254,12.362
6510,254,12.676
6511,240,12.676
6512,236,13.704
6513,253,14.798
6514,250,14.798
6515,258,14.798
6516,253,15.506
6517,237,15.506
6518,235,15.506
6519,232,15.506
6520,233,15.506
6521,243,15.506
6522,243,15.506
6523,243,15.506
6524,243,15.506
6525,256,15.506
6526,251,15.506
6527,260,15.506
6528,267,15.506
6529,267,15.506
6530,267,15.506
6531,264,15.506
6532,245,15.506
6533,241,15.506
6534,240,13.118
6535,240,13.118
6536,248,13.118
6537,265,13.118
6538,275,13.118
6539,278,13.118
6540,260,13.118
6541,271,13.118
6542,276,13.118
6543,281,13.118
6544,260,13.638
6545,256,13.638
6546,265,13.638
6547,263,13.638
6548,255,13.638
6549,244,13.638
6550,258,11.614
6551,263,11.614
6552,247,11.614
6553,260,13.394
6554,268,14.935
6555,271,13.575
6556,263,13.575
6557,248,13.889
6558,250,13.889
6559,263,10.252
6560,263,10.252
6561,241,10.252
6562,238,10.252
6563,245,10.252
6564,238,10.252
6565,245,10.252
6566,245,10.252
6567,235,14.434
6568,232,15.213
6569,255,15.213
6570,258,15.213
6571,257,15.147
6572,269,15.147
6573,252,15.184
6574,245,15.184
6575,274,15.147
6576,276,15.147
6577,269,15.147
6578,271,15.147
6579,270,15.147
6580,268,14.388
6581,259,14.388
6582,262,14.388
6583,244,15.458
6584,224,15.458
6585,224,15.458
6586,245,15.458
6587,261,14.986
6588,244,14.986
6589,247,15.19
6590,246,14.986
6591,242,14.986
6592,236,14.986
6593,244,14.986
6594,240,14.986
6595,245,14.986
6596,234,14.932
6597,242,13.663
6598,231,13.663
6599,233,13.584
6600,237,13.584
6601,236,13.584
6602,240,13.584
6603,242,12.248
6604,243,12.248
6605,244,9.405
6606,247,14.194
6607,245,12.391
6608,241,12.391
6609,239,12.391
6610,247,12.527
6611,249,12.527
6612,253,12.527
6613,246,12.527
6614,257,12.391
6615,279,12.391
6616,290,12.391
6617,304,14.493
6618,295,15.42
6619,287,14.493
6620,290,14.493
6621,284,14.493
6622,293,14.493
6623,302,13.471
6624,297,12.915
6625,295,12.915
6626,295,15.393
6627,291,11.264
6628,299,11.264
6629,296,11.264
6630,286,11.264
6631,274,12.604
6632,291,12.888
6633,274,12.888
6634,269,14.905
6635,273,15.213
6636,275,15.213
6637,272,15.213
6638,279,14.137
6639,278,13.318
6640,264,11.576
6641,270,12.607
6642,252,14.5
6643,237,14.5
6644,235,14.5
6645,233,14.5
6646,228,14.5
6647,235,14.5
6648,235,14.5
6649,240,14.5
6650,237,14.5
6651,237,14.5
6652,243,15.596
6653,245,15.596
6654,253,15.593
6655,256,15.593
6656,252,15.593
6657,261,15.539
6658,272,15.539
6659,279,15.539
6660,280,15.539
6661,275,15.539
6662,272,15.539
6663,283,15.539
6664,283,11.576
6665,284,13.309
6666,278,11.576
6667,280,14.185
6668,269,11.576
6669,266,11.576
6670,271,11.576
6671,271,11.576
6672,266,12.792
6673,248,12.792
6674,268,12.792
6675,268,12.792
6676,258,12.792
6677,263,14.236
6678,257,13.351
6679,257,13.351
6680,245,11.844
6681,245,13.793
6682,245,13.793
6683,252,13.793
6684,243,13.793
6685,244,15.533
6686,244,15.533
6687,253,11.844
6688,263,12.607
6689,258,12.317
6690,255,12.317
6691,246,11.893
6692,264,11.844
6693,260,11.844
6694,248,12.47
6695,252,12.47
6696,243,11.844
6697,236,11.844
6698,251,11.844
6699,251,11.844
6700,263,13.097
6701,253,11.576
6702,252,11.576
6703,246,12.036
6704,237,14.903
6705,236,14.903
6706,243,14.903
6707,273,14.903
6708,276,14.903
6709,274,14.903
6710,273,14.903
6711,265,14.903
6712,274,14.547
6713,278,12.801
6714,268,12.801
6715,283,12.801
6716,275,12.801
6717,275,12.801
6718,272,12.801
6719,271,13.11
6720,293,12.801
6721,299,12.801
6722,295,14.96
6723,278,12.801
6724,236,12.801
6725,230,12.801
6726,223,12.497
6727,249,8.07
6728,248,9.22
6729,251,12.622
6730,254,9.22
6731,261,14.577
6732,261,14.577
6733,256,9.22
6734,259,9.22
6735,277,11.711
6736,269,11.711
6737,269,13.964
6738,263,13.964
6739,269,13.964
6740,253,13.964
6741,261,13.964
6742,264,13.964
6743,258,13.575
6744,261,10.548
6745,263,10.548
6746,258,10.548
6747,259,10.548
6748,263,10.548
6749,277,10.548
6750,272,12.461
6751,272,9.845
6752,267,9.845
6753,263,9.845
6754,267,11.307
6755,269,11.307
6756,272,8.757
6757,279,8.757
6758,246,10.246
6759,241,12.727
6760,244,12.727
6761,242,9.2
6762,247,13.029
6763,249,12.242
6764,250,15.022
6765,240,15.022
6766,252,15.522
6767,261,15.522
6768,249,9.965
6769,239,9.292
6770,241,9.292
6771,247,8.948
6772,260,12.198
6773,260,12.198
6774,250,12.198
6775,250,9.083
6776,259,14.352
6777,262,14.352
6778,259,14.437
6779,266,14.437
6780,269,14.908
6781,269,15.6
6782,266,15.6
6783,252,9.143
6784,248,9.666
6785,247,12.796
6786,246,9.666
6787,242,9.666
6788,258,9.666
6789,262,9.666
6790,266,9.812
6791,257,13.273
6792,274,13.273
6793,281,11.013
6794,279,14.585
6795,278,14.585
6796,270,15.144
6797,278,14.523
6798,277,14.523
6799,289,14.523
6800,294,14.523
6801,290,14.663
6802,279,14.523
6803,281,14.523
6804,257,14.523
6805,237,13.973
6806,240,13.973
6807,255,15.241
6808,238,13.214
6809,259,13.214
6810,250,14.878
6811,257,14.878
6812,272,14.878
6813,263,14.878
6814,251,14.675
6815,250,14.675
6816,246,13.214
6817,242,13.214
6818,245,13.214
6819,242,13.214
6820,237,12.389
6821,237,12.389
6822,231,12.389
6823,231,12.389
6824,262,7.444
6825,223,7.444
6826,223,7.444
6827,220,7.444
6828,225,12.78
6829,232,12.78
6830,230,12.78
6831,229,12.78
6832,234,12.777
6833,233,12.777
6834,237,12.777
6835,250,12.777
6836,254,12.01
6837,260,12.01
6838,261,12.267
6839,253,13.479
6840,258,13.479
6841,258,13.479
6842,240,13.479
6843,268,13.479
6844,236,13.479
6845,249,13.479
6846,266,14.119
6847,279,14.119
6848,281,13.479
6849,286,13.479
6850,280,13.479
6851,277,14.305
6852,273,14.305
6853,285,13.479
6854,274,13.479
6855,275,13.479
6856,277,13.202
6857,283,13.202
6858,267,13.202
6859,271,13.202
6860,283,13.202
6861,292,13.202
6862,289,14.733
6863,289,14.733
6864,278,14.733
6865,246,14.733
6866,240,14.637
6867,234,14.637
6868,234,14.637
6869,242,15.228
6870,248,15.228
6871,235,15.228
6872,240,15.228
6873,209,14.637
6874,212,14.637
6875,212,14.637
6876,215,14.637
6877,204,14.323
6878,208,14.171
6879,210,14.171
6880,220,14.171
6881,231,14.171
6882,240,14.063
6883,240,15.234
6884,249,15.144
6885,243,15.144
6886,252,14.063
6887,229,14.063
6888,223,14.063
6889,230,14.063
6890,243,14.063
6891,237,14.063
6892,233,14.263
6893,239,14.736
6894,244,14.736
6895,259,14.736
6896,233,14.736
6897,217,14.736
6898,214,14.736
6899,222,14.736
6900,228,14.736
6901,229,14.736
6902,229,14.736
6903,223,15.378
6904,250,15.378
6905,249,15.378
6906,243,15.378
6907,252,13.707
6908,260,13.707
6909,257,13.707
6910,274,12.499
6911,274,14.897
6912,276,14.897
6913,278,14.897
6914,272,15.115
6915,275,14.897
6916,286,12.027
6917,273,12.027
6918,268,10.422
6919,278,10.354
6920,288,13.869
6921,280,13.869
6922,286,13.869
6923,284,13.869
6924,278,13.106
6925,273,13.106
6926,268,13.106
6927,277,13.71
6928,273,14.37
6929,255,13.71
6930,255,13.71
6931,261,12.787
6932,258,12.787
6933,253,14.906
6934,255,14.906
6935,270,14.906
6936,258,14.906
6937,272,14.906
6938,258,14.906
6939,235,14.906
6940,249,14.906
6941,244,14.906
6942,239,14.906
6943,256,14.906
6944,241,14.906
6945,225,14.906
6946,236,14.906
6947,230,15.372
6948,236,15.372
6949,256,15.372
6950,240,15.372
6951,244,15.372
6952,260,15.372
6953,253,15.372
6954,243,15.372
6955,229,15.372
6956,237,12.648
6957,265,12.648
6958,237,12.648
6959,244,12.648
6960,245,12.64
6961,251,14.908
6962,248,14.908
6963,251,14.908
6964,245,12.903
6965,246,12.903
6966,249,12.122
6967,248,14.35
6968,240,15.165
6969,244,15.165
6970,244,15.165
6971,265,15.165
6972,272,14.804
6973,267,12.122
6974,274,14.4
6975,266,12.122
6976,266,12.122
6977,258,12.122
6978,264,12.122
6979,268,12.122
6980,259,15.085
6981,239,15.085
6982,266,15.085
6983,250,15.085
6984,245,15.085
6985,264,12.122
6986,266,11.182
6987,259,11.182
6988,274,9.475
6989,278,9.475
6990,278,8.183
6991,274,15.172
6992,274,15.172
6993,272,8.183
6994,290,12.909
6995,271,8.183
6996,265,13.973
6997,265,13.973
6998,264,14.248
6999,256,14.248
7000,264,14.248
7001,265,14.089
7002,280,14.089
7003,285,13.778
7004,279,12.311
7005,265,11.513
7006,262,12.613
7007,265,12.613
7008,288,12.613
7009,296,12.613
7010,305,12.613
7011,307,12.613
7012,297,13.558
7013,286,15.274
7014,275,13.788
7015,269,13.788
7016,275,11.019
7017,279,8.091
7018,265,11.536
7019,265,11.536
7020,268,14.032
7021,278,12.472
7022,292,15.178
7023,291,15.178
7024,272,13.244
7025,272,13.244
7026,280,13.244
7027,264,5.029
7028,272,9.555
7029,272,10.383
7030,258,10.383
7031,276,12.935
7032,262,13.74
7033,284,13.74
7034,285,13.74
7035,245,13.74
7036,265,13.74
7037,266,13.74
7038,267,15.474
7039,271,15.474
7040,274,15.474
7041,271,15.474
7042,284,15.474
7043,284,15.474
7044,284,15.474
7045,281,15.474
7046,294,15.474
7047,294,15.474
7048,292,15.474
7049,289,15.474
7050,290,15.474
7051,282,14.717
7052,280,14.717
7053,281,14.717
7054,278,14.717
7055,275,14.714
7056,248,14.714
7057,248,14.714
7058,248,14.714
7059,248,15.094
7060,248,15.094
7061,259,15.094
7062,264,15.094
7063,267,14.878
7064,253,14.974
7065,247,14.974
7066,255,14.974
7067,254,14.974
7068,268,14.974
7069,288,14.974
7070,274,14.974
7071,281,14.302
7072,287,14.302
7073,262,13.722
7074,261,13.722
7075,267,11.262
7076,266,11.262
7077,251,13.262
7078,257,13.262
7079,245,13.262
7080,246,12.829
7081,242,15.435
7082,239,15.435
7083,241,15.587
7084,246,15.587
7085,238,15.587
7086,234,15.587
7087,255,15.587
7088,230,15.587
7089,223,15.587
7090,223,15.587
7091,239,15.587
7092,233,15.587
7093,249,14.248
7094,239,14.248
7095,240,14.248
7096,241,14.869
7097,228,14.869
7098,238,15.214
7099,242,14.869
7100,262,14.869
7101,267,12.302
7102,276,12.697
7103,266,12.464
7104,262,13.503
7105,259,14.451
7106,263,13.503
7107,270,15.058
7108,270,15.058
7109,266,12.464
7110,274,12.464
7111,277,12.069
7112,273,10.906
7113,250,10.906
7114,261,10.906
7115,279,9.88
7116,279,12.469
7117,289,12.469
7118,268,15.025
7119,253,14.035
7120,268,14.245
7121,269,14.81
7122,267,14.81
7123,268,14.245
7124,271,14.245
7125,267,13.681
7126,252,13.681
7127,252,13.681
7128,244,14.905
7129,231,13.681
7130,248,13.681
7131,265,13.274
7132,271,14.021
7133,255,14.021
7134,226,14.021
7135,241,15.252
7136,247,15.252
7137,251,15.252
7138,257,15.252
7139,261,15.252
7140,258,15.25
7141,248,15.25
7142,243,15.25
7143,243,15.25
7144,248,15.25
7145,263,15.25
7146,259,15.25
7147,263,15.25
7148,251,12.356
7149,258,15.262
7150,259,15.032
7151,254,15.032
7152,235,15.032
7153,234,15.032
7154,232,14.398
7155,238,14.015
7156,250,12.529
7157,244,11.869
7158,259,11.869
7159,262,12.93
7160,279,12.93
7161,274,14.588
7162,259,14.588
7163,266,14.588
7164,263,14.111
7165,272,14.111
7166,283,14.111
7167,296,14.111
7168,293,15.193
7169,285,14.111
7170,288,12.589
7171,296,11.66
7172,299,14.44
7173,300,14.44
7174,302,12.838
7175,293,12.838
7176,294,12.838
7177,297,12.838
7178,295,12.838
7179,293,12.838
7180,299,12.838
7181,287,13.288
7182,285,13.288
7183,278,13.288
7184,290,12.523
7185,286,11.977
7186,297,11.977
7187,302,11.977
7188,283,11.977
7189,266,11.977
7190,264,11.977
7191,264,6.628
7192,257,14.79
7193,248,14.79
7194,270,14.79
7195,242,14.79
7196,265,14.79
7197,263,14.79
7198,261,14.79
7199,244,14.79
7200,257,14.79
7201,256,14.79
7202,258,14.79
7203,240,14.79
7204,238,14.804
7205,243,14.79
7206,246,14.79
7207,253,14.79
7208,258,14.79
7209,260,15.225
7210,261,15.225
7211,268,15.225
7212,272,15.225
7213,282,15.225
7214,294,15.225
7215,294,15.225
7216,295,14.79
7217,290,14.79
7218,291,14.79
7219,278,14.79
7220,277,14.79
7221,267,14.79
7222,271,9.806
7223,266,9.729
7224,268,15.378
7225,269,15.378
7226,255,13.716
7227,245,13.716
7228,252,13.716
7229,253,14.891
7230,247,14.891
7231,245,14.891
7232,263,14.891
7233,255,14.891
7234,238,14.891
7235,233,14.891
7236,231,14.891
7237,230,14.789
7238,237,14.655
7239,246,14.655
7240,247,14.655
7241,247,14.655
7242,248,14.655
7243,256,14.655
7244,254,15.082
7245,258,15.082
7246,260,14.983
7247,256,14.983
7248,261,14.983
7249,269,15.091
7250,256,15.253
7251,272,15.253
7252,268,15.253
7253,270,11.394
7254,265,10.891
7255,267,15.468
7256,266,15.468
7257,263,10.868
7258,270,10.868
7259,270,11.026
7260,266,12.161
7261,273,13.814
7262,274,13.814
7263,276,13.946
7264,274,13.946
7265,278,13.946
7266,276,15.594
7267,269,13.946
7268,253,13.946
7269,246,13.946
7270,246,11.363
7271,238,10.868
7272,244,10.868
7273,244,10.868
7274,238,10.868
7275,242,11.534
7276,241,11.824
7277,247,13.596
7278,254,13.596
7279,252,13.596
7280,266,13.596
7281,262,13.453
7282,262,13.453
7283,247,13.453
7284,242,13.453
7285,235,13.453
7286,236,13.453
7287,249,13.453
7288,267,13.453
7289,271,13.453
7290,269,13.453
7291,252,9.91
7292,271,12.155
7293,272,12.155
7294,265,12.155
7295,281,9.591
7296,270,9.591
7297,261,11.552
7298,256,13.065
7299,262,13.289
7300,262,15.011
7301,268,15.011
7302,246,15.011
7303,250,15.506
7304,251,15.506
7305,247,15.506
7306,245,15.506
7307,237,15.506
7308,233,15.419
7309,258,15.419
7310,228,15.419
7311,228,15.419
7312,224,15.419
7313,221,15.419
7314,235,15.419
7315,224,15.513
7316,233,15.513
7317,231,15.513
7318,232,15.513
7319,243,15.513
7320,236,15.513
7321,238,15.419
7322,233,15.419
7323,240,14.107
7324,241,14.222
7325,242,14.222
7326,243,14.222
7327,260,14.222
7328,261,14.222
7329,272,14.316
7330,261,14.222
7331,266,14.222
7332,270,15.443
7333,275,15.443
7334,277,15.443
7335,274,15.443
7336,260,15.443
7337,273,13.772
7338,274,13.772
7339,266,13.772
7340,270,13.772
7341,270,13.772
7342,279,13.772
7343,283,13.772
7344,275,13.772
7345,264,13.772
7346,264,13.772
7347,270,13.772
7348,270,13.772
7349,269,15.229
7350,285,13.772
7351,293,13.772
7352,276,13.13
7353,256,13.13
7354,257,13.004
7355,259,12.772
7356,266,14.424
7357,271,14.424
7358,270,14.424
7359,249,12.772
7360,247,12.772
7361,256,12.772
7362,279,12.772
7363,304,12.772
7364,276,12.772
7365,256,13.019
7366,266,12.772
7367,269,14.588
7368,259,14.588
7369,245,14.588
7370,259,13.955
7371,258,13.955
7372,245,15.049
7373,254,15.049
7374,259,15.049
7375,263,15.049
7376,262,12.772
7377,247,12.772
7378,253,12.772
7379,245,12.772
7380,242,11.369
7381,256,15.521
7382,264,15.521
7383,265,15.521
7384,266,15.521
7385,271,14.9
7386,277,14.107
7387,283,14.107
7388,279,14.107
7389,272,12.843
7390,263,8.916
7391,252,14.712
7392,253,11.319
7393,257,11.319
7394,257,14.436
7395,258,11.319
7396,256,15.025
7397,257,15.025
7398,254,15.025
7399,243,15.1
7400,239,15.1
7401,248,15.1
7402,247,15.1
7403,256,15.1
7404,251,15.1
7405,251,15.22
7406,258,15.22
7407,259,15.1
7408,247,15.1
7409,255,15.1
7410,258,14.428
7411,265,14.428
7412,257,14.774
7413,273,14.774
7414,274,14.774
7415,259,14.774
7416,252,15.211
7417,256,14.774
7418,231,14.774
7419,233,14.774
7420,230,14.774
7421,254,15.468
7422,254,15.468
7423,253,15.468
7424,262,15.468
7425,258,15.468
7426,272,15.399
7427,241,15.399
7428,241,15.399
7429,239,15.399
7430,249,15.399
7431,254,15.399
7432,260,15.399
7433,260,15.48
7434,254,15.48
7435,257,15.48
7436,259,15.48
7437,261,14.687
7438,276,14.687
7439,277,14.687
7440,264,14.687
7441,248,14.687
7442,250,14.687
7443,245,14.687
7444,245,14.687
7445,245,13.785
7446,254,15.002
7447,247,15.002
7448,249,15.002
7449,247,15.002
7450,252,15.002
7451,249,15.002
7452,250,15.002
7453,251,12.448
7454,267,12.448
7455,274,12.448
7456,274,12.448
7457,276,12.448
7458,271,12.448
7459,262,12.448
7460,255,15.195
7461,262,12.448
7462,264,12.448
7463,245,12.448
7464,235,13.95
7465,231,12.76
7466,229,12.76
7467,221,12.448
7468,231,12.448
7469,225,14.757
7470,254,14.757
7471,244,14.757
7472,245,13.608
7473,279,13.961
7474,271,13.542
7475,269,13.542
7476,301,15.464
7477,298,15.464
7478,299,15.464
7479,272,12.645
7480,273,12.645
7481,268,12.645
7482,264,12.645
7483,262,12.645
7484,262,12.645
7485,263,13.127
7486,248,13.127
7487,247,13.66
7488,258,13.66
7489,258,13.66
7490,258,12.775
7491,256,12.775
7492,259,14.777
7493,256,14.777
7494,273,14.777
7495,276,14.775
7496,276,12.775
7497,274,12.43
7498,281,12.084
7499,281,14.69
7500,269,14.867
7501,273,12.084
7502,277,12.084
7503,270,12.084
7504,270,13.42
7505,274,13.42
7506,271,13.483
7507,267,13.483
7508,266,15.384
7509,271,13.42
7510,272,13.42
7511,275,15.479
7512,270,15.542
7513,270,15.542
7514,280,15.542
7515,266,15.542
7516,257,15.542
7517,243,15.542
7518,232,15.542
7519,245,15.542
7520,251,11.746
7521,258,12.394
7522,257,12.394
7523,256,12.394
7524,255,12.394
7525,251,12.394
7526,248,14.137
7527,247,14.137
7528,245,14.137
7529,242,14.137
7530,239,14.137
7531,235,14.137
7532,245,11.028
7533,259,11.011
7534,252,11.011
7535,250,11.011
7536,253,11.011
7537,247,13.581
7538,238,13.581
7539,238,15.36
7540,233,11.011
7541,230,11.011
7542,233,10.254
7543,231,6.808
7544,238,10.018
7545,227,8.294
7546,227,8.294
7547,229,6.808
7548,228,10.096
7549,233,11.997
7550,242,15.109
7551,247,15.109
7552,250,15.109
7553,251,15.109
7554,267,15.109
7555,261,15.109
7556,263,15.109
7557,253,13.609
7558,255,13.609
7559,259,13.609
7560,255,13.609
7561,255,13.609
7562,255,13.609
7563,264,12.293
7564,265,14.104
7565,280,14.104
7566,264,11.044
7567,269,11.044
7568,276,14.622
7569,262,14.622
7570,261,14.622
7571,258,14.622
7572,254,14.622
7573,257,14.622
7574,255,14.834
7575,236,6.673
7576,215,7.983
7577,221,12.996
7578,225,12.996
7579,231,12.996
7580,243,10.183
7581,245,10.183
7582,235,10.183
7583,235,10.183
7584,230,9.474
7585,241,9.756
7586,233,12.566
7587,240,12.566
7588,238,12.566
7589,233,10.439
7590,229,13.746
7591,217,13.746
7592,221,13.746
7593,225,13.746
7594,216,13.746
7595,217,13.823
7596,216,13.823
7597,202,14.915
7598,207,15.477
7599,210,15.477
7600,210,15.477
7601,215,15.477
7602,213,15.477
7603,221,15.477
7604,232,15.477
7605,241,15.477
7606,234,15.477
7607,238,15.477
7608,244,15.477
7609,217,15.477
7610,220,15.315
7611,221,15.315
7612,223,15.315
7613,226,15.315
7614,219,15.315
7615,217,15.315
7616,222,15.315
7617,228,14.316
7618,231,14.316
7619,227,14.316
7620,238,14.316
7621,240,14.316
7622,249,14.828
7623,256,14.828
7624,255,14.828
7625,247,14.828
7626,245,14.828
7627,259,14.828
7628,275,10.88
7629,294,13.503
7630,297,14.161
7631,284,14.161
7632,273,13.19
7633,272,13.19
7634,280,15.019
7635,281,15.019
7636,286,15.058
7637,286,15.058
7638,266,15.058
7639,260,15.058
7640,271,13.367
7641,262,13.367
7642,262,13.367
7643,273,13.367
7644,270,13.367
7645,260,13.483
7646,257,13.483
7647,250,12.204
7648,256,10.021
7649,270,8.721
7650,270,12.837
7651,267,12.302
7652,250,14.639
7653,238,14.639
7654,238,14.639
7655,236,14.639
7656,237,14.639
7657,237,14.93
7658,236,14.639
7659,242,14.639
7660,242,14.639
7661,242,14.639
7662,243,14.639
7663,246,14.639
7664,243,14.639
7665,245,14.639
7666,239,11.651
7667,241,11.651
7668,240,13.584
7669,231,11.651
7670,236,14.376
7671,228,14.376
7672,217,12.302
7673,215,12.302
7674,253,11.651
7675,249,12.766
7676,250,11.044
7677,258,15.408
7678,237,15.408
7679,226,15.408
7680,226,15.408
7681,235,14.837
7682,234,14.837
7683,238,14.837
7684,236,14.825
7685,240,11.504
7686,242,14.322
7687,249,14.322
7688,252,14.322
7689,257,14.322
7690,252,13.934
7691,276,13.934
7692,272,13.934
7693,284,14.939
7694,284,14.939
7695,289,14.939
7696,282,14.939
7697,282,14.939
7698,271,14.939
7699,263,14.939
7700,257,14.939
7701,264,14.939
7702,263,14.939
7703,252,14.939
7704,256,15.204
7705,256,15.204
7706,256,15.204
7707,250,15.204
7708,255,15.204
7709,262,15.204
7710,256,15.204
7711,254,13.403
7712,254,13.403
7713,256,13.403
7714,253,12.134
7715,247,12.134
7716,244,11.205
7717,237,11.205
7718,244,11.205
7719,238,11.205
7720,254,11.205
7721,240,11.205
7722,229,7.212
7723,245,7.212
7724,264,7.212
7725,260,7.498
7726,269,9.348
7727,264,11.058
7728,267,11.058
7729,262,11.058
7730,269,9.893
7731,261,15.016
7732,266,15.016
7733,266,15.186
7734,273,9.893
7735,277,9.893
7736,269,9.893
7737,266,9.893
7738,270,12.903
7739,283,12.903
7740,286,13.046
7741,266,13.157
7742,262,13.157
7743,260,13.157
7744,257,14.798
7745,257,14.798
7746,266,11.983
7747,268,15.419
7748,269,14.696
7749,264,13.88
7750,268,13.88
7751,269,13.222
7752,269,13.222
7753,281,13.222
7754,287,13.222
7755,287,12.434
7756,295,12.434
7757,305,13.973
7758,297,13.973
7759,294,14.331
7760,287,14.331
7761,283,14.331
7762,283,14.331
7763,275,14.331
7764,270,14.167
7765,273,14.167
7766,289,12.434
7767,282,12.434
7768,282,13.483
7769,277,13.483
7770,264,13.483
7771,255,10.144
7772,253,9.411
7773,253,13.497
7774,255,13.497
7775,262,13.772
7776,261,13.772
7777,271,14.092
7778,272,14.092
7779,275,14.896
7780,267,14.896
7781,270,14.896
7782,264,15.548
7783,262,15.548
7784,267,15.548
7785,270,14.813
7786,283,14.493
7787,296,14.493
7788,293,14.493
7789,284,14.678
7790,279,14.493
7791,285,14.493
7792,276,14.831
7793,262,14.831
7794,261,14.493
7795,267,14.493
7796,249,14.493
7797,245,14.493
7798,244,13.264
7799,238,13.264
7800,234,13.264
7801,239,12.959
7802,240,12.302
7803,237,12.302
7804,226,12.302
7805,224,11.764
7806,230,15.25
7807,244,15.25
7808,253,15.25
7809,256,15.25
7810,259,15.25
7811,276,15.25
7812,271,15.25
7813,271,15.25
7814,276,15.25
7815,265,15.25
7816,268,15.25
7817,275,15.25
7818,276,15.25
7819,275,15.25
7820,283,15.25
7821,280,15.25
7822,269,15.25
7823,273,15.25
7824,273,15.25
7825,260,15.25
7826,254,15.25
7827,251,15.25
7828,254,15.25
7829,256,15.25
7830,260,15.25
7831,254,15.25
7832,269,15.25
7833,272,15.25
7834,258,15.25
7835,257,15.25
7836,247,15.25
7837,237,15.25
7838,233,15.25
7839,233,15.25
7840,244,15.25
7841,249,15.25
7842,251,15.25
7843,244,13.839
7844,235,11.394
7845,230,7.54
7846,234,7.54
7847,235,7.813
7848,237,9.239
7849,241,14.38
7850,267,8.557
7851,263,8.557
7852,263,10.942
7853,264,14.801
7854,261,13.244
7855,279,13.244
7856,262,14.621
7857,259,14.621
7858,257,13.698
7859,267,13.698
7860,266,13.698
7861,262,8.434
7862,258,8.434
7863,260,9.005
7864,257,9.005
7865,265,15.01
7866,227,15.01
7867,225,15.01
7868,226,15.04
7869,236,15.04
7870,240,15.04
7871,257,15.04
7872,254,15.04
7873,276,15.04
7874,275,14.234
7875,245,14.234
7876,259,14.234
7877,257,13.603
7878,264,14.771
7879,257,13.603
7880,265,15.178
7881,269,15.178
7882,275,15.178
7883,271,15.178
7884,269,15.178
7885,269,15.178
7886,277,15.178
7887,290,15.178
7888,296,15.178
7889,278,15.178
7890,278,15.178
7891,283,15.178
7892,276,15.178
7893,269,15.178
7894,259,15.178
7895,257,12.252
7896,248,11.791
7897,257,11.791
7898,246,10.847
7899,241,12.063
7900,242,12.063
7901,264,12.063
7902,257,12.063
7903,261,12.063
7904,248,12.063
7905,245,10.975
7906,248,15.01
7907,259,11.531
7908,261,11.531
7909,265,11.531
7910,273,12.69
7911,272,12.69
7912,287,12.882
7913,293,15.142
7914,301,15.576
7915,307,12.882
7916,290,13.13
7917,273,13.13
7918,274,10.273
7919,273,12.428
7920,280,9.378
7921,292,9.378
7922,275,9.378
7923,281,9.378
7924,286,11.01
7925,276,11.01
7926,278,7.074
7927,261,7.074
7928,266,7.074
7929,265,8.849
7930,305,8.849
7931,304,7.074
7932,259,7.074
7933,266,13.621
7934,268,14.198
7935,272,14.198
7936,260,14.198
7937,249,14.068
7938,247,14.068
7939,235,13.621
7940,215,15.231
7941,218,15.231
7942,252,15.13
7943,253,15.13
7944,253,15.13
7945,240,13.779
7946,245,13.779
7947,234,13.779
7948,226,13.779
7949,226,13.779
7950,224,13.779
7951,222,13.608
7952,251,13.023
7953,251,13.023
7954,251,13.208
7955,251,14.795
7956,252,14.795
7957,261,13.208
7958,238,13.208
7959,232,13.208
7960,230,13.208
7961,232,13.208
7962,238,12.024
7963,251,14.446
7964,252,14.446
7965,288,12.024
7966,282,11.938
7967,282,12.829
7968,291,12.829
7969,291,12.829
7970,292,12.829
7971,287,12.829
7972,291,12.829
7973,261,12.829
7974,255,9.28
7975,255,9.28
7976,263,9.28
7977,262,13.106
7978,261,13.106
7979,262,13.106
7980,230,12.613
7981,245,12.613
7982,245,12.613
7983,243,12.264
7984,242,15.142
7985,248,15.142
7986,255,15.142
7987,246,15.142
7988,244,15.142
7989,250,15.142
7990,254,15.142
7991,256,8.957
7992,251,12.754
7993,248,14.612
7994,248,11.976
7995,244,15.316
7996,254,15.316
7997,292,15.316
7998,262,15.316
7999,261,15.458
8000,261,15.458
8001,260,15.316
8002,262,15.316
8003,263,15.228
8004,252,11.534
8005,286,11.534
8006,280,13.086
8007,251,13.086
8008,244,13.086
8009,256,13.086
8010,248,15.402
8011,249,14.152
8012,249,14.152
8013,235,15.431
8014,241,15.431
8015,214,15.431
8016,222,13.692
8017,228,13.692
8018,229,13.692
8019,228,13.086
8020,226,13.086
8021,238,13.086
8022,238,13.086
8023,241,13.086
8024,238,13.086
8025,235,13.086
8026,241,13.086
8027,249,13.086
8028,265,13.086
8029,265,10.868
8030,263,10.868
8031,268,10.868
8032,269,10.868
8033,269,10.868
8034,257,13.818
8035,270,13.818
8036,271,13.818
8037,280,13.818
8038,280,13.818
8039,303,15.285
8040,335,15.285
8041,335,15.285
8042,336,15.285
8043,333,15.285
8044,326,13.818
8045,325,13.818
8046,325,10.957
8047,341,14.657
8048,341,14.657
8049,321,10.957
8050,326,15.226
8051,291,15.226
8052,300,9.961
8053,311,15.068
8054,296,15.068
8055,323,15.068
8056,300,14.747
8057,303,13.898
8058,300,13.898
8059,289,12.171
8060,294,11.699
8061,294,10.811
8062,303,12.992
8063,283,12.992
8064,271,11.576
8065,276,11.576
8066,283,15.046
8067,273,11.576
8068,265,11.576
8069,268,11.576
8070,259,12.341
8071,269,12.341
8072,265,12.341
8073,269,13.674
8074,272,13.674
8075,278,12.341
8076,282,12.341
8077,280,10.53
8078,282,10.53
8079,278,13.36
8080,277,13.36
8081,269,13.36
8082,274,11.767
8083,269,13.6
8084,277,14.977
8085,274,13.784
8086,283,13.784
8087,263,12.302
8088,269,12.302
8089,253,11.767
8090,251,11.767
8091,251,11.767
8092,242,15.124
8093,228,15.124
8094,230,12.556
8095,236,14.508
8096,244,15.569
8097,251,15.569
8098,238,15.569
8099,235,15.569
8100,229,15.569
8101,236,15.569
8102,227,15.569
8103,229,11.767
8104,232,11.767
8105,243,13.769
8106,243,11.767
8107,243,11.767
8108,261,14.861
8109,235,11.767
8110,232,11.767
8111,234,14.374
8112,234,14.374
8113,216,14.374
8114,220,14.374
8115,233,13.91
8116,247,13.519
8117,249,13.719
8118,246,13.719
8119,244,13.91
8120,231,14.416
8121,261,14.648
8122,268,14.648
8123,264,14.416
8124,271,14.416
8125,278,14.416
8126,296,14.416
8127,285,14.416
8128,310,14.416
8129,283,14.416
8130,270,14.416
8131,273,14.577
8132,275,15.262
8133,275,15.262
8134,274,15.262
8135,271,12.467
8136,284,15.022
8137,286,15.022
8138,272,11.845
8139,280,12.033
8140,290,12.033
8141,283,12.033
8142,292,12.033
8143,273,8.596
8144,275,13.474
8145,266,13.474
8146,252,12.485
8147,239,12.485
8148,248,13.166
8149,248,12.06
8150,247,12.06
8151,239,12.06
8152,244,12.06
8153,250,12.06
8154,251,14.807
8155,256,14.807
8156,254,14.807
8157,261,14.807
8158,252,14.807
8159,254,15.566
8160,257,15.566
8161,257,15.566
8162,269,14.807
8163,271,14.807
8164,268,14.807
8165,269,13.59
8166,278,15.247
8167,257,15.247
8168,292,15.247
8169,272,15.247
8170,274,15.247
8171,273,15.247
8172,276,15.247
8173,274,15.247
8174,274,15.247
8175,252,12.06
8176,252,12.299
8177,242,12.299
8178,226,15.399
8179,241,15.399
8180,247,15.399
8181,250,15.399
8182,258,12.655
8183,258,12.655
8184,271,12.655
8185,263,12.06
8186,264,13.361
8187,256,15.334
8188,256,14.383
8189,255,14.383
8190,243,13.22
8191,245,13.22
8192,259,12.099
8193,253,12.667
8194,265,15.044
8195,265,15.044
8196,262,14.76
8197,259,15.393
8198,260,13.892
8199,261,13.892
8200,246,13.817
8201,242,13.817
8202,246,12.667
8203,241,12.667
8204,251,12.667
8205,252,12.667
8206,245,12.992
8207,246,12.992
8208,255,12.667
8209,265,11.579
8210,260,11.579
8211,263,12.173
8212,265,11.579
8213,268,11.579
8214,268,11.579
8215,275,11.579
8216,285,13.881
8217,288,14.272
8218,310,14.272
8219,295,14.272
8220,287,13.932
8221,268,13.932
8222,255,15.145
8223,259,15.145
8224,241,15.145
8225,245,12.117
8226,241,12.117
8227,242,12.117
8228,252,11.253
8229,251,10.846
8230,275,10.846
8231,274,11.883
8232,260,10.894
8233,259,13.782
8234,258,15.133
8235,266,15.133
8236,271,15.133
8237,274,15.133
8238,276,15.133
8239,272,15.516
8240,266,15.516
8241,268,15.569
8242,265,15.569
8243,269,15.516
8244,269,15.516
8245,265,15.516
8246,267,15.516
8247,280,15.516
8248,287,15.516
8249,274,15.516
8250,291,15.516
8251,286,15.516
8252,287,15.516
8253,291,15.516
8254,285,15.516
8255,286,15.516
8256,285,15.516
8257,280,15.516
8258,279,15.516
8259,273,15.516
8260,274,15.531
8261,273,15.531
8262,276,15.531
8263,273,15.531
8264,281,15.531
8265,282,15.531
8266,277,15.531
8267,271,15.531
8268,281,14.583
8269,279,14.583
8270,276,14.338
8271,275,13.288
8272,277,13.288
8273,290,13.288
8274,290,13.288
8275,283,13.288
8276,282,13.288
8277,294,13.288
8278,297,13.288
8279,297,13.288
8280,298,14.858
8281,300,14.858
8282,298,14.858
8283,301,10.037
8284,304,14.885
8285,283,13.322
8286,276,13.322
8287,309,13.322
8288,266,13.322
8289,269,13.322
8290,258,13.322
8291,267,13.322
8292,269,13.322
8293,271,13.465
8294,269,13.465
8295,269,13.465
8296,265,13.465
8297,270,8.479
8298,277,12.76
8299,270,13.019
8300,294,13.019
8301,298,13.019
8302,298,13.019
8303,288,12.989
8304,292,14.099
8305,304,12.989
8306,280,14.956
8307,272,14.538
8308,276,14.245
8309,285,14.245
8310,293,14.586
8311,286,14.586
8312,279,14.245
8313,281,12.075
8314,280,12.075
8315,266,13.599
8316,295,14.403
8317,288,14.403
8318,291,14.403
8319,292,14.403
8320,285,14.403
8321,298,13.672
8322,295,12.457
8323,295,13.719
8324,302,13.719
8325,297,13.719
8326,302,13.719
8327,285,14.756
8328,285,14.756
8329,264,14.756
8330,260,14.756
8331,255,14.756
8332,256,14.756
8333,257,15.45
8334,257,14.756
8335,267,14.756
8336,273,14.756
8337,273,14.756
8338,282,14.756
8339,279,14.756
8340,297,14.756
8341,312,14.914
8342,286,12.699
8343,288,12.699
8344,269,15.169
8345,269,15.169
8346,247,15.169
8347,255,15.169
8348,253,15.169
8349,261,10.197
8350,261,13.889
8351,249,13.889
8352,247,13.862
8353,244,13.862
8354,256,13.862
8355,249,13.862
8356,242,14.568
8357,248,14.789
8358,250,14.789
8359,263,14.789
8360,263,14.789
8361,256,15.384
8362,257,15.384
8363,251,15.384
8364,238,15.384
8365,239,15.384
8366,238,15.384
8367,249,15.384
8368,250,15.384
8369,259,15.384
8370,242,15.384
8371,243,15.384
8372,270,15.384
8373,269,14.789
8374,281,15.381
8375,275,13.594
8376,271,13.594
8377,249,13.594
8378,285,13.829
8379,267,14.455
8380,253,14.455
8381,259,14.455
8382,263,14.455
8383,278,14.455
8384,278,14.455
8385,285,14.455
8386,269,14.455
8387,264,14.455
8388,273,14.858
8389,265,14.858
8390,264,14.858
8391,253,14.858
8392,245,12.678
8393,246,15.363
8394,257,15.363
8395,275,15.363
8396,258,15.363
8397,252,15.363
8398,251,10.239
8399,244,14.89
8400,248,14.89
8401,269,14.89
8402,276,14.89
8403,273,14.89
8404,269,14.89
8405,272,15.165
8406,265,15.165
8407,268,14.89
8408,273,12.565
8409,269,13.97
8410,254,13.97
8411,258,13.97
8412,265,13.97
8413,266,13.97
8414,266,13.97
8415,248,13.97
8416,252,15.507
8417,227,15.507
8418,231,15.507
8419,239,15.507
8420,239,15.507
8421,254,15.507
8422,260,15.507
8423,246,15.507
8424,241,15.507
8425,240,15.507
8426,256,15.507
8427,258,12.481
8428,266,12.35
8429,259,12.35
8430,268,12.35
8431,261,12.768
8432,266,12.768
8433,258,14.78
8434,257,14.945
8435,259,14.945
8436,257,14.945
8437,263,14.78
8438,266,14.78
8439,264,15.277
8440,263,15.277
8441,263,15.366
8442,263,15.366
8443,265,12.455
8444,273,12.455
8445,278,11.693
8446,278,11.693
8447,279,11.693
8448,282,11.693
8449,279,11.693
8450,274,11.106
8451,271,11.106
8452,267,13.379
8453,269,13.379
8454,266,13.379
8455,275,15.372
8456,266,15.372
8457,267,15.372
8458,267,15.372
8459,264,15.372
8460,266,15.372
8461,279,15.372
8462,271,15.372
8463,275,15.372
8464,286,15.372
8465,286,15.372
8466,269,15.372
8467,266,15.372
8468,264,15.372
8469,265,15.372
8470,256,15.479
8471,269,15.479
8472,293,15.479
8473,296,15.479
8474,286,15.187
8475,303,15.187
8476,303,15.187
8477,329,15.187
8478,326,15.187
8479,328,15.187
8480,309,15.187
8481,309,15.187
8482,307,15.187
8483,291,15.381
8484,292,15.381
8485,287,15.381
8486,283,15.381
8487,285,15.381
8488,275,15.381
8489,243,15.381
8490,245,15.381
8491,250,15.381
8492,259,15.219
8493,261,15.219
8494,250,15.219
8495,234,15.18
8496,233,15.18
8497,241,13.175
8498,246,15.216
8499,257,15.216
8500,274,15.216
8501,270,15.023
8502,259,14.388
8503,260,13.337
8504,261,14.137
8505,258,14.664
8506,258,14.664
8507,262,14.664
8508,260,15.229
8509,254,15.229
8510,260,15.229
8511,259,15.229
8512,251,14.664
8513,248,14.664
8514,250,13.551
8515,249,13.551
8516,249,12.942
8517,249,14.153
8518,257,14.153
8519,254,14.153
8520,254,15.029
8521,253,15.029
8522,254,15.029
8523,253,15.029
8524,256,15.029
8525,272,14.379
8526,289,14.228
8527,275,14.228
8528,277,13.313
8529,277,13.313
8530,269,15.446
8531,262,13.037
8532,262,14.86
8533,270,14.86
8534,254,11.244
8535,249,12.751
8536,254,12.751
8537,247,12.751
8538,247,12.751
8539,254,12.751
8540,258,12.751
8541,254,12.751
8542,254,12.751
8543,245,12.751
8544,243,12.751
8545,243,12.4
8546,248,12.078
8547,250,12.078
8548,257,12.078
8549,259,13.593
8550,284,13.593
8551,255,13.593
8552,250,13.593
8553,250,13.593
8554,272,13.593
8555,267,13.593
8556,267,13.593
8557,282,13.593
8558,279,14.203
8559,278,14.203
8560,257,15.094
8561,273,15.094
8562,278,14.054
8563,286,14.054
8564,276,14.054
8565,273,14.054
8566,262,14.054
8567,260,14.054
8568,268,14.054
8569,264,14.054
8570,268,14.054
8571,264,14.054
8572,259,14.054
8573,262,14.054
8574,250,14.054
8575,238,14.4
8576,236,14.054
8577,235,13.145
8578,230,13.145
8579,229,14.051
8580,225,14.051
8581,220,14.051
8582,235,14.051
8583,234,14.051
8584,234,14.051
8585,231,14.051
8586,229,14.051
8587,212,14.473
8588,215,14.473
8589,214,14.473
8590,222,14.473
8591,222,14.473
8592,251,14.473
8593,245,14.473
8594,233,14.473
8595,219,15.539
8596,247,15.539
8597,244,15.539
8598,251,12.861
8599,251,12.861
8600,243,15.085
8601,225,15.085
8602,224,15.085
8603,221,15.085
8604,219,15.459
8605,220,15.459
8606,236,15.459
8607,239,15.459
8608,227,15.459
8609,232,15.459
8610,242,15.459
8611,246,15.459
8612,242,13.249
8613,239,13.249
8614,233,13.249
8615,221,11.044
8616,220,11.044
8617,218,11.627
8618,227,13.5
8619,247,14.723
8620,246,14.371
8621,247,14.371
8622,237,15.488
8623,240,15.488
8624,263,15.488
8625,262,15.488
8626,262,15.488
8627,270,15.488
8628,273,15.488
8629,262,15.488
8630,276,14.718
8631,276,14.718
8632,277,14.718
8633,279,14.718
8634,264,14.718
8635,267,14.718
8636,268,14.718
8637,277,12.569
8638,288,12.732
8639,287,14.58
8640,271,14.58
8641,279,14.58
8642,249,13.1
8643,258,13.1
8644,285,9.958
8645,297,10.348
8646,277,9.958
8647,301,9.958
8648,287,9.958
8649,299,13.364
8650,298,9.958
8651,297,13.629
8652,289,13.629
8653,277,13.629
8654,273,14.684
8655,276,14.684
8656,281,14.684
8657,281,14.684
8658,281,14.684
8659,299,9.958
8660,283,9.958
8661,280,9.63
8662,278,11.555
8663,272,14.625
8664,279,11.555
8665,266,11.555
8666,275,11.555
8667,271,13.961
8668,269,13.961
8669,259,13.961
8670,259,13.961
8671,249,13.961
8672,235,12.613
8673,232,13.925
8674,245,13.925
8675,242,13.925
8676,240,13.426
8677,241,13.498
8678,250,13.426
8679,244,13.426
8680,227,13.426
8681,237,13.426
8682,228,13.426
8683,233,14.514
8684,232,13.426
8685,234,9.579
8686,251,9.546
8687,254,9.546
8688,252,13.605
8689,261,13.958
8690,259,14.585
8691,260,14.585
8692,270,14.585
8693,262,14.451
8694,246,14.995
8695,264,14.514
8696,265,15.34
8697,260,15.34
8698,264,15.34
8699,238,15.34
8700,248,15.34
8701,235,15.34
8702,235,15.34
8703,254,14.167
8704,238,14.167
8705,246,14.331
8706,251,14.331
8707,246,14.989
8708,240,15.555
8709,248,15.555
8710,245,15.555
8711,246,15.555
8712,240,15.555
8713,245,14.989
8714,239,14.989
8715,237,14.248
8716,243,14.248
8717,243,14.248
8718,256,14.248
8719,244,14.248
8720,248,11.182
8721,255,11.182
8722,267,15.527
8723,255,11.182
8724,257,11.182
8725,267,14.639
8726,272,14.956
8727,263,14.956
8728,272,14.956
8729,281,14.956
8730,282,14.956
8731,270,14.956
8732,296,14.956
8733,296,14.956
8734,303,12.069
8735,292,12.069
8736,305,12.048
8737,310,13.444
8738,309,10.676
8739,302,10.676
8740,282,13.178
8741,283,13.178
8742,283,14.679
8743,277,13.178
8744,267,13.178
8745,284,13.231
8746,275,13.231
8747,270,13.231
8748,269,13.231
8749,267,13.231
8750,259,15.211
8751,256,15.109
8752,248,15.109
8753,244,15.109
8754,251,15.109
8755,270,15.109
8756,266,15.109
8757,270,14.795
8758,268,14.795
8759,289,14.795
8760,299,14.795
8761,278,14.795
8762,253,14.795
8763,257,14.512
8764,272,12.131
8765,274,12.131
8766,274,12.131
8767,283,12.131
8768,275,12.131
8769,281,11.444
8770,285,11.444
8771,285,12.846
8772,282,15.094
8773,268,15.094
8774,279,15.094
8775,281,15.094
8776,277,15.094
8777,273,15.094
8778,271,15.094
8779,276,15.094
8780,262,15.094
8781,260,15.094
8782,279,9.869
8783,259,9.869
8784,254,11.068
8785,253,11.068
8786,233,13.21
8787,233,13.21
8788,242,13.21
8789,240,13.21
8790,258,13.21
8791,257,13.21
8792,264,14.902
8793,272,14.902
8794,272,14.902
8795,280,13.991
8796,282,13.677
8797,274,15.103
8798,257,13.677
8799,260,13.677
8800,254,13.677
8801,257,13.677
8802,251,15.507
8803,263,15.507
8804,266,9.949
8805,268,15.07
8806,260,15.07
8807,276,15.07
8808,284,15.07
8809,286,15.07
8810,280,15.07
8811,272,15.07
8812,278,15.136
8813,264,15.273
8814,269,12.965
8815,272,13.92
8816,266,13.92
8817,275,12.829
8818,275,12.829
8819,281,12.829
8820,276,12.829
8821,293,13.994
8822,306,13.994
8823,310,13.994
8824,282,9.725
8825,286,9.725
8826,279,9.636
8827,306,9.636
8828,313,9.636
8829,298,9.636
8830,292,14.523
8831,279,14.523
8832,279,14.523
8833,278,14.523
8834,282,14.523
8835,282,12.182
8836,294,11.836
8837,288,15.201
8838,297,15.112
8839,300,15.112
8840,305,15.112
8841,303,15.112
8842,298,15.112
8843,302,12.209
8844,302,12.209
8845,304,12.209
8846,297,10.951
8847,291,14.532
8848,291,14.532
8849,298,14.532
8850,293,14.532
8851,287,14.532
8852,277,13.853
8853,273,14.777
8854,258,14.777
8855,249,15.195
8856,243,14.777
8857,242,14.777
8858,252,14.777
8859,258,12.397
8860,259,12.421
8861,295,12.421
8862,271,12.421
8863,269,12.421
8864,264,12.421
8865,264,12.285
8866,275,12.285
8867,275,12.285
8868,263,12.285
8869,238,12.285
8870,239,12.285
8871,256,13.678
8872,257,14.236
8873,262,14.236
8874,248,14.236
8875,253,14.236
8876,250,14.236
8877,264,15.13
8878,259,14.236
8879,264,14.236
8880,265,15.002
8881,267,12.233
8882,248,14.99
8883,253,14.99
8884,248,14.99
8885,245,14.99
8886,244,14.99
8887,243,14.99
8888,235,13.485
8889,241,13.485
8890,249,14.216
8891,250,14.216
8892,260,13.125
8893,253,13.125
8894,243,15.121
8895,237,15.121
8896,241,14.615
8897,246,14.615
8898,241,12.646
8899,253,12.646
8900,240,12.646
8901,234,12.646
8902,231,14.559
8903,245,14.559
8904,249,12.739
8905,253,12.09
8906,254,10.345
8907,267,15.387
8908,254,15.387
8909,258,15.387
8910,253,14.5
8911,256,14.5
8912,266,14.787
8913,264,14.855
8914,249,14.855
8915,244,14.855
8916,249,14.855
8917,245,14.5
8918,257,14.5
8919,253,13.282
8920,257,13.282
8921,265,13.282
8922,261,13.282
8923,269,13.282
8924,282,13.282
8925,286,13.282
8926,284,13.282
8927,277,13.282
8928,278,13.282
8929,262,13.282
8930,261,8.115
8931,266,12.09
8932,253,9.053
8933,264,15.485
8934,257,9.053
8935,257,9.053
8936,278,7.758
8937,261,10.566
8938,260,10.566
8939,271,10.566
8940,266,13.635
8941,275,13.635
8942,272,13.635
8943,275,12.261
8944,270,12.261
8945,271,12.051
8946,269,12.051
8947,259,12.051
8948,270,12.051
8949,283,12.051
8950,280,12.799
8951,279,14.553
8952,281,12.051
8953,278,12.051
8954,285,12.051
8955,284,12.051
8956,287,13.139
8957,281,13.139
8958,283,13.435
8959,278,12.051
8960,274,11.445
8961,271,15.563
8962,269,15.563
8963,279,15.563
8964,286,15.563
8965,290,11.785
8966,293,11.785
8967,278,9.893
8968,273,13.521
8969,268,13.521
8970,267,13.521
8971,247,13.581
8972,251,10.895
8973,251,11.477
8974,255,13.098
8975,265,13.098
8976,262,14.188
8977,247,14.914
8978,247,14.914
8979,247,14.914
8980,250,14.914
8981,250,14.914
8982,254,14.914
8983,245,14.914
8984,246,14.914
8985,256,14.914
8986,259,10.808
8987,264,13.426
8988,284,13.426
8989,281,13.426
8990,269,13.426
8991,252,9.704
8992,252,9.704
8993,257,7.257
8994,268,13.892
8995,265,10.643
8996,256,10.643
8997,244,9.444
8998,242,12.813
8999,239,13.581
9000,236,13.581
9001,238,13.044
9002,235,13.044
9003,249,12.554
9004,261,10.852
9005,263,10.852
9006,256,10.852
9007,250,10.852
9008,273,12.846
9009,256,7.994
9010,255,14.335
9011,256,14.335
9012,258,14.335
9013,262,12.446
9014,262,10.046
9015,262,10.046
9016,272,10.046
9017,270,13.6
9018,266,13.6
9019,263,13.6
9020,233,13.6
9021,216,13.6
9022,210,13.6
9023,207,13.6
9024,209,13.6
9025,213,14.64
9026,217,14.64
9027,229,14.64
9028,226,14.64
9029,250,14.64
9030,242,14.64
9031,211,15.491
9032,213,15.491
9033,215,15.491
9034,230,15.491
9035,254,15.271
9036,251,13.752
9037,241,14.158
9038,242,14.158
9039,227,14.158
9040,217,14.158
9041,226,14.158
9042,229,14.212
9043,234,14.212
9044,244,14.212
9045,239,14.212
9046,237,14.212
9047,265,14.212
9048,247,14.212
9049,255,14.212
9050,260,14.212
9051,263,14.212
9052,256,14.212
9053,259,14.212
9054,264,14.212
9055,279,14.212
9056,273,14.212
9057,273,14.212
9058,272,12.213
9059,266,12.213
9060,271,11.648
9061,266,11.648
9062,272,14.691
9063,279,11.109
9064,281,11.109
9065,281,11.109
9066,284,13.42
9067,274,13.42
9068,263,13.42
9069,270,13.42
9070,264,13.277
9071,268,13.277
9072,270,13.277
9073,267,13.277
9074,259,15.044
9075,250,15.044
9076,242,15.232
9077,242,15.232
9078,240,15.232
9079,242,15.232
9080,246,12.703
9081,264,15.091
9082,269,15.091
9083,282,15.091
9084,281,15.091
9085,279,12.703
9086,266,15.304
9087,263,15.304
9088,262,15.304
9089,264,15.357
9090,271,15.304
9091,284,13.929
9092,290,12.703
9093,294,11.109
9094,292,11.109
9095,264,11.109
9096,263,11.109
9097,255,12.356
9098,259,12.356
9099,275,12.356
9100,270,14.936
9101,258,14.936
9102,255,14.936
9103,245,14.936
9104,257,14.936
9105,255,14.936
9106,255,14.936
9107,251,14.936
9108,250,14.936
9109,254,14.936
9110,264,14.936
9111,260,14.936
9112,258,14.936
9113,258,14.936
9114,271,14.936
9115,269,14.936
9116,272,14.936
9117,278,13.752
9118,261,13.752
9119,236,13.752
9120,248,15.414
9121,242,15.405
9122,241,15.405
9123,234,15.405
9124,228,15.405
9125,238,15.405
9126,238,15.405
9127,241,15.405
9128,257,15.405
9129,256,11.109
9130,241,11.109
9131,253,15.291
9132,261,15.291
9133,268,15.205
9134,267,15.205
9135,256,13.74
9136,259,15.056
9137,252,14.609
9138,252,14.609
9139,255,11.109
9140,252,13.584
9141,251,13.584
9142,242,13.584
9143,234,13.54
9144,235,13.54
9145,244,13.54
9146,243,13.54
9147,254,9.07
9148,256,12.825
9149,261,12.825
9150,257,12.825
9151,266,15.05
9152,261,14.099
9153,248,13.476
9154,260,12.825
9155,259,12.825
9156,250,12.825
9157,268,12.825
9158,247,12.825
9159,228,12.825
9160,235,12.825
9161,232,8.272
9162,233,15.005
9163,234,15.005
9164,237,15.005
9165,247,15.198
9166,262,15.198
9167,246,15.198
9168,230,15.198
9169,241,15.005
9170,238,15.558
9171,243,15.48
9172,245,15.48
9173,248,15.48
9174,244,15.48
9175,250,12.016
9176,245,14.778
9177,265,14.778
9178,284,14.778
9179,289,14.778
9180,284,14.778
9181,276,14.778
9182,300,14.778
9183,293,14.778
9184,302,14.778
9185,294,14.778
9186,299,14.778
9187,294,14.778
9188,295,14.778
9189,304,14.778
9190,307,14.778
9191,303,12.373
9192,298,12.373
9193,296,13.136
9194,295,13.136
9195,293,13.136
9196,291,13.136
9197,285,12.858
9198,288,12.858
9199,295,13.669
9200,286,12.858
9201,285,12.858
9202,278,12.858
9203,243,12.858
9204,247,13.587
9205,254,13.587
9206,262,10.78
9207,275,12.152
9208,271,10.78
9209,268,11.226
9210,262,15.147
9211,260,15.147
9212,256,15.147
9213,249,15.147
9214,253,15.147
9215,262,13.904
9216,269,14.385
9217,272,14.385
9218,273,13.904
9219,269,13.904
9220,287,11.034
9221,282,13.139
9222,294,13.139
9223,296,9.768
9224,294,9.768
9225,269,9.768
9226,257,13.812
9227,259,13.812
9228,254,15.399
9229,257,15.399
9230,245,15.399
9231,252,15.399
9232,262,14.153
9233,259,14.153
9234,254,14.284
9235,252,14.284
9236,255,14.284
9237,278,14.153
9238,283,14.153
9239,288,14.153
9240,287,14.153
9241,283,14.153
9242,270,14.153
9243,269,15.42
9244,269,15.42
9245,273,15.42
9246,273,14.927
9247,274,14.159
9248,274,14.159
9249,274,12.844
9250,271,12.844
9251,275,14.248
9252,279,14.248
9253,275,12.206
9254,279,12.206
9255,287,12.206
9256,307,14.047
9257,290,10.587
9258,284,10.587
9259,286,10.986
9260,285,10.986
9261,281,10.587
9262,279,10.587
9263,273,11.247
9264,274,12.341
9265,274,12.341
9266,280,14.224
9267,275,15.222
9268,271,15.222
9269,271,15.222
9270,270,15.222
9271,271,15.222
9272,272,13.941
9273,271,12.43
9274,280,12.195
9275,274,12.195
9276,274,12.389
9277,275,12.389
9278,274,14.212
9279,272,15.351
9280,280,15.351
9281,276,15.351
9282,276,15.301
9283,278,15.301
9284,280,15.301
9285,276,15.301
9286,280,15.301
9287,278,15.301
9288,263,15.301
9289,282,15.301
9290,293,15.301
9291,296,15.301
9292,280,15.301
9293,273,15.554
9294,278,15.554
9295,279,15.301
9296,285,15.301
9297,285,15.515
9298,272,15.041
9299,263,15.041
9300,267,15.041
9301,283,15.041
9302,277,15.041
9303,282,15.041
9304,269,15.041
9305,260,15.041
9306,258,15.279
9307,259,15.279
9308,279,15.041
9309,273,15.041
9310,300,15.041
9311,294,15.041
9312,274,15.041
9313,248,15.041
9314,248,15.041
9315,250,15.041
9316,248,15.041
9317,244,15.041
9318,243,15.041
9319,238,15.041
9320,242,14.673
9321,259,14.673
9322,257,14.673
9323,258,15.42
9324,272,14.673
9325,268,14.673
9326,282,14.673
9327,271,14.673
9328,262,14.673
9329,272,14.673
9330,272,14.673
9331,273,14.673
9332,268,14.673
9333,269,13.937
9334,281,13.937
9335,283,15.136
9336,278,14.331
9337,275,14.331
9338,267,12.957
9339,260,12.957
9340,277,11.304
9341,269,12.995
9342,263,12.995
9343,276,12.995
9344,268,12.995
9345,265,13.92
9346,268,12.995
9347,258,13.477
9348,272,13.477
9349,281,10.711
9350,290,10.711
9351,282,10.711
9352,282,12.511
9353,267,12.511
9354,269,8.653
9355,247,8.653
9356,238,15.579
9357,237,15.579
9358,236,15.579
9359,235,15.579
9360,252,15.579
9361,252,15.579
9362,250,15.579
9363,245,15.579
9364,247,15.489
9365,254,15.489
9366,233,15.489
9367,231,12.993
9368,235,12.993
9369,254,14.117
9370,245,8.602
9371,242,9.409
9372,230,9.409
9373,230,12.538
9374,231,15.471
9375,233,12.538
9376,228,12.538
9377,235,12.538
9378,246,12.538
9379,250,12.538
9380,261,14.093
9381,266,14.093
9382,265,14.093
9383,256,15.056
9384,256,15.056
9385,251,15.056
9386,253,15.325
9387,263,15.325
9388,257,15.325
9389,261,15.325
9390,262,15.474
9391,265,15.474
9392,251,15.474
9393,254,15.25
9394,248,15.25
9395,225,15.13
9396,236,15.13
9397,243,15.13
9398,251,15.13
9399,271,15.13
9400,277,15.13
9401,270,15.13
9402,308,15.13
9403,306,15.13
9404,300,14.485
9405,275,14.485
9406,268,14.485
9407,270,14.485
9408,266,14.485
9409,273,14.485
9410,281,12.137
9411,278,12.137
9412,299,13.809
9413,299,11.986
9414,304,15.046
9415,285,15.046
9416,288,15.046
9417,293,15.046
9418,293,15.046
9419,291,15.498
9420,272,15.498
9421,288,15.498
9422,288,15.498
9423,279,15.498
9424,305,15.498
9425,315,15.498
9426,304,15.498
9427,289,15.498
9428,288,12.523
9429,286,12.093
9430,283,12.093
9431,300,12.093
9432,299,13.385
9433,301,12.996
9434,299,15.282
9435,304,12.996
9436,288,12.996
9437,297,15.007
9438,305,15.007
9439,290,15.354
9440,290,14.735
9441,280,14.735
9442,280,14.735
9443,295,12.996
9444,283,12.996
9445,276,15.443
9446,271,14.021
9447,272,12.996
9448,266,13.536
9449,262,13.536
9450,241,13.536
9451,241,13.674
9452,237,15.3
9453,236,15.3
9454,233,15.3
9455,238,15.3
9456,233,12.996
9457,216,12.996
9458,217,12.996
9459,219,13.672
9460,223,12.996
9461,218,15.139
9462,232,15.348
9463,226,15.348
9464,248,15.348
9465,245,15.348
9466,232,15.139
9467,240,15.139
9468,247,15.139
9469,234,15.139
9470,244,12.996
9471,244,12.996
9472,243,14.831
9473,237,14.831
9474,239,14.831
9475,238,14.831
9476,254,14.831
9477,249,14.831
9478,237,12.996
9479,241,12.43
9480,243,15.201
9481,235,11.211
9482,231,13.584
9483,230,13.584
9484,247,11.211
9485,245,14.718
9486,248,14.718
9487,232,14.718
9488,236,14.965
9489,255,14.965
9490,267,14.965
9491,263,14.86
9492,266,14.86
9493,268,14.718
9494,294,14.718
9495,258,14.718
9496,259,15.037
9497,245,15.037
9498,253,15.037
9499,251,14.718
9500,244,14.718
9501,237,14.718
9502,244,13.342
9503,247,11.576
9504,251,11.576
9505,252,11.576
9506,250,11.576
9507,237,11.576
9508,258,11.576
9509,257,11.576
9510,238,14.406
9511,235,14.406
9512,246,14.406
9513,245,14.406
9514,234,15.313
9515,249,15.313
9516,236,15.313
9517,234,14.406
9518,235,14.406
9519,224,12.373
9520,240,12.084
9521,242,12.084
9522,226,13.662
9523,233,13.662
9524,233,13.662
9525,236,14.921
9526,230,14.921
9527,257,14.921
9528,256,14.921
9529,254,14.921
9530,251,14.921
9531,226,14.921
9532,231,14.43
9533,235,14.43
9534,236,14.714
9535,233,14.714
9536,233,11.576
9537,237,11.576
9538,244,12.177
9539,239,12.876
9540,250,12.876
9541,238,15.307
9542,226,15.307
9543,212,14.499
9544,212,14.499
9545,220,12.876
9546,225,12.66
9547,243,15.103
9548,224,14.053
9549,225,14.053
9550,234,14.053
9551,234,9.421
9552,237,9.421
9553,243,10.61
9554,242,13.476
9555,249,10.61
9556,259,10.61
9557,257,13.674
9558,257,14.987
9559,248,14.987
9560,266,14.987
9561,258,13.674
9562,250,11.563
9563,250,14.702
9564,245,14.702
9565,247,14.702
9566,253,14.702
9567,252,12.066
9568,256,12.066
9569,257,12.066
9570,270,11.905
9571,280,11.905
9572,274,11.444
9573,268,11.444
9574,274,11.444
9575,269,10.813
9576,267,8.858
9577,259,8.858
9578,260,10.105
9579,270,10.458
9580,264,9.176
9581,273,15.217
9582,284,15.217
9583,280,15.217
9584,287,15.217
9585,293,15.217
9586,281,15.318
9587,302,15.217
9588,302,15.217
9589,298,10.135
9590,278,10.135
9591,277,12.601
9592,277,12.601
9593,285,12.601
9594,265,13.088
9595,255,13.088
9596,258,13.088
9597,252,13.088
9598,272,13.031
9599,274,14.198
9600,265,13.031
9601,263,13.031
9602,258,13.79
9603,280,14.96
9604,272,13.79
9605,287,13.34
9606,292,13.34
9607,278,13.34
9608,264,13.34
9609,263,13.34
9610,263,13.34
9611,265,14.364
9612,266,14.364
9613,264,14.364
9614,282,14.364
9615,302,15.518
9616,308,15.518
9617,281,14.364
9618,303,13.041
9619,269,13.041
9620,260,13.041
9621,265,13.041
9622,263,13.244
9623,256,13.244
9624,251,13.244
9625,244,13.244
9626,238,9.725
9627,240,9.725
9628,219,14.407
9629,219,14.407
9630,212,11.427
9631,216,12.143
9632,215,12.143
9633,234,12.143
9634,239,12.252
9635,248,12.275
9636,250,12.275
9637,245,14.021
9638,245,14.021
9639,259,14.021
9640,280,14.021
9641,287,14.804
9642,297,14.021
9643,295,14.021
9644,280,14.021
9645,281,14.021
9646,274,13.334
9647,270,13.334
9648,249,13.334
9649,245,13.334
9650,248,15.425
9651,252,14.272
9652,257,14.272
9653,256,13.334
9654,252,15.425
9655,246,15.425
9656,234,15.425
9657,250,15.425
9658,260,15.425
9659,253,15.425
9660,244,15.425
9661,242,15.425
9662,267,14.846
9663,260,14.846
9664,247,14.009
9665,252,14.009
9666,264,14.009
9667,272,14.009
9668,291,15.288
9669,269,14.009
9670,267,14.009
9671,270,14.077
9672,259,12.147
9673,250,12.147
9674,244,12.147
9675,241,13.603
9676,241,13.603
9677,241,12.147
9678,234,15.286
9679,222,15.286
9680,231,15.286
9681,235,15.286
9682,232,15.286
9683,230,15.014
9684,243,15.014
9685,255,14.099
9686,256,14.0
9687,257,14.0
9688,249,14.0
9689,239,13.411
9690,243,13.411
9691,248,14.58
9692,266,14.58
9693,263,14.58
9694,254,14.58
9695,244,14.58
9696,245,14.58
9697,239,14.58
9698,241,10.91
9699,251,13.172
9700,237,12.32
9701,241,9.546
9702,242,11.046
9703,232,15.04
9704,232,15.04
9705,222,15.04
9706,220,15.04
9707,229,15.04
9708,227,15.04
9709,227,15.04
9710,237,15.04
9711,233,15.04
9712,227,15.04
9713,224,14.475
9714,220,14.475
9715,221,15.046
9716,222,15.046
9717,214,15.046
9718,223,15.046
9719,220,15.046
9720,219,12.376
9721,227,12.376
9722,227,12.485
9723,240,12.485
9724,235,12.376
9725,241,12.376
9726,258,12.376
9727,267,12.376
9728,273,12.376
9729,265,12.376
9730,265,12.376
9731,294,12.376
9732,286,15.142
9733,285,15.142
9734,288,15.142
9735,284,15.142
9736,282,15.142
9737,275,15.142
9738,272,15.142
9739,260,11.704
9740,258,11.704
9741,265,13.522
9742,267,11.704
9743,264,10.772
9744,259,14.472
9745,277,15.178
9746,270,15.534
9747,260,15.534
9748,242,15.447
9749,248,14.993
9750,233,14.993
9751,239,9.513
9752,248,8.817
9753,263,14.156
9754,262,14.156
9755,274,14.156
9756,276,14.156
9757,281,14.156
9758,289,14.156
9759,279,15.082
9760,270,15.082
9761,260,15.082
9762,257,15.082
9763,265,15.082
9764,252,14.035
9765,258,14.035
9766,255,14.035
9767,254,14.035
9768,255,14.035
9769,246,14.035
9770,248,14.035
9771,235,13.787
9772,235,15.561
9773,232,15.561
9774,238,15.561
9775,237,15.597
9776,237,15.597
9777,236,15.597
9778,250,15.597
9779,258,15.238
9780,276,15.238
9781,265,12.843
9782,263,13.366
9783,265,13.366
9784,275,12.661
9785,298,12.661
9786,295,12.661
9787,289,12.661
9788,274,14.89
9789,251,14.89
9790,250,14.89
9791,247,14.89
9792,265,15.141
9793,268,14.89
9794,260,14.89
9795,277,14.89
9796,279,14.89
9797,280,14.89
9798,280,15.519
9799,262,15.519
9800,272,15.519
9801,273,14.385
9802,273,14.325
9803,273,14.325
9804,276,14.325
9805,283,14.325
9806,281,14.325
9807,272,14.325
9808,259,14.044
9809,258,14.044
9810,259,14.044
9811,265,14.044
9812,265,14.044
9813,271,14.044
9814,275,14.044
9815,274,14.044
9816,274,13.265
9817,267,13.265
9818,265,13.265
9819,276,13.265
9820,273,13.265
9821,269,15.172
9822,264,10.774
9823,255,10.774
9824,263,10.774
9825,265,10.774
9826,266,9.716
9827,290,9.716
9828,276,9.965
9829,280,11.264
9830,260,15.035
9831,257,15.035
9832,266,15.36
9833,262,15.035
9834,269,14.825
9835,267,14.825
9836,271,14.825
9837,258,14.825
9838,262,14.825
9839,266,14.825
9840,277,14.825
9841,276,14.825
9842,264,14.194
9843,255,14.595
9844,261,14.595
9845,255,14.595
9846,272,14.595
9847,253,14.595
9848,245,14.595
9849,233,14.912
9850,234,14.631
9851,236,14.631
9852,242,14.631
9853,257,14.631
9854,231,14.631
9855,234,14.631
9856,250,14.631
9857,239,14.631
9858,238,14.631
9859,243,14.631
9860,243,14.631
9861,241,14.631
9862,251,14.631
9863,240,11.995
9864,235,13.958
9865,246,13.958
9866,254,11.265
9867,261,15.273
9868,260,15.273
9869,251,15.273
9870,259,15.446
9871,283,15.446
9872,259,15.446
9873,272,13.862
9874,275,13.862
9875,265,15.121
9876,260,15.121
9877,262,15.022
9878,273,15.422
9879,266,15.422
9880,260,15.422
9881,269,15.422
9882,276,15.422
9883,267,15.422
9884,261,14.95
9885,261,14.95
9886,261,14.95
9887,257,14.95
9888,269,14.95
9889,265,14.95
9890,264,14.95
9891,264,12.712
9892,263,11.211
9893,276,11.211
9894,273,13.97
9895,269,13.97
9896,278,13.97
9897,280,13.92
9898,288,13.92
9899,290,13.627
9900,303,13.627
9901,302,13.627
9902,301,13.902
9903,298,11.211
9904,297,13.668
9905,290,13.668
9906,266,13.668
9907,276,13.668
9908,274,12.974
9909,277,12.974
9910,272,12.974
9911,276,12.974
9912,274,13.905
9913,269,13.905
9914,275,12.974
9915,282,12.099
9916,277,14.392
9917,262,14.392
9918,265,14.392
9919,266,14.392
9920,271,15.313
9921,266,14.987
9922,277,14.987
9923,279,15.301
9924,295,14.879
9925,293,14.879
9926,293,14.879
9927,269,14.879
9928,269,14.879
9929,272,14.879
9930,272,14.879
9931,240,15.253
9932,248,13.447
9933,237,13.447
9934,239,13.447
9935,239,14.326
9936,242,15.175
9937,245,15.175
9938,255,15.175
9939,255,15.175
9940,249,15.175
9941,257,15.175
9942,264,15.175
9943,252,15.175
9944,277,15.175
9945,277,15.175
9946,270,15.175
9947,289,15.175
9948,287,15.175
9949,279,15.175
9950,267,15.175
9951,266,15.175
9952,240,13.447
9953,239,13.763
9954,243,14.792
9955,266,14.792
9956,285,13.447
9957,278,13.513
9958,279,15.235
9959,279,15.426
9960,261,15.426
9961,243,14.069
9962,228,14.069
9963,232,14.069
9964,246,15.13
9965,253,15.13
9966,243,15.07
9967,237,14.069
9968,241,14.481
9969,242,14.069
9970,239,14.069
9971,216,14.069
9972,223,14.233
9973,218,14.233
9974,229,14.281
9975,229,15.238
9976,212,15.238
9977,214,15.238
9978,214,14.79
9979,218,14.79
9980,233,14.79
9981,228,14.79
9982,220,14.79
9983,227,13.079
9984,210,15.375
9985,214,15.59
9986,221,15.59
9987,219,15.59
9988,217,15.59
9989,231,15.59
9990,219,15.59
9991,224,15.59
9992,232,14.231
9993,243,15.147
9994,245,15.147
9995,244,15.147
9996,247,15.147
9997,257,11.453
9998,262,11.453
9999,262,11.408
