step,cut_edges,max_dev_pct
0,277,20.092
1,274,21.948
2,265,17.094
3,266,21.275
4,263,21.275
5,260,21.275
6,260,17.094
7,251,17.094
8,258,17.094
9,251,17.094
10,252,17.094
11,265,17.094
12,248,13.83
13,227,16.218
14,225,16.218
15,224,17.13
16,249,17.13
17,267,13.193
18,267,14.248
19,263,15.345
20,261,15.345
21,259,19.097
22,259,19.097
23,260,19.097
24,249,19.097
25,271,17.931
26,285,17.931
27,279,17.931
28,278,17.931
29,272,16.753
30,270,16.903
31,260,18.797
32,258,18.797
33,243,18.797
34,243,18.797
35,249,18.797
36,245,18.49
37,244,18.49
38,244,19.422
39,252,19.422
40,258,19.422
41,259,19.422
42,255,19.734
43,257,21.554
44,259,19.422
45,265,19.422
46,263,19.293
47,276,19.293
48,281,19.293
49,274,18.936
50,276,18.49
51,269,18.49
52,267,18.49
53,267,21.716
54,283,15.16
55,253,21.09
56,257,21.09
57,276,15.207
58,266,15.207
59,282,17.955
60,305,17.955
61,293,21.219
62,264,21.219
63,256,17.428
64,268,17.428
65,268,19.515
66,262,19.515
67,261,19.515
68,266,19.515
69,265,21.121
70,275,19.515
71,275,19.515
72,264,19.515
73,260,16.132
74,259,19.973
75,252,19.973
76,244,19.973
77,246,19.973
78,251,19.973
79,251,18.221
80,263,18.221
81,263,18.221
82,262,17.45
83,269,17.45
84,277,19.853
85,274,19.853
86,273,19.853
87,271,19.853
88,275,19.853
89,278,19.853
90,283,19.853
91,279,19.853
92,277,19.853
93,278,19.853
94,289,19.853
95,258,19.853
96,264,19.853
97,257,19.853
98,252,19.853
99,261,21.3
100,257,21.3
101,253,21.3
102,254,20.414
103,255,20.26
104,253,17.545
105,245,17.136
106,257,15.701
107,257,15.701
108,272,15.701
109,269,15.701
110,250,12.648
111,251,19.853
112,268,20.961
113,267,20.961
114,275,20.961
115,297,20.961
116,297,20.961
117,284,20.961
118,283,20.961
119,278,20.961
120,277,20.961
121,276,19.584
122,278,19.584
123,278,19.584
124,264,19.584
125,272,19.584
126,261,19.584
127,259,21.103
128,263,21.707
129,257,21.707
130,266,21.707
131,271,20.361
132,272,20.361
133,253,21.494
134,256,21.781
135,268,21.494
136,267,21.494
137,282,21.494
138,271,21.664
139,269,21.628
140,266,21.819
141,264,21.819
142,269,21.819
143,256,21.819
144,265,21.819
145,266,21.819
146,267,21.819
147,261,18.801
148,259,21.745
149,256,18.801
150,254,18.983
151,276,18.983
152,264,22.065
153,268,18.983
154,273,18.983
155,271,20.271
156,267,20.271
157,262,20.271
158,268,20.719
159,269,20.719
160,292,20.719
161,292,20.719
162,297,20.143
163,289,20.143
164,286,20.143
165,284,20.143
166,283,20.143
167,279,20.143
168,283,20.902
169,283,20.902
170,299,21.153
171,284,21.153
172,292,20.902
173,296,20.143
174,300,20.143
175,303,20.143
176,291,20.143
177,283,20.143
178,272,20.143
179,274,20.143
180,274,20.143
181,274,20.143
182,284,20.143
183,287,19.425
184,291,19.425
185,297,19.425
186,284,19.425
187,300,19.425
188,285,19.682
189,282,20.436
190,280,21.33
191,281,21.33
192,287,21.33
193,274,21.33
194,295,21.33
195,299,21.33
196,301,21.078
197,308,21.078
198,308,20.304
199,310,19.719
200,297,19.719
201,293,19.719
202,298,19.719
203,296,19.719
204,278,19.719
205,274,19.719
206,277,19.719
207,255,20.768
208,275,20.768
209,265,20.768
210,276,20.768
211,281,21.278
212,277,21.278
213,271,21.644
214,257,21.644
215,256,21.644
216,268,21.644
217,276,21.644
218,280,21.865
219,287,21.865
220,297,21.865
221,299,21.865
222,302,21.865
223,299,21.865
224,275,21.969
225,263,21.969
226,274,21.969
227,278,21.865
228,261,21.257
229,261,21.939
230,258,21.939
231,254,21.939
232,250,21.939
233,247,21.939
234,258,21.939
235,249,21.882
236,255,21.882
237,255,21.882
238,258,20.145
239,252,20.145
240,265,20.145
241,269,20.145
242,269,20.145
243,263,20.565
244,273,20.565
245,283,21.213
246,281,21.213
247,272,21.213
248,271,21.213
249,265,20.565
250,274,20.565
251,287,20.855
252,278,20.855
253,277,20.855
254,267,21.261
255,252,19.04
256,254,19.04
257,266,21.219
258,262,21.219
259,260,21.219
260,260,22.053
261,271,22.053
262,273,22.053
263,283,22.053
264,283,22.053
265,288,22.053
266,296,22.053
267,289,22.053
268,295,22.053
269,302,22.053
270,287,22.053
271,288,22.053
272,285,13.681
273,285,13.681
274,273,18.304
275,259,18.304
276,255,15.449
277,252,13.274
278,244,21.079
279,267,21.079
280,269,21.079
281,269,21.079
282,268,21.079
283,273,16.9
284,263,21.637
285,263,22.079
286,265,22.079
287,263,22.079
288,262,22.079
289,264,21.79
290,272,21.79
291,265,21.79
292,267,21.79
293,262,21.79
294,268,21.79
295,263,21.79
296,280,21.79
297,276,15.788
298,271,15.788
299,278,15.788
300,276,15.788
301,273,21.392
302,278,18.831
303,277,18.075
304,287,18.894
305,279,16.098
306,268,21.769
307,272,20.495
308,267,20.495
309,266,18.89
310,263,20.16
311,265,18.047
312,274,18.047
313,248,20.408
314,255,20.408
315,233,20.408
316,236,20.408
317,236,17.626
318,234,17.626
319,251,17.626
320,252,14.568
321,261,14.08
322,256,18.631
323,260,18.631
324,265,18.631
325,265,18.631
326,263,18.631
327,274,18.631
328,277,19.351
329,276,19.351
330,267,19.351
331,267,19.351
332,274,17.827
333,291,14.52
334,286,14.52
335,271,15.351
336,262,21.991
337,262,21.991
338,263,21.991
339,272,21.991
340,266,21.991
341,292,21.991
342,292,21.991
343,290,21.991
344,289,21.195
345,285,21.195
346,278,21.195
347,259,20.576
348,263,20.576
349,266,20.576
350,262,20.576
351,267,20.576
352,269,20.576
353,296,20.576
354,278,17.796
355,294,21.165
356,294,21.165
357,275,17.602
358,278,17.602
359,273,17.602
360,269,17.602
361,270,15.791
362,269,15.791
363,260,15.534
364,267,16.546
365,267,16.546
366,273,16.546
367,272,17.985
368,263,18.852
369,258,18.852
370,263,17.447
371,256,17.447
372,249,17.447
373,256,16.439
374,268,21.855
375,262,16.439
376,263,18.729
377,264,18.729
378,255,19.001
379,242,19.001
380,233,19.001
381,234,19.001
382,259,19.001
383,242,19.001
384,244,19.001
385,256,19.001
386,260,19.001
387,262,19.909
388,260,19.909
389,263,20.822
390,274,20.822
391,267,20.822
392,267,20.822
393,241,18.096
394,243,18.403
395,240,18.403
396,256,18.403
397,262,18.403
398,252,19.802
399,267,20.441
400,278,20.441
401,278,20.441
402,283,22.026
403,280,22.026
404,282,22.026
405,274,22.026
406,271,21.924
407,264,21.924
408,259,20.385
409,256,20.385
410,252,21.646
411,256,21.646
412,248,22.062
413,268,22.062
414,278,22.062
415,268,22.062
416,254,22.062
417,263,22.062
418,257,22.062
419,261,21.751
420,257,21.751
421,258,21.751
422,246,21.751
423,252,21.751
424,245,21.751
425,233,21.751
426,247,21.285
427,250,21.655
428,244,21.114
429,259,20.744
430,257,20.483
431,278,20.483
432,278,20.483
433,269,20.483
434,265,20.483
435,247,20.483
436,245,20.483
437,224,17.142
438,228,17.142
439,219,20.021
440,237,20.021
441,236,20.021
442,233,20.021
443,248,20.021
444,257,20.021
445,262,21.712
446,278,21.712
447,277,20.021
448,276,20.021
449,288,20.021
450,294,20.021
451,283,20.021
452,275,17.36
453,275,17.36
454,260,21.0
455,251,21.0
456,248,21.375
457,250,21.375
458,237,20.397
459,241,20.397
460,233,17.766
461,237,20.977
462,251,20.977
463,251,20.977
464,244,21.44
465,236,21.44
466,234,21.44
467,234,21.44
468,261,21.44
469,255,21.44
470,253,21.44
471,251,21.44
472,251,21.44
473,256,21.357
474,227,21.357
475,229,20.462
476,241,20.462
477,235,20.462
478,229,18.074
479,238,20.681
480,249,18.074
481,249,18.074
482,238,18.074
483,217,17.189
484,225,14.822
485,229,14.822
486,233,14.822
487,243,14.822
488,234,14.822
489,239,14.822
490,243,16.846
491,238,16.846
492,236,16.368
493,240,16.368
494,254,18.173
495,250,18.208
496,231,18.208
497,271,22.07
498,275,21.153
499,273,18.208
500,259,19.186
501,266,19.186
502,252,19.921
503,243,19.921
504,260,19.921
505,263,20.873
506,254,20.873
507,258,20.873
508,255,19.97
509,259,19.97
510,257,19.97
511,254,19.97
512,254,19.97
513,260,21.605
514,251,21.605
515,253,19.679
516,254,19.679
517,256,21.991
518,256,21.991
519,256,21.991
520,254,21.577
521,254,21.577
522,243,21.577
523,240,21.577
524,250,21.577
525,235,21.577
526,251,21.577
527,247,21.577
528,253,21.577
529,247,21.577
530,259,21.371
531,265,21.371
532,255,21.371
533,257,21.371
534,245,21.371
535,232,21.371
536,239,21.371
537,224,21.84
538,217,21.84
539,242,21.371
540,244,21.371
541,268,21.371
542,256,21.371
543,260,21.371
544,281,21.371
545,279,21.147
546,277,21.147
547,271,21.147
548,259,19.416
549,243,19.416
550,242,21.575
551,235,21.575
552,229,21.575
553,237,21.575
554,244,21.575
555,254,21.575
556,243,21.575
557,253,17.826
558,244,21.374
559,246,21.488
560,258,21.488
561,253,21.488
562,245,20.749
563,241,20.749
564,258,20.749
565,260,20.749
566,261,19.446
567,259,19.446
568,275,18.693
569,254,18.693
570,255,19.315
571,246,13.925
572,248,13.925
573,256,17.781
574,262,17.781
575,261,19.748
576,243,16.119
577,245,19.623
578,245,19.623
579,266,19.623
580,272,19.623
581,276,19.623
582,240,19.623
583,243,19.623
584,233,19.623
585,228,18.155
586,230,18.155
587,235,21.61
588,240,21.61
589,229,15.782
590,235,15.782
591,232,18.586
592,238,18.586
593,250,18.586
594,258,21.523
595,260,21.523
596,255,21.523
597,275,19.614
598,276,19.614
599,267,19.614
600,264,19.614
601,256,21.171
602,252,21.171
603,255,21.897
604,252,21.897
605,260,21.897
606,259,21.897
607,246,21.897
608,249,21.473
609,251,21.473
610,257,21.473
611,255,21.844
612,258,21.844
613,253,19.614
614,252,19.614
615,257,21.001
616,257,21.001
617,240,20.095
618,266,20.095
619,272,20.095
620,275,20.095
621,285,19.686
622,280,19.686
623,281,19.686
624,238,19.614
625,238,19.614
626,249,19.614
627,250,18.362
628,240,18.362
629,236,20.765
630,237,20.765
631,240,20.765
632,237,20.765
633,236,15.345
634,234,15.345
635,231,15.345
636,240,17.389
637,222,19.506
638,221,19.506
639,243,20.283
640,249,20.283
641,229,15.219
642,243,20.678
643,257,20.678
644,253,20.678
645,256,22.011
646,261,22.011
647,275,22.011
648,272,19.297
649,270,19.297
650,257,15.764
651,245,19.895
652,244,19.895
653,246,19.895
654,250,21.55
655,266,21.55
656,269,21.55
657,266,20.125
658,273,20.125
659,277,20.125
660,287,19.895
661,289,20.379
662,294,20.749
663,299,20.749
664,266,21.94
665,266,21.076
666,266,21.076
667,262,21.076
668,263,21.076
669,263,21.076
670,254,21.076
671,259,21.076
672,261,19.957
673,246,19.91
674,240,21.575
675,245,21.575
676,245,21.575
677,245,21.575
678,261,15.788
679,260,15.788
680,245,15.788
681,244,15.788
682,242,18.328
683,247,18.328
684,256,18.328
685,260,18.328
686,251,21.903
687,244,21.903
688,240,15.788
689,236,20.806
690,243,15.788
691,245,20.188
692,238,15.788
693,233,19.393
694,260,19.393
695,266,19.861
696,268,19.393
697,260,20.293
698,258,20.293
699,262,20.293
700,253,19.228
701,256,18.568
702,244,18.568
703,242,21.186
704,249,21.186
705,269,21.599
706,271,21.599
707,277,21.599
708,269,21.599
709,274,11.69
710,260,18.311
711,256,18.311
712,251,18.311
713,265,18.311
714,270,9.941
715,273,8.828
716,280,16.601
717,278,8.828
718,279,20.809
719,288,20.809
720,283,21.246
721,283,21.246
722,281,20.809
723,270,20.809
724,288,20.809
725,286,20.809
726,304,20.809
727,282,20.809
728,281,20.809
729,281,20.809
730,290,21.602
731,284,21.602
732,272,21.602
733,252,21.602
734,250,21.602
735,252,21.602
736,259,20.911
737,267,20.911
738,264,20.911
739,257,20.911
740,258,20.911
741,249,20.911
742,246,19.587
743,245,19.587
744,245,17.802
745,238,17.698
746,240,17.698
747,250,20.974
748,253,20.974
749,257,20.974
750,260,20.974
751,260,20.974
752,252,20.974
753,252,20.974
754,248,20.974
755,243,20.974
756,233,18.09
757,231,21.429
758,227,21.429
759,214,19.01
760,219,21.324
761,219,21.324
762,224,21.324
763,224,21.411
764,238,21.411
765,232,21.411
766,231,21.411
767,237,21.411
768,229,21.979
769,244,21.411
770,232,21.411
771,237,21.411
772,234,21.411
773,222,21.411
774,217,18.597
775,217,18.597
776,215,18.597
777,217,19.342
778,228,19.342
779,231,19.916
780,240,19.916
781,240,22.038
782,231,19.916
783,228,19.342
784,221,19.342
785,231,19.342
786,235,20.693
787,221,20.693
788,211,20.693
789,215,20.693
790,223,19.943
791,225,19.943
792,221,19.943
793,219,19.943
794,224,19.943
795,243,21.099
796,266,19.943
797,268,14.322
798,276,15.151
799,260,15.151
800,261,15.151
801,268,15.755
802,261,15.755
803,258,15.755
804,250,21.529
805,253,21.529
806,259,21.529
807,260,21.529
808,278,21.529
809,258,18.451
810,256,20.609
811,250,20.989
812,251,20.989
813,248,20.804
814,249,20.804
815,241,20.804
816,255,20.804
817,255,16.245
818,258,22.082
819,259,22.082
820,260,22.082
821,266,22.082
822,273,17.41
823,280,19.42
824,280,21.384
825,277,21.384
826,280,21.384
827,283,21.384
828,281,21.384
829,275,21.384
830,269,21.384
831,277,21.381
832,264,20.549
833,259,20.549
834,254,20.549
835,261,21.165
836,265,20.549
837,249,20.716
838,252,20.716
839,257,20.716
840,266,20.716
841,264,20.716
842,261,21.643
843,249,21.643
844,257,21.643
845,255,21.643
846,255,21.643
847,255,21.643
848,282,21.643
849,255,21.643
850,256,20.707
851,255,20.707
852,244,20.707
853,243,18.039
854,247,18.039
855,249,19.046
856,249,19.046
857,252,18.039
858,249,17.261
859,250,17.261
860,243,20.651
861,241,20.651
862,239,20.651
863,238,20.651
864,253,16.914
865,265,16.43
866,259,16.43
867,255,16.43
868,251,16.43
869,252,13.752
870,254,13.752
871,259,12.87
872,248,15.979
873,269,15.979
874,269,17.458
875,267,17.458
876,245,17.458
877,247,17.458
878,254,18.335
879,248,16.836
880,252,16.836
881,264,20.983
882,252,16.836
883,251,16.836
884,257,16.836
885,255,20.607
886,274,20.607
887,267,21.254
888,267,21.254
889,283,21.254
890,264,21.254
891,264,21.26
892,273,21.254
893,284,21.254
894,284,21.254
895,281,22.067
896,282,22.067
897,303,22.067
898,296,17.904
899,297,17.877
900,294,16.714
901,296,16.714
902,290,16.714
903,269,17.909
904,282,19.643
905,285,19.643
906,275,19.643
907,263,15.671
908,272,14.636
909,263,14.636
910,257,14.636
911,254,21.822
912,240,21.822
913,237,21.822
914,233,21.822
915,232,21.822
916,240,21.822
917,250,21.822
918,275,21.822
919,277,19.655
920,277,19.655
921,249,15.979
922,238,19.545
923,233,19.739
924,237,19.739
925,236,19.739
926,227,19.739
927,235,19.691
928,235,19.691
929,234,18.531
930,237,13.641
931,232,13.641
932,233,13.641
933,241,12.714
934,244,13.447
935,243,19.336
936,257,19.336
937,241,22.011
938,243,21.449
939,223,21.876
940,225,21.876
941,238,21.449
942,241,21.449
943,243,21.449
944,257,17.091
945,269,18.146
946,258,18.146
947,254,19.488
948,286,17.091
949,288,17.683
950,295,17.683
951,290,14.684
952,276,14.684
953,277,14.684
954,274,14.684
955,264,16.768
956,271,16.98
957,273,16.98
958,273,16.98
959,252,16.768
960,256,18.344
961,251,18.344
962,254,18.344
963,253,18.344
964,252,18.344
965,256,19.162
966,254,19.162
967,254,19.162
968,252,17.949
969,255,17.949
970,258,17.694
971,266,17.694
972,260,17.694
973,263,17.694
974,259,17.694
975,254,17.694
976,254,17.694
977,253,20.825
978,253,20.825
979,267,20.825
980,262,20.825
981,269,20.825
982,268,17.694
983,277,17.172
984,270,17.172
985,259,17.172
986,266,17.172
987,264,17.172
988,266,16.821
989,277,17.177
990,261,17.177
991,265,17.043
992,261,16.821
993,260,21.736
994,271,21.736
995,268,21.063
996,266,21.82
997,268,21.063
998,268,21.063
999,283,21.724
1000,282,21.724
1001,280,21.724
1002,290,21.724
1003,281,21.871
1004,265,21.871
1005,283,21.871
1006,282,21.871
1007,258,21.871
1008,248,21.724
1009,247,21.724
1010,264,17.488
1011,269,17.488
1012,264,17.488
1013,270,17.488
1014,265,16.918
1015,267,17.652
1016,244,17.652
1017,248,17.652
1018,242,21.724
1019,241,21.982
1020,242,21.982
1021,263,21.982
1022,265,21.982
1023,271,21.982
1024,278,21.982
1025,252,21.982
1026,232,19.674
1027,229,19.674
1028,251,19.674
1029,252,19.718
1030,248,19.718
1031,260,19.718
1032,259,19.718
1033,264,19.718
1034,262,19.718
1035,252,18.22
1036,255,18.22
1037,250,18.22
1038,235,16.081
1039,237,16.081
1040,255,17.348
1041,248,17.752
1042,254,18.929
1043,265,17.978
1044,268,17.348
1045,276,17.348
1046,262,17.348
1047,273,18.389
1048,284,19.548
1049,287,19.548
1050,267,19.548
1051,272,19.548
1052,269,19.548
1053,277,19.548
1054,278,18.746
1055,265,19.139
1056,259,19.139
1057,268,19.139
1058,257,21.757
1059,262,21.757
1060,256,21.757
1061,256,21.757
1062,252,21.757
1063,242,21.757
1064,250,21.757
1065,268,21.757
1066,267,18.612
1067,275,17.701
1068,275,17.701
1069,276,21.837
1070,277,21.837
1071,277,17.701
1072,278,14.95
1073,276,14.95
1074,277,14.95
1075,287,18.526
1076,285,19.982
1077,289,19.982
1078,295,21.583
1079,298,21.583
1080,298,19.091
1081,304,19.091
1082,296,14.724
1083,290,14.724
1084,286,14.724
1085,284,14.724
1086,283,14.562
1087,287,14.562
1088,265,17.617
1089,266,9.765
1090,266,9.765
1091,261,14.968
1092,260,14.968
1093,250,14.968
1094,253,19.163
1095,262,19.317
1096,266,19.317
1097,270,19.317
1098,268,19.317
1099,280,19.317
1100,276,18.8
1101,278,16.839
1102,273,16.67
1103,261,16.537
1104,251,18.773
1105,237,18.773
1106,240,16.531
1107,228,16.531
1108,229,16.496
1109,234,16.628
1110,235,18.792
1111,240,18.792
1112,262,22.056
1113,256,22.056
1114,259,22.056
1115,257,16.496
1116,248,16.496
1117,238,16.496
1118,224,16.496
1119,238,16.496
1120,225,16.496
1121,227,21.165
1122,222,16.424
1123,225,19.395
1124,208,16.401
1125,216,16.401
1126,224,16.401
1127,223,20.483
1128,229,18.304
1129,242,16.43
1130,244,16.43
1131,235,19.353
1132,243,19.353
1133,243,19.353
1134,243,19.353
1135,235,21.918
1136,226,21.918
1137,250,21.461
1138,252,19.811
1139,255,19.811
1140,259,19.811
1141,255,16.401
1142,255,20.603
1143,237,16.401
1144,242,16.401
1145,286,17.527
1146,300,17.527
1147,252,16.401
1148,259,18.003
1149,247,19.201
1150,253,19.201
1151,249,18.003
1152,249,18.003
1153,248,21.479
1154,248,18.615
1155,251,21.366
1156,260,21.366
1157,261,21.366
1158,265,21.366
1159,255,21.366
1160,259,21.366
1161,262,21.366
1162,249,21.366
1163,255,21.366
1164,242,21.366
1165,251,21.366
1166,248,18.615
1167,254,20.145
1168,242,20.145
1169,241,19.724
1170,241,19.724
1171,244,13.289
1172,247,13.289
1173,248,15.991
1174,245,15.991
1175,256,19.763
1176,258,15.991
1177,276,15.991
1178,261,20.217
1179,280,17.135
1180,282,17.135
1181,283,17.135
1182,294,17.135
1183,297,17.135
1184,274,18.065
1185,266,15.991
1186,257,15.991
1187,244,17.031
1188,246,20.657
1189,252,20.657
1190,257,14.583
1191,254,21.461
1192,254,21.461
1193,251,21.461
1194,248,21.461
1195,264,7.477
1196,259,6.952
1197,254,21.329
1198,260,15.434
1199,245,19.228
1200,258,15.434
1201,263,18.687
1202,264,20.627
1203,265,20.627
1204,276,20.627
1205,273,20.627
1206,259,20.627
1207,256,14.131
1208,255,20.343
1209,235,13.746
1210,240,18.962
1211,239,18.962
1212,262,19.796
1213,257,19.796
1214,256,19.796
1215,266,19.796
1216,263,17.476
1217,268,17.476
1218,270,11.836
1219,270,19.975
1220,266,19.975
1221,257,21.894
1222,257,19.975
1223,248,19.975
1224,263,19.031
1225,273,19.031
1226,265,19.031
1227,265,16.397
1228,269,16.397
1229,243,14.464
1230,242,14.464
1231,280,14.464
1232,280,16.43
1233,283,21.344
1234,284,19.024
1235,277,14.464
1236,290,14.464
1237,290,14.464
1238,296,21.163
1239,292,14.464
1240,287,14.464
1241,286,14.464
1242,228,14.947
1243,213,21.951
1244,220,21.951
1245,225,21.951
1246,240,21.951
1247,223,21.951
1248,217,19.488
1249,235,19.488
1250,239,14.152
1251,249,20.2
1252,287,15.112
1253,268,15.112
1254,247,15.746
1255,260,15.746
1256,262,15.746
1257,267,19.345
1258,265,14.195
1259,261,17.961
1260,258,14.152
1261,261,17.74
1262,258,17.74
1263,259,18.785
1264,251,18.785
1265,254,18.086
1266,253,20.343
1267,267,20.343
1268,276,20.343
1269,272,21.608
1270,261,21.608
1271,256,21.608
1272,249,21.608
1273,245,21.608
1274,259,21.608
1275,250,15.214
1276,258,15.214
1277,262,18.036
1278,264,18.036
1279,274,18.036
1280,266,13.355
1281,261,15.225
1282,259,15.225
1283,247,19.592
1284,243,8.984
1285,242,8.984
1286,257,15.542
1287,256,8.984
1288,260,14.228
1289,263,14.228
1290,259,14.228
1291,252,15.618
1292,246,15.618
1293,247,9.949
1294,249,9.949
1295,272,14.807
1296,268,14.807
1297,266,14.807
1298,279,14.807
1299,281,14.807
1300,275,20.176
1301,264,20.176
1302,264,20.601
1303,259,20.176
1304,261,19.193
1305,262,19.193
1306,260,19.193
1307,265,19.193
1308,263,19.193
1309,264,21.664
1310,262,21.664
1311,260,21.664
1312,255,21.664
1313,263,21.664
1314,259,21.664
1315,261,21.664
1316,258,18.571
1317,264,18.571
1318,304,18.571
1319,296,18.571
1320,306,18.571
1321,306,18.571
1322,295,18.571
1323,295,18.571
1324,293,21.775
1325,286,21.865
1326,279,21.865
1327,278,21.969
1328,287,18.571
1329,264,21.108
1330,259,19.677
1331,261,19.677
1332,265,21.338
1333,262,21.338
1334,263,21.338
1335,254,19.677
1336,272,19.285
1337,275,20.642
1338,277,20.642
1339,286,20.223
1340,272,20.223
1341,269,18.624
1342,276,18.624
1343,266,18.624
1344,269,18.571
1345,255,18.571
1346,274,18.571
1347,275,18.927
1348,280,18.927
1349,277,21.715
1350,291,18.927
1351,282,20.83
1352,293,21.784
1353,286,21.784
1354,255,21.784
1355,262,21.784
1356,252,18.571
1357,236,16.78
1358,236,16.78
1359,239,16.78
1360,255,16.78
1361,255,16.78
1362,230,16.78
1363,218,17.309
1364,226,17.309
1365,235,18.477
1366,242,18.325
1367,253,19.87
1368,269,21.207
1369,263,21.207
1370,258,21.207
1371,256,21.335
1372,262,21.335
1373,263,21.335
1374,267,21.335
1375,272,20.4
1376,276,20.4
1377,286,15.286
1378,280,15.286
1379,274,15.286
1380,263,20.388
1381,243,20.388
1382,243,20.388
1383,245,20.388
1384,242,20.388
1385,240,19.817
1386,246,16.406
1387,249,19.41
1388,248,14.319
1389,249,18.277
1390,252,18.015
1391,250,20.559
1392,248,21.189
1393,245,21.189
1394,244,21.189
1395,245,21.625
1396,241,22.035
1397,240,22.035
1398,250,22.035
1399,251,21.686
1400,261,21.686
1401,248,21.686
1402,248,21.686
1403,252,21.686
1404,261,21.686
1405,278,21.686
1406,273,22.082
1407,284,21.686
1408,296,21.686
1409,295,21.686
1410,283,21.686
1411,275,21.686
1412,267,21.686
1413,270,14.523
1414,255,18.897
1415,262,18.897
1416,256,18.897
1417,259,18.897
1418,252,18.897
1419,251,18.897
1420,248,18.897
1421,237,19.93
1422,237,19.93
1423,237,19.518
1424,245,19.518
1425,252,19.518
1426,261,19.518
1427,273,19.518
1428,274,19.518
1429,276,19.518
1430,284,18.897
1431,286,18.897
1432,275,18.897
1433,296,18.897
1434,300,20.675
1435,301,20.675
1436,295,20.675
1437,277,20.675
1438,268,20.675
1439,268,20.675
1440,254,20.675
1441,265,20.675
1442,263,20.627
1443,243,20.627
1444,246,20.033
1445,247,13.988
1446,247,13.432
1447,245,16.218
1448,245,16.218
1449,241,16.218
1450,247,19.237
1451,242,20.896
1452,242,20.896
1453,250,20.896
1454,254,18.084
1455,250,17.404
1456,261,17.404
1457,267,16.493
1458,252,17.396
1459,261,17.396
1460,259,17.396
1461,258,18.09
1462,275,18.09
1463,271,18.09
1464,272,18.09
1465,280,18.8
1466,243,18.8
1467,235,18.09
1468,229,18.579
1469,221,18.579
1470,223,18.579
1471,222,18.579
1472,224,18.579
1473,233,20.719
1474,241,20.719
1475,244,20.719
1476,277,20.621
1477,270,20.621
1478,270,20.621
1479,266,20.621
1480,255,20.621
1481,255,20.621
1482,255,20.621
1483,241,20.621
1484,237,20.621
1485,205,20.621
1486,214,20.621
1487,221,20.621
1488,203,20.621
1489,206,20.621
1490,206,20.621
1491,219,20.621
1492,223,20.621
1493,216,20.621
1494,227,20.621
1495,241,20.621
1496,249,20.621
1497,253,20.621
1498,251,20.621
1499,261,20.621
1500,241,20.621
1501,254,20.621
1502,258,20.621
1503,247,20.621
1504,267,20.621
1505,253,20.621
1506,250,20.621
1507,244,19.68
1508,227,19.68
1509,231,19.68
1510,225,19.68
1511,223,19.68
1512,234,19.68
1513,237,19.68
1514,237,19.68
1515,242,19.68
1516,241,20.092
1517,240,20.092
1518,244,19.68
1519,245,19.68
1520,243,19.68
1521,236,21.951
1522,231,21.951
1523,249,20.905
1524,263,20.905
1525,259,19.68
1526,264,19.68
1527,261,19.68
1528,262,19.68
1529,262,19.68
1530,262,19.333
1531,256,19.333
1532,260,19.333
1533,259,19.333
1534,266,19.333
1535,249,19.333
1536,251,20.409
1537,243,20.409
1538,255,20.887
1539,238,20.887
1540,242,20.887
1541,242,20.887
1542,243,20.887
1543,246,20.887
1544,247,20.887
1545,247,20.887
1546,237,20.887
1547,240,20.887
1548,225,17.513
1549,238,17.513
1550,233,19.658
1551,237,19.589
1552,235,19.589
1553,236,19.589
1554,230,19.589
1555,245,10.161
1556,242,18.613
1557,246,18.245
1558,243,18.245
1559,246,18.245
1560,241,18.033
1561,243,18.033
1562,256,18.033
1563,271,21.61
1564,256,20.206
1565,248,20.206
1566,236,20.071
1567,236,21.084
1568,232,21.948
1569,242,20.071
1570,253,21.048
1571,254,21.048
1572,253,18.917
1573,263,18.917
1574,263,19.305
1575,260,19.305
1576,261,21.037
1577,251,20.729
1578,259,20.729
1579,270,20.729
1580,289,20.729
1581,290,20.729
1582,281,20.729
1583,273,20.729
1584,281,20.729
1585,271,20.729
1586,269,21.73
1587,274,20.729
1588,276,20.729
1589,293,20.729
1590,300,20.729
1591,283,20.729
1592,286,20.729
1593,282,20.729
1594,268,20.729
1595,265,20.729
1596,259,20.729
1597,281,20.729
1598,283,20.729
1599,285,20.729
1600,302,20.729
1601,280,20.881
1602,271,20.729
1603,253,20.729
1604,252,20.729
1605,254,20.729
1606,260,20.729
1607,253,20.729
1608,234,20.729
1609,239,20.729
1610,255,20.729
1611,262,20.729
1612,262,20.729
1613,264,20.729
1614,262,20.729
1615,259,20.729
1616,240,20.729
1617,240,20.729
1618,238,20.729
1619,244,17.507
1620,253,20.728
1621,258,21.21
1622,255,20.728
1623,243,20.786
1624,244,20.786
1625,245,20.786
1626,226,20.786
1627,238,20.786
1628,241,20.786
1629,249,20.786
1630,274,20.786
1631,250,20.786
1632,248,19.441
1633,274,19.441
1634,260,19.441
1635,252,19.441
1636,250,19.441
1637,274,21.931
1638,278,21.931
1639,279,21.931
1640,280,21.049
1641,281,21.049
1642,287,21.084
1643,294,21.084
1644,305,21.979
1645,288,21.994
1646,288,21.084
1647,291,21.084
1648,280,21.084
1649,282,21.084
1650,282,21.482
1651,274,21.482
1652,285,21.952
1653,280,21.952
1654,276,21.952
1655,276,21.952
1656,281,21.952
1657,288,21.952
1658,269,21.952
1659,264,21.952
1660,288,12.104
1661,260,21.163
1662,265,18.873
1663,267,18.873
1664,286,18.873
1665,288,18.873
1666,268,18.873
1667,276,21.529
1668,288,21.529
1669,300,21.529
1670,300,21.529
1671,294,21.529
1672,294,20.923
1673,292,18.873
1674,289,18.873
1675,280,18.873
1676,271,19.764
1677,267,18.873
1678,266,17.856
1679,276,17.856
1680,277,17.856
1681,269,17.856
1682,272,19.646
1683,261,19.646
1684,260,17.856
1685,258,17.856
1686,245,17.856
1687,248,17.856
1688,255,19.859
1689,249,19.859
1690,244,17.856
1691,238,17.856
1692,252,17.856
1693,235,19.042
1694,233,17.856
1695,232,17.856
1696,239,17.856
1697,242,18.185
1698,262,21.503
1699,264,17.856
1700,265,18.108
1701,265,18.108
1702,251,19.907
1703,253,19.907
1704,250,19.907
1705,229,18.108
1706,223,21.939
1707,223,21.939
1708,225,13.63
1709,234,18.571
1710,237,18.571
1711,244,19.629
1712,238,19.629
1713,232,21.432
1714,235,21.432
1715,252,21.432
1716,258,21.432
1717,285,21.432
1718,294,16.478
1719,312,17.129
1720,310,17.129
1721,310,17.129
1722,283,11.669
1723,278,18.879
1724,278,18.879
1725,289,18.182
1726,288,18.182
1727,289,20.63
1728,287,20.63
1729,294,20.63
1730,301,20.63
1731,290,17.907
1732,295,20.289
1733,293,20.289
1734,281,12.544
1735,289,20.914
1736,289,19.637
1737,281,17.736
1738,273,17.736
1739,266,17.736
1740,256,19.784
1741,280,17.545
1742,279,17.545
1743,286,17.545
1744,286,17.545
1745,274,21.996
1746,265,21.996
1747,274,21.996
1748,258,21.996
1749,250,21.996
1750,247,21.996
1751,278,21.996
1752,252,21.996
1753,267,19.99
1754,270,21.641
1755,280,21.641
1756,277,18.625
1757,251,18.625
1758,242,18.625
1759,251,18.353
1760,267,18.903
1761,286,20.872
1762,284,20.872
1763,283,20.872
1764,285,20.872
1765,272,18.609
1766,259,18.609
1767,252,18.609
1768,254,18.609
1769,249,18.609
1770,249,19.876
1771,264,19.876
1772,259,20.45
1773,259,20.45
1774,256,20.45
1775,252,21.589
1776,260,21.589
1777,267,21.589
1778,264,21.589
1779,246,21.589
1780,244,21.589
1781,259,21.589
1782,261,21.589
1783,267,21.589
1784,276,21.589
1785,279,21.589
1786,282,21.589
1787,267,21.589
1788,261,21.589
1789,257,20.885
1790,250,20.885
1791,250,20.885
1792,250,20.885
1793,249,20.885
1794,265,20.885
1795,277,20.885
1796,286,20.885
1797,265,20.885
1798,265,20.885
1799,275,12.739
1800,272,12.739
1801,282,12.739
1802,310,12.739
1803,299,10.021
1804,301,11.56
1805,301,14.356
1806,316,14.356
1807,318,14.735
1808,293,14.356
1809,264,18.033
1810,268,18.033
1811,260,15.3
1812,250,20.507
1813,250,20.507
1814,255,19.563
1815,258,19.563
1816,267,19.563
1817,267,20.876
1818,269,21.341
1819,275,20.876
1820,276,19.563
1821,277,20.83
1822,282,20.83
1823,281,20.83
1824,285,16.203
1825,293,21.943
1826,295,21.943
1827,287,21.943
1828,271,21.943
1829,251,21.943
1830,238,21.943
1831,228,21.943
1832,223,17.698
1833,225,19.109
1834,225,19.109
1835,233,17.525
1836,236,21.396
1837,250,21.396
1838,250,21.396
1839,239,21.396
1840,222,21.396
1841,229,21.396
1842,225,21.396
1843,231,21.396
1844,235,21.396
1845,242,21.213
1846,241,21.213
1847,238,21.921
1848,245,21.921
1849,250,21.921
1850,264,21.921
1851,258,21.921
1852,244,21.921
1853,249,21.801
1854,244,21.213
1855,243,21.213
1856,242,21.213
1857,247,21.213
1858,247,20.651
1859,251,12.101
1860,247,11.457
1861,242,11.911
1862,242,11.911
1863,230,17.635
1864,228,17.635
1865,232,21.42
1866,230,21.42
1867,236,21.622
1868,233,21.622
1869,246,21.42
1870,257,21.42
1871,251,21.42
1872,265,17.686
1873,259,18.045
1874,275,19.734
1875,281,19.734
1876,274,19.734
1877,280,20.816
1878,266,20.816
1879,255,20.816
1880,257,19.734
1881,261,19.734
1882,258,19.734
1883,261,19.734
1884,261,19.734
1885,261,21.985
1886,257,21.985
1887,262,21.985
1888,266,16.951
1889,263,16.951
1890,263,16.951
1891,256,16.951
1892,254,16.951
1893,259,16.951
1894,249,16.75
1895,260,16.75
1896,255,16.75
1897,254,16.75
1898,256,16.75
1899,254,16.75
1900,256,16.75
1901,244,21.44
1902,262,21.44
1903,254,17.824
1904,243,17.83
1905,242,17.83
1906,247,19.273
1907,248,17.83
1908,248,21.076
1909,249,21.076
1910,238,21.076
1911,246,21.076
1912,251,17.925
1913,263,21.987
1914,258,21.987
1915,265,21.987
1916,263,15.16
1917,244,15.16
1918,243,18.185
1919,250,16.947
1920,249,16.947
1921,256,17.392
1922,251,17.392
1923,247,18.669
1924,244,18.669
1925,246,18.669
1926,273,18.669
1927,273,18.669
1928,258,18.669
1929,245,18.669
1930,242,18.669
1931,257,11.865
1932,262,14.675
1933,259,11.77
1934,260,16.768
1935,267,16.768
1936,247,19.754
1937,241,9.753
1938,240,21.3
1939,245,21.3
1940,245,21.3
1941,247,21.3
1942,252,19.88
1943,252,19.88
1944,255,19.88
1945,262,19.88
1946,265,16.744
1947,268,14.502
1948,280,14.502
1949,275,17.823
1950,275,17.823
1951,269,17.823
1952,260,17.823
1953,256,17.823
1954,256,17.823
1955,263,17.823
1956,271,14.502
1957,264,20.529
1958,261,20.529
1959,265,21.446
1960,241,21.446
1961,239,21.982
1962,239,21.982
1963,237,21.982
1964,238,21.982
1965,237,18.866
1966,235,18.866
1967,257,18.866
1968,253,18.866
1969,253,18.866
1970,264,21.088
1971,260,21.551
1972,262,21.551
1973,269,21.701
1974,268,21.701
1975,272,21.701
1976,261,21.701
1977,275,21.701
1978,266,21.701
1979,266,21.701
1980,265,21.701
1981,263,21.703
1982,272,21.703
1983,275,21.703
1984,267,21.701
1985,268,18.866
1986,265,18.866
1987,256,21.748
1988,256,18.866
1989,248,21.03
1990,244,21.24
1991,241,21.231
1992,244,21.03
1993,246,18.866
1994,231,18.866
1995,253,18.866
1996,258,20.104
1997,264,20.409
1998,248,20.409
1999,252,20.409
2000,255,20.104
2001,245,20.104
2002,256,20.104
2003,241,20.104
2004,259,20.514
2005,266,18.866
2006,279,18.866
2007,278,18.427
2008,278,21.148
2009,268,20.627
2010,270,12.305
2011,264,16.867
2012,263,17.778
2013,255,21.754
2014,254,21.754
2015,257,18.012
2016,269,18.848
2017,257,18.848
2018,269,21.754
2019,269,21.754
2020,236,21.754
2021,232,21.559
2022,253,21.559
2023,255,21.559
2024,257,21.559
2025,261,21.559
2026,295,13.898
2027,304,19.434
2028,297,19.434
2029,296,19.434
2030,286,13.65
2031,259,14.547
2032,265,14.547
2033,266,16.125
2034,269,14.547
2035,267,19.784
2036,269,18.887
2037,248,18.887
2038,258,21.583
2039,259,18.887
2040,246,18.887
2041,244,18.887
2042,253,18.887
2043,256,18.887
2044,250,20.779
2045,253,20.779
2046,270,21.306
2047,270,21.306
2048,267,19.369
2049,267,21.1
2050,248,21.697
2051,245,21.697
2052,263,21.697
2053,273,21.697
2054,282,21.697
2055,262,21.697
2056,277,21.697
2057,263,21.808
2058,259,21.808
2059,269,21.808
2060,269,21.808
2061,248,21.808
2062,247,21.18
2063,247,21.18
2064,247,21.55
2065,249,21.18
2066,250,21.18
2067,263,21.18
2068,271,21.18
2069,262,21.18
2070,255,21.18
2071,247,21.18
2072,249,21.18
2073,259,21.18
2074,240,21.82
2075,248,21.805
2076,237,21.805
2077,229,21.805
2078,234,21.805
2079,250,18.962
2080,248,18.962
2081,240,18.962
2082,238,18.962
2083,239,18.962
2084,239,18.962
2085,235,21.892
2086,242,21.892
2087,252,21.347
2088,251,21.347
2089,252,21.347
2090,255,18.887
2091,257,20.125
2092,236,21.372
2093,224,21.372
2094,226,21.372
2095,238,21.372
2096,251,21.372
2097,248,21.372
2098,235,21.979
2099,263,21.979
2100,265,21.979
2101,264,20.214
2102,269,20.214
2103,264,21.435
2104,263,21.979
2105,262,21.979
2106,255,21.979
2107,253,21.979
2108,250,21.979
2109,248,21.924
2110,257,21.924
2111,256,21.924
2112,258,12.598
2113,260,20.292
2114,258,20.292
2115,259,15.817
2116,258,17.727
2117,246,15.222
2118,254,15.271
2119,255,18.193
2120,257,18.193
2121,262,18.193
2122,248,21.745
2123,253,18.568
2124,254,18.568
2125,254,18.193
2126,249,12.403
2127,261,15.037
2128,268,18.98
2129,273,21.88
2130,264,21.88
2131,256,18.98
2132,255,13.731
2133,265,9.624
2134,265,14.989
2135,266,14.989
2136,274,18.066
2137,286,18.027
2138,317,22.056
2139,297,18.027
2140,296,21.15
2141,314,21.15
2142,304,21.15
2143,305,21.15
2144,303,20.086
2145,300,20.086
2146,315,20.086
2147,296,20.086
2148,304,20.086
2149,292,15.076
2150,271,15.076
2151,264,15.076
2152,238,14.855
2153,220,14.855
2154,230,14.855
2155,246,14.855
2156,235,15.68
2157,234,15.68
2158,235,15.68
2159,233,15.68
2160,252,15.68
2161,247,21.553
2162,250,21.018
2163,237,21.018
2164,243,15.68
2165,243,21.787
2166,253,21.787
2167,259,21.787
2168,273,21.787
2169,278,21.787
2170,277,21.787
2171,276,21.787
2172,269,21.787
2173,269,21.787
2174,277,21.787
2175,284,21.787
2176,285,21.787
2177,262,21.787
2178,279,21.787
2179,280,21.787
2180,276,21.787
2181,284,21.787
2182,285,21.787
2183,283,21.787
2184,264,21.787
2185,256,21.787
2186,257,21.787
2187,274,21.787
2188,291,21.787
2189,282,21.787
2190,289,21.787
2191,277,21.787
2192,265,21.787
2193,277,21.787
2194,298,21.787
2195,271,21.787
2196,267,21.787
2197,292,21.787
2198,284,21.787
2199,277,21.787
2200,271,21.787
2201,261,21.787
2202,265,21.787
2203,269,21.787
2204,270,21.787
2205,267,21.787
2206,261,21.787
2207,261,20.992
2208,258,20.992
2209,257,20.992
2210,253,20.992
2211,266,16.876
2212,276,16.876
2213,250,20.218
2214,257,20.218
2215,245,20.218
2216,249,20.218
2217,228,20.218
2218,221,20.218
2219,220,20.218
2220,221,20.047
2221,243,20.047
2222,244,17.005
2223,263,20.152
2224,263,20.152
2225,260,20.941
2226,249,20.941
2227,258,20.941
2228,248,20.941
2229,248,20.941
2230,248,20.941
2231,234,19.386
2232,235,16.439
2233,229,14.909
2234,230,14.909
2235,256,14.027
2236,260,14.027
2237,261,13.805
2238,258,13.805
2239,261,13.184
2240,284,13.295
2241,281,13.295
2242,273,21.399
2243,278,16.024
2244,278,16.024
2245,281,16.974
2246,280,16.974
2247,266,21.951
2248,250,14.724
2249,252,13.02
2250,268,13.02
2251,285,21.694
2252,294,21.694
2253,295,21.694
2254,289,21.829
2255,286,21.829
2256,285,21.829
2257,291,21.829
2258,288,21.829
2259,272,21.829
2260,280,21.829
2261,284,21.973
2262,281,22.023
2263,282,22.023
2264,270,21.973
2265,272,21.973
2266,265,21.973
2267,266,21.973
2268,253,21.973
2269,263,21.973
2270,270,21.973
2271,257,21.973
2272,267,21.973
2273,264,21.973
2274,274,21.973
2275,275,21.973
2276,276,20.151
2277,273,20.151
2278,265,20.151
2279,262,21.347
2280,272,21.347
2281,272,19.764
2282,268,14.577
2283,263,17.868
2284,251,17.868
2285,234,17.868
2286,233,18.281
2287,236,18.281
2288,245,18.281
2289,257,18.281
2290,258,18.281
2291,253,19.954
2292,243,19.954
2293,247,18.281
2294,249,18.281
2295,263,18.335
2296,257,21.901
2297,259,21.901
2298,254,20.779
2299,246,20.779
2300,238,20.779
2301,220,20.779
2302,220,20.779
2303,215,20.779
2304,226,20.779
2305,226,20.779
2306,222,20.779
2307,236,21.488
2308,232,21.488
2309,242,21.488
2310,253,21.488
2311,238,21.488
2312,245,21.488
2313,243,21.488
2314,252,12.631
2315,267,12.744
2316,251,12.744
2317,261,12.744
2318,257,20.573
2319,242,20.573
2320,241,20.573
2321,247,19.491
2322,239,19.491
2323,258,19.491
2324,254,14.514
2325,253,14.281
2326,252,19.978
2327,249,19.978
2328,235,16.624
2329,238,14.32
2330,242,14.724
2331,240,14.724
2332,241,14.724
2333,253,14.724
2334,263,17.019
2335,266,17.71
2336,260,20.777
2337,258,20.777
2338,253,20.077
2339,255,18.538
2340,258,15.337
2341,265,20.967
2342,269,20.967
2343,277,20.967
2344,281,22.008
2345,257,22.008
2346,253,22.008
2347,251,17.477
2348,249,17.477
2349,274,17.477
2350,265,17.477
2351,244,17.477
2352,248,16.129
2353,248,17.943
2354,240,15.127
2355,237,15.545
2356,235,21.432
2357,237,21.432
2358,241,21.432
2359,252,21.429
2360,250,21.429
2361,253,21.429
2362,254,21.429
2363,250,21.429
2364,256,21.81
2365,251,21.81
2366,264,21.429
2367,270,21.429
2368,261,21.429
2369,264,21.429
2370,265,21.429
2371,242,21.429
2372,248,21.429
2373,240,21.933
2374,232,21.429
2375,254,22.091
2376,242,22.091
2377,238,16.0
2378,232,16.0
2379,233,16.568
2380,233,16.0
2381,239,20.059
2382,240,20.059
2383,242,20.059
2384,231,20.059
2385,229,20.059
2386,234,19.027
2387,248,20.519
2388,250,20.519
2389,242,20.618
2390,240,20.519
2391,235,20.519
2392,230,20.519
2393,261,20.519
2394,261,20.519
2395,250,20.519
2396,246,18.072
2397,245,19.524
2398,247,19.524
2399,254,19.524
2400,271,19.595
2401,271,21.494
2402,267,19.38
2403,260,19.38
2404,257,19.841
2405,261,20.287
2406,245,20.287
2407,255,20.287
2408,269,19.39
2409,262,19.39
2410,261,21.922
2411,255,19.39
2412,263,19.39
2413,259,19.39
2414,261,19.39
2415,249,21.64
2416,236,21.64
2417,246,21.64
2418,251,21.64
2419,262,21.64
2420,260,21.64
2421,272,21.64
2422,269,21.64
2423,275,21.64
2424,269,20.738
2425,280,21.135
2426,283,21.135
2427,286,21.135
2428,254,21.135
2429,256,21.135
2430,256,21.135
2431,266,21.135
2432,268,21.204
2433,268,21.204
2434,269,21.204
2435,272,21.204
2436,265,21.204
2437,262,21.204
2438,261,21.204
2439,254,21.204
2440,253,18.14
2441,252,19.987
2442,252,19.987
2443,248,19.987
2444,243,19.987
2445,251,20.929
2446,253,20.929
2447,252,20.929
2448,249,20.929
2449,248,17.234
2450,234,20.513
2451,249,20.513
2452,237,16.116
2453,231,16.116
2454,227,16.116
2455,231,16.116
2456,252,16.116
2457,253,16.116
2458,253,19.216
2459,245,19.216
2460,247,19.216
2461,241,19.216
2462,240,19.984
2463,245,22.008
2464,243,22.008
2465,234,22.008
2466,251,22.008
2467,243,22.008
2468,243,22.008
2469,241,22.008
2470,243,19.434
2471,249,19.434
2472,247,19.434
2473,237,19.434
2474,238,17.7
2475,270,20.286
2476,267,17.7
2477,254,17.7
2478,255,19.195
2479,264,17.7
2480,258,17.7
2481,261,17.7
2482,264,17.7
2483,271,19.04
2484,273,19.04
2485,271,19.04
2486,279,19.04
2487,284,19.04
2488,280,19.04
2489,282,19.04
2490,271,19.04
2491,257,19.04
2492,254,19.04
2493,261,21.781
2494,270,19.04
2495,271,19.282
2496,268,21.417
2497,266,21.417
2498,269,21.417
2499,263,18.872
2500,259,18.872
2501,258,18.872
2502,262,18.872
2503,272,18.872
2504,280,19.622
2505,264,18.872
2506,289,18.872
2507,264,18.48
2508,268,18.48
2509,250,19.091
2510,255,19.091
2511,259,19.091
2512,254,19.091
2513,257,17.919
2514,247,17.919
2515,259,17.919
2516,253,17.919
2517,252,17.919
2518,254,17.919
2519,240,10.261
2520,224,13.145
2521,224,13.145
2522,227,14.751
2523,247,15.503
2524,251,19.631
2525,248,15.503
2526,249,18.977
2527,258,18.977
2528,267,18.977
2529,273,18.977
2530,256,20.241
2531,254,20.241
2532,250,20.241
2533,240,20.241
2534,257,20.241
2535,261,20.773
2536,259,20.241
2537,272,21.987
2538,280,20.872
2539,287,20.872
2540,276,19.912
2541,273,19.912
2542,275,21.985
2543,272,21.985
2544,268,19.912
2545,274,19.912
2546,263,19.912
2547,275,19.912
2548,259,19.912
2549,255,19.912
2550,261,19.912
2551,264,19.912
2552,240,19.912
2553,230,22.062
2554,227,20.735
2555,237,18.585
2556,232,18.585
2557,230,18.585
2558,226,15.533
2559,225,15.533
2560,236,19.778
2561,244,15.533
2562,242,20.373
2563,237,20.373
2564,236,19.315
2565,240,11.366
2566,230,19.1
2567,235,22.017
2568,228,20.714
2569,232,20.714
2570,236,21.718
2571,243,18.056
2572,245,20.956
2573,242,20.956
2574,243,20.956
2575,255,20.956
2576,257,20.956
2577,257,20.956
2578,253,18.164
2579,243,18.164
2580,240,18.164
2581,237,21.709
2582,238,21.709
2583,236,21.709
2584,227,9.029
2585,230,20.128
2586,244,21.593
2587,269,21.593
2588,268,21.593
2589,270,21.216
2590,269,21.216
2591,279,21.216
2592,279,21.216
2593,267,21.216
2594,258,21.216
2595,260,18.932
2596,252,17.103
2597,252,17.103
2598,252,17.177
2599,258,21.671
2600,261,21.046
2601,254,17.177
2602,254,17.177
2603,253,16.706
2604,247,16.706
2605,245,15.987
2606,244,17.096
2607,241,17.096
2608,239,17.096
2609,228,17.096
2610,234,11.14
2611,240,20.107
2612,245,13.791
2613,246,13.791
2614,245,17.138
2615,247,17.138
2616,253,19.377
2617,266,16.017
2618,270,18.555
2619,268,18.555
2620,266,18.555
2621,258,16.265
2622,262,11.758
2623,255,19.501
2624,262,13.958
2625,261,18.421
2626,263,18.421
2627,261,18.421
2628,250,18.421
2629,245,20.982
2630,252,20.346
2631,242,20.346
2632,243,21.778
2633,241,21.778
2634,251,21.554
2635,251,21.554
2636,256,21.554
2637,264,21.554
2638,255,21.554
2639,242,21.476
2640,244,21.476
2641,237,21.476
2642,231,21.476
2643,222,21.476
2644,221,21.523
2645,242,21.523
2646,241,21.523
2647,284,21.007
2648,280,21.007
2649,246,21.007
2650,243,21.007
2651,238,21.007
2652,237,21.007
2653,236,21.007
2654,246,21.007
2655,245,21.007
2656,246,21.007
2657,237,21.007
2658,238,21.007
2659,237,21.007
2660,239,21.007
2661,239,21.007
2662,234,21.007
2663,256,21.007
2664,265,17.542
2665,257,17.542
2666,253,17.542
2667,265,16.809
2668,245,16.809
2669,262,16.809
2670,259,20.947
2671,262,20.947
2672,260,20.947
2673,251,15.884
2674,255,15.884
2675,266,13.204
2676,257,15.168
2677,246,18.108
2678,255,15.168
2679,265,14.105
2680,260,14.105
2681,261,14.105
2682,251,18.032
2683,251,18.032
2684,247,18.119
2685,243,18.119
2686,272,18.119
2687,272,18.119
2688,295,18.119
2689,300,18.119
2690,265,20.248
2691,238,20.248
2692,248,20.248
2693,244,18.858
2694,251,18.858
2695,266,14.06
2696,270,14.06
2697,272,13.4
2698,273,13.4
2699,282,21.21
2700,267,21.721
2701,266,21.963
2702,283,21.963
2703,278,21.963
2704,286,21.963
2705,287,21.963
2706,293,21.963
2707,291,21.963
2708,289,17.82
2709,280,10.601
2710,285,20.414
2711,272,20.414
2712,276,20.414
2713,271,20.414
2714,274,20.414
2715,260,20.574
2716,257,20.574
2717,272,20.574
2718,278,20.574
2719,295,20.574
2720,280,20.574
2721,290,19.408
2722,291,19.408
2723,280,19.408
2724,275,19.408
2725,289,19.408
2726,292,19.533
2727,264,19.533
2728,264,19.533
2729,271,19.533
2730,273,19.533
2731,277,19.533
2732,275,19.533
2733,284,17.641
2734,286,20.794
2735,257,20.794
2736,247,18.749
2737,242,18.749
2738,257,18.749
2739,261,18.749
2740,265,18.908
2741,261,18.908
2742,260,18.908
2743,244,19.509
2744,254,13.216
2745,246,16.777
2746,260,13.216
2747,270,13.216
2748,269,13.216
2749,277,21.581
2750,280,21.581
2751,257,21.581
2752,254,21.581
2753,243,22.086
2754,261,22.086
2755,260,22.086
2756,253,21.581
2757,268,21.581
2758,235,21.581
2759,240,21.581
2760,255,20.711
2761,254,20.711
2762,257,20.711
2763,243,21.234
2764,237,21.025
2765,238,21.025
2766,237,21.025
2767,231,21.025
2768,222,21.025
2769,243,21.025
2770,246,21.348
2771,257,20.598
2772,256,20.598
2773,253,20.598
2774,269,20.598
2775,279,20.598
2776,281,20.598
2777,294,20.598
2778,287,20.598
2779,286,20.598
2780,293,20.209
2781,286,21.335
2782,282,21.335
2783,276,20.125
2784,273,20.125
2785,273,20.125
2786,262,20.125
2787,262,20.125
2788,257,20.068
2789,250,20.068
2790,238,20.068
2791,240,19.996
2792,239,22.076
2793,236,19.5
2794,228,19.5
2795,227,19.5
2796,225,19.5
2797,226,19.5
2798,241,17.862
2799,241,17.862
2800,229,19.724
2801,232,19.724
2802,232,16.999
2803,241,21.87
2804,237,21.87
2805,244,21.87
2806,233,17.805
2807,236,17.805
2808,237,19.503
2809,236,19.503
2810,239,19.503
2811,238,17.805
2812,227,17.805
2813,240,16.999
2814,241,16.999
2815,245,20.454
2816,245,20.454
2817,248,21.598
2818,258,16.071
2819,260,19.476
2820,273,19.476
2821,287,18.857
2822,310,18.857
2823,309,18.454
2824,290,21.266
2825,287,21.266
2826,294,19.571
2827,282,19.571
2828,290,19.571
2829,289,19.571
2830,284,21.646
2831,280,21.646
2832,277,21.646
2833,270,21.646
2834,292,21.646
2835,293,21.646
2836,296,21.646
2837,290,20.453
2838,290,20.453
2839,289,20.911
2840,290,20.911
2841,291,20.672
2842,308,22.088
2843,293,22.088
2844,298,22.088
2845,301,20.672
2846,295,20.672
2847,305,21.058
2848,289,21.058
2849,291,21.058
2850,282,21.058
2851,268,21.058
2852,267,21.058
2853,253,21.058
2854,245,21.058
2855,232,20.932
2856,241,18.693
2857,235,17.964
2858,235,21.12
2859,250,10.723
2860,253,14.299
2861,248,14.299
2862,272,14.299
2863,247,14.299
2864,240,14.299
2865,230,14.299
2866,230,14.299
2867,233,20.995
2868,231,20.995
2869,238,20.029
2870,244,20.029
2871,239,20.029
2872,259,20.029
2873,266,20.029
2874,263,17.509
2875,256,17.509
2876,256,20.284
2877,262,20.284
2878,262,20.284
2879,259,22.07
2880,258,22.07
2881,280,22.07
2882,263,17.129
2883,253,21.655
2884,248,21.655
2885,253,21.655
2886,257,21.655
2887,259,21.18
2888,256,17.129
2889,252,17.129
2890,263,17.129
2891,268,17.129
2892,264,19.988
2893,244,19.988
2894,250,19.988
2895,253,19.988
2896,257,19.988
2897,275,19.988
2898,280,19.988
2899,266,10.607
2900,254,20.453
2901,257,20.453
2902,258,21.652
2903,237,21.713
2904,236,21.652
2905,239,21.652
2906,255,21.652
2907,249,21.114
2908,245,21.93
2909,243,21.93
2910,250,21.93
2911,241,21.93
2912,246,21.93
2913,255,20.815
2914,253,21.879
2915,249,21.879
2916,235,21.879
2917,230,21.879
2918,246,21.879
2919,258,21.879
2920,263,21.879
2921,256,21.879
2922,255,21.879
2923,249,21.879
2924,262,21.879
2925,262,21.879
2926,260,21.879
2927,256,21.879
2928,246,21.879
2929,257,21.927
2930,277,21.879
2931,272,21.879
2932,289,21.879
2933,287,21.879
2934,291,19.787
2935,276,19.787
2936,257,20.02
2937,238,21.691
2938,249,21.691
2939,247,21.691
2940,237,21.874
2941,239,21.874
2942,238,21.874
2943,235,21.874
2944,238,21.874
2945,239,21.874
2946,225,21.874
2947,225,20.388
2948,236,18.968
2949,229,18.499
2950,234,18.499
2951,221,18.499
2952,233,18.499
2953,223,18.499
2954,223,18.95
2955,220,18.95
2956,217,17.285
2957,222,18.316
2958,222,18.316
2959,223,18.316
2960,230,18.316
2961,224,19.222
2962,227,12.47
2963,229,15.259
2964,237,15.259
2965,245,15.259
2966,243,13.8
2967,239,16.7
2968,265,21.682
2969,241,16.7
2970,238,16.7
2971,242,16.7
2972,234,16.7
2973,235,16.7
2974,241,16.7
2975,256,16.7
2976,243,16.7
2977,235,16.7
2978,239,16.7
2979,236,16.7
2980,241,16.7
2981,240,16.7
2982,245,16.7
2983,266,18.833
2984,255,19.213
2985,268,19.596
2986,275,19.596
2987,268,19.596
2988,263,19.596
2989,286,19.596
2990,277,11.097
2991,269,18.101
2992,244,21.628
2993,237,21.628
2994,240,21.628
2995,237,21.628
2996,238,21.628
2997,237,21.665
2998,216,21.665
2999,211,21.665
3000,203,21.665
3001,206,17.016
3002,208,20.493
3003,212,20.493
3004,214,18.299
3005,217,18.493
3006,221,18.299
3007,230,18.299
3008,235,18.299
3009,235,18.299
3010,239,20.46
3011,247,19.802
3012,249,19.163
3013,255,21.584
3014,257,21.584
3015,259,21.584
3016,258,21.584
3017,263,17.429
3018,270,20.965
3019,263,20.965
3020,263,20.965
3021,263,20.965
3022,263,20.965
3023,252,20.965
3024,248,19.927
3025,252,19.641
3026,250,19.641
3027,252,21.727
3028,249,9.699
3029,249,14.556
3030,248,20.66
3031,254,21.049
3032,260,21.049
3033,260,21.049
3034,261,20.66
3035,264,16.579
3036,268,12.592
3037,264,12.592
3038,264,12.787
3039,268,13.234
3040,280,15.579
3041,284,18.221
3042,302,18.221
3043,265,18.34
3044,268,20.555
3045,259,20.555
3046,253,20.555
3047,257,20.555
3048,253,20.555
3049,251,17.479
3050,256,17.479
3051,262,19.773
3052,229,19.773
3053,217,17.479
3054,218,17.479
3055,224,17.479
3056,230,17.479
3057,231,17.736
3058,231,17.736
3059,223,17.736
3060,224,17.527
3061,229,19.948
3062,240,19.948
3063,247,19.948
3064,239,20.71
3065,238,20.71
3066,239,20.71
3067,228,20.71
3068,257,20.71
3069,252,20.71
3070,255,15.506
3071,256,15.506
3072,268,20.143
3073,266,20.143
3074,256,20.143
3075,268,20.143
3076,266,19.163
3077,272,19.163
3078,249,19.163
3079,251,19.163
3080,260,19.163
3081,244,19.163
3082,222,19.163
3083,256,19.163
3084,267,19.163
3085,259,20.071
3086,259,20.071
3087,261,19.163
3088,257,19.163
3089,249,19.163
3090,249,17.874
3091,239,17.874
3092,246,22.026
3093,253,22.026
3094,260,22.026
3095,255,20.594
3096,255,20.594
3097,265,20.594
3098,260,18.95
3099,252,19.922
3100,246,20.711
3101,280,20.711
3102,274,20.711
3103,271,20.711
3104,231,20.711
3105,224,18.777
3106,226,16.307
3107,224,16.149
3108,228,16.149
3109,231,16.149
3110,220,15.543
3111,220,15.543
3112,233,15.543
3113,248,17.895
3114,250,17.895
3115,250,17.895
3116,245,17.366
3117,248,16.624
3118,229,16.624
3119,256,20.803
3120,237,18.528
3121,223,15.543
3122,228,16.185
3123,226,16.185
3124,230,17.85
3125,230,18.179
3126,231,19.59
3127,255,19.59
3128,260,17.996
3129,276,17.996
3130,278,17.996
3131,261,22.032
3132,262,22.032
3133,258,21.136
3134,255,21.136
3135,258,21.136
3136,269,19.957
3137,263,19.957
3138,257,19.957
3139,265,19.957
3140,265,19.957
3141,254,19.957
3142,255,19.957
3143,258,19.957
3144,253,19.957
3145,252,19.957
3146,230,19.957
3147,229,19.957
3148,232,19.957
3149,238,19.957
3150,236,19.957
3151,236,20.848
3152,266,20.848
3153,302,20.848
3154,295,20.848
3155,284,20.848
3156,289,20.848
3157,261,20.848
3158,240,20.848
3159,250,20.848
3160,254,20.848
3161,270,20.848
3162,270,20.848
3163,257,20.848
3164,253,20.848
3165,255,20.848
3166,256,20.848
3167,255,20.848
3168,258,20.848
3169,252,20.848
3170,249,20.848
3171,251,20.848
3172,248,20.848
3173,243,21.012
3174,245,20.848
3175,246,20.848
3176,260,20.848
3177,265,20.848
3178,269,20.848
3179,274,20.848
3180,274,20.848
3181,277,20.848
3182,279,20.848
3183,294,20.848
3184,298,20.848
3185,298,20.848
3186,283,20.848
3187,286,20.848
3188,280,20.848
3189,279,16.096
3190,258,18.912
3191,257,18.912
3192,243,18.589
3193,245,18.589
3194,245,21.592
3195,247,21.682
3196,252,21.682
3197,248,21.682
3198,244,21.682
3199,247,21.682
3200,247,20.604
3201,256,18.466
3202,237,16.511
3203,247,19.686
3204,248,20.532
3205,253,20.532
3206,248,20.532
3207,243,20.047
3208,261,20.367
3209,267,20.367
3210,238,20.367
3211,253,20.367
3212,232,20.367
3213,233,20.367
3214,234,20.367
3215,247,20.367
3216,247,21.189
3217,236,21.189
3218,231,21.189
3219,254,21.189
3220,259,18.092
3221,256,18.092
3222,254,18.092
3223,233,21.793
3224,248,21.793
3225,230,21.793
3226,230,21.793
3227,217,21.793
3228,220,21.793
3229,213,21.793
3230,216,21.793
3231,213,21.793
3232,233,21.793
3233,244,18.377
3234,224,18.377
3235,235,18.377
3236,235,18.377
3237,225,18.377
3238,222,20.352
3239,225,20.101
3240,231,21.907
3241,231,21.907
3242,240,20.101
3243,237,20.101
3244,238,20.994
3245,243,20.101
3246,243,20.101
3247,245,20.63
3248,245,20.63
3249,265,21.233
3250,259,21.233
3251,256,21.233
3252,251,21.233
3253,267,20.137
3254,274,20.137
3255,268,19.48
3256,264,19.48
3257,272,21.569
3258,286,21.569
3259,285,21.569
3260,291,21.569
3261,294,21.742
3262,285,19.189
3263,285,19.189
3264,290,18.328
3265,281,18.328
3266,279,20.932
3267,269,20.759
3268,260,18.657
3269,254,18.657
3270,267,20.77
3271,268,20.77
3272,244,20.77
3273,248,20.77
3274,238,20.77
3275,241,21.978
3276,246,21.978
3277,243,21.978
3278,243,21.978
3279,237,21.978
3280,238,21.978
3281,241,21.978
3282,247,21.978
3283,255,21.978
3284,260,21.978
3285,266,21.978
3286,266,21.978
3287,285,21.978
3288,266,21.978
3289,264,21.978
3290,271,21.978
3291,253,21.978
3292,243,21.978
3293,251,21.978
3294,248,19.545
3295,249,21.133
3296,256,21.133
3297,251,21.133
3298,257,21.133
3299,261,16.505
3300,261,16.505
3301,263,18.427
3302,270,18.427
3303,273,18.427
3304,267,21.626
3305,253,18.427
3306,257,15.118
3307,275,21.653
3308,278,21.653
3309,275,21.653
3310,286,21.653
3311,313,19.557
3312,309,18.215
3313,306,13.328
3314,296,22.035
3315,285,22.035
3316,279,22.035
3317,279,22.035
3318,248,22.035
3319,237,22.035
3320,229,22.035
3321,252,22.035
3322,254,22.035
3323,229,22.035
3324,233,22.035
3325,246,22.035
3326,244,22.035
3327,244,22.035
3328,252,22.035
3329,246,22.035
3330,256,22.035
3331,253,22.035
3332,257,19.653
3333,253,20.095
3334,246,19.653
3335,243,19.653
3336,237,19.999
3337,244,19.653
3338,243,19.653
3339,258,19.653
3340,275,19.653
3341,269,19.653
3342,269,19.653
3343,248,19.653
3344,252,19.787
3345,253,19.653
3346,246,19.653
3347,239,20.032
3348,242,20.032
3349,234,19.653
3350,242,19.682
3351,254,19.682
3352,254,19.682
3353,249,19.682
3354,243,19.682
3355,253,19.682
3356,237,19.682
3357,235,19.682
3358,256,19.682
3359,269,19.682
3360,272,19.682
3361,267,15.363
3362,263,20.797
3363,270,20.797
3364,258,20.797
3365,259,20.797
3366,256,15.509
3367,279,21.347
3368,255,21.347
3369,258,21.347
3370,258,21.347
3371,259,21.347
3372,270,21.347
3373,241,21.347
3374,254,21.347
3375,260,21.347
3376,256,19.613
3377,228,21.64
3378,230,21.64
3379,243,19.864
3380,241,19.864
3381,244,19.864
3382,268,9.2
3383,278,13.307
3384,295,21.171
3385,261,21.171
3386,261,21.225
3387,257,21.225
3388,264,21.225
3389,234,21.225
3390,253,21.225
3391,259,21.745
3392,261,21.745
3393,245,21.745
3394,260,21.745
3395,265,21.745
3396,272,21.874
3397,273,21.874
3398,270,21.874
3399,258,20.181
3400,250,20.181
3401,249,20.181
3402,256,20.181
3403,252,20.495
3404,255,20.181
3405,262,21.015
3406,262,21.015
3407,251,21.015
3408,246,18.809
3409,247,19.471
3410,248,19.471
3411,234,19.471
3412,239,17.904
3413,222,17.65
3414,227,14.747
3415,227,14.747
3416,251,14.747
3417,264,18.389
3418,257,14.747
3419,269,20.651
3420,268,18.269
3421,270,18.269
3422,269,18.269
3423,265,17.312
3424,267,17.312
3425,273,15.252
3426,269,21.057
3427,265,21.057
3428,259,21.057
3429,255,21.057
3430,240,21.057
3431,242,21.057
3432,247,20.203
3433,241,20.203
3434,243,20.203
3435,251,18.655
3436,257,18.655
3437,259,18.655
3438,259,18.655
3439,259,20.514
3440,267,20.514
3441,281,19.166
3442,277,19.166
3443,275,19.166
3444,275,19.166
3445,269,19.166
3446,273,19.166
3447,266,17.377
3448,277,17.377
3449,284,19.776
3450,271,19.776
3451,274,17.377
3452,271,17.377
3453,278,17.309
3454,309,21.398
3455,316,21.398
3456,321,21.398
3457,291,18.259
3458,279,18.259
3459,275,16.247
3460,263,16.194
3461,268,16.194
3462,268,16.194
3463,275,16.194
3464,263,14.215
3465,267,14.215
3466,297,12.75
3467,295,12.75
3468,309,11.241
3469,303,11.241
3470,299,11.576
3471,304,11.576
3472,290,11.576
3473,309,11.576
3474,305,11.576
3475,271,11.576
3476,274,21.796
3477,280,21.796
3478,260,21.796
3479,252,19.347
3480,252,19.347
3481,247,21.778
3482,269,21.778
3483,264,20.749
3484,270,20.749
3485,264,20.705
3486,266,20.705
3487,249,18.723
3488,275,18.723
3489,279,18.723
3490,284,18.723
3491,267,19.826
3492,249,21.399
3493,250,21.399
3494,259,21.399
3495,258,21.399
3496,272,21.399
3497,273,21.399
3498,277,21.399
3499,271,17.198
3500,282,17.198
3501,251,20.731
3502,255,20.065
3503,261,20.065
3504,262,16.52
3505,251,16.52
3506,256,16.777
3507,246,16.52
3508,258,21.514
3509,239,21.514
3510,234,16.663
3511,218,21.604
3512,246,21.604
3513,242,21.604
3514,248,21.604
3515,231,21.604
3516,217,21.604
3517,244,21.604
3518,235,21.604
3519,244,21.242
3520,246,21.242
3521,244,17.144
3522,224,16.299
3523,242,17.372
3524,255,19.7
3525,243,17.372
3526,248,16.299
3527,263,19.489
3528,272,19.489
3529,265,14.864
3530,279,14.864
3531,279,14.864
3532,269,18.462
3533,269,18.462
3534,268,15.731
3535,257,15.731
3536,247,19.689
3537,220,19.689
3538,226,19.689
3539,228,19.689
3540,245,19.689
3541,245,21.709
3542,248,21.709
3543,259,21.709
3544,258,21.58
3545,262,20.734
3546,265,16.437
3547,260,16.437
3548,252,15.796
3549,252,16.062
3550,252,19.3
3551,254,19.3
3552,258,19.3
3553,257,20.546
3554,262,19.3
3555,248,21.852
3556,247,21.852
3557,251,21.852
3558,245,21.852
3559,251,21.852
3560,252,21.852
3561,247,21.852
3562,273,21.852
3563,288,21.852
3564,283,20.271
3565,298,20.271
3566,302,20.271
3567,311,20.271
3568,307,20.271
3569,315,20.271
3570,277,21.222
3571,276,20.271
3572,268,20.271
3573,258,20.271
3574,255,20.271
3575,257,20.271
3576,261,20.271
3577,279,21.21
3578,276,21.21
3579,274,19.74
3580,283,19.74
3581,293,19.74
3582,278,20.938
3583,274,19.24
3584,274,19.24
3585,274,21.461
3586,270,21.461
3587,264,21.461
3588,267,21.461
3589,281,21.578
3590,276,21.578
3591,263,19.835
3592,255,17.377
3593,272,17.377
3594,272,21.557
3595,270,21.557
3596,279,21.557
3597,278,21.557
3598,268,21.557
3599,266,21.557
3600,266,17.377
3601,273,17.377
3602,281,17.377
3603,270,17.377
3604,279,17.377
3605,260,17.377
3606,258,17.377
3607,243,17.377
3608,243,17.377
3609,235,17.377
3610,235,21.245
3611,245,21.245
3612,243,22.074
3613,238,22.074
3614,234,22.074
3615,235,21.42
3616,233,21.42
3617,238,19.817
3618,235,19.817
3619,236,19.817
3620,243,19.817
3621,240,20.197
3622,240,20.197
3623,237,20.197
3624,261,20.197
3625,258,20.197
3626,276,20.197
3627,263,21.999
3628,263,20.197
3629,246,20.197
3630,242,20.197
3631,240,20.197
3632,242,20.197
3633,257,20.197
3634,260,20.197
3635,270,20.197
3636,263,20.197
3637,263,20.448
3638,240,20.197
3639,254,21.692
3640,241,21.692
3641,244,21.692
3642,234,21.692
3643,263,21.692
3644,237,21.692
3645,254,18.816
3646,247,21.479
3647,261,21.479
3648,258,21.985
3649,265,21.985
3650,245,21.985
3651,246,21.985
3652,237,21.985
3653,266,21.985
3654,266,21.901
3655,253,21.901
3656,247,21.901
3657,251,21.901
3658,257,21.901
3659,254,21.901
3660,237,21.901
3661,228,21.901
3662,232,20.0
3663,247,20.0
3664,251,20.0
3665,266,20.233
3666,250,18.478
3667,250,18.072
3668,274,18.072
3669,273,18.072
3670,274,18.072
3671,281,18.072
3672,263,18.072
3673,256,17.596
3674,260,17.596
3675,268,17.596
3676,259,17.596
3677,261,21.739
3678,255,21.739
3679,256,21.739
3680,247,21.739
3681,251,21.739
3682,252,21.739
3683,251,21.898
3684,267,21.898
3685,270,21.898
3686,270,21.898
3687,285,21.898
3688,297,21.739
3689,305,21.739
3690,305,21.757
3691,305,21.309
3692,316,21.309
3693,306,21.309
3694,324,20.385
3695,328,20.051
3696,331,20.051
3697,328,20.051
3698,327,19.031
3699,314,19.031
3700,314,18.014
3701,320,15.109
3702,311,17.184
3703,308,17.184
3704,281,17.184
3705,271,17.184
3706,268,17.184
3707,254,15.109
3708,266,20.071
3709,244,17.076
3710,260,18.205
3711,270,17.076
3712,271,17.076
3713,299,17.076
3714,285,17.076
3715,257,13.393
3716,232,21.834
3717,229,17.593
3718,257,20.983
3719,254,21.108
3720,252,20.983
3721,225,16.586
3722,230,16.586
3723,233,20.87
3724,235,20.87
3725,228,21.458
3726,229,21.458
3727,229,21.458
3728,244,21.458
3729,254,21.458
3730,230,21.458
3731,240,21.458
3732,243,21.458
3733,226,21.458
3734,223,21.458
3735,224,21.458
3736,220,21.458
3737,217,21.374
3738,219,18.394
3739,217,18.394
3740,217,18.394
3741,230,18.394
3742,234,18.394
3743,233,18.394
3744,234,18.394
3745,244,20.092
3746,242,22.014
3747,227,20.092
3748,240,20.092
3749,248,20.092
3750,253,20.092
3751,253,20.092
3752,252,15.216
3753,253,20.502
3754,254,20.502
3755,256,20.502
3756,259,20.502
3757,264,20.502
3758,267,20.565
3759,261,20.565
3760,276,20.565
3761,277,20.565
3762,258,20.565
3763,246,19.859
3764,245,19.859
3765,246,19.796
3766,247,19.796
3767,248,19.796
3768,245,19.796
3769,233,19.796
3770,234,19.796
3771,238,21.123
3772,254,21.123
3773,235,21.123
3774,231,20.49
3775,229,20.579
3776,226,21.082
3777,227,21.082
3778,224,21.668
3779,221,21.668
3780,220,21.668
3781,235,21.668
3782,226,21.668
3783,230,21.668
3784,215,21.981
3785,217,21.668
3786,219,21.668
3787,230,21.668
3788,237,21.668
3789,220,21.668
3790,221,21.668
3791,239,21.668
3792,241,18.732
3793,242,18.732
3794,246,18.732
3795,254,18.732
3796,258,18.732
3797,260,18.732
3798,265,17.634
3799,268,21.309
3800,287,17.634
3801,252,19.124
3802,249,19.124
3803,255,19.124
3804,251,19.124
3805,239,19.124
3806,247,19.001
3807,249,19.001
3808,249,20.511
3809,260,20.511
3810,252,20.511
3811,238,20.511
3812,244,20.364
3813,242,20.364
3814,239,20.364
3815,248,21.497
3816,261,20.364
3817,253,20.364
3818,258,19.345
3819,256,19.345
3820,268,20.876
3821,259,20.876
3822,253,19.345
3823,250,19.345
3824,253,18.215
3825,254,18.215
3826,259,21.276
3827,262,21.276
3828,272,21.276
3829,269,21.583
3830,277,21.276
3831,264,21.276
3832,238,21.276
3833,235,21.939
3834,233,21.939
3835,259,21.276
3836,261,21.276
3837,266,21.276
3838,263,21.276
3839,257,21.276
3840,264,21.276
3841,257,21.276
3842,245,21.276
3843,243,21.276
3844,243,21.276
3845,242,21.276
3846,240,21.276
3847,241,21.276
3848,234,21.276
3849,249,21.276
3850,252,21.276
3851,253,21.276
3852,255,21.276
3853,243,21.392
3854,246,21.392
3855,246,21.392
3856,236,21.392
3857,229,17.587
3858,238,20.585
3859,224,19.503
3860,239,19.503
3861,253,21.883
3862,271,21.883
3863,267,21.883
3864,271,21.883
3865,280,21.883
3866,293,21.883
3867,283,20.31
3868,280,20.295
3869,290,20.295
3870,295,20.295
3871,289,20.295
3872,291,20.295
3873,285,21.883
3874,287,21.883
3875,288,20.295
3876,279,20.295
3877,279,20.295
3878,283,20.295
3879,284,20.295
3880,282,20.155
3881,279,17.737
3882,275,17.737
3883,268,17.737
3884,256,17.737
3885,254,13.402
3886,246,13.402
3887,241,13.402
3888,252,18.011
3889,243,18.011
3890,246,16.335
3891,244,16.335
3892,278,21.327
3893,291,21.327
3894,291,21.327
3895,279,21.327
3896,254,19.993
3897,255,18.603
3898,255,18.603
3899,246,19.764
3900,242,19.764
3901,248,17.148
3902,246,18.983
3903,242,18.983
3904,239,21.363
3905,245,19.387
3906,270,19.387
3907,270,19.387
3908,278,19.387
3909,282,18.983
3910,272,18.983
3911,269,18.983
3912,272,15.573
3913,270,21.927
3914,266,19.279
3915,250,19.279
3916,238,19.279
3917,238,19.279
3918,228,19.279
3919,232,21.045
3920,231,21.045
3921,233,21.795
3922,241,21.795
3923,226,21.795
3924,233,18.122
3925,253,18.122
3926,238,19.904
3927,237,21.26
3928,263,21.26
3929,257,21.278
3930,254,21.26
3931,264,21.26
3932,263,21.26
3933,236,21.26
3934,222,21.26
3935,219,20.298
3936,235,20.298
3937,235,20.298
3938,232,20.298
3939,227,20.298
3940,229,20.298
3941,234,20.298
3942,214,20.298
3943,214,20.298
3944,220,20.298
3945,218,20.298
3946,215,20.298
3947,198,20.298
3948,238,20.298
3949,267,19.999
3950,263,19.999
3951,232,17.16
3952,235,17.261
3953,230,20.014
3954,237,17.261
3955,236,19.252
3956,242,19.252
3957,250,19.252
3958,257,19.252
3959,259,19.252
3960,263,19.252
3961,264,17.745
3962,276,17.745
3963,275,17.745
3964,262,17.745
3965,279,12.488
3966,281,12.488
3967,249,12.488
3968,261,15.724
3969,257,20.212
3970,246,20.212
3971,243,20.212
3972,252,20.212
3973,256,20.212
3974,259,20.212
3975,270,19.656
3976,262,19.656
3977,247,19.656
3978,242,19.656
3979,244,19.656
3980,243,16.573
3981,245,16.573
3982,249,16.573
3983,250,16.573
3984,250,20.414
3985,245,20.414
3986,229,20.414
3987,220,18.406
3988,229,18.406
3989,241,18.406
3990,244,19.698
3991,236,19.698
3992,234,21.55
3993,231,19.698
3994,246,19.698
3995,252,18.277
3996,253,18.277
3997,261,22.038
3998,264,22.038
3999,274,22.038
4000,266,22.038
4001,275,19.569
4002,272,19.404
4003,280,16.081
4004,275,16.081
4005,272,11.062
4006,271,15.733
4007,273,15.733
4008,263,18.825
4009,245,21.207
4010,249,21.207
4011,256,15.733
4012,257,16.092
4013,250,16.092
4014,254,17.503
4015,271,20.238
4016,268,14.775
4017,256,14.775
4018,260,14.775
4019,258,14.775
4020,263,14.775
4021,257,21.688
4022,251,21.688
4023,237,21.688
4024,240,21.688
4025,238,19.416
4026,248,17.076
4027,252,14.775
4028,250,21.9
4029,254,21.9
4030,262,21.9
4031,258,21.9
4032,253,21.9
4033,268,21.9
4034,258,21.9
4035,260,21.9
4036,265,19.419
4037,246,17.165
4038,244,17.165
4039,254,21.273
4040,258,21.273
4041,258,22.044
4042,252,22.044
4043,247,22.044
4044,241,22.044
4045,241,21.273
4046,255,21.996
4047,254,21.996
4048,242,20.702
4049,245,20.702
4050,234,20.002
4051,230,20.002
4052,232,20.002
4053,237,20.002
4054,236,21.264
4055,223,20.893
4056,222,20.893
4057,230,20.002
4058,228,20.002
4059,222,19.423
4060,223,19.423
4061,225,19.151
4062,230,19.721
4063,262,19.721
4064,265,21.099
4065,266,21.099
4066,268,21.099
4067,276,21.099
4068,277,20.226
4069,282,20.226
4070,276,20.226
4071,245,21.234
4072,241,20.226
4073,234,20.086
4074,233,20.086
4075,229,20.723
4076,219,20.723
4077,227,20.723
4078,226,20.723
4079,234,20.723
4080,237,20.723
4081,237,20.723
4082,241,20.723
4083,227,20.723
4084,225,20.723
4085,226,20.723
4086,221,20.723
4087,219,20.723
4088,240,21.554
4089,246,21.554
4090,244,20.23
4091,236,20.23
4092,244,18.406
4093,235,17.336
4094,234,17.336
4095,241,17.336
4096,241,19.255
4097,248,19.255
4098,265,19.255
4099,268,19.518
4100,266,19.518
4101,291,19.518
4102,289,19.518
4103,285,19.518
4104,285,19.255
4105,297,19.255
4106,291,19.184
4107,293,19.184
4108,293,19.184
4109,299,19.184
4110,299,18.788
4111,289,21.201
4112,279,21.201
4113,261,21.201
4114,263,21.201
4115,260,21.201
4116,261,21.201
4117,260,20.819
4118,257,20.819
4119,261,20.819
4120,266,20.819
4121,269,20.819
4122,277,20.849
4123,276,20.849
4124,277,20.849
4125,282,20.849
4126,278,20.849
4127,274,20.849
4128,271,20.849
4129,269,17.402
4130,262,17.402
4131,270,21.733
4132,238,21.733
4133,216,19.108
4134,216,19.108
4135,224,21.894
4136,218,21.894
4137,216,21.894
4138,251,20.074
4139,216,20.648
4140,218,21.13
4141,225,20.648
4142,222,20.648
4143,221,20.208
4144,238,20.208
4145,249,20.208
4146,274,20.208
4147,298,16.188
4148,295,12.442
4149,308,20.867
4150,304,20.867
4151,303,20.867
4152,298,20.867
4153,310,20.867
4154,318,21.966
4155,312,20.867
4156,281,21.399
4157,267,21.399
4158,264,21.399
4159,259,18.358
4160,252,18.358
4161,253,18.358
4162,253,16.582
4163,253,16.582
4164,221,16.582
4165,225,18.002
4166,227,16.582
4167,208,15.875
4168,213,14.864
4169,209,18.74
4170,236,18.74
4171,222,18.74
4172,239,18.74
4173,246,19.142
4174,248,19.142
4175,248,19.142
4176,237,15.617
4177,234,15.617
4178,229,18.992
4179,228,18.992
4180,224,18.992
4181,237,22.029
4182,248,22.029
4183,244,18.992
4184,221,19.862
4185,221,19.862
4186,230,19.862
4187,231,19.862
4188,247,15.345
4189,248,15.345
4190,245,15.345
4191,248,13.898
4192,244,19.623
4193,247,19.623
4194,254,15.435
4195,247,15.435
4196,246,15.435
4197,247,18.573
4198,246,15.614
4199,270,15.435
4200,264,15.435
4201,263,15.435
4202,253,18.293
4203,256,15.435
4204,264,15.435
4205,271,15.435
4206,254,15.435
4207,254,21.94
4208,271,16.398
4209,258,14.104
4210,257,17.862
4211,227,17.862
4212,228,17.862
4213,234,17.862
4214,242,17.844
4215,251,15.829
4216,246,15.829
4217,237,17.841
4218,239,17.841
4219,244,19.417
4220,246,19.751
4221,268,19.751
4222,266,17.853
4223,264,21.985
4224,264,19.384
4225,261,19.384
4226,263,19.384
4227,260,19.384
4228,255,20.026
4229,257,20.026
4230,264,17.853
4231,302,17.853
4232,298,22.014
4233,292,19.967
4234,289,17.853
4235,293,19.351
4236,292,19.351
4237,293,19.351
4238,280,19.351
4239,284,19.351
4240,242,19.351
4241,244,19.351
4242,245,19.351
4243,238,18.036
4244,251,18.579
4245,273,18.579
4246,274,18.579
4247,283,19.025
4248,281,19.025
4249,271,19.025
4250,259,19.139
4251,258,19.139
4252,260,19.025
4253,257,19.025
4254,261,19.025
4255,264,19.141
4256,261,19.141
4257,271,19.141
4258,284,19.141
4259,282,19.141
4260,289,19.141
4261,289,19.141
4262,281,21.438
4263,267,21.438
4264,262,19.141
4265,262,19.141
4266,275,18.155
4267,274,18.155
4268,256,17.626
4269,255,17.626
4270,256,17.473
4271,261,17.473
4272,262,19.838
4273,254,19.838
4274,252,19.838
4275,256,14.383
4276,249,14.383
4277,262,19.838
4278,262,19.838
4279,263,19.838
4280,264,19.838
4281,275,19.838
4282,277,14.305
4283,301,21.44
4284,290,21.44
4285,270,10.992
4286,274,19.031
4287,262,21.82
4288,264,21.82
4289,262,21.82
4290,264,21.82
4291,297,21.033
4292,289,19.031
4293,286,19.031
4294,294,19.031
4295,287,19.031
4296,307,19.031
4297,295,19.031
4298,295,19.031
4299,287,19.031
4300,287,19.031
4301,265,19.031
4302,265,19.031
4303,245,21.252
4304,247,19.031
4305,240,19.031
4306,239,19.031
4307,236,19.031
4308,235,16.869
4309,254,11.576
4310,254,21.643
4311,249,21.643
4312,256,21.798
4313,238,21.798
4314,245,21.798
4315,248,21.798
4316,260,21.798
4317,265,21.798
4318,274,19.222
4319,249,18.238
4320,238,18.238
4321,242,21.432
4322,237,21.432
4323,237,21.7
4324,239,21.7
4325,235,21.432
4326,246,21.432
4327,247,21.432
4328,244,21.432
4329,243,21.432
4330,241,21.432
4331,232,21.432
4332,230,18.502
4333,230,18.502
4334,230,18.502
4335,227,14.996
4336,241,12.407
4337,226,12.407
4338,213,17.163
4339,237,21.153
4340,235,21.153
4341,209,17.163
4342,229,17.163
4343,217,19.776
4344,240,19.776
4345,217,19.776
4346,220,19.776
4347,218,21.542
4348,218,21.542
4349,221,21.542
4350,243,16.478
4351,249,14.673
4352,236,14.673
4353,238,20.982
4354,241,21.931
4355,259,20.982
4356,241,21.494
4357,241,21.494
4358,235,21.494
4359,239,21.494
4360,238,21.494
4361,240,21.494
4362,227,18.108
4363,225,19.072
4364,245,19.072
4365,252,15.217
4366,251,15.007
4367,259,16.798
4368,261,16.798
4369,264,16.798
4370,268,16.798
4371,235,14.866
4372,234,14.866
4373,225,20.806
4374,241,20.806
4375,276,19.276
4376,263,21.47
4377,256,21.47
4378,264,21.47
4379,262,21.47
4380,223,21.47
4381,224,21.47
4382,224,21.47
4383,226,21.47
4384,231,21.47
4385,230,21.888
4386,257,21.47
4387,263,21.47
4388,259,21.47
4389,252,21.47
4390,261,21.47
4391,264,21.47
4392,257,21.47
4393,266,21.47
4394,267,20.262
4395,264,20.262
4396,269,17.097
4397,270,17.097
4398,244,17.097
4399,235,17.097
4400,236,17.097
4401,250,17.097
4402,260,17.097
4403,253,17.097
4404,242,20.113
4405,235,17.097
4406,240,17.097
4407,240,17.097
4408,232,17.097
4409,244,17.097
4410,257,20.737
4411,252,20.737
4412,256,20.737
4413,256,21.628
4414,253,21.628
4415,250,21.628
4416,254,20.472
4417,256,20.472
4418,272,21.97
4419,280,21.001
4420,283,21.001
4421,289,20.382
4422,295,20.382
4423,280,20.382
4424,274,21.401
4425,273,21.509
4426,272,21.509
4427,271,21.509
4428,270,21.509
4429,266,21.509
4430,262,18.749
4431,286,18.749
4432,284,18.749
4433,284,18.749
4434,282,21.76
4435,279,21.76
4436,277,21.264
4437,285,21.264
4438,291,21.264
4439,295,21.264
4440,296,21.656
4441,297,21.264
4442,302,20.651
4443,296,20.651
4444,294,20.651
4445,291,19.787
4446,292,19.787
4447,282,21.147
4448,269,19.787
4449,262,19.787
4450,263,19.787
4451,248,21.816
4452,256,21.816
4453,250,19.787
4454,264,21.784
4455,262,21.784
4456,269,21.571
4457,256,21.571
4458,255,21.284
4459,245,21.458
4460,247,21.458
4461,242,21.458
4462,240,21.458
4463,245,21.628
4464,243,21.628
4465,234,21.628
4466,244,21.628
4467,240,21.628
4468,240,21.628
4469,249,21.628
4470,244,21.628
4471,236,21.628
4472,241,21.628
4473,246,19.787
4474,247,19.787
4475,244,19.787
4476,242,19.787
4477,243,19.787
4478,239,19.787
4479,250,19.787
4480,251,19.787
4481,243,19.787
4482,257,19.787
4483,244,19.787
4484,256,19.787
4485,266,19.787
4486,267,19.787
4487,253,19.787
4488,256,20.815
4489,260,20.815
4490,252,19.787
4491,250,18.555
4492,241,18.555
4493,232,18.555
4494,225,18.555
4495,230,18.555
4496,241,21.006
4497,261,16.995
4498,267,16.995
4499,263,16.995
4500,266,14.894
4501,254,14.894
4502,254,16.0
4503,263,18.752
4504,265,14.894
4505,263,18.11
4506,247,18.11
4507,257,21.057
4508,272,21.057
4509,283,19.378
4510,289,18.11
4511,308,18.11
4512,291,20.935
4513,266,20.935
4514,268,18.11
4515,271,18.11
4516,274,19.614
4517,267,19.614
4518,254,18.11
4519,254,18.11
4520,254,18.11
4521,252,20.196
4522,236,18.11
4523,250,18.11
4524,254,18.11
4525,254,22.035
4526,284,22.035
4527,259,22.035
4528,244,19.599
4529,242,21.207
4530,245,20.119
4531,257,20.119
4532,238,20.119
4533,245,20.206
4534,268,20.119
4535,264,20.119
4536,262,20.119
4537,259,20.119
4538,260,18.167
4539,263,18.167
4540,257,18.167
4541,258,18.167
4542,269,18.167
4543,276,18.11
4544,252,18.11
4545,269,18.11
4546,285,18.11
4547,276,18.11
4548,299,18.11
4549,305,20.104
4550,324,20.104
4551,313,18.11
4552,285,20.932
4553,272,18.11
4554,285,18.11
4555,279,20.571
4556,301,20.571
4557,276,20.571
4558,265,20.571
4559,270,20.571
4560,260,20.571
4561,258,20.152
4562,269,20.152
4563,268,20.152
4564,279,20.152
4565,284,20.152
4566,271,21.291
4567,251,21.291
4568,242,21.291
4569,242,21.291
4570,249,18.11
4571,240,18.11
4572,234,21.288
4573,234,21.868
4574,238,21.868
4575,240,21.868
4576,241,21.868
4577,265,18.61
4578,250,18.11
4579,242,18.11
4580,237,18.11
4581,229,21.867
4582,274,21.867
4583,271,21.867
4584,271,21.867
4585,285,19.001
4586,286,19.829
4587,289,20.917
4588,254,21.052
4589,235,21.09
4590,236,21.052
4591,230,21.052
4592,250,19.829
4593,250,20.896
4594,224,21.904
4595,269,21.904
4596,237,21.904
4597,225,21.904
4598,228,21.904
4599,215,21.904
4600,225,20.896
4601,234,20.896
4602,233,20.896
4603,231,20.896
4604,230,20.896
4605,231,20.896
4606,238,20.896
4607,227,20.896
4608,237,20.896
4609,242,20.896
4610,256,20.896
4611,244,20.896
4612,254,20.896
4613,253,20.896
4614,250,20.896
4615,262,20.896
4616,260,20.896
4617,263,20.896
4618,263,20.896
4619,252,20.896
4620,252,20.896
4621,261,20.896
4622,255,20.896
4623,238,20.896
4624,246,20.896
4625,244,20.896
4626,236,20.896
4627,247,20.896
4628,238,20.896
4629,231,20.896
4630,242,20.896
4631,243,20.896
4632,253,18.217
4633,258,18.217
4634,260,19.955
4635,258,19.955
4636,251,19.955
4637,261,19.955
4638,274,19.955
4639,274,19.955
4640,277,19.955
4641,284,19.758
4642,317,19.758
4643,316,11.734
4644,312,11.734
4645,306,10.386
4646,287,9.68
4647,280,19.007
4648,277,21.308
4649,275,21.308
4650,276,18.038
4651,289,20.31
4652,287,20.553
4653,280,18.038
4654,279,18.038
4655,278,21.428
4656,275,21.428
4657,276,21.428
4658,256,21.428
4659,260,21.428
4660,253,21.428
4661,267,21.428
4662,268,21.428
4663,272,20.173
4664,264,20.173
4665,273,21.673
4666,286,20.173
4667,259,20.173
4668,262,20.89
4669,267,20.89
4670,245,21.742
4671,267,20.89
4672,273,20.89
4673,258,20.89
4674,264,20.89
4675,259,20.89
4676,261,19.255
4677,265,18.116
4678,269,18.116
4679,248,17.988
4680,246,17.988
4681,269,17.988
4682,259,17.988
4683,269,17.988
4684,271,17.988
4685,295,17.988
4686,266,21.473
4687,261,21.473
4688,251,21.473
4689,251,21.473
4690,253,21.473
4691,253,21.473
4692,255,21.473
4693,260,16.543
4694,268,16.543
4695,263,16.543
4696,270,16.543
4697,285,16.543
4698,292,17.566
4699,288,17.566
4700,292,17.721
4701,304,17.721
4702,321,17.721
4703,317,17.721
4704,300,17.721
4705,295,17.721
4706,294,15.805
4707,300,21.073
4708,294,21.073
4709,296,21.073
4710,295,21.114
4711,297,21.114
4712,284,21.114
4713,279,21.114
4714,271,21.114
4715,275,19.402
4716,282,19.402
4717,261,19.402
4718,267,18.062
4719,268,15.414
4720,289,15.414
4721,297,22.023
4722,279,22.023
4723,280,20.869
4724,285,17.683
4725,277,21.365
4726,271,17.796
4727,267,17.796
4728,265,17.796
4729,264,18.368
4730,255,18.307
4731,262,18.307
4732,268,16.902
4733,300,16.902
4734,282,16.902
4735,279,16.902
4736,268,16.902
4737,266,16.902
4738,272,16.902
4739,261,21.847
4740,265,21.847
4741,262,21.847
4742,253,21.847
4743,269,16.902
4744,262,16.902
4745,260,16.902
4746,280,21.365
4747,288,21.365
4748,307,21.365
4749,298,21.365
4750,283,21.365
4751,299,21.967
4752,275,21.967
4753,292,17.303
4754,266,17.303
4755,272,17.303
4756,270,20.87
4757,274,18.454
4758,268,18.454
4759,270,18.454
4760,269,20.071
4761,265,20.071
4762,272,21.733
4763,270,21.733
4764,266,21.733
4765,263,19.228
4766,254,18.986
4767,253,18.986
4768,252,18.986
4769,245,18.986
4770,245,18.096
4771,252,20.852
4772,250,20.852
4773,253,20.852
4774,252,20.852
4775,249,18.143
4776,252,19.486
4777,270,19.486
4778,283,20.926
4779,282,20.926
4780,279,20.926
4781,266,18.628
4782,279,20.11
4783,280,20.11
4784,284,20.11
4785,283,20.723
4786,286,20.11
4787,270,20.11
4788,277,21.464
4789,287,20.11
4790,283,20.11
4791,287,21.163
4792,276,21.163
4793,264,21.163
4794,261,21.163
4795,259,21.163
4796,260,21.163
4797,255,21.163
4798,255,21.163
4799,254,21.163
4800,263,21.163
4801,270,21.163
4802,280,21.195
4803,261,21.419
4804,272,21.419
4805,262,21.927
4806,267,20.908
4807,251,20.908
4808,271,21.048
4809,271,21.048
4810,262,21.048
4811,254,21.015
4812,247,20.666
4813,245,20.666
4814,248,20.666
4815,251,20.666
4816,250,20.666
4817,252,21.689
4818,259,20.666
4819,255,19.468
4820,248,19.468
4821,229,20.203
4822,215,20.203
4823,212,20.203
4824,233,20.81
4825,236,20.81
4826,237,20.81
4827,239,20.81
4828,247,20.81
4829,245,20.81
4830,275,20.81
4831,276,20.81
4832,282,16.329
4833,282,16.329
4834,283,16.329
4835,265,19.438
4836,254,20.723
4837,260,20.723
4838,264,18.199
4839,269,18.199
4840,270,18.199
4841,268,18.199
4842,265,18.199
4843,283,18.199
4844,276,16.368
4845,286,20.376
4846,278,20.376
4847,278,20.376
4848,268,19.598
4849,248,20.884
4850,259,19.004
4851,248,20.57
4852,252,20.57
4853,247,20.57
4854,216,19.004
4855,238,19.004
4856,237,19.004
4857,223,21.616
4858,223,21.616
4859,218,21.616
4860,222,21.616
4861,222,21.616
4862,244,19.004
4863,243,19.004
4864,248,19.004
4865,224,19.004
4866,254,19.111
4867,223,19.004
4868,226,12.162
4869,224,12.162
4870,227,12.162
4871,231,15.425
4872,233,19.181
4873,242,19.181
4874,253,19.181
4875,262,15.425
4876,271,15.425
4877,270,15.425
4878,264,17.981
4879,273,17.981
4880,274,17.981
4881,266,20.624
4882,264,20.624
4883,251,21.405
4884,238,21.405
4885,238,16.147
4886,250,16.147
4887,254,21.787
4888,252,21.787
4889,248,21.787
4890,255,21.787
4891,262,21.787
4892,283,21.787
4893,267,21.787
4894,259,21.787
4895,248,21.787
4896,246,21.787
4897,236,21.787
4898,240,21.787
4899,249,21.787
4900,258,21.787
4901,259,21.787
4902,281,21.97
4903,280,21.996
4904,280,21.996
4905,271,21.787
4906,285,21.787
4907,287,21.787
4908,282,21.787
4909,277,21.787
4910,300,21.787
4911,313,21.787
4912,315,21.787
4913,298,21.787
4914,305,21.787
4915,275,21.787
4916,257,21.787
4917,258,21.787
4918,255,21.787
4919,251,21.787
4920,255,21.787
4921,234,21.787
4922,226,21.787
4923,228,21.787
4924,239,21.787
4925,239,21.787
4926,241,21.787
4927,235,21.787
4928,244,21.787
4929,234,21.787
4930,248,21.787
4931,248,21.787
4932,247,21.787
4933,240,21.787
4934,249,21.787
4935,242,21.787
4936,233,21.787
4937,233,21.787
4938,230,21.787
4939,204,21.787
4940,200,21.787
4941,207,21.787
4942,212,21.787
4943,221,21.931
4944,208,21.931
4945,210,21.931
4946,221,21.931
4947,216,21.931
4948,222,21.931
4949,255,21.787
4950,252,21.787
4951,250,21.787
4952,250,21.787
4953,263,21.787
4954,262,21.787
4955,260,21.787
4956,243,21.787
4957,243,21.787
4958,234,21.787
4959,244,20.976
4960,245,20.976
4961,235,20.976
4962,226,20.556
4963,227,20.556
4964,223,18.792
4965,236,17.108
4966,220,21.584
4967,223,21.584
4968,227,21.584
4969,221,21.584
4970,232,20.633
4971,229,21.233
4972,248,21.233
4973,268,19.031
4974,291,19.031
4975,290,19.763
4976,279,19.763
4977,280,19.763
4978,254,19.763
4979,240,20.133
4980,235,20.133
4981,234,18.758
4982,233,19.308
4983,240,19.805
4984,240,22.011
4985,240,22.011
4986,240,22.011
4987,245,19.805
4988,241,16.888
4989,246,16.888
4990,241,19.39
4991,242,17.205
4992,239,16.888
4993,246,16.888
4994,245,18.794
4995,251,18.794
4996,262,11.576
4997,267,20.6
4998,265,17.525
4999,253,18.938
5000,256,17.525
5001,255,20.478
5002,232,20.78
5003,242,20.78
5004,243,20.78
5005,258,13.818
5006,260,13.818
5007,260,17.528
5008,259,17.528
5009,279,20.926
5010,280,20.331
5011,275,20.331
5012,276,20.704
5013,293,20.331
5014,262,21.081
5015,235,21.081
5016,232,21.081
5017,229,21.081
5018,239,21.081
5019,242,21.081
5020,249,21.999
5021,251,21.999
5022,254,21.999
5023,247,21.601
5024,253,21.601
5025,257,21.393
5026,262,21.393
5027,267,21.393
5028,291,21.393
5029,295,21.393
5030,301,21.393
5031,291,21.393
5032,283,21.53
5033,296,15.196
5034,316,15.196
5035,314,15.196
5036,310,15.767
5037,297,15.767
5038,294,15.767
5039,283,15.767
5040,279,15.767
5041,275,21.587
5042,262,15.931
5043,259,15.931
5044,252,15.931
5045,261,15.931
5046,260,20.586
5047,269,20.669
5048,265,20.586
5049,259,20.586
5050,260,20.586
5051,267,20.586
5052,258,20.586
5053,258,20.13
5054,265,20.13
5055,257,20.13
5056,235,20.13
5057,239,20.13
5058,235,20.816
5059,246,20.816
5060,266,20.13
5061,263,21.0
5062,239,21.0
5063,243,21.0
5064,265,21.0
5065,263,16.55
5066,253,11.013
5067,254,15.013
5068,283,18.29
5069,286,18.636
5070,284,18.636
5071,284,18.397
5072,285,18.397
5073,284,18.397
5074,276,19.437
5075,283,19.437
5076,280,20.169
5077,257,20.696
5078,253,20.169
5079,253,20.169
5080,260,20.169
5081,256,21.476
5082,267,21.476
5083,263,19.952
5084,275,21.831
5085,279,21.831
5086,271,19.952
5087,269,19.952
5088,260,20.824
5089,266,19.952
5090,243,19.952
5091,249,19.952
5092,252,19.952
5093,256,18.998
5094,252,18.998
5095,251,18.998
5096,266,18.998
5097,271,14.505
5098,287,14.035
5099,295,21.514
5100,295,21.514
5101,313,21.514
5102,328,21.514
5103,330,21.514
5104,331,21.514
5105,309,21.514
5106,309,21.514
5107,315,16.34
5108,322,21.06
5109,325,21.06
5110,295,21.06
5111,310,21.06
5112,293,21.06
5113,273,20.842
5114,287,21.563
5115,283,21.563
5116,268,21.563
5117,263,21.563
5118,280,13.02
5119,271,16.116
5120,258,16.116
5121,266,16.116
5122,273,17.378
5123,272,17.378
5124,264,21.52
5125,279,17.378
5126,275,20.059
5127,274,20.059
5128,277,20.059
5129,278,20.059
5130,248,17.291
5131,246,17.291
5132,241,19.999
5133,236,19.999
5134,230,21.1
5135,238,21.1
5136,239,21.1
5137,217,21.1
5138,219,21.1
5139,214,21.1
5140,221,19.808
5141,230,20.065
5142,258,20.065
5143,268,20.065
5144,277,20.065
5145,291,20.065
5146,299,20.065
5147,308,20.065
5148,309,20.065
5149,302,20.065
5150,299,20.385
5151,292,21.963
5152,292,21.963
5153,280,20.065
5154,297,20.065
5155,293,20.065
5156,296,21.802
5157,298,21.802
5158,289,21.802
5159,288,21.802
5160,301,21.802
5161,299,21.802
5162,307,21.801
5163,302,21.204
5164,308,20.822
5165,305,19.853
5166,328,21.344
5167,319,21.344
5168,295,19.853
5169,305,18.155
5170,286,20.92
5171,295,20.92
5172,282,20.92
5173,265,20.92
5174,261,19.348
5175,256,20.474
5176,256,21.078
5177,244,21.078
5178,246,19.323
5179,234,17.972
5180,235,17.972
5181,250,15.86
5182,243,15.86
5183,242,19.915
5184,249,19.915
5185,244,19.915
5186,246,18.594
5187,246,21.79
5188,250,21.79
5189,253,21.79
5190,272,21.79
5191,262,21.79
5192,271,18.02
5193,264,18.971
5194,254,21.673
5195,269,20.95
5196,267,20.532
5197,263,20.532
5198,268,18.729
5199,272,18.729
5200,270,18.729
5201,272,18.729
5202,284,18.179
5203,291,18.179
5204,261,19.138
5205,258,19.138
5206,247,19.138
5207,250,19.177
5208,248,20.873
5209,243,20.873
5210,249,20.873
5211,262,20.873
5212,265,17.129
5213,262,17.129
5214,270,18.824
5215,270,18.824
5216,302,17.276
5217,298,16.436
5218,301,16.436
5219,304,15.839
5220,313,15.839
5221,306,20.194
5222,288,21.07
5223,282,21.07
5224,278,21.07
5225,269,21.07
5226,260,21.07
5227,256,21.07
5228,260,21.07
5229,257,20.224
5230,259,20.224
5231,269,20.224
5232,268,20.224
5233,261,20.194
5234,254,20.194
5235,259,20.194
5236,265,20.194
5237,273,20.194
5238,258,20.822
5239,272,21.757
5240,281,13.483
5241,273,21.826
5242,280,7.809
5243,282,21.65
5244,279,21.65
5245,273,21.65
5246,277,21.65
5247,283,20.263
5248,271,20.263
5249,248,20.263
5250,252,20.263
5251,238,21.278
5252,239,21.278
5253,244,21.278
5254,243,21.278
5255,235,21.278
5256,230,21.278
5257,230,21.278
5258,238,21.278
5259,235,21.278
5260,232,21.278
5261,233,21.278
5262,246,20.624
5263,241,20.624
5264,246,20.263
5265,263,20.263
5266,261,18.209
5267,260,18.209
5268,257,18.209
5269,261,18.209
5270,270,18.209
5271,263,19.625
5272,273,19.625
5273,247,19.625
5274,244,19.625
5275,234,20.911
5276,232,20.911
5277,227,20.911
5278,219,20.911
5279,225,20.911
5280,215,20.911
5281,216,20.911
5282,229,21.733
5283,240,21.733
5284,247,19.901
5285,247,19.901
5286,256,19.901
5287,258,19.901
5288,249,19.901
5289,240,19.901
5290,243,17.483
5291,247,21.093
5292,248,17.483
5293,252,21.32
5294,253,17.483
5295,276,17.483
5296,269,17.483
5297,265,17.483
5298,250,17.483
5299,252,17.483
5300,252,18.66
5301,254,18.66
5302,254,18.66
5303,244,13.63
5304,239,13.63
5305,235,13.63
5306,237,16.158
5307,248,18.29
5308,235,16.158
5309,243,16.158
5310,245,15.901
5311,246,15.901
5312,249,15.354
5313,233,20.741
5314,241,20.741
5315,230,20.741
5316,231,20.741
5317,220,20.741
5318,197,18.486
5319,196,18.486
5320,196,18.486
5321,205,17.372
5322,216,16.093
5323,208,16.093
5324,224,18.507
5325,221,18.507
5326,219,20.322
5327,239,18.507
5328,229,18.507
5329,207,18.507
5330,207,18.507
5331,192,18.507
5332,196,18.507
5333,199,15.432
5334,217,17.375
5335,229,17.375
5336,239,21.034
5337,236,17.375
5338,247,17.375
5339,239,17.375
5340,225,16.637
5341,253,16.637
5342,247,15.778
5343,253,15.432
5344,213,21.703
5345,213,21.703
5346,224,15.432
5347,219,19.27
5348,219,19.27
5349,218,19.27
5350,213,19.27
5351,216,19.27
5352,220,17.33
5353,225,17.33
5354,237,17.33
5355,235,17.33
5356,235,17.33
5357,220,17.33
5358,239,20.994
5359,240,20.994
5360,241,20.994
5361,235,20.994
5362,229,21.682
5363,229,21.682
5364,222,22.02
5365,225,22.02
5366,225,22.02
5367,214,19.145
5368,205,19.145
5369,211,19.145
5370,246,19.145
5371,255,19.145
5372,219,19.145
5373,224,19.145
5374,223,19.145
5375,235,19.897
5376,232,19.897
5377,234,19.897
5378,234,21.127
5379,229,21.127
5380,228,15.002
5381,234,16.525
5382,240,15.002
5383,245,15.002
5384,264,20.926
5385,248,21.127
5386,247,21.127
5387,263,15.002
5388,273,15.304
5389,270,21.742
5390,273,21.446
5391,259,21.446
5392,251,21.804
5393,249,21.804
5394,246,21.804
5395,250,21.804
5396,254,21.168
5397,276,21.168
5398,278,21.168
5399,280,21.168
5400,281,21.168
5401,278,21.168
5402,262,21.168
5403,272,21.168
5404,269,21.168
5405,256,21.168
5406,265,21.168
5407,263,21.168
5408,276,21.168
5409,275,21.168
5410,286,18.923
5411,275,19.067
5412,277,19.067
5413,256,19.067
5414,259,18.923
5415,279,21.727
5416,273,21.727
5417,276,20.645
5418,271,20.645
5419,267,20.645
5420,268,20.645
5421,270,20.645
5422,270,20.645
5423,269,20.645
5424,247,20.896
5425,239,19.973
5426,237,19.973
5427,236,20.026
5428,246,19.973
5429,254,21.111
5430,252,21.111
5431,246,19.007
5432,240,15.597
5433,239,15.597
5434,258,20.439
5435,265,20.439
5436,260,20.439
5437,265,20.439
5438,265,19.746
5439,241,19.746
5440,247,21.408
5441,259,21.408
5442,250,21.408
5443,251,21.408
5444,252,21.408
5445,247,21.408
5446,255,21.408
5447,268,21.408
5448,264,21.408
5449,260,21.408
5450,235,21.408
5451,263,13.929
5452,276,14.437
5453,270,19.865
5454,276,19.865
5455,283,19.865
5456,279,19.865
5457,280,19.865
5458,288,19.865
5459,283,19.891
5460,300,19.865
5461,314,21.912
5462,304,19.865
5463,321,17.408
5464,304,17.408
5465,300,17.679
5466,276,18.98
5467,264,20.552
5468,250,20.552
5469,277,18.98
5470,265,18.98
5471,266,18.98
5472,272,18.98
5473,279,18.98
5474,272,19.228
5475,248,19.228
5476,246,16.917
5477,282,19.897
5478,294,19.897
5479,294,19.897
5480,301,19.897
5481,311,19.897
5482,290,16.917
5483,281,16.917
5484,272,16.917
5485,276,17.769
5486,279,17.769
5487,280,17.769
5488,260,16.917
5489,259,21.909
5490,269,22.011
5491,272,21.909
5492,269,21.386
5493,271,16.917
5494,263,20.595
5495,263,21.174
5496,259,21.174
5497,270,21.174
5498,273,21.174
5499,273,21.174
5500,255,21.174
5501,233,21.174
5502,236,21.174
5503,234,18.418
5504,238,18.418
5505,230,18.418
5506,237,18.418
5507,238,15.016
5508,233,15.016
5509,244,20.941
5510,257,20.941
5511,252,18.998
5512,251,18.998
5513,244,18.998
5514,235,18.998
5515,234,19.955
5516,233,19.955
5517,224,19.955
5518,219,19.955
5519,224,19.955
5520,224,19.955
5521,230,19.955
5522,230,19.955
5523,233,19.955
5524,240,19.955
5525,251,19.955
5526,265,20.236
5527,248,20.236
5528,251,20.236
5529,259,20.236
5530,263,20.236
5531,257,20.947
5532,260,20.947
5533,265,20.947
5534,260,21.859
5535,249,21.859
5536,258,19.811
5537,267,19.811
5538,267,19.811
5539,254,19.811
5540,257,19.811
5541,284,19.811
5542,285,21.65
5543,270,21.65
5544,243,21.65
5545,216,21.65
5546,216,21.65
5547,237,21.65
5548,250,19.811
5549,244,19.811
5550,244,19.811
5551,248,20.72
5552,241,20.72
5553,228,20.72
5554,241,20.893
5555,241,20.893
5556,235,20.893
5557,239,20.182
5558,243,20.0
5559,237,20.774
5560,235,22.059
5561,241,22.059
5562,241,22.059
5563,241,22.059
5564,238,22.059
5565,220,22.059
5566,221,22.059
5567,225,22.059
5568,220,22.059
5569,232,21.401
5570,215,20.803
5571,225,17.679
5572,220,17.679
5573,221,17.679
5574,224,17.306
5575,220,17.306
5576,235,16.286
5577,250,16.286
5578,271,14.783
5579,275,20.301
5580,277,20.301
5581,289,20.414
5582,287,15.082
5583,283,15.082
5584,282,17.767
5585,290,17.767
5586,272,17.767
5587,268,12.122
5588,284,12.556
5589,275,12.122
5590,260,12.122
5591,258,12.122
5592,265,17.77
5593,268,19.796
5594,275,19.796
5595,263,19.796
5596,271,19.796
5597,263,20.16
5598,261,19.796
5599,278,19.796
5600,276,19.796
5601,242,19.796
5602,237,19.796
5603,275,19.796
5604,263,19.796
5605,261,21.491
5606,261,21.491
5607,248,21.491
5608,257,21.491
5609,269,21.491
5610,267,21.491
5611,268,21.491
5612,281,21.491
5613,268,21.491
5614,262,21.491
5615,262,21.491
5616,269,21.491
5617,270,11.232
5618,248,11.232
5619,250,12.35
5620,282,13.34
5621,282,18.882
5622,276,18.882
5623,249,17.892
5624,271,17.892
5625,284,17.892
5626,276,18.039
5627,285,20.268
5628,292,20.268
5629,273,20.268
5630,266,20.268
5631,266,20.268
5632,245,16.412
5633,239,14.73
5634,231,15.333
5635,236,15.333
5636,247,18.047
5637,262,18.047
5638,255,18.047
5639,257,18.047
5640,249,21.59
5641,250,21.59
5642,258,21.59
5643,251,21.59
5644,260,21.59
5645,276,21.59
5646,265,21.59
5647,267,21.59
5648,270,20.245
5649,252,20.245
5650,251,20.245
5651,244,16.709
5652,250,17.922
5653,249,20.157
5654,251,20.157
5655,251,20.157
5656,263,20.157
5657,265,20.157
5658,255,20.157
5659,256,20.157
5660,263,20.157
5661,247,20.157
5662,254,20.157
5663,248,20.157
5664,242,20.157
5665,252,21.482
5666,253,20.157
5667,248,19.643
5668,246,21.266
5669,239,21.266
5670,243,21.266
5671,249,21.266
5672,270,21.266
5673,254,21.266
5674,257,21.266
5675,279,21.266
5676,263,21.266
5677,279,20.872
5678,257,18.945
5679,263,18.319
5680,278,18.319
5681,275,18.319
5682,276,18.651
5683,276,18.651
5684,270,18.651
5685,278,18.651
5686,283,20.4
5687,266,18.651
5688,289,18.651
5689,285,18.651
5690,279,18.651
5691,273,19.051
5692,279,19.359
5693,307,20.882
5694,308,19.359
5695,297,21.458
5696,275,21.458
5697,277,21.458
5698,284,21.692
5699,277,21.692
5700,284,21.692
5701,263,21.458
5702,248,21.458
5703,253,21.458
5704,252,21.171
5705,256,21.13
5706,258,21.13
5707,256,21.13
5708,255,21.13
5709,255,21.13
5710,254,21.13
5711,239,21.13
5712,239,21.13
5713,236,21.13
5714,242,20.729
5715,238,21.123
5716,237,21.123
5717,234,20.914
5718,232,21.371
5719,228,21.371
5720,249,21.371
5721,244,21.371
5722,245,21.371
5723,262,21.371
5724,264,21.371
5725,271,21.371
5726,283,19.761
5727,280,20.615
5728,280,20.615
5729,255,20.615
5730,251,20.615
5731,254,18.035
5732,230,18.035
5733,237,14.787
5734,233,21.266
5735,234,19.518
5736,229,19.518
5737,254,11.557
5738,244,11.557
5739,234,19.231
5740,234,19.231
5741,236,19.231
5742,230,19.231
5743,250,19.231
5744,257,19.231
5745,267,19.231
5746,272,19.231
5747,260,20.882
5748,258,21.045
5749,255,21.045
5750,260,20.882
5751,236,20.882
5752,232,14.667
5753,245,14.667
5754,226,14.667
5755,226,14.667
5756,224,14.667
5757,211,15.569
5758,215,15.569
5759,213,21.345
5760,214,21.345
5761,226,21.345
5762,222,21.345
5763,233,21.345
5764,233,21.3
5765,214,21.3
5766,214,21.62
5767,223,22.032
5768,242,21.775
5769,236,21.62
5770,232,20.382
5771,223,20.492
5772,226,21.831
5773,234,20.492
5774,235,20.492
5775,231,20.492
5776,232,20.806
5777,244,20.806
5778,246,21.163
5779,265,21.163
5780,255,21.163
5781,253,21.163
5782,248,21.163
5783,258,21.163
5784,261,21.163
5785,258,21.255
5786,258,21.255
5787,249,21.144
5788,262,21.652
5789,256,21.652
5790,249,21.652
5791,245,21.652
5792,231,21.652
5793,228,21.428
5794,232,22.076
5795,231,22.076
5796,245,20.719
5797,254,20.719
5798,273,20.792
5799,246,20.719
5800,250,19.749
5801,237,19.749
5802,237,19.749
5803,242,19.749
5804,239,19.749
5805,241,19.749
5806,241,21.897
5807,246,21.897
5808,257,21.897
5809,274,21.897
5810,273,21.789
5811,267,21.789
5812,263,21.626
5813,253,19.749
5814,256,19.749
5815,264,16.508
5816,254,16.508
5817,256,18.726
5818,252,14.571
5819,243,13.943
5820,259,16.403
5821,289,15.662
5822,274,17.82
5823,282,17.82
5824,285,20.589
5825,290,17.82
5826,273,17.82
5827,273,21.323
5828,272,21.323
5829,280,21.323
5830,289,21.323
5831,278,21.323
5832,278,21.323
5833,244,21.323
5834,272,21.348
5835,271,21.348
5836,262,20.71
5837,269,18.992
5838,265,18.992
5839,270,18.992
5840,268,17.267
5841,274,21.686
5842,271,21.686
5843,272,21.686
5844,274,21.686
5845,241,21.686
5846,231,21.686
5847,237,21.686
5848,246,21.686
5849,260,21.686
5850,261,21.686
5851,278,21.686
5852,286,21.686
5853,302,21.686
5854,293,21.686
5855,296,21.686
5856,296,21.686
5857,291,21.009
5858,291,21.009
5859,291,21.012
5860,279,21.429
5861,274,21.429
5862,279,21.429
5863,268,21.429
5864,280,21.429
5865,281,21.429
5866,269,21.429
5867,288,21.429
5868,288,21.429
5869,276,21.306
5870,256,21.306
5871,277,19.359
5872,277,19.359
5873,283,19.359
5874,280,19.004
5875,270,19.004
5876,273,19.004
5877,305,18.335
5878,261,18.335
5879,248,20.328
5880,242,19.918
5881,242,19.918
5882,238,20.735
5883,246,19.918
5884,257,19.918
5885,275,18.525
5886,263,18.525
5887,268,18.525
5888,276,19.99
5889,273,19.99
5890,278,20.071
5891,279,20.726
5892,284,21.688
5893,286,21.688
5894,280,21.688
5895,285,20.726
5896,282,20.726
5897,281,20.726
5898,287,21.42
5899,288,20.726
5900,268,20.726
5901,276,20.726
5902,266,18.863
5903,265,18.863
5904,260,18.863
5905,261,18.863
5906,252,17.509
5907,245,17.509
5908,243,22.056
5909,242,18.753
5910,238,18.753
5911,239,19.234
5912,224,20.543
5913,246,20.543
5914,251,20.543
5915,247,20.543
5916,228,20.543
5917,228,20.543
5918,231,20.271
5919,226,20.271
5920,224,20.271
5921,230,21.727
5922,232,21.727
5923,225,19.288
5924,225,19.288
5925,222,19.288
5926,229,19.288
5927,231,19.288
5928,228,19.288
5929,221,19.288
5930,222,19.288
5931,236,20.095
5932,241,20.095
5933,234,20.095
5934,226,10.111
5935,226,19.468
5936,222,19.468
5937,212,22.086
5938,218,16.703
5939,209,16.703
5940,209,20.819
5941,205,21.132
5942,208,21.132
5943,204,21.132
5944,213,21.132
5945,211,20.819
5946,217,21.198
5947,209,21.198
5948,220,21.198
5949,209,20.819
5950,209,20.819
5951,215,20.819
5952,222,20.819
5953,221,20.819
5954,221,20.819
5955,222,20.819
5956,216,20.819
5957,211,20.819
5958,210,20.819
5959,209,18.2
5960,212,15.014
5961,214,15.175
5962,230,20.295
5963,238,15.175
5964,246,21.599
5965,239,21.599
5966,237,21.599
5967,238,21.599
5968,236,21.599
5969,237,21.599
5970,236,21.599
5971,231,21.599
5972,236,16.424
5973,243,14.601
5974,248,21.018
5975,252,19.165
5976,252,19.165
5977,251,14.792
5978,250,14.792
5979,254,14.792
5980,260,14.792
5981,252,19.338
5982,262,18.806
5983,253,19.486
5984,255,19.486
5985,267,19.39
5986,252,19.39
5987,257,19.39
5988,261,19.39
5989,256,19.39
5990,247,19.39
5991,241,17.812
5992,233,17.812
5993,242,16.528
5994,233,16.528
5995,242,15.671
5996,242,22.083
5997,251,20.182
5998,241,20.182
5999,244,20.182
6000,242,20.182
6001,238,20.182
6002,244,20.182
6003,243,20.663
6004,238,20.663
6005,243,20.663
6006,245,20.663
6007,248,20.663
6008,249,20.663
6009,261,20.663
6010,270,20.89
6011,279,20.89
6012,276,20.89
6013,278,21.106
6014,265,21.106
6015,258,21.106
6016,262,21.106
6017,266,21.136
6018,274,21.136
6019,260,21.136
6020,261,21.584
6021,252,21.584
6022,262,21.584
6023,265,21.584
6024,258,21.584
6025,262,20.89
6026,272,20.559
6027,272,20.559
6028,277,20.559
6029,267,22.017
6030,268,22.017
6031,259,22.017
6032,255,22.017
6033,239,21.76
6034,244,21.76
6035,244,21.76
6036,262,21.76
6037,248,21.76
6038,253,21.76
6039,247,21.76
6040,258,21.76
6041,254,21.76
6042,247,21.76
6043,232,21.76
6044,241,21.76
6045,251,20.559
6046,254,20.559
6047,256,21.859
6048,254,21.859
6049,259,21.859
6050,257,21.859
6051,249,21.859
6052,258,21.859
6053,253,21.859
6054,244,16.756
6055,237,20.337
6056,236,20.337
6057,232,21.816
6058,234,21.816
6059,236,20.29
6060,244,20.899
6061,244,20.899
6062,248,20.899
6063,243,20.899
6064,228,20.899
6065,231,17.686
6066,250,17.686
6067,237,17.686
6068,227,17.686
6069,225,22.062
6070,229,19.27
6071,228,19.27
6072,246,19.27
6073,244,19.27
6074,246,19.27
6075,229,20.995
6076,219,19.27
6077,228,19.27
6078,238,19.27
6079,239,17.919
6080,241,17.919
6081,240,18.448
6082,242,18.448
6083,238,18.448
6084,234,19.36
6085,244,20.265
6086,235,21.709
6087,242,21.709
6088,242,21.709
6089,242,21.709
6090,249,21.709
6091,245,21.709
6092,242,21.709
6093,241,19.954
6094,241,19.954
6095,244,19.954
6096,255,19.954
6097,254,19.954
6098,247,19.954
6099,249,19.417
6100,241,19.417
6101,243,19.258
6102,262,13.671
6103,257,9.815
6104,261,12.222
6105,273,12.222
6106,249,10.467
6107,248,11.193
6108,245,16.609
6109,244,16.609
6110,245,16.609
6111,256,22.041
6112,251,22.041
6113,257,20.558
6114,258,19.889
6115,248,19.889
6116,246,16.609
6117,238,20.4
6118,243,20.4
6119,253,20.4
6120,260,20.4
6121,268,21.497
6122,289,21.497
6123,274,20.4
6124,260,21.533
6125,256,21.533
6126,246,21.533
6127,243,21.533
6128,248,21.533
6129,246,20.4
6130,244,20.4
6131,237,20.944
6132,250,21.718
6133,243,20.944
6134,243,20.797
6135,244,20.797
6136,244,18.708
6137,242,18.708
6138,237,20.465
6139,228,20.465
6140,227,20.465
6141,238,15.925
6142,238,15.023
6143,249,16.654
6144,247,21.461
6145,248,21.535
6146,238,21.535
6147,233,21.535
6148,234,21.535
6149,237,21.535
6150,241,18.235
6151,232,14.11
6152,235,14.11
6153,229,14.11
6154,223,15.177
6155,223,13.157
6156,223,16.7
6157,223,16.7
6158,246,13.157
6159,243,21.653
6160,231,21.653
6161,206,21.653
6162,211,21.653
6163,217,21.653
6164,227,21.653
6165,237,21.653
6166,247,21.653
6167,255,21.653
6168,241,21.653
6169,256,21.653
6170,256,21.653
6171,243,21.653
6172,223,21.653
6173,249,21.653
6174,255,21.653
6175,253,21.653
6176,252,19.031
6177,233,19.031
6178,235,19.031
6179,244,19.031
6180,237,19.031
6181,247,19.031
6182,248,19.031
6183,254,19.031
6184,263,19.031
6185,273,19.031
6186,280,20.695
6187,272,21.27
6188,260,21.27
6189,259,21.297
6190,264,21.27
6191,266,21.27
6192,248,21.27
6193,261,21.27
6194,257,21.438
6195,249,21.438
6196,253,21.438
6197,257,21.438
6198,256,21.438
6199,276,21.937
6200,284,21.937
6201,281,21.937
6202,269,21.937
6203,286,21.937
6204,270,21.789
6205,269,21.789
6206,271,21.789
6207,264,21.789
6208,257,21.789
6209,261,21.789
6210,274,21.789
6211,257,19.324
6212,248,19.324
6213,232,18.451
6214,231,16.221
6215,235,15.414
6216,236,17.507
6217,235,15.414
6218,235,15.414
6219,225,16.454
6220,228,16.454
6221,234,16.454
6222,231,16.454
6223,240,19.354
6224,249,21.793
6225,256,21.793
6226,244,21.793
6227,230,21.793
6228,241,19.354
6229,253,19.354
6230,252,19.354
6231,252,19.354
6232,270,19.354
6233,265,19.354
6234,259,19.354
6235,290,19.354
6236,278,20.003
6237,261,20.003
6238,251,20.003
6239,256,20.003
6240,251,20.003
6241,251,20.003
6242,249,20.003
6243,247,20.003
6244,245,20.003
6245,255,20.003
6246,248,20.003
6247,255,20.003
6248,252,20.003
6249,259,21.354
6250,251,21.354
6251,253,21.354
6252,252,21.354
6253,236,19.787
6254,246,19.787
6255,250,19.787
6256,257,18.675
6257,250,18.675
6258,254,22.023
6259,254,22.023
6260,248,17.384
6261,260,15.763
6262,264,15.763
6263,271,18.571
6264,272,18.571
6265,281,15.763
6266,274,15.763
6267,276,21.847
6268,273,21.847
6269,273,20.869
6270,253,15.763
6271,257,15.763
6272,257,21.106
6273,264,21.106
6274,260,17.895
6275,266,17.895
6276,238,17.895
6277,237,21.882
6278,247,21.882
6279,247,21.882
6280,250,21.882
6281,253,21.882
6282,253,21.882
6283,250,21.882
6284,253,21.661
6285,246,21.661
6286,251,21.661
6287,244,21.661
6288,259,21.661
6289,261,21.661
6290,264,21.661
6291,264,21.661
6292,257,21.874
6293,248,21.661
6294,250,19.028
6295,248,20.002
6296,250,21.682
6297,250,21.682
6298,250,21.682
6299,253,20.624
6300,259,20.624
6301,255,20.582
6302,242,21.886
6303,238,21.886
6304,249,21.886
6305,273,21.886
6306,269,21.886
6307,266,21.886
6308,264,21.886
6309,275,21.886
6310,272,21.886
6311,267,21.886
6312,266,21.886
6313,273,18.373
6314,266,18.61
6315,265,18.373
6316,281,17.381
6317,282,21.455
6318,278,15.483
6319,281,21.826
6320,284,13.51
6321,280,13.51
6322,272,18.658
6323,270,18.923
6324,275,18.923
6325,277,18.923
6326,270,18.923
6327,271,18.923
6328,278,18.923
6329,277,18.923
6330,277,19.829
6331,279,21.476
6332,278,21.476
6333,268,21.637
6334,254,21.637
6335,252,20.869
6336,236,20.869
6337,239,21.431
6338,247,21.371
6339,240,21.371
6340,229,20.771
6341,220,20.771
6342,218,19.829
6343,212,19.829
6344,244,19.829
6345,270,19.829
6346,274,20.184
6347,271,20.184
6348,274,20.184
6349,248,20.184
6350,245,20.184
6351,226,20.184
6352,259,20.184
6353,243,20.184
6354,232,20.184
6355,230,20.849
6356,244,20.849
6357,261,20.849
6358,244,20.849
6359,245,20.184
6360,238,20.184
6361,238,20.184
6362,234,19.461
6363,249,21.581
6364,251,21.581
6365,248,21.581
6366,251,21.581
6367,251,21.581
6368,246,21.581
6369,222,17.954
6370,221,17.342
6371,215,20.212
6372,222,20.212
6373,218,20.212
6374,215,20.212
6375,218,20.212
6376,210,20.212
6377,219,20.212
6378,212,20.212
6379,206,20.212
6380,210,20.212
6381,220,20.212
6382,224,20.462
6383,230,20.462
6384,249,20.462
6385,224,21.763
6386,223,21.763
6387,218,20.212
6388,216,20.212
6389,218,20.212
6390,222,20.212
6391,239,20.212
6392,219,20.212
6393,212,20.212
6394,236,20.212
6395,253,20.212
6396,256,17.123
6397,266,18.83
6398,267,18.83
6399,253,16.586
6400,270,16.586
6401,254,16.586
6402,263,16.114
6403,266,19.727
6404,260,16.114
6405,279,21.245
6406,276,21.245
6407,255,21.245
6408,251,21.245
6409,253,21.245
6410,257,21.245
6411,270,21.245
6412,264,19.808
6413,261,19.808
6414,268,19.808
6415,268,19.808
6416,262,19.808
6417,266,19.808
6418,261,19.901
6419,261,20.092
6420,273,20.092
6421,252,20.092
6422,243,19.901
6423,241,19.901
6424,244,19.901
6425,245,18.854
6426,268,18.854
6427,277,18.454
6428,252,18.454
6429,255,19.402
6430,258,20.292
6431,254,19.389
6432,259,20.908
6433,261,20.908
6434,249,19.255
6435,258,20.334
6436,259,20.334
6437,264,20.334
6438,264,20.334
6439,248,21.73
6440,256,19.832
6441,262,19.832
6442,265,19.877
6443,276,19.877
6444,259,19.877
6445,248,19.877
6446,252,16.517
6447,251,16.442
6448,260,14.189
6449,264,14.189
6450,275,12.114
6451,295,21.419
6452,295,17.084
6453,292,17.084
6454,279,15.503
6455,263,15.503
6456,266,15.473
6457,272,21.075
6458,289,21.075
6459,275,21.56
6460,270,21.075
6461,264,21.359
6462,277,21.359
6463,265,21.359
6464,265,21.359
6465,263,21.359
6466,248,21.359
6467,252,21.359
6468,251,21.359
6469,274,21.359
6470,276,17.904
6471,267,17.904
6472,266,17.904
6473,270,17.904
6474,273,20.122
6475,289,20.149
6476,285,20.149
6477,281,20.149
6478,277,17.904
6479,270,17.904
6480,263,20.169
6481,272,17.375
6482,272,19.383
6483,261,18.483
6484,236,18.483
6485,230,18.483
6486,233,10.584
6487,241,10.584
6488,251,17.525
6489,251,17.525
6490,259,17.525
6491,272,16.496
6492,257,18.224
6493,275,18.224
6494,271,18.224
6495,262,20.815
6496,262,20.815
6497,263,20.815
6498,269,21.407
6499,268,21.407
6500,270,18.224
6501,270,18.224
6502,268,18.224
6503,266,18.714
6504,282,21.701
6505,270,21.701
6506,264,21.701
6507,263,21.701
6508,257,20.465
6509,255,20.465
6510,249,20.465
6511,240,21.556
6512,242,21.556
6513,264,22.064
6514,252,22.064
6515,241,21.556
6516,242,21.556
6517,248,21.556
6518,242,21.556
6519,251,21.626
6520,250,21.626
6521,275,12.553
6522,255,12.553
6523,254,13.216
6524,245,13.216
6525,245,14.517
6526,245,17.395
6527,260,17.395
6528,259,13.216
6529,271,13.274
6530,279,13.216
6531,253,19.444
6532,259,19.444
6533,261,19.444
6534,261,19.444
6535,274,19.444
6536,274,19.444
6537,278,20.146
6538,279,20.146
6539,261,20.146
6540,255,20.146
6541,265,20.146
6542,248,20.146
6543,248,20.146
6544,235,20.323
6545,256,20.146
6546,238,20.146
6547,242,20.959
6548,214,20.959
6549,216,20.959
6550,228,20.959
6551,226,20.146
6552,237,20.146
6553,263,20.146
6554,260,20.146
6555,265,20.146
6556,268,21.269
6557,253,21.269
6558,248,21.269
6559,243,21.432
6560,244,21.751
6561,237,21.751
6562,245,21.751
6563,246,21.682
6564,248,21.682
6565,236,21.682
6566,235,21.682
6567,230,21.695
6568,239,22.088
6569,235,21.695
6570,228,21.695
6571,229,21.909
6572,255,21.909
6573,251,21.909
6574,260,21.909
6575,255,21.909
6576,248,21.909
6577,249,21.909
6578,233,21.909
6579,239,21.909
6580,247,21.909
6581,246,20.699
6582,233,20.699
6583,234,20.699
6584,230,20.699
6585,231,20.699
6586,230,20.699
6587,238,21.276
6588,237,21.276
6589,227,20.699
6590,237,20.699
6591,233,19.184
6592,228,22.023
6593,228,22.023
6594,227,22.023
6595,228,22.023
6596,230,22.023
6597,229,22.023
6598,223,22.023
6599,221,22.023
6600,224,19.949
6601,231,19.949
6602,223,19.949
6603,223,20.233
6604,242,20.233
6605,239,21.386
6606,236,21.386
6607,240,21.386
6608,257,20.233
6609,263,19.918
6610,249,19.918
6611,246,21.381
6612,247,21.381
6613,252,21.381
6614,247,21.381
6615,246,21.381
6616,244,21.381
6617,266,19.927
6618,247,19.927
6619,250,17.803
6620,251,17.803
6621,261,15.811
6622,257,15.811
6623,272,15.416
6624,276,17.611
6625,274,15.775
6626,263,17.01
6627,263,20.397
6628,267,15.775
6629,269,15.775
6630,282,10.904
6631,282,10.904
6632,284,19.832
6633,282,20.896
6634,293,20.896
6635,314,20.896
6636,297,20.896
6637,292,22.002
6638,288,22.002
6639,273,22.002
6640,275,18.143
6641,257,18.143
6642,293,18.143
6643,297,14.081
6644,293,14.081
6645,292,15.037
6646,301,15.037
6647,302,15.037
6648,299,19.111
6649,289,19.111
6650,271,19.111
6651,272,20.749
6652,271,20.749
6653,268,20.749
6654,232,14.911
6655,241,14.911
6656,242,14.911
6657,258,12.687
6658,263,17.093
6659,263,17.093
6660,237,21.846
6661,241,21.846
6662,240,21.904
6663,239,21.904
6664,248,21.904
6665,253,21.904
6666,244,21.904
6667,258,21.904
6668,264,21.904
6669,256,21.904
6670,251,21.904
6671,247,21.846
6672,244,21.342
6673,241,21.342
6674,262,21.342
6675,259,21.342
6676,257,21.342
6677,248,21.342
6678,259,21.342
6679,266,17.88
6680,266,17.88
6681,247,17.88
6682,246,17.88
6683,245,20.319
6684,244,20.319
6685,241,17.88
6686,245,17.88
6687,235,16.768
6688,244,16.768
6689,239,21.667
6690,235,21.667
6691,240,21.667
6692,241,21.667
6693,230,20.574
6694,230,20.574
6695,251,20.822
6696,272,20.822
6697,271,20.822
6698,272,14.111
6699,273,14.111
6700,288,14.111
6701,292,14.111
6702,299,14.111
6703,290,15.301
6704,267,15.301
6705,265,14.111
6706,264,14.111
6707,253,14.111
6708,244,14.111
6709,249,20.612
6710,255,20.612
6711,256,20.612
6712,270,20.612
6713,252,20.612
6714,248,20.612
6715,252,20.612
6716,246,20.612
6717,233,20.612
6718,241,20.612
6719,239,18.657
6720,241,18.657
6721,240,18.657
6722,240,18.657
6723,242,18.657
6724,241,18.657
6725,241,18.657
6726,241,18.657
6727,248,18.657
6728,251,18.989
6729,248,18.989
6730,229,18.989
6731,222,18.989
6732,224,18.989
6733,226,20.561
6734,229,18.289
6735,223,18.289
6736,229,18.289
6737,233,20.305
6738,240,20.305
6739,234,18.289
6740,245,18.289
6741,252,18.289
6742,245,19.742
6743,242,19.742
6744,232,19.742
6745,238,17.273
6746,235,17.273
6747,244,19.587
6748,236,19.587
6749,231,20.689
6750,234,20.689
6751,240,20.689
6752,246,20.689
6753,248,20.689
6754,244,20.689
6755,240,20.689
6756,247,21.018
6757,260,21.018
6758,254,21.018
6759,242,21.425
6760,251,21.018
6761,242,21.503
6762,251,21.018
6763,242,21.018
6764,233,19.587
6765,239,19.587
6766,234,19.691
6767,233,19.691
6768,235,19.691
6769,240,19.691
6770,234,19.691
6771,254,19.587
6772,252,19.587
6773,241,9.638
6774,239,9.638
6775,224,12.544
6776,227,12.544
6777,242,20.242
6778,244,19.423
6779,217,12.544
6780,216,18.2
6781,219,18.305
6782,227,18.305
6783,229,20.098
6784,235,20.098
6785,230,20.812
6786,240,20.045
6787,246,20.045
6788,249,20.045
6789,245,18.648
6790,240,18.648
6791,241,19.365
6792,244,19.365
6793,245,19.365
6794,244,19.365
6795,250,19.365
6796,241,19.365
6797,238,21.329
6798,251,21.329
6799,255,21.329
6800,246,21.329
6801,244,21.329
6802,242,21.532
6803,252,21.329
6804,251,21.329
6805,254,21.329
6806,267,21.329
6807,271,21.329
6808,262,21.329
6809,265,21.329
6810,278,21.329
6811,272,21.329
6812,284,21.329
6813,285,21.329
6814,274,21.329
6815,270,21.329
6816,261,21.607
6817,251,21.607
6818,250,21.607
6819,241,21.607
6820,244,21.607
6821,251,21.607
6822,275,21.607
6823,280,21.607
6824,273,21.607
6825,263,21.607
6826,264,17.827
6827,273,17.201
6828,291,20.367
6829,296,20.367
6830,289,13.067
6831,274,21.85
6832,277,21.85
6833,278,21.85
6834,277,21.85
6835,272,21.85
6836,266,21.85
6837,271,21.85
6838,264,21.85
6839,266,21.85
6840,289,17.812
6841,294,16.986
6842,299,17.474
6843,306,21.677
6844,316,21.677
6845,314,21.677
6846,296,17.701
6847,269,17.701
6848,270,18.89
6849,270,18.89
6850,267,21.458
6851,267,19.043
6852,284,19.043
6853,266,19.647
6854,266,19.647
6855,271,19.647
6856,292,19.647
6857,292,19.647
6858,287,19.647
6859,285,19.647
6860,321,18.89
6861,316,16.46
6862,297,19.749
6863,293,19.749
6864,271,20.52
6865,273,19.749
6866,272,19.749
6867,272,19.749
6868,265,21.999
6869,264,22.05
6870,255,22.05
6871,252,22.05
6872,241,22.05
6873,231,22.05
6874,230,22.02
6875,231,22.02
6876,230,22.02
6877,227,22.02
6878,231,22.02
6879,229,21.592
6880,226,21.592
6881,230,19.551
6882,237,18.462
6883,268,18.462
6884,241,18.462
6885,247,21.004
6886,245,21.004
6887,244,21.332
6888,252,21.332
6889,263,21.287
6890,249,21.287
6891,249,18.773
6892,253,18.773
6893,250,17.784
6894,249,17.784
6895,246,19.252
6896,263,19.252
6897,276,12.651
6898,264,21.538
6899,254,17.886
6900,243,17.886
6901,256,17.886
6902,237,17.886
6903,237,17.886
6904,235,17.886
6905,254,20.343
6906,256,20.343
6907,258,21.566
6908,264,21.566
6909,262,21.566
6910,269,21.566
6911,268,21.566
6912,257,21.566
6913,263,21.566
6914,276,21.566
6915,283,21.566
6916,275,21.566
6917,283,18.122
6918,284,15.127
6919,274,13.429
6920,242,13.429
6921,231,13.429
6922,241,13.429
6923,254,13.429
6924,250,20.603
6925,256,17.383
6926,258,15.5
6927,246,19.868
6928,246,19.868
6929,242,19.868
6930,234,19.868
6931,235,21.859
6932,229,21.859
6933,230,17.516
6934,231,17.516
6935,238,17.516
6936,239,17.516
6937,235,17.516
6938,231,7.633
6939,237,7.229
6940,232,8.94
6941,231,14.727
6942,228,14.727
6943,220,16.012
6944,219,16.989
6945,230,16.989
6946,233,16.989
6947,238,16.989
6948,246,19.653
6949,256,19.653
6950,269,19.653
6951,247,19.653
6952,259,19.653
6953,255,19.653
6954,257,19.653
6955,260,19.653
6956,256,18.0
6957,238,19.82
6958,262,18.0
6959,269,21.916
6960,277,21.916
6961,276,21.916
6962,282,21.916
6963,266,18.326
6964,250,18.326
6965,240,17.351
6966,238,20.583
6967,245,17.351
6968,252,21.485
6969,248,21.485
6970,265,21.485
6971,252,21.485
6972,249,14.921
6973,252,14.921
6974,256,21.56
6975,247,14.473
6976,252,14.473
6977,249,14.473
6978,254,17.253
6979,264,17.253
6980,268,13.408
6981,263,12.155
6982,245,14.589
6983,241,20.818
6984,242,20.818
6985,245,19.512
6986,254,12.134
6987,248,13.988
6988,237,13.988
6989,256,17.996
6990,241,13.988
6991,247,14.065
6992,249,14.065
6993,253,14.065
6994,239,22.088
6995,230,22.088
6996,230,22.088
6997,230,22.088
6998,235,22.088
6999,225,22.088
7000,225,22.088
7001,230,22.088
7002,233,20.083
7003,231,20.083
7004,248,20.083
7005,256,21.847
7006,270,21.847
7007,279,21.847
7008,292,21.847
7009,277,21.847
7010,258,21.847
7011,255,21.847
7012,253,21.847
7013,262,21.847
7014,254,21.847
7015,278,21.847
7016,286,21.847
7017,274,21.847
7018,273,18.819
7019,269,18.02
7020,261,18.02
7021,258,18.02
7022,268,18.02
7023,263,20.385
7024,263,20.385
7025,271,20.385
7026,269,21.432
7027,267,21.432
7028,271,21.432
7029,281,21.432
7030,269,21.432
7031,268,21.432
7032,266,21.432
7033,266,21.432
7034,282,21.949
7035,279,21.949
7036,278,21.949
7037,276,21.949
7038,273,21.949
7039,267,21.949
7040,256,21.949
7041,273,21.949
7042,259,21.949
7043,263,21.949
7044,268,21.949
7045,280,21.949
7046,279,21.949
7047,270,17.683
7048,270,17.683
7049,265,19.067
7050,265,14.926
7051,277,21.751
7052,281,21.751
7053,275,15.641
7054,264,15.641
7055,290,15.641
7056,257,15.641
7057,260,16.038
7058,274,16.038
7059,255,16.038
7060,244,16.038
7061,242,20.804
7062,255,20.804
7063,257,20.804
7064,262,20.804
7065,260,20.804
7066,260,20.804
7067,246,21.547
7068,238,21.547
7069,236,21.547
7070,238,21.547
7071,225,21.547
7072,235,21.547
7073,244,21.547
7074,273,21.547
7075,268,20.804
7076,267,14.21
7077,271,17.695
7078,271,17.695
7079,255,13.884
7080,268,16.197
7081,267,18.078
7082,266,18.708
7083,269,18.708
7084,273,18.708
7085,278,18.708
7086,265,8.404
7087,265,15.153
7088,266,14.158
7089,255,17.465
7090,248,17.465
7091,251,17.465
7092,257,18.122
7093,270,17.821
7094,271,17.821
7095,276,17.821
7096,284,14.158
7097,293,19.267
7098,279,19.267
7099,273,19.267
7100,267,19.267
7101,280,21.575
7102,283,21.575
7103,282,21.595
7104,286,21.575
7105,298,21.575
7106,290,21.575
7107,288,21.575
7108,285,21.575
7109,259,21.275
7110,267,17.384
7111,259,21.53
7112,257,21.53
7113,245,21.688
7114,222,21.688
7115,230,21.688
7116,220,21.688
7117,220,21.53
7118,226,21.53
7119,238,21.53
7120,236,21.53
7121,241,21.53
7122,248,21.53
7123,243,21.53
7124,246,20.426
7125,255,20.287
7126,261,13.459
7127,255,13.459
7128,253,13.136
7129,252,17.886
7130,280,20.98
7131,257,17.886
7132,256,17.886
7133,262,20.426
7134,274,20.426
7135,275,20.426
7136,277,20.426
7137,273,20.426
7138,277,19.571
7139,274,19.571
7140,276,18.669
7141,280,16.367
7142,302,10.631
7143,318,17.117
7144,307,10.631
7145,304,10.592
7146,301,13.853
7147,293,13.853
7148,296,13.853
7149,292,18.648
7150,289,18.648
7151,284,18.648
7152,286,18.648
7153,274,21.745
7154,268,21.745
7155,272,18.648
7156,267,18.648
7157,267,18.648
7158,269,18.648
7159,272,18.648
7160,269,21.287
7161,271,21.287
7162,272,21.287
7163,256,19.787
7164,255,19.787
7165,258,19.787
7166,253,19.787
7167,255,19.787
7168,248,19.787
7169,259,19.787
7170,254,19.787
7171,250,19.787
7172,258,19.787
7173,262,19.787
7174,253,22.017
7175,243,22.017
7176,255,22.017
7177,255,22.017
7178,246,22.017
7179,263,22.017
7180,252,22.017
7181,236,22.017
7182,224,19.787
7183,246,19.787
7184,240,19.787
7185,230,19.787
7186,244,19.787
7187,256,19.787
7188,254,19.787
7189,257,19.787
7190,277,19.787
7191,298,19.787
7192,283,19.787
7193,274,19.787
7194,274,16.099
7195,277,13.956
7196,275,13.956
7197,283,21.521
7198,283,21.521
7199,285,21.521
7200,257,17.226
7201,251,18.187
7202,250,17.226
7203,244,17.226
7204,254,16.918
7205,256,16.918
7206,255,15.423
7207,250,15.423
7208,246,18.454
7209,247,18.454
7210,241,18.454
7211,244,18.454
7212,242,18.454
7213,239,18.744
7214,258,18.454
7215,259,18.454
7216,261,18.454
7217,272,18.454
7218,249,18.454
7219,250,18.454
7220,253,18.454
7221,273,18.454
7222,225,18.454
7223,219,18.454
7224,222,18.454
7225,236,18.454
7226,231,18.454
7227,227,20.349
7228,227,20.349
7229,230,20.349
7230,226,19.643
7231,228,19.643
7232,231,19.643
7233,241,22.026
7234,245,22.026
7235,247,22.026
7236,271,22.026
7237,260,19.9
7238,258,17.788
7239,251,16.182
7240,253,16.182
7241,248,19.563
7242,260,16.182
7243,257,16.182
7244,257,16.182
7245,249,19.314
7246,254,21.111
7247,258,21.111
7248,257,21.111
7249,253,21.111
7250,227,19.314
7251,227,19.314
7252,233,18.454
7253,229,18.454
7254,225,20.579
7255,223,20.579
7256,228,20.579
7257,238,20.579
7258,237,20.579
7259,234,18.475
7260,233,18.475
7261,225,18.475
7262,221,18.475
7263,217,18.475
7264,225,18.475
7265,225,18.475
7266,221,21.177
7267,228,18.475
7268,226,18.475
7269,227,20.148
7270,222,18.475
7271,231,20.015
7272,253,20.015
7273,257,20.791
7274,242,20.015
7275,260,20.015
7276,251,17.818
7277,240,19.252
7278,238,19.252
7279,247,21.114
7280,246,19.252
7281,240,19.252
7282,244,16.289
7283,228,17.294
7284,237,17.294
7285,248,17.294
7286,261,19.351
7287,252,19.252
7288,244,19.273
7289,242,19.252
7290,266,19.252
7291,263,19.252
7292,268,19.252
7293,242,20.785
7294,236,19.317
7295,229,21.407
7296,255,21.407
7297,260,21.407
7298,261,21.407
7299,270,21.407
7300,292,21.407
7301,313,21.407
7302,321,21.407
7303,329,21.407
7304,311,21.407
7305,303,21.713
7306,264,21.713
7307,259,21.713
7308,306,21.713
7309,247,21.822
7310,246,21.822
7311,240,21.822
7312,237,21.822
7313,247,21.407
7314,258,20.116
7315,248,20.116
7316,256,20.116
7317,256,20.116
7318,256,20.116
7319,270,21.623
7320,262,21.623
7321,262,21.623
7322,263,21.623
7323,265,21.623
7324,260,19.954
7325,263,20.462
7326,285,20.074
7327,285,22.053
7328,295,20.074
7329,280,17.644
7330,273,18.831
7331,269,18.927
7332,268,18.927
7333,258,18.214
7334,259,18.214
7335,262,17.733
7336,270,19.04
7337,255,20.887
7338,245,20.887
7339,242,20.887
7340,236,20.947
7341,250,20.947
7342,243,20.947
7343,237,20.947
7344,237,20.947
7345,242,20.947
7346,245,20.947
7347,240,20.947
7348,252,20.947
7349,271,20.947
7350,280,20.947
7351,288,20.947
7352,288,20.947
7353,260,20.947
7354,267,20.947
7355,269,20.947
7356,274,20.268
7357,275,21.79
7358,277,21.79
7359,277,21.79
7360,279,20.009
7361,274,20.009
7362,266,19.773
7363,275,19.378
7364,273,19.808
7365,278,19.378
7366,276,18.897
7367,262,21.213
7368,258,21.091
7369,270,21.091
7370,257,21.091
7371,243,21.091
7372,249,21.091
7373,248,21.091
7374,243,21.091
7375,237,21.091
7376,266,21.091
7377,269,21.078
7378,280,20.973
7379,280,20.973
7380,272,18.113
7381,271,19.879
7382,274,19.879
7383,249,19.879
7384,243,15.928
7385,235,18.815
7386,248,20.651
7387,243,15.928
7388,246,15.928
7389,253,15.928
7390,253,15.896
7391,269,20.205
7392,269,20.205
7393,269,20.205
7394,289,17.312
7395,286,21.91
7396,257,21.53
7397,261,16.929
7398,260,16.929
7399,267,16.929
7400,262,16.929
7401,247,16.929
7402,226,16.929
7403,219,21.386
7404,234,21.386
7405,246,16.968
7406,258,18.005
7407,248,16.968
7408,242,19.682
7409,230,19.682
7410,233,17.82
7411,222,15.733
7412,227,19.139
7413,228,19.139
7414,247,19.428
7415,260,21.485
7416,272,21.485
7417,272,21.485
7418,271,21.485
7419,280,21.485
7420,290,17.659
7421,277,17.856
7422,275,18.362
7423,259,17.856
7424,263,17.856
7425,265,17.856
7426,273,17.856
7427,272,17.856
7428,280,17.638
7429,273,16.604
7430,283,19.972
7431,287,19.972
7432,281,21.686
7433,270,21.686
7434,265,21.686
7435,276,21.393
7436,280,21.393
7437,284,21.369
7438,275,21.363
7439,278,21.363
7440,285,19.948
7441,278,20.986
7442,281,19.701
7443,287,17.889
7444,281,17.315
7445,297,17.315
7446,297,17.315
7447,296,17.315
7448,293,17.315
7449,294,17.315
7450,288,17.315
7451,286,21.598
7452,255,21.598
7453,256,21.867
7454,245,21.867
7455,229,21.598
7456,229,21.598
7457,234,21.598
7458,240,21.598
7459,241,21.598
7460,254,21.598
7461,246,21.598
7462,247,21.598
7463,256,21.598
7464,255,21.598
7465,258,21.598
7466,267,21.598
7467,260,21.598
7468,240,21.598
7469,235,21.598
7470,228,21.598
7471,232,21.598
7472,226,21.598
7473,224,21.598
7474,237,21.598
7475,239,21.598
7476,250,21.598
7477,258,21.598
7478,246,21.598
7479,247,21.598
7480,246,21.598
7481,246,21.598
7482,248,21.598
7483,244,21.598
7484,257,21.598
7485,262,21.701
7486,271,21.598
7487,267,21.598
7488,272,21.598
7489,290,21.598
7490,275,21.598
7491,277,21.598
7492,271,21.598
7493,279,21.598
7494,281,21.598
7495,281,21.598
7496,283,21.598
7497,286,21.598
7498,283,21.598
7499,280,21.598
7500,268,21.317
7501,267,21.317
7502,276,21.317
7503,263,21.317
7504,255,21.317
7505,254,21.972
7506,256,21.972
7507,256,21.972
7508,256,21.972
7509,266,21.972
7510,265,19.48
7511,285,19.48
7512,281,19.48
7513,277,19.48
7514,274,19.48
7515,262,19.48
7516,263,19.48
7517,284,19.48
7518,291,17.115
7519,294,17.336
7520,295,17.336
7521,289,17.336
7522,290,16.268
7523,289,16.268
7524,287,16.268
7525,263,15.665
7526,274,15.665
7527,271,13.791
7528,264,14.371
7529,275,13.791
7530,278,11.557
7531,280,11.557
7532,287,21.706
7533,270,21.706
7534,276,13.641
7535,271,13.641
7536,272,11.713
7537,269,11.569
7538,272,19.36
7539,294,15.653
7540,293,21.297
7541,279,15.653
7542,281,15.653
7543,276,19.151
7544,244,19.151
7545,241,15.872
7546,242,15.872
7547,236,15.872
7548,253,16.071
7549,249,16.071
7550,244,16.071
7551,260,16.071
7552,263,17.184
7553,265,17.184
7554,270,17.184
7555,273,17.342
7556,272,17.342
7557,277,17.513
7558,276,17.513
7559,275,17.513
7560,264,17.513
7561,243,17.513
7562,256,17.513
7563,238,18.116
7564,255,18.116
7565,262,22.085
7566,262,22.085
7567,290,11.677
7568,269,20.911
7569,273,20.911
7570,276,20.872
7571,307,14.266
7572,305,14.266
7573,293,20.337
7574,299,14.337
7575,297,15.142
7576,277,20.639
7577,272,20.639
7578,262,20.639
7579,263,20.639
7580,266,20.202
7581,272,20.202
7582,278,20.202
7583,285,20.202
7584,278,20.202
7585,279,20.284
7586,274,20.284
7587,274,20.284
7588,275,20.284
7589,263,20.284
7590,263,21.966
7591,263,21.966
7592,252,18.723
7593,248,18.723
7594,251,17.993
7595,254,16.974
7596,245,16.974
7597,251,15.937
7598,253,17.782
7599,265,17.782
7600,270,17.782
7601,260,17.087
7602,265,20.923
7603,263,20.923
7604,265,17.087
7605,261,17.087
7606,261,17.087
7607,257,13.402
7608,292,13.402
7609,288,13.402
7610,284,20.13
7611,282,20.13
7612,285,20.13
7613,287,16.197
7614,277,19.784
7615,281,14.325
7616,248,18.302
7617,252,14.325
7618,252,20.929
7619,231,21.39
7620,242,21.39
7621,241,20.929
7622,245,18.158
7623,255,18.158
7624,252,21.045
7625,256,21.045
7626,252,21.045
7627,248,21.045
7628,243,17.121
7629,242,18.362
7630,243,17.74
7631,237,17.74
7632,239,17.74
7633,233,17.74
7634,235,16.401
7635,225,16.401
7636,244,16.556
7637,255,17.079
7638,259,20.151
7639,272,20.151
7640,272,20.151
7641,286,17.079
7642,273,18.57
7643,277,18.57
7644,283,18.57
7645,270,18.57
7646,268,12.514
7647,266,21.93
7648,267,21.93
7649,277,21.93
7650,251,21.867
7651,262,21.867
7652,270,21.867
7653,284,18.471
7654,282,21.697
7655,279,16.289
7656,261,17.404
7657,260,19.172
7658,258,16.289
7659,249,16.289
7660,252,21.517
7661,244,20.863
7662,243,20.863
7663,243,20.683
7664,242,20.683
7665,230,20.683
7666,225,20.176
7667,226,20.176
7668,244,21.132
7669,247,21.132
7670,247,21.132
7671,240,20.176
7672,255,20.176
7673,260,20.176
7674,257,16.553
7675,257,19.658
7676,239,22.079
7677,245,19.658
7678,246,20.408
7679,252,20.408
7680,253,17.473
7681,254,19.464
7682,265,16.553
7683,268,16.553
7684,268,21.139
7685,265,16.553
7686,257,16.553
7687,253,16.553
7688,248,18.445
7689,248,18.445
7690,247,20.098
7691,247,20.098
7692,258,20.098
7693,258,20.098
7694,267,20.098
7695,273,20.833
7696,278,20.098
7697,264,20.098
7698,271,21.117
7699,275,21.117
7700,269,21.419
7701,267,21.419
7702,269,21.419
7703,266,21.419
7704,279,21.419
7705,277,21.419
7706,276,21.419
7707,263,21.419
7708,253,20.146
7709,259,20.146
7710,270,21.928
7711,265,21.928
7712,267,21.928
7713,264,21.928
7714,257,20.146
7715,262,20.146
7716,263,16.072
7717,261,16.072
7718,254,14.585
7719,264,14.585
7720,259,20.125
7721,265,21.102
7722,275,20.125
7723,269,20.125
7724,270,20.125
7725,253,20.142
7726,251,20.142
7727,244,20.142
7728,288,20.125
7729,289,20.125
7730,275,20.125
7731,298,20.125
7732,296,18.096
7733,305,17.404
7734,306,17.404
7735,306,17.404
7736,299,15.603
7737,306,15.603
7738,283,15.603
7739,284,15.603
7740,287,15.603
7741,282,15.743
7742,304,15.743
7743,286,15.743
7744,281,15.743
7745,287,14.071
7746,269,20.233
7747,270,20.233
7748,269,20.233
7749,261,14.936
7750,259,15.591
7751,263,15.591
7752,254,15.591
7753,248,19.692
7754,245,19.692
7755,269,19.692
7756,235,19.692
7757,251,22.011
7758,238,20.266
7759,250,20.266
7760,249,21.796
7761,254,21.796
7762,259,21.796
7763,259,21.796
7764,250,21.796
7765,250,21.796
7766,238,20.142
7767,239,20.483
7768,239,18.867
7769,239,18.867
7770,237,20.281
7771,245,20.281
7772,251,20.281
7773,234,20.281
7774,262,20.281
7775,263,16.081
7776,270,15.703
7777,286,14.905
7778,281,14.905
7779,272,14.905
7780,258,17.566
7781,247,17.566
7782,236,17.566
7783,241,17.566
7784,235,17.566
7785,238,17.318
7786,249,14.526
7787,251,14.526
7788,251,14.89
7789,280,15.252
7790,254,14.89
7791,255,14.89
7792,270,15.482
7793,275,15.482
7794,276,15.482
7795,300,15.482
7796,295,15.482
7797,298,14.233
7798,282,14.233
7799,263,14.233
7800,268,18.504
7801,259,18.504
7802,272,19.249
7803,252,19.249
7804,257,19.249
7805,251,19.249
7806,252,19.249
7807,262,19.249
7808,267,19.808
7809,269,19.808
7810,285,19.808
7811,284,21.055
7812,291,21.055
7813,284,21.055
7814,277,21.055
7815,277,21.533
7816,271,21.533
7817,282,21.533
7818,282,21.533
7819,281,21.533
7820,278,21.533
7821,276,21.533
7822,264,12.409
7823,270,12.409
7824,274,14.11
7825,276,18.176
7826,268,18.176
7827,257,18.176
7828,244,20.313
7829,253,20.313
7830,260,20.313
7831,258,20.313
7832,264,16.08
7833,263,19.066
7834,269,19.066
7835,265,19.483
7836,254,19.483
7837,242,22.091
7838,250,22.091
7839,259,22.091
7840,259,22.091
7841,243,22.091
7842,249,22.091
7843,242,22.091
7844,264,22.091
7845,289,20.519
7846,268,20.519
7847,259,20.519
7848,268,20.519
7849,267,20.519
7850,267,20.519
7851,265,20.519
7852,263,20.519
7853,268,20.519
7854,266,20.519
7855,265,19.838
7856,260,19.838
7857,282,19.838
7858,282,21.051
7859,281,17.794
7860,272,17.671
7861,259,20.567
7862,289,17.671
7863,279,21.841
7864,277,21.841
7865,256,21.841
7866,268,21.841
7867,272,21.841
7868,271,21.841
7869,277,21.841
7870,279,21.841
7871,273,21.841
7872,284,21.841
7873,272,21.841
7874,264,21.841
7875,269,21.841
7876,276,21.841
7877,276,21.841
7878,275,19.378
7879,259,19.378
7880,258,21.625
7881,267,21.625
7882,261,21.625
7883,264,17.371
7884,261,18.813
7885,252,18.813
7886,257,18.14
7887,260,14.473
7888,254,16.941
7889,265,16.941
7890,265,16.941
7891,290,17.763
7892,285,17.763
7893,291,17.763
7894,292,16.245
7895,285,16.245
7896,284,21.392
7897,282,21.392
7898,275,21.392
7899,269,21.392
7900,251,21.392
7901,249,21.392
7902,256,21.392
7903,257,21.392
7904,253,18.779
7905,254,18.779
7906,267,18.779
7907,260,19.838
7908,246,19.838
7909,239,19.838
7910,228,19.838
7911,237,19.838
7912,234,19.838
7913,233,21.497
7914,233,21.772
7915,240,21.772
7916,241,21.772
7917,252,21.772
7918,246,21.772
7919,253,21.772
7920,246,21.772
7921,236,21.536
7922,236,20.574
7923,236,20.574
7924,237,20.574
7925,238,20.574
7926,242,20.574
7927,258,20.574
7928,273,21.679
7929,285,21.679
7930,282,21.464
7931,261,21.464
7932,250,16.078
7933,256,20.953
7934,258,20.953
7935,252,20.953
7936,261,20.953
7937,271,20.953
7938,267,20.953
7939,262,20.953
7940,246,20.953
7941,247,21.844
7942,269,21.844
7943,271,21.844
7944,283,21.844
7945,283,21.844
7946,282,21.844
7947,279,21.844
7948,278,20.953
7949,280,19.939
7950,276,19.939
7951,274,19.939
7952,274,20.538
7953,285,20.538
7954,271,20.538
7955,269,12.466
7956,264,20.735
7957,278,20.735
7958,272,20.735
7959,254,20.735
7960,244,20.19
7961,243,20.19
7962,244,20.19
7963,250,20.19
7964,263,20.19
7965,279,19.829
7966,269,19.682
7967,278,19.682
7968,288,19.682
7969,285,19.682
7970,290,19.682
7971,285,19.933
7972,274,18.648
7973,257,18.648
7974,260,21.704
7975,260,21.704
7976,233,21.704
7977,232,21.037
7978,229,21.037
7979,230,20.97
7980,232,20.97
7981,232,19.999
7982,237,19.999
7983,240,19.999
7984,218,20.436
7985,222,21.727
7986,221,21.727
7987,238,19.999
7988,231,20.299
7989,225,20.299
7990,233,20.299
7991,240,20.299
7992,243,19.999
7993,245,21.097
7994,247,21.718
7995,243,21.718
7996,245,21.718
7997,221,21.718
7998,264,21.718
7999,262,21.718
8000,269,21.718
8001,290,21.476
8002,255,21.476
8003,222,19.999
8004,229,19.999
8005,222,19.999
8006,231,19.999
8007,241,19.999
8008,243,19.999
8009,227,19.999
8010,213,21.584
8011,228,21.928
8012,238,21.928
8013,232,21.928
8014,245,21.928
8015,250,21.928
8016,255,21.928
8017,261,21.928
8018,259,21.928
8019,240,21.928
8020,238,21.928
8021,242,21.091
8022,236,21.091
8023,238,21.091
8024,242,21.091
8025,235,17.967
8026,232,17.967
8027,246,17.967
8028,245,17.967
8029,248,17.967
8030,264,17.967
8031,262,17.967
8032,268,19.919
8033,269,19.919
8034,258,19.919
8035,254,19.919
8036,252,19.919
8037,249,19.919
8038,245,19.019
8039,251,19.019
8040,260,20.027
8041,294,20.027
8042,294,20.594
8043,278,20.594
8044,252,20.594
8045,256,20.594
8046,254,20.594
8047,274,20.609
8048,261,21.685
8049,275,21.455
8050,286,17.937
8051,283,17.937
8052,299,19.551
8053,292,17.937
8054,292,17.937
8055,291,19.787
8056,296,20.598
8057,294,19.557
8058,287,18.977
8059,295,18.977
8060,291,18.977
8061,280,18.977
8062,281,21.248
8063,282,21.517
8064,283,21.458
8065,282,21.458
8066,278,20.973
8067,286,21.556
8068,283,20.851
8069,277,20.851
8070,277,20.851
8071,286,20.851
8072,262,18.977
8073,261,18.977
8074,256,18.977
8075,278,18.977
8076,258,18.977
8077,267,18.977
8078,261,18.325
8079,255,18.325
8080,254,18.325
8081,269,18.325
8082,276,18.325
8083,264,18.325
8084,269,18.325
8085,269,17.16
8086,269,17.16
8087,265,18.562
8088,283,19.061
8089,283,19.061
8090,262,18.562
8091,258,17.333
8092,254,15.856
8093,256,21.688
8094,256,21.937
8095,252,21.937
8096,256,21.937
8097,259,16.634
8098,281,16.634
8099,277,16.634
8100,261,16.634
8101,238,18.646
8102,238,18.646
8103,237,18.646
8104,237,16.867
8105,240,17.084
8106,230,19.066
8107,236,21.21
8108,262,19.066
8109,263,19.066
8110,258,19.066
8111,258,19.066
8112,242,19.066
8113,254,16.867
8114,270,16.867
8115,281,19.031
8116,286,19.031
8117,284,19.031
8118,283,19.031
8119,282,19.031
8120,277,19.031
8121,269,19.031
8122,271,13.997
8123,272,12.604
8124,246,16.78
8125,265,20.864
8126,257,21.671
8127,262,17.638
8128,259,20.158
8129,259,20.158
8130,255,19.312
8131,279,17.638
8132,286,17.638
8133,286,17.638
8134,270,17.638
8135,271,17.638
8136,269,17.638
8137,273,17.638
8138,270,17.638
8139,267,21.222
8140,272,21.222
8141,265,18.059
8142,268,21.123
8143,265,20.854
8144,266,20.854
8145,249,20.854
8146,256,17.638
8147,266,17.318
8148,286,17.318
8149,284,17.318
8150,264,17.677
8151,276,17.677
8152,272,17.677
8153,273,19.135
8154,273,21.733
8155,254,21.733
8156,252,19.135
8157,263,19.135
8158,241,21.488
8159,225,21.488
8160,247,21.488
8161,242,19.811
8162,253,21.255
8163,264,21.255
8164,274,21.255
8165,260,21.255
8166,249,21.255
8167,247,21.255
8168,247,20.666
8169,241,20.666
8170,246,20.666
8171,248,18.397
8172,246,18.397
8173,249,18.397
8174,248,18.397
8175,245,18.397
8176,254,18.397
8177,270,21.915
8178,266,20.843
8179,267,20.843
8180,262,20.843
8181,256,17.389
8182,243,16.598
8183,259,19.471
8184,256,19.471
8185,252,19.471
8186,249,19.471
8187,252,19.471
8188,252,19.471
8189,256,19.471
8190,254,19.471
8191,251,19.471
8192,261,19.471
8193,278,19.471
8194,257,19.171
8195,251,15.981
8196,253,15.981
8197,257,15.981
8198,245,18.732
8199,236,20.717
8200,261,20.717
8201,266,18.732
8202,267,18.732
8203,259,18.732
8204,265,18.732
8205,264,18.732
8206,263,18.732
8207,268,18.732
8208,273,18.418
8209,262,18.418
8210,262,21.057
8211,253,21.057
8212,256,21.21
8213,245,21.21
8214,240,21.21
8215,241,21.21
8216,247,21.21
8217,254,21.21
8218,259,21.21
8219,274,21.21
8220,266,21.76
8221,260,21.76
8222,264,21.21
8223,267,21.21
8224,267,20.571
8225,247,20.571
8226,254,17.028
8227,243,20.403
8228,250,17.028
8229,246,12.162
8230,249,12.162
8231,278,12.162
8232,279,14.427
8233,259,14.427
8234,261,20.272
8235,251,20.272
8236,266,13.214
8237,263,12.93
8238,272,12.93
8239,271,12.556
8240,269,17.096
8241,267,21.849
8242,275,21.849
8243,282,21.849
8244,288,21.473
8245,286,21.473
8246,282,21.473
8247,280,21.473
8248,281,21.473
8249,276,18.128
8250,276,16.131
8251,272,14.771
8252,267,14.771
8253,269,17.333
8254,258,17.333
8255,261,14.577
8256,268,19.76
8257,275,19.76
8258,275,19.76
8259,268,21.622
8260,267,20.172
8261,266,19.76
8262,269,19.76
8263,270,17.799
8264,269,16.896
8265,266,21.82
8266,270,18.652
8267,278,18.652
8268,263,16.896
8269,274,16.896
8270,261,16.896
8271,251,16.896
8272,249,16.896
8273,252,17.262
8274,256,17.262
8275,240,18.821
8276,232,21.377
8277,226,21.377
8278,244,21.545
8279,257,21.545
8280,256,21.545
8281,256,21.545
8282,248,18.277
8283,264,18.277
8284,262,18.277
8285,262,18.277
8286,253,18.277
8287,253,18.277
8288,262,18.277
8289,252,18.277
8290,266,18.277
8291,249,18.277
8292,257,18.277
8293,249,21.822
8294,236,21.822
8295,238,21.822
8296,238,21.822
8297,244,21.822
8298,259,21.822
8299,261,18.152
8300,259,18.152
8301,268,18.152
8302,247,18.968
8303,251,18.968
8304,243,18.152
8305,257,18.152
8306,261,17.799
8307,261,20.567
8308,262,20.567
8309,248,17.799
8310,253,14.852
8311,238,14.852
8312,230,17.474
8313,223,17.474
8314,216,17.474
8315,240,20.701
8316,216,17.474
8317,222,17.474
8318,256,19.548
8319,222,17.474
8320,224,21.308
8321,229,21.308
8322,228,21.308
8323,229,21.541
8324,252,21.541
8325,225,21.541
8326,233,21.541
8327,239,21.541
8328,229,21.541
8329,244,18.388
8330,263,18.388
8331,280,11.908
8332,301,16.179
8333,290,16.404
8334,281,20.444
8335,284,21.999
8336,255,21.999
8337,262,21.999
8338,269,21.553
8339,259,21.553
8340,252,21.473
8341,235,21.473
8342,231,21.473
8343,231,21.473
8344,229,21.473
8345,229,21.473
8346,230,21.76
8347,225,21.76
8348,225,21.76
8349,240,21.76
8350,243,21.497
8351,235,21.497
8352,227,21.473
8353,225,21.473
8354,228,21.473
8355,227,21.473
8356,228,21.473
8357,239,21.473
8358,250,21.473
8359,262,21.473
8360,261,21.473
8361,259,21.473
8362,262,21.473
8363,277,21.473
8364,263,21.473
8365,244,21.473
8366,238,21.473
8367,238,21.473
8368,249,21.673
8369,269,21.673
8370,260,21.473
8371,255,21.473
8372,230,21.473
8373,225,21.473
8374,221,21.473
8375,224,21.473
8376,229,21.76
8377,230,21.76
8378,232,21.473
8379,228,21.473
8380,245,21.473
8381,240,21.473
8382,230,21.473
8383,235,21.473
8384,224,21.473
8385,227,21.473
8386,233,21.473
8387,242,21.473
8388,233,21.473
8389,227,21.473
8390,238,21.473
8391,247,21.473
8392,246,21.473
8393,241,21.473
8394,276,21.473
8395,282,21.671
8396,260,21.671
8397,286,21.671
8398,282,21.671
8399,275,21.671
8400,270,21.671
8401,263,21.671
8402,256,21.473
8403,252,21.473
8404,249,21.473
8405,250,21.967
8406,243,21.967
8407,243,21.967
8408,244,21.967
8409,235,21.967
8410,231,21.665
8411,230,21.665
8412,228,21.665
8413,228,20.726
8414,231,21.9
8415,247,21.9
8416,247,21.9
8417,247,21.9
8418,244,21.9
8419,250,13.112
8420,249,13.112
8421,234,21.889
8422,225,21.889
8423,226,20.277
8424,226,20.277
8425,229,20.277
8426,224,16.627
8427,240,16.627
8428,240,16.627
8429,262,16.627
8430,247,16.627
8431,250,16.627
8432,249,16.627
8433,252,16.627
8434,252,14.299
8435,251,16.227
8436,256,16.227
8437,261,16.628
8438,263,16.628
8439,264,18.313
8440,267,16.628
8441,271,16.628
8442,274,16.628
8443,283,20.914
8444,278,20.914
8445,265,18.212
8446,255,20.035
8447,250,20.035
8448,253,20.035
8449,253,18.212
8450,260,20.645
8451,257,20.645
8452,239,18.212
8453,248,18.714
8454,251,18.714
8455,255,15.737
8456,242,18.4
8457,239,19.973
8458,253,18.4
8459,253,18.4
8460,250,18.4
8461,248,18.789
8462,252,18.493
8463,266,18.286
8464,255,18.026
8465,246,14.872
8466,240,16.995
8467,247,16.995
8468,246,19.031
8469,250,21.461
8470,251,21.461
8471,245,21.461
8472,255,21.982
8473,264,21.982
8474,263,21.982
8475,255,21.982
8476,252,21.982
8477,253,21.982
8478,254,19.327
8479,247,21.691
8480,265,21.691
8481,256,21.691
8482,262,21.189
8483,265,19.9
8484,288,19.99
8485,279,19.99
8486,283,19.99
8487,290,19.99
8488,294,19.99
8489,291,19.99
8490,290,19.031
8491,292,19.031
8492,273,19.031
8493,276,17.53
8494,271,17.53
8495,274,13.899
8496,280,13.899
8497,281,21.592
8498,270,15.832
8499,269,13.899
8500,261,22.053
8501,261,22.053
8502,253,13.899
8503,257,19.174
8504,266,19.174
8505,266,19.174
8506,263,19.174
8507,272,18.915
8508,269,18.915
8509,266,21.942
8510,274,21.942
8511,275,21.942
8512,267,21.942
8513,262,21.942
8514,260,21.942
8515,263,17.554
8516,263,19.972
8517,272,21.488
8518,287,20.125
8519,282,20.125
8520,285,20.125
8521,295,20.125
8522,296,20.125
8523,248,19.533
8524,241,19.533
8525,253,16.293
8526,259,17.608
8527,255,16.293
8528,263,16.293
8529,264,16.293
8530,264,20.217
8531,273,16.293
8532,277,16.293
8533,288,10.553
8534,276,11.052
8535,277,17.01
8536,274,18.296
8537,251,20.818
8538,240,20.818
8539,225,20.818
8540,224,18.296
8541,228,14.287
8542,222,14.287
8543,227,19.108
8544,226,19.108
8545,217,19.076
8546,217,19.076
8547,223,19.076
8548,237,21.904
8549,235,17.306
8550,246,13.339
8551,245,21.306
8552,236,21.306
8553,241,21.306
8554,241,21.306
8555,250,21.306
8556,279,21.306
8557,282,21.306
8558,261,21.306
8559,249,20.059
8560,260,18.909
8561,261,18.909
8562,259,18.909
8563,276,19.861
8564,277,19.861
8565,272,21.599
8566,265,21.599
8567,257,21.599
8568,257,21.21
8569,258,20.481
8570,255,20.481
8571,265,20.481
8572,266,20.481
8573,253,20.481
8574,254,20.481
8575,252,21.819
8576,251,21.819
8577,244,21.819
8578,245,21.559
8579,242,15.147
8580,241,15.147
8581,250,20.522
8582,246,18.211
8583,250,16.917
8584,257,16.917
8585,253,21.015
8586,265,21.015
8587,265,21.015
8588,260,19.719
8589,260,19.719
8590,259,21.091
8591,262,19.719
8592,256,19.719
8593,294,19.719
8594,261,19.719
8595,261,19.719
8596,266,19.719
8597,269,19.719
8598,256,19.719
8599,248,19.719
8600,249,19.719
8601,249,19.719
8602,260,19.719
8603,260,18.732
8604,261,20.731
8605,256,21.189
8606,252,18.881
8607,254,18.881
8608,247,18.732
8609,244,19.195
8610,243,20.911
8611,234,20.911
8612,228,19.22
8613,233,19.22
8614,262,21.589
8615,225,19.22
8616,233,20.639
8617,234,20.639
8618,234,20.639
8619,237,20.639
8620,249,18.732
8621,249,18.732
8622,250,18.732
8623,268,18.732
8624,283,19.942
8625,285,20.938
8626,268,20.938
8627,267,21.488
8628,241,21.488
8629,241,20.779
8630,246,20.779
8631,246,21.069
8632,238,21.069
8633,253,20.486
8634,257,19.22
8635,262,19.22
8636,249,19.22
8637,256,19.22
8638,272,19.22
8639,273,19.22
8640,273,19.22
8641,274,18.732
8642,271,21.748
8643,263,21.748
8644,260,21.748
8645,255,20.872
8646,257,20.872
8647,249,20.872
8648,236,20.872
8649,229,21.841
8650,240,21.841
8651,253,18.909
8652,253,18.909
8653,262,18.732
8654,266,18.732
8655,260,20.163
8656,267,18.732
8657,270,18.732
8658,265,21.724
8659,264,21.724
8660,263,21.724
8661,263,21.724
8662,262,18.965
8663,262,18.965
8664,261,18.965
8665,264,17.3
8666,256,17.3
8667,261,18.268
8668,268,19.405
8669,270,16.135
8670,265,16.135
8671,264,16.135
8672,267,17.746
8673,269,21.805
8674,275,21.805
8675,271,21.805
8676,273,19.931
8677,306,19.931
8678,304,13.725
8679,265,18.299
8680,254,18.299
8681,256,19.446
8682,258,19.446
8683,252,18.299
8684,255,17.736
8685,248,21.961
8686,268,21.961
8687,254,21.961
8688,269,21.961
8689,269,21.961
8690,270,21.961
8691,264,21.961
8692,260,21.961
8693,267,21.225
8694,259,21.225
8695,271,21.225
8696,266,16.078
8697,272,19.201
8698,272,19.201
8699,269,19.201
8700,268,19.201
8701,273,15.71
8702,278,17.07
8703,276,17.07
8704,280,17.07
8705,272,17.07
8706,277,17.07
8707,278,17.07
8708,278,17.07
8709,287,17.07
8710,270,17.07
8711,272,17.193
8712,274,17.193
8713,286,17.193
8714,278,17.193
8715,277,17.193
8716,279,17.193
8717,266,17.193
8718,267,20.478
8719,277,20.821
8720,287,20.478
8721,284,20.478
8722,278,20.478
8723,282,20.478
8724,282,20.478
8725,280,19.051
8726,282,19.051
8727,287,19.051
8728,277,19.051
8729,270,19.051
8730,266,19.051
8731,284,21.97
8732,285,21.97
8733,283,21.97
8734,271,20.693
8735,277,20.693
8736,273,20.693
8737,276,12.317
8738,265,11.576
8739,265,11.576
8740,273,11.576
8741,279,19.33
8742,282,19.33
8743,279,16.528
8744,281,17.865
8745,276,17.865
8746,267,21.156
8747,266,21.156
8748,257,21.156
8749,265,17.193
8750,258,21.778
8751,242,21.778
8752,245,21.778
8753,248,21.757
8754,259,21.345
8755,267,21.345
8756,261,21.345
8757,254,21.345
8758,252,21.345
8759,250,21.345
8760,244,16.99
8761,255,17.157
8762,241,16.99
8763,240,14.781
8764,240,14.781
8765,249,15.641
8766,248,15.641
8767,244,14.781
8768,268,14.781
8769,280,19.551
8770,273,20.989
8771,282,20.989
8772,277,20.989
8773,271,18.057
8774,269,18.622
8775,265,18.622
8776,268,21.568
8777,270,21.568
8778,260,21.568
8779,260,21.568
8780,258,21.568
8781,274,21.568
8782,289,21.568
8783,298,16.702
8784,301,16.702
8785,280,16.702
8786,283,21.838
8787,282,21.838
8788,290,21.838
8789,280,21.838
8790,273,19.357
8791,261,19.33
8792,261,21.763
8793,256,19.33
8794,248,20.97
8795,232,21.849
8796,236,21.849
8797,234,19.33
8798,244,19.33
8799,244,21.111
8800,243,21.111
8801,249,21.111
8802,243,21.111
8803,266,21.111
8804,268,18.804
8805,272,18.804
8806,255,18.392
8807,250,17.255
8808,238,19.363
8809,244,19.363
8810,259,19.363
8811,236,21.979
8812,234,21.979
8813,223,19.363
8814,236,14.322
8815,239,14.322
8816,243,14.322
8817,229,21.922
8818,227,21.082
8819,227,21.082
8820,235,21.082
8821,238,21.082
8822,252,21.082
8823,262,21.611
8824,265,21.948
8825,267,21.948
8826,242,21.611
8827,242,21.082
8828,236,21.082
8829,233,21.082
8830,224,21.082
8831,235,21.082
8832,235,21.082
8833,238,20.701
8834,224,20.701
8835,237,20.068
8836,235,20.068
8837,243,20.068
8838,242,19.731
8839,243,19.731
8840,241,19.572
8841,240,19.572
8842,262,20.601
8843,261,21.318
8844,264,21.318
8845,240,21.318
8846,238,21.318
8847,243,21.318
8848,259,21.318
8849,274,21.318
8850,279,21.318
8851,267,21.318
8852,266,21.318
8853,266,21.318
8854,259,21.318
8855,261,21.318
8856,257,19.811
8857,270,19.811
8858,268,19.811
8859,269,19.811
8860,269,19.811
8861,265,19.811
8862,265,19.811
8863,257,19.811
8864,255,13.243
8865,251,13.243
8866,239,18.834
8867,244,14.027
8868,255,15.231
8869,254,15.231
8870,266,21.703
8871,270,20.499
8872,265,20.499
8873,266,21.757
8874,278,21.757
8875,279,21.757
8876,277,21.757
8877,271,19.12
8878,279,19.12
8879,284,19.12
8880,272,21.003
8881,280,21.832
8882,279,21.832
8883,278,21.832
8884,291,21.832
8885,291,21.832
8886,278,21.832
8887,292,21.832
8888,295,15.943
8889,300,15.943
8890,309,15.943
8891,335,19.335
8892,325,19.335
8893,312,19.335
8894,298,19.335
8895,304,19.335
8896,275,16.149
8897,277,16.78
8898,276,18.998
8899,282,19.153
8900,279,19.153
8901,282,19.153
8902,291,19.153
8903,290,14.598
8904,273,14.598
8905,273,14.598
8906,259,15.925
8907,299,18.018
8908,283,15.925
8909,282,21.243
8910,278,15.925
8911,272,15.925
8912,253,15.925
8913,254,18.317
8914,241,21.979
8915,258,21.979
8916,269,21.804
8917,264,16.645
8918,255,16.645
8919,246,16.645
8920,255,16.645
8921,247,16.645
8922,241,16.645
8923,237,16.568
8924,218,14.346
8925,220,19.312
8926,226,19.856
8927,239,18.036
8928,242,14.346
8929,224,14.346
8930,224,14.346
8931,223,17.38
8932,229,17.626
8933,227,21.443
8934,230,21.804
8935,232,21.443
8936,235,21.443
8937,236,21.443
8938,243,21.443
8939,241,21.443
8940,234,22.047
8941,275,22.047
8942,291,22.047
8943,273,21.105
8944,271,21.407
8945,276,21.225
8946,272,21.225
8947,260,21.225
8948,257,21.225
8949,264,21.225
8950,257,21.362
8951,253,22.011
8952,248,22.011
8953,237,22.011
8954,238,20.269
8955,243,20.269
8956,243,21.063
8957,254,21.063
8958,249,20.269
8959,250,17.7
8960,251,17.7
8961,243,21.996
8962,240,21.996
8963,248,7.97
8964,248,19.963
8965,258,19.963
8966,259,13.937
8967,262,19.936
8968,264,13.695
8969,238,13.695
8970,221,15.455
8971,223,15.455
8972,244,15.455
8973,246,14.328
8974,247,14.328
8975,248,20.601
8976,238,14.328
8977,245,15.611
8978,240,15.611
8979,242,18.002
8980,252,19.368
8981,251,17.581
8982,258,17.581
8983,260,17.581
8984,267,19.057
8985,268,19.057
8986,266,19.057
8987,264,19.057
8988,265,19.45
8989,273,21.544
8990,264,19.45
8991,267,17.581
8992,254,17.581
8993,250,17.581
8994,265,17.581
8995,262,20.574
8996,274,20.574
8997,289,21.891
8998,290,21.891
8999,281,20.574
9000,298,21.718
9001,284,21.718
9002,278,18.588
9003,279,20.304
9004,272,19.495
9005,276,19.495
9006,269,20.184
9007,270,20.184
9008,268,20.184
9009,264,20.184
9010,268,19.237
9011,251,21.246
9012,246,21.246
9013,268,21.246
9014,274,21.246
9015,274,21.246
9016,275,21.246
9017,273,21.246
9018,279,17.566
9019,258,20.385
9020,274,21.787
9021,273,21.787
9022,279,17.566
9023,295,17.566
9024,302,21.922
9025,310,21.922
9026,289,21.922
9027,289,21.922
9028,273,21.922
9029,271,21.922
9030,278,21.922
9031,284,21.922
9032,288,21.922
9033,289,21.922
9034,274,21.922
9035,296,21.922
9036,285,19.539
9037,283,19.539
9038,284,19.539
9039,274,19.539
9040,272,19.539
9041,266,19.539
9042,258,19.539
9043,257,19.539
9044,258,19.539
9045,262,21.33
9046,257,21.33
9047,242,21.33
9048,253,21.33
9049,259,21.33
9050,259,21.33
9051,250,21.33
9052,253,18.257
9053,249,21.703
9054,270,21.703
9055,257,21.703
9056,260,21.703
9057,263,20.57
9058,274,19.105
9059,278,19.105
9060,270,18.442
9061,276,18.442
9062,272,18.442
9063,260,16.502
9064,260,16.311
9065,258,14.49
9066,259,16.972
9067,263,21.724
9068,261,21.724
9069,267,21.724
9070,271,18.546
9071,271,21.643
9072,273,21.374
9073,280,20.03
9074,265,18.546
9075,252,18.546
9076,248,20.157
9077,252,20.157
9078,266,20.157
9079,260,20.157
9080,257,20.157
9081,258,20.157
9082,257,20.157
9083,261,20.157
9084,264,20.157
9085,271,20.157
9086,269,20.157
9087,256,20.157
9088,273,20.481
9089,272,20.481
9090,270,20.481
9091,267,20.481
9092,267,20.481
9093,263,20.481
9094,258,20.481
9095,255,19.124
9096,256,19.139
9097,254,19.139
9098,244,20.203
9099,240,20.203
9100,240,20.203
9101,261,20.051
9102,253,19.835
9103,248,20.259
9104,250,20.259
9105,268,20.259
9106,260,20.259
9107,259,20.259
9108,257,20.259
9109,257,18.577
9110,300,18.577
9111,256,18.577
9112,250,19.587
9113,261,19.587
9114,257,18.661
9115,261,18.661
9116,254,18.661
9117,256,18.661
9118,252,18.661
9119,260,20.89
9120,266,20.89
9121,273,20.89
9122,264,20.89
9123,274,19.993
9124,269,19.993
9125,269,19.993
9126,255,21.604
9127,259,21.604
9128,279,21.903
9129,270,21.903
9130,272,20.03
9131,272,17.324
9132,289,17.548
9133,289,17.548
9134,298,17.548
9135,293,17.548
9136,294,17.548
9137,287,16.592
9138,294,18.663
9139,285,18.663
9140,272,18.663
9141,254,18.663
9142,255,18.663
9143,274,18.663
9144,248,18.663
9145,241,17.401
9146,241,17.401
9147,244,16.197
9148,247,21.228
9149,259,21.228
9150,257,21.228
9151,243,21.228
9152,272,21.906
9153,243,21.682
9154,244,21.682
9155,252,21.682
9156,243,21.228
9157,246,21.228
9158,247,21.228
9159,241,21.228
9160,240,16.673
9161,249,18.113
9162,248,18.113
9163,258,16.673
9164,262,16.744
9165,263,17.751
9166,287,17.751
9167,287,16.673
9168,268,18.924
9169,251,18.924
9170,246,18.924
9171,245,18.924
9172,224,21.219
9173,228,21.219
9174,236,21.219
9175,242,21.219
9176,245,21.219
9177,236,22.074
9178,229,22.074
9179,243,22.074
9180,231,21.219
9181,244,21.219
9182,255,21.219
9183,278,20.46
9184,279,20.46
9185,274,14.556
9186,271,13.976
9187,266,15.543
9188,262,14.272
9189,252,18.248
9190,249,19.9
9191,246,18.248
9192,242,16.588
9193,240,17.205
9194,245,17.205
9195,257,17.205
9196,257,19.007
9197,280,19.007
9198,286,19.007
9199,301,19.007
9200,302,19.628
9201,314,19.628
9202,298,19.007
9203,290,20.654
9204,278,20.654
9205,252,20.654
9206,243,20.654
9207,233,17.262
9208,228,17.262
9209,220,19.787
9210,246,19.787
9211,238,19.787
9212,249,19.787
9213,216,19.787
9214,213,19.787
9215,218,19.787
9216,231,19.787
9217,229,19.787
9218,234,19.787
9219,242,21.435
9220,247,21.435
9221,244,21.435
9222,254,21.595
9223,258,21.595
9224,264,21.595
9225,267,21.595
9226,265,21.595
9227,260,21.595
9228,245,19.787
9229,266,19.787
9230,264,19.787
9231,260,19.787
9232,239,20.789
9233,238,20.789
9234,230,21.641
9235,240,21.641
9236,250,19.787
9237,246,21.71
9238,238,21.71
9239,228,19.787
9240,229,19.787
9241,222,19.787
9242,221,21.789
9243,221,21.789
9244,232,21.789
9245,223,21.789
9246,228,21.748
9247,228,21.748
9248,214,21.748
9249,223,21.748
9250,220,19.826
9251,220,19.787
9252,223,19.787
9253,225,19.787
9254,229,19.787
9255,232,19.787
9256,243,19.787
9257,243,19.787
9258,242,13.348
9259,248,15.497
9260,241,15.497
9261,243,18.857
9262,235,18.857
9263,252,16.663
9264,242,19.299
9265,235,19.299
9266,235,19.299
9267,225,20.556
9268,235,19.299
9269,243,18.059
9270,261,18.621
9271,254,18.621
9272,244,18.621
9273,249,21.907
9274,241,18.621
9275,243,18.621
9276,256,21.198
9277,273,22.082
9278,264,19.628
9279,248,18.621
9280,250,18.621
9281,253,17.126
9282,255,21.943
9283,252,21.943
9284,261,21.943
9285,262,21.943
9286,257,21.943
9287,257,21.943
9288,271,21.943
9289,274,21.943
9290,273,21.943
9291,270,21.479
9292,272,21.479
9293,276,21.479
9294,273,16.657
9295,275,16.657
9296,268,18.062
9297,277,19.873
9298,269,19.873
9299,261,19.966
9300,259,19.966
9301,253,13.542
9302,253,13.542
9303,251,19.308
9304,249,19.308
9305,260,21.103
9306,259,21.103
9307,255,22.085
9308,238,22.085
9309,250,19.308
9310,247,16.245
9311,247,16.245
9312,242,16.245
9313,238,16.245
9314,232,21.246
9315,238,21.503
9316,242,21.503
9317,245,21.003
9318,245,16.245
9319,243,16.245
9320,257,20.535
9321,257,15.106
9322,245,15.106
9323,257,18.314
9324,265,19.136
9325,258,18.314
9326,272,21.133
9327,263,21.133
9328,238,15.106
9329,240,15.106
9330,244,15.106
9331,248,17.543
9332,232,15.106
9333,240,21.629
9334,251,21.629
9335,273,21.629
9336,271,21.629
9337,271,21.629
9338,267,21.629
9339,261,21.629
9340,264,21.629
9341,263,21.629
9342,280,21.629
9343,269,20.179
9344,270,20.179
9345,258,20.179
9346,270,20.179
9347,266,20.179
9348,250,19.778
9349,249,19.778
9350,247,19.778
9351,242,21.248
9352,243,21.248
9353,240,21.248
9354,237,21.248
9355,234,21.248
9356,264,21.248
9357,264,21.248
9358,235,22.044
9359,239,21.281
9360,240,21.281
9361,227,21.281
9362,227,21.281
9363,230,21.248
9364,227,21.721
9365,239,21.248
9366,234,17.961
9367,238,10.714
9368,242,10.714
9369,245,10.714
9370,243,10.714
9371,246,9.932
9372,229,11.283
9373,226,13.366
9374,215,21.907
9375,218,21.907
9376,233,21.907
9377,241,21.907
9378,240,21.907
9379,241,21.907
9380,228,21.907
9381,235,21.907
9382,240,21.907
9383,237,21.907
9384,248,21.907
9385,256,19.548
9386,270,20.361
9387,265,19.548
9388,266,19.548
9389,270,19.548
9390,258,19.548
9391,280,19.548
9392,282,19.344
9393,249,19.336
9394,237,21.686
9395,242,21.686
9396,236,21.686
9397,229,22.041
9398,229,21.686
9399,237,21.686
9400,249,21.781
9401,258,21.781
9402,259,21.686
9403,265,21.686
9404,268,21.686
9405,267,21.686
9406,272,21.686
9407,280,21.686
9408,279,21.686
9409,258,21.686
9410,278,21.393
9411,277,21.393
9412,270,21.393
9413,263,21.393
9414,265,21.393
9415,251,21.03
9416,252,18.134
9417,250,17.363
9418,256,17.856
9419,251,21.174
9420,261,21.174
9421,261,13.3
9422,266,18.092
9423,273,19.108
9424,256,18.092
9425,251,13.3
9426,239,18.681
9427,243,19.776
9428,263,19.776
9429,254,19.776
9430,242,19.776
9431,262,19.776
9432,253,21.704
9433,254,21.704
9434,261,20.797
9435,262,13.3
9436,255,13.3
9437,258,13.3
9438,266,18.786
9439,252,19.27
9440,251,19.877
9441,270,21.85
9442,252,19.27
9443,254,16.891
9444,247,16.891
9445,243,21.823
9446,243,21.823
9447,251,21.823
9448,254,21.823
9449,269,21.823
9450,278,21.823
9451,301,21.823
9452,296,21.823
9453,300,21.333
9454,288,21.333
9455,273,21.333
9456,272,21.333
9457,264,21.333
9458,255,21.333
9459,243,21.333
9460,252,21.556
9461,235,21.333
9462,233,21.333
9463,243,21.333
9464,243,21.333
9465,254,21.333
9466,263,21.333
9467,266,21.583
9468,267,21.333
9469,271,21.333
9470,285,21.333
9471,288,21.769
9472,288,21.769
9473,290,21.769
9474,276,21.985
9475,283,21.769
9476,282,21.769
9477,268,21.769
9478,270,21.769
9479,268,21.769
9480,269,21.769
9481,266,21.769
9482,266,21.769
9483,252,21.769
9484,274,21.769
9485,270,21.769
9486,279,21.769
9487,278,21.769
9488,283,22.076
9489,276,21.769
9490,272,21.769
9491,265,21.769
9492,258,21.769
9493,258,21.769
9494,251,21.769
9495,258,21.769
9496,262,21.769
9497,258,21.769
9498,261,21.769
9499,256,21.769
9500,273,21.769
9501,269,21.769
9502,287,21.769
9503,288,21.769
9504,289,21.24
9505,296,21.538
9506,288,21.24
9507,280,21.24
9508,288,19.931
9509,265,20.385
9510,267,19.931
9511,268,21.293
9512,260,21.401
9513,286,21.401
9514,278,21.401
9515,282,21.401
9516,272,21.401
9517,277,21.401
9518,276,21.401
9519,268,19.685
9520,267,19.685
9521,274,19.685
9522,277,19.685
9523,258,18.451
9524,239,20.852
9525,233,20.852
9526,237,19.682
9527,261,19.682
9528,256,19.682
9529,255,19.682
9530,243,19.925
9531,250,19.682
9532,249,19.682
9533,257,19.682
9534,246,19.682
9535,255,19.682
9536,253,19.682
9537,255,19.682
9538,268,16.17
9539,273,18.448
9540,264,20.603
9541,267,20.603
9542,265,18.448
9543,264,14.149
9544,275,16.615
9545,277,16.615
9546,292,17.542
9547,299,17.542
9548,305,17.951
9549,300,18.277
9550,290,17.542
9551,276,17.542
9552,271,17.542
9553,264,15.306
9554,245,18.663
9555,262,18.217
9556,265,17.626
9557,254,15.751
9558,258,15.292
9559,249,17.805
9560,252,19.344
9561,242,19.344
9562,239,19.344
9563,235,13.97
9564,235,13.97
9565,233,14.487
9566,266,16.026
9567,283,13.97
9568,283,14.921
9569,255,14.921
9570,254,20.131
9571,259,20.131
9572,261,20.131
9573,263,21.925
9574,248,21.925
9575,251,21.925
9576,272,21.925
9577,250,21.925
9578,249,21.219
9579,257,21.219
9580,249,21.219
9581,247,21.219
9582,263,21.219
9583,260,21.219
9584,248,21.219
9585,258,12.278
9586,260,17.859
9587,258,18.221
9588,255,21.996
9589,257,21.996
9590,251,17.859
9591,262,17.859
9592,252,16.425
9593,284,16.425
9594,282,16.425
9595,274,18.678
9596,276,18.519
9597,276,18.519
9598,276,18.519
9599,282,18.519
9600,304,21.748
9601,305,21.748
9602,306,21.748
9603,305,21.748
9604,297,17.59
9605,294,21.051
9606,291,22.077
9607,291,21.051
9608,272,20.224
9609,269,20.224
9610,276,19.106
9611,275,19.106
9612,276,21.07
9613,266,18.397
9614,247,18.397
9615,260,16.358
9616,255,16.652
9617,265,19.503
9618,261,19.503
9619,262,19.503
9620,264,19.503
9621,264,19.503
9622,280,19.503
9623,276,19.273
9624,290,17.084
9625,265,21.909
9626,271,21.909
9627,294,19.91
9628,293,19.91
9629,293,19.91
9630,293,19.91
9631,296,19.958
9632,330,19.958
9633,315,19.958
9634,288,19.958
9635,285,19.958
9636,286,21.258
9637,286,21.258
9638,286,21.258
9639,288,21.258
9640,280,21.258
9641,282,21.312
9642,328,21.258
9643,323,21.258
9644,328,21.258
9645,331,21.366
9646,327,21.366
9647,324,21.366
9648,297,21.366
9649,298,20.547
9650,305,20.457
9651,289,20.457
9652,289,20.457
9653,300,20.457
9654,295,20.457
9655,290,20.457
9656,256,20.457
9657,261,20.807
9658,249,20.807
9659,250,20.807
9660,256,20.807
9661,256,20.807
9662,247,20.807
9663,247,19.976
9664,245,19.025
9665,259,19.025
9666,255,19.025
9667,273,19.025
9668,284,19.025
9669,300,20.612
9670,290,20.612
9671,285,20.612
9672,274,20.612
9673,266,20.612
9674,272,14.953
9675,266,17.758
9676,231,17.758
9677,240,17.758
9678,222,21.127
9679,223,20.197
9680,226,20.197
9681,228,20.197
9682,224,20.197
9683,216,20.197
9684,211,20.197
9685,210,20.197
9686,227,20.197
9687,226,20.197
9688,233,20.197
9689,230,20.197
9690,223,19.635
9691,240,19.635
9692,244,19.635
9693,242,19.635
9694,246,19.635
9695,243,19.635
9696,243,19.635
9697,227,21.644
9698,221,21.644
9699,220,21.644
9700,229,21.511
9701,231,21.511
9702,254,21.511
9703,258,20.051
9704,228,19.886
9705,248,19.886
9706,254,19.886
9707,253,21.329
9708,254,21.85
9709,253,18.051
9710,281,21.127
9711,285,18.051
9712,283,18.051
9713,268,18.051
9714,270,18.516
9715,268,21.348
9716,279,21.348
9717,280,21.348
9718,267,21.348
9719,274,21.348
9720,264,21.348
9721,271,21.348
9722,257,21.834
9723,253,21.348
9724,251,21.348
9725,270,21.348
9726,242,21.348
9727,240,20.426
9728,247,20.426
9729,249,17.901
9730,266,17.3
9731,258,19.258
9732,255,19.258
9733,248,19.258
9734,238,20.592
9735,242,20.592
9736,264,19.258
9737,276,19.258
9738,250,19.258
9739,282,19.258
9740,250,20.801
9741,253,19.258
9742,271,21.999
9743,253,21.999
9744,253,21.999
9745,250,21.999
9746,249,21.999
9747,239,21.999
9748,241,21.999
9749,248,21.999
9750,270,21.003
9751,287,19.258
9752,289,19.258
9753,306,19.258
9754,305,19.258
9755,305,17.913
9756,314,20.702
9757,299,20.702
9758,303,20.702
9759,319,21.066
9760,320,21.066
9761,313,21.066
9762,309,21.066
9763,285,21.066
9764,271,21.066
9765,262,21.066
9766,263,21.066
9767,284,21.066
9768,266,21.066
9769,262,21.066
9770,259,21.066
9771,258,20.516
9772,252,18.149
9773,237,10.807
9774,236,13.36
9775,238,15.767
9776,248,13.36
9777,243,12.992
9778,238,13.429
9779,252,17.416
9780,252,17.416
9781,247,13.429
9782,234,19.285
9783,225,20.402
9784,218,19.285
9785,220,19.285
9786,220,19.285
9787,219,19.285
9788,206,19.285
9789,213,19.285
9790,211,19.285
9791,231,19.285
9792,227,19.285
9793,218,19.285
9794,220,19.285
9795,225,19.285
9796,220,19.285
9797,223,19.285
9798,213,19.285
9799,209,19.285
9800,205,19.285
9801,207,21.843
9802,224,21.843
9803,229,21.843
9804,229,21.843
9805,228,21.843
9806,244,21.843
9807,250,21.843
9808,251,21.843
9809,247,21.843
9810,248,21.843
9811,254,21.826
9812,247,21.826
9813,241,21.826
9814,245,21.826
9815,256,21.826
9816,255,21.826
9817,242,21.826
9818,235,21.826
9819,230,21.826
9820,230,21.826
9821,231,21.826
9822,218,22.073
9823,227,21.826
9824,220,21.826
9825,229,21.826
9826,219,21.826
9827,225,21.826
9828,231,21.826
9829,216,21.826
9830,223,21.766
9831,226,21.766
9832,244,21.766
9833,235,21.766
9834,244,21.766
9835,230,21.766
9836,259,21.766
9837,274,20.048
9838,264,20.048
9839,277,20.048
9840,264,20.048
9841,269,21.7
9842,269,21.7
9843,270,21.7
9844,272,21.7
9845,276,21.7
9846,274,20.794
9847,269,21.288
9848,278,21.288
9849,287,21.288
9850,292,21.288
9851,274,21.288
9852,279,21.288
9853,275,21.288
9854,280,21.288
9855,281,21.288
9856,280,21.288
9857,315,21.288
9858,316,21.288
9859,314,21.716
9860,301,21.716
9861,296,21.716
9862,287,21.716
9863,295,21.716
9864,286,21.716
9865,270,21.716
9866,250,21.877
9867,259,21.877
9868,266,21.877
9869,256,21.877
9870,253,20.911
9871,251,20.911
9872,267,18.09
9873,284,18.09
9874,297,18.09
9875,283,18.09
9876,294,19.282
9877,298,21.067
9878,298,21.067
9879,296,21.067
9880,290,21.067
9881,290,21.067
9882,296,21.067
9883,288,21.067
9884,290,21.067
9885,288,21.067
9886,282,21.067
9887,285,21.067
9888,277,21.067
9889,281,21.067
9890,261,21.067
9891,257,21.067
9892,246,18.167
9893,237,18.167
9894,249,18.767
9895,251,20.053
9896,252,20.053
9897,249,20.053
9898,240,20.053
9899,238,19.255
9900,237,20.756
9901,232,20.756
9902,231,20.756
9903,229,20.756
9904,221,16.395
9905,226,21.644
9906,229,21.644
9907,231,16.395
9908,235,18.481
9909,231,20.053
9910,223,21.574
9911,232,21.574
9912,229,21.574
9913,230,21.574
9914,240,21.574
9915,240,21.574
9916,259,21.574
9917,274,21.574
9918,262,21.574
9919,254,21.574
9920,252,21.574
9921,257,22.029
9922,260,22.029
9923,260,21.967
9924,270,21.967
9925,263,21.967
9926,250,21.967
9927,250,21.87
9928,258,19.518
9929,253,19.518
9930,267,12.185
9931,268,12.185
9932,268,12.185
9933,278,16.839
9934,260,19.512
9935,257,19.512
9936,261,21.344
9937,258,22.008
9938,261,22.008
9939,255,22.008
9940,266,22.008
9941,268,22.008
9942,273,20.965
9943,271,20.965
9944,264,16.718
9945,273,11.776
9946,263,12.389
9947,261,12.389
9948,275,19.536
9949,268,12.389
9950,240,12.389
9951,243,12.389
9952,245,12.682
9953,239,12.682
9954,235,22.074
9955,233,22.074
9956,239,22.074
9957,238,22.074
9958,245,22.074
9959,243,22.074
9960,244,22.074
9961,265,14.556
9962,257,14.784
9963,250,18.454
9964,264,14.784
9965,253,15.844
9966,253,15.844
9967,276,17.79
9968,282,18.359
9969,279,17.79
9970,297,17.79
9971,305,17.79
9972,319,17.091
9973,289,17.091
9974,286,17.091
9975,292,17.091
9976,292,21.626
9977,296,17.824
9978,299,17.824
9979,277,17.824
9980,269,17.824
9981,261,17.824
9982,263,17.824
9983,273,17.824
9984,271,17.824
9985,232,17.824
9986,228,17.824
9987,209,13.937
9988,207,20.421
9989,216,20.421
9990,224,20.421
9991,213,20.421
9992,213,20.421
9993,214,20.421
9994,214,21.243
9995,233,19.252
9996,233,19.252
9997,235,19.252
9998,261,19.252
9999,249,19.252
