step,cut_edges,max_dev_pct
0,276,16.727
1,256,16.727
2,253,16.727
3,251,17.569
4,255,17.569
5,257,18.209
6,244,17.569
7,244,17.569
8,248,17.569
9,239,18.274
10,254,17.569
11,266,17.569
12,266,17.569
13,268,17.569
14,269,17.569
15,284,17.569
16,278,17.569
17,281,17.569
18,272,17.569
19,274,17.569
20,257,17.569
21,259,17.569
22,241,17.569
23,222,17.569
24,240,17.569
25,240,17.569
26,254,17.569
27,237,17.569
28,232,17.569
29,233,17.569
30,228,17.569
31,229,17.569
32,239,17.62
33,239,17.62
34,230,17.569
35,285,17.799
36,281,17.799
37,282,17.787
38,278,17.569
39,266,17.569
40,266,17.569
41,261,17.569
42,267,17.569
43,264,18.251
44,265,18.251
45,250,18.251
46,270,18.251
47,272,18.251
48,267,17.731
49,262,18.534
50,258,18.534
51,268,18.534
52,266,18.534
53,247,18.534
54,251,18.534
55,258,16.098
56,259,16.693
57,260,16.693
58,242,18.063
59,239,18.063
60,237,17.247
61,241,17.247
62,250,9.519
63,249,10.759
64,258,9.298
65,259,12.822
66,255,14.206
67,255,14.206
68,268,14.206
69,264,14.206
70,272,18.606
71,266,18.606
72,251,18.606
73,261,18.606
74,253,18.606
75,264,18.606
76,253,18.606
77,253,18.606
78,250,17.766
79,252,17.7
80,250,17.7
81,257,17.7
82,274,17.7
83,261,18.323
84,280,18.323
85,279,15.884
86,279,15.884
87,278,15.884
88,270,15.884
89,270,15.884
90,267,15.884
91,282,15.884
92,272,15.884
93,268,15.884
94,277,15.884
95,279,15.884
96,279,13.42
97,277,13.42
98,268,13.42
99,263,15.488
100,278,15.488
101,275,15.488
102,265,18.48
103,253,18.48
104,251,18.48
105,250,18.48
106,244,18.48
107,251,18.48
108,251,14.337
109,254,14.804
110,272,16.834
111,274,16.834
112,264,16.353
113,278,16.353
114,272,16.353
115,271,16.353
116,281,14.693
117,278,14.693
118,276,12.045
119,290,16.185
120,293,16.481
121,293,16.481
122,295,16.481
123,295,16.481
124,294,16.481
125,294,18.05
126,275,18.05
127,273,16.481
128,278,16.481
129,273,16.481
130,275,16.481
131,255,16.481
132,256,16.308
133,240,18.364
134,274,18.364
135,236,18.364
136,228,18.364
137,226,18.364
138,226,18.364
139,223,18.364
140,224,18.364
141,224,18.364
142,242,13.528
143,243,13.528
144,251,13.528
145,248,17.524
146,249,17.524
147,245,16.95
148,234,16.95
149,249,16.95
150,253,16.95
151,252,14.257
152,240,13.482
153,239,17.826
154,229,18.212
155,235,18.212
156,223,18.212
157,240,18.212
158,241,18.212
159,221,18.212
160,227,18.212
161,243,18.212
162,235,18.212
163,250,16.744
164,274,15.859
165,282,15.859
166,275,15.859
167,279,15.859
168,242,15.859
169,219,15.859
170,225,15.859
171,231,15.859
172,231,15.859
173,253,15.859
174,256,15.859
175,248,15.859
176,247,15.859
177,242,17.578
178,246,14.778
179,231,17.602
180,227,14.778
181,238,14.778
182,241,14.778
183,245,15.165
184,240,18.304
185,236,18.295
186,234,18.295
187,227,18.295
188,244,18.295
189,235,18.295
190,229,16.897
191,224,16.897
192,217,16.897
193,240,16.897
194,228,16.897
195,211,16.897
196,210,16.897
197,225,18.03
198,235,16.129
199,235,16.129
200,242,16.129
201,244,16.129
202,243,17.336
203,245,17.336
204,266,17.336
205,265,18.31
206,261,18.31
207,269,18.31
208,270,18.31
209,255,17.927
210,250,17.927
211,260,17.927
212,254,16.092
213,254,18.305
214,264,18.305
215,260,18.305
216,255,18.305
217,266,18.305
218,252,18.305
219,266,18.305
220,240,18.305
221,253,16.732
222,253,16.732
223,248,16.092
224,237,18.29
225,237,18.29
226,239,18.687
227,248,18.445
228,258,18.445
229,254,18.445
230,268,18.445
231,263,18.445
232,269,18.445
233,262,18.445
234,266,18.445
235,257,18.445
236,257,18.445
237,270,18.445
238,277,18.29
239,289,18.504
240,284,18.29
241,283,17.649
242,283,16.475
243,278,17.692
244,281,17.692
245,292,16.475
246,293,16.475
247,293,15.07
248,293,16.783
249,296,16.783
250,299,18.036
251,289,18.036
252,289,18.036
253,294,18.036
254,302,18.036
255,278,16.646
256,277,16.646
257,288,16.646
258,277,16.646
259,257,14.622
260,254,14.197
261,252,16.846
262,258,14.197
263,263,14.197
264,270,18.254
265,278,18.254
266,271,18.254
267,267,18.254
268,273,14.197
269,269,18.182
270,250,18.182
271,249,18.182
272,243,18.182
273,242,18.182
274,244,18.182
275,233,18.182
276,243,18.356
277,268,18.182
278,282,18.182
279,253,18.182
280,254,18.182
281,237,18.182
282,244,18.182
283,249,18.182
284,257,18.182
285,267,18.182
286,269,18.182
287,268,12.753
288,282,12.753
289,278,18.05
290,287,18.149
291,294,18.149
292,301,18.149
293,288,16.589
294,286,16.589
295,274,18.43
296,266,18.43
297,268,18.439
298,258,18.43
299,263,18.43
300,278,18.43
301,263,14.505
302,245,16.559
303,249,16.559
304,261,16.559
305,272,16.559
306,273,17.91
307,288,16.559
308,288,17.005
309,287,18.323
310,287,18.323
311,281,18.323
312,299,18.323
313,299,18.323
314,304,18.323
315,279,18.323
316,269,18.323
317,260,18.323
318,264,17.262
319,241,17.262
320,232,17.262
321,232,17.262
322,229,18.194
323,233,17.847
324,241,17.847
325,241,17.847
326,241,17.847
327,252,17.847
328,251,17.847
329,263,18.235
330,265,18.235
331,282,17.847
332,278,17.709
333,290,17.709
334,274,17.709
335,266,17.709
336,260,17.709
337,258,17.709
338,262,16.586
339,280,16.586
340,276,16.885
341,282,14.131
342,291,18.648
343,279,18.648
344,270,16.317
345,270,16.317
346,264,14.131
347,292,14.131
348,296,14.131
349,272,14.131
350,291,14.72
351,263,14.131
352,281,15.554
353,277,15.554
354,287,15.554
355,297,15.554
356,279,17.049
357,277,18.567
358,264,18.567
359,277,18.567
360,276,18.567
361,267,18.567
362,261,14.131
363,259,16.374
364,253,16.374
365,255,16.374
366,240,16.374
367,260,16.374
368,261,15.264
369,258,15.264
370,262,15.264
371,255,15.264
372,251,15.264
373,257,11.614
374,250,11.791
375,259,11.878
376,261,11.878
377,254,11.878
378,256,18.558
379,251,18.558
380,259,18.558
381,264,18.558
382,286,18.558
383,293,18.32
384,274,18.32
385,273,16.858
386,271,16.858
387,295,18.517
388,283,14.911
389,271,16.855
390,267,17.841
391,258,16.855
392,273,16.855
393,275,16.855
394,275,16.855
395,266,16.855
396,256,17.108
397,266,16.855
398,266,16.855
399,267,16.855
400,253,16.855
401,251,16.855
402,253,15.695
403,253,11.232
404,257,15.782
405,261,15.782
406,271,15.782
407,275,15.782
408,284,14.089
409,282,17.235
410,270,17.543
411,242,17.543
412,251,13.184
413,262,13.184
414,255,13.184
415,253,13.184
416,242,14.398
417,242,14.398
418,257,14.398
419,255,16.167
420,257,15.569
421,263,15.569
422,261,14.398
423,258,14.398
424,253,14.398
425,246,15.597
426,250,15.597
427,249,15.597
428,241,15.597
429,244,15.597
430,240,17.88
431,234,17.88
432,231,15.597
433,236,15.597
434,231,15.597
435,232,16.066
436,253,16.066
437,259,16.066
438,248,16.066
439,236,15.473
440,237,15.473
441,239,15.473
442,221,15.473
443,222,15.1
444,229,15.1
445,222,15.1
446,210,17.303
447,214,17.303
448,214,17.303
449,226,17.303
450,230,17.303
451,230,17.303
452,219,17.303
453,222,18.215
454,222,18.215
455,218,18.215
456,214,18.215
457,226,18.215
458,232,18.215
459,233,17.166
460,245,17.166
461,244,18.466
462,230,18.466
463,230,18.466
464,240,13.274
465,235,18.615
466,234,15.898
467,245,15.898
468,241,15.898
469,242,15.898
470,237,15.898
471,240,15.372
472,222,15.372
473,263,17.736
474,266,15.718
475,223,15.718
476,225,15.718
477,217,15.718
478,220,15.718
479,228,18.023
480,242,18.023
481,229,12.338
482,231,9.517
483,230,16.759
484,239,16.759
485,241,16.759
486,241,16.759
487,238,16.472
488,222,17.01
489,226,17.01
490,229,17.01
491,232,17.01
492,238,17.01
493,241,17.01
494,258,17.441
495,281,17.441
496,277,17.441
497,261,15.878
498,263,14.517
499,270,14.517
500,276,14.517
501,289,17.432
502,288,17.432
503,284,11.968
504,285,15.181
505,290,15.181
506,290,15.181
507,289,15.181
508,289,15.181
509,290,16.714
510,285,16.714
511,273,16.328
512,270,16.328
513,258,16.328
514,239,16.962
515,239,16.962
516,246,16.514
517,246,16.514
518,250,17.479
519,240,17.479
520,240,17.479
521,240,17.479
522,235,15.399
523,242,15.399
524,249,14.987
525,253,13.139
526,246,10.825
527,235,10.3
528,250,16.636
529,259,16.636
530,261,12.383
531,263,12.383
532,264,12.383
533,269,12.789
534,254,12.383
535,261,12.383
536,243,16.966
537,248,14.822
538,257,14.822
539,263,14.822
540,273,14.822
541,279,18.55
542,274,14.822
543,265,12.476
544,260,12.476
545,258,12.476
546,263,17.916
547,267,17.916
548,278,17.916
549,275,17.916
550,266,17.916
551,268,18.591
552,268,18.591
553,271,18.591
554,271,18.591
555,269,18.591
556,278,18.591
557,258,15.632
558,258,17.183
559,255,17.183
560,251,17.106
561,261,17.106
562,257,17.106
563,242,17.106
564,248,17.575
565,239,17.575
566,241,16.038
567,236,15.632
568,249,15.632
569,252,17.719
570,219,17.719
571,220,17.719
572,229,17.719
573,219,15.632
574,229,14.875
575,229,14.875
576,234,14.875
577,237,14.875
578,245,14.875
579,250,14.875
580,229,14.875
581,233,14.875
582,236,14.875
583,227,14.875
584,234,14.4
585,237,14.618
586,245,13.56
587,245,13.56
588,264,13.824
589,242,14.036
590,249,14.036
591,241,15.177
592,239,15.177
593,246,15.177
594,257,16.523
595,257,16.523
596,251,16.523
597,243,15.177
598,249,15.177
599,243,18.167
600,245,18.167
601,242,18.478
602,240,18.478
603,240,18.478
604,237,18.478
605,237,18.478
606,242,18.478
607,239,18.478
608,228,18.478
609,234,18.478
610,232,18.478
611,234,18.478
612,234,18.478
613,248,18.478
614,251,18.478
615,263,15.056
616,248,15.056
617,253,15.056
618,255,15.444
619,264,15.056
620,265,16.266
621,264,16.866
622,269,16.266
623,288,16.266
624,282,17.193
625,273,17.193
626,270,17.193
627,284,18.433
628,282,18.433
629,296,17.19
630,301,17.19
631,292,17.19
632,292,17.19
633,283,17.19
634,292,17.19
635,280,16.567
636,291,17.07
637,282,17.07
638,280,17.07
639,282,17.07
640,280,17.163
641,277,17.163
642,255,17.459
643,251,18.131
644,249,18.131
645,244,18.131
646,247,18.131
647,251,17.459
648,256,17.459
649,277,17.459
650,270,17.954
651,267,17.954
652,276,17.954
653,267,17.459
654,268,17.459
655,269,17.459
656,270,17.459
657,252,18.305
658,226,18.188
659,222,18.188
660,225,17.629
661,265,17.629
662,240,17.629
663,240,17.629
664,266,18.535
665,263,17.629
666,264,12.332
667,237,12.332
668,234,12.759
669,253,15.156
670,248,15.156
671,246,12.201
672,243,14.672
673,244,14.672
674,250,14.672
675,251,12.681
676,254,12.681
677,274,12.681
678,299,12.681
679,294,12.681
680,295,12.681
681,300,12.681
682,301,11.504
683,297,11.504
684,287,17.682
685,287,17.682
686,285,17.682
687,295,17.682
688,305,17.682
689,309,16.541
690,312,15.596
691,307,15.596
692,283,15.596
693,262,18.675
694,251,16.987
695,272,18.415
696,258,16.987
697,253,16.987
698,257,17.271
699,257,17.271
700,257,17.271
701,268,17.271
702,258,17.649
703,258,17.649
704,248,17.718
705,228,17.718
706,230,17.718
707,232,18.567
708,230,18.567
709,230,18.567
710,232,18.567
711,233,16.8
712,251,16.8
713,250,18.615
714,251,16.8
715,254,16.8
716,251,18.229
717,250,18.229
718,244,18.229
719,241,18.229
720,251,18.229
721,269,16.6
722,271,16.6
723,280,16.6
724,274,16.6
725,295,14.437
726,289,12.978
727,284,12.978
728,284,16.334
729,284,16.334
730,294,16.334
731,272,16.334
732,271,16.322
733,246,16.322
734,237,16.322
735,237,16.322
736,262,16.322
737,242,16.322
738,255,16.322
739,238,16.322
740,240,15.079
741,226,15.079
742,233,15.079
743,236,15.156
744,235,15.156
745,223,18.242
746,218,18.242
747,218,18.242
748,218,18.242
749,217,18.242
750,275,18.242
751,301,18.242
752,258,18.242
753,266,18.242
754,270,15.539
755,260,15.68
756,250,15.333
757,254,15.333
758,266,14.401
759,264,14.263
760,254,14.263
761,253,14.263
762,248,11.477
763,251,11.477
764,262,11.785
765,257,11.477
766,246,15.025
767,257,15.545
768,247,15.545
769,245,18.412
770,244,11.563
771,263,11.563
772,263,15.734
773,259,15.817
774,261,15.817
775,287,17.058
776,281,17.058
777,260,18.203
778,262,18.203
779,265,18.203
780,272,18.203
781,258,17.486
782,253,15.734
783,234,15.734
784,243,15.734
785,250,15.734
786,264,13.875
787,250,13.875
788,251,13.875
789,265,11.576
790,270,12.87
791,271,14.278
792,267,14.278
793,265,14.278
794,261,14.278
795,267,13.106
796,290,14.198
797,278,14.198
798,256,17.602
799,255,16.511
800,246,12.906
801,232,17.802
802,240,17.802
803,242,17.802
804,243,12.906
805,245,12.906
806,244,12.906
807,252,16.463
808,265,13.749
809,251,17.695
810,247,17.949
811,271,17.949
812,265,17.949
813,266,17.949
814,265,17.949
815,256,17.949
816,274,17.949
817,269,17.949
818,281,17.949
819,282,17.336
820,282,15.869
821,283,15.869
822,292,15.869
823,292,15.869
824,271,15.869
825,271,15.869
826,253,15.869
827,251,15.869
828,256,14.765
829,259,17.354
830,258,16.849
831,262,18.22
832,261,18.22
833,258,16.021
834,269,18.54
835,270,16.021
836,280,16.021
837,274,16.021
838,272,16.021
839,268,16.021
840,266,16.021
841,285,16.021
842,278,16.021
843,294,16.7
844,293,16.7
845,269,16.7
846,265,16.021
847,268,16.25
848,274,16.25
849,280,16.25
850,282,16.437
851,277,16.437
852,277,16.437
853,273,17.623
854,279,17.623
855,274,18.657
856,282,18.657
857,274,18.657
858,279,17.623
859,275,17.623
860,265,17.623
861,266,16.496
862,257,18.663
863,253,18.663
864,254,17.96
865,262,11.938
866,268,11.938
867,262,11.938
868,255,13.609
869,251,13.609
870,245,13.609
871,246,13.609
872,248,13.609
873,248,13.899
874,251,13.899
875,248,13.899
876,255,13.899
877,249,13.899
878,247,13.899
879,243,13.899
880,234,15.381
881,227,15.381
882,240,17.513
883,261,18.051
884,267,13.704
885,280,13.704
886,283,15.044
887,273,15.044
888,267,15.044
889,261,15.044
890,252,15.044
891,248,15.044
892,262,15.354
893,261,15.354
894,272,18.517
895,282,18.517
896,277,10.165
897,270,10.263
898,283,16.256
899,281,18.105
900,292,18.105
901,286,18.105
902,282,18.105
903,284,18.579
904,282,18.579
905,279,18.579
906,276,18.579
907,277,18.579
908,258,18.579
909,260,17.133
910,271,18.693
911,285,18.693
912,267,18.693
913,274,17.336
914,271,14.753
915,248,13.582
916,256,8.706
917,270,9.83
918,271,9.83
919,283,14.395
920,280,14.395
921,278,14.395
922,272,17.109
923,259,17.109
924,272,10.729
925,270,12.512
926,275,12.512
927,248,12.512
928,252,12.512
929,252,12.512
930,255,12.512
931,253,16.323
932,240,16.595
933,239,16.595
934,239,16.595
935,235,16.595
936,245,16.595
937,247,16.595
938,245,16.595
939,249,16.595
940,245,17.139
941,249,17.139
942,255,15.061
943,253,14.987
944,269,14.499
945,260,14.499
946,260,14.499
947,261,14.365
948,263,14.365
949,260,13.169
950,269,9.543
951,269,11.017
952,253,18.624
953,258,18.624
954,272,13.482
955,275,13.482
956,262,13.482
957,260,13.482
958,282,13.482
959,282,11.149
960,280,13.001
961,285,14.319
962,275,18.078
963,275,12.733
964,289,15.363
965,293,18.433
966,288,18.433
967,275,15.724
968,272,15.724
969,272,11.576
970,251,11.576
971,237,17.796
972,248,17.796
973,242,17.796
974,273,17.796
975,246,17.796
976,253,17.796
977,253,17.796
978,238,17.796
979,241,17.737
980,229,17.737
981,228,17.737
982,224,18.558
983,229,18.558
984,236,18.558
985,242,18.558
986,260,16.328
987,251,15.793
988,263,16.101
989,264,18.051
990,259,18.051
991,261,18.051
992,246,16.992
993,251,16.992
994,252,15.793
995,251,17.919
996,266,17.844
997,274,17.844
998,276,18.286
999,312,18.286
1000,307,18.286
1001,300,18.286
1002,272,18.286
1003,272,18.286
1004,274,18.286
1005,270,18.359
1006,260,18.359
1007,260,18.179
1008,251,17.515
1009,250,17.515
1010,251,17.515
1011,258,17.515
1012,256,17.193
1013,254,17.193
1014,257,17.193
1015,263,17.193
1016,270,17.193
1017,273,17.243
1018,269,17.871
1019,261,17.871
1020,247,17.871
1021,242,18.182
1022,248,18.418
1023,249,18.418
1024,253,18.418
1025,247,18.418
1026,260,18.418
1027,276,18.418
1028,265,17.396
1029,252,18.687
1030,268,17.396
1031,266,18.385
1032,261,18.385
1033,287,18.385
1034,286,18.385
1035,279,18.385
1036,263,18.385
1037,268,18.385
1038,246,18.385
1039,246,16.615
1040,256,16.615
1041,270,16.615
1042,281,16.615
1043,283,16.615
1044,288,16.615
1045,290,16.615
1046,278,16.615
1047,282,18.667
1048,276,18.667
1049,266,18.723
1050,254,18.723
1051,253,18.723
1052,244,18.72
1053,246,18.72
1054,244,18.696
1055,247,18.696
1056,256,18.693
1057,240,18.693
1058,253,17.342
1059,264,17.342
1060,269,16.525
1061,259,16.525
1062,259,16.525
1063,266,16.525
1064,258,18.188
1065,250,18.188
1066,239,12.505
1067,247,12.505
1068,239,14.364
1069,237,14.364
1070,235,16.215
1071,235,13.077
1072,235,13.077
1073,226,13.077
1074,229,12.505
1075,238,12.505
1076,235,15.184
1077,241,15.184
1078,226,17.51
1079,234,17.51
1080,229,17.51
1081,234,17.277
1082,234,12.505
1083,237,13.961
1084,235,13.961
1085,255,18.272
1086,268,13.961
1087,267,7.911
1088,295,7.911
1089,296,12.511
1090,298,12.511
1091,294,17.912
1092,290,18.592
1093,301,18.592
1094,296,18.592
1095,302,18.592
1096,304,18.592
1097,292,18.592
1098,277,17.907
1099,239,16.332
1100,225,16.332
1101,229,15.987
1102,245,15.022
1103,243,15.022
1104,239,15.022
1105,238,18.161
1106,230,18.161
1107,244,18.161
1108,257,18.161
1109,260,18.161
1110,244,13.232
1111,251,17.392
1112,251,17.392
1113,247,17.392
1114,246,17.982
1115,248,17.392
1116,245,16.182
1117,242,16.182
1118,241,16.25
1119,240,16.182
1120,256,16.182
1121,262,18.471
1122,257,18.517
1123,231,18.517
1124,207,18.517
1125,207,18.517
1126,205,16.182
1127,207,16.182
1128,209,15.689
1129,215,15.689
1130,215,16.99
1131,212,17.381
1132,228,17.381
1133,226,17.381
1134,252,17.381
1135,254,17.381
1136,257,17.381
1137,257,17.381
1138,262,17.381
1139,262,17.381
1140,251,17.381
1141,224,17.381
1142,215,17.381
1143,220,17.381
1144,224,17.381
1145,249,18.25
1146,242,18.25
1147,247,17.381
1148,250,14.41
1149,236,14.41
1150,237,13.45
1151,227,13.45
1152,243,13.45
1153,245,13.45
1154,247,16.624
1155,249,16.624
1156,252,16.624
1157,269,16.624
1158,269,16.624
1159,262,16.624
1160,244,18.474
1161,242,18.474
1162,242,18.474
1163,239,18.474
1164,243,18.474
1165,246,14.43
1166,257,18.666
1167,254,18.666
1168,256,18.05
1169,262,18.05
1170,268,18.05
1171,265,16.443
1172,259,16.443
1173,254,16.443
1174,254,15.674
1175,253,15.674
1176,259,15.674
1177,252,13.683
1178,252,13.45
1179,264,17.359
1180,270,14.191
1181,283,16.463
1182,268,16.463
1183,269,18.113
1184,255,18.113
1185,252,18.068
1186,245,18.068
1187,237,18.068
1188,244,18.068
1189,238,18.068
1190,231,16.463
1191,235,16.463
1192,231,14.996
1193,240,14.018
1194,238,14.018
1195,238,14.018
1196,239,13.45
1197,248,13.45
1198,252,18.618
1199,264,18.618
1200,262,18.618
1201,249,18.618
1202,265,18.618
1203,257,18.618
1204,256,18.618
1205,254,18.618
1206,256,18.618
1207,258,17.838
1208,261,17.838
1209,244,17.838
1210,243,17.838
1211,230,17.907
1212,222,17.907
1213,232,17.907
1214,231,17.907
1215,232,17.907
1216,243,17.365
1217,243,17.791
1218,243,17.791
1219,245,17.791
1220,246,17.791
1221,242,17.791
1222,255,17.791
1223,261,18.652
1224,267,18.652
1225,267,18.652
1226,267,18.652
1227,266,18.652
1228,264,16.959
1229,261,13.815
1230,255,18.09
1231,262,18.09
1232,263,13.815
1233,259,13.692
1234,258,13.692
1235,254,13.692
1236,244,12.595
1237,244,12.595
1238,238,16.963
1239,235,16.963
1240,236,11.904
1241,227,14.111
1242,234,11.904
1243,230,11.904
1244,236,11.904
1245,238,16.308
1246,254,15.896
1247,255,15.896
1248,263,15.896
1249,244,17.839
1250,233,18.22
1251,248,17.839
1252,272,17.839
1253,276,17.839
1254,236,17.839
1255,257,17.839
1256,262,14.299
1257,263,11.827
1258,262,14.039
1259,261,13.22
1260,260,13.22
1261,268,17.073
1262,278,17.073
1263,285,17.073
1264,290,17.073
1265,276,17.141
1266,287,17.246
1267,284,17.246
1268,285,17.246
1269,284,17.202
1270,269,16.026
1271,267,16.026
1272,264,16.026
1273,262,16.026
1274,306,16.026
1275,307,16.026
1276,288,15.659
1277,288,15.659
1278,271,17.362
1279,254,17.362
1280,252,15.814
1281,251,15.814
1282,250,15.814
1283,250,17.934
1284,252,17.934
1285,253,17.934
1286,245,17.934
1287,237,17.934
1288,240,16.759
1289,229,16.759
1290,240,17.928
1291,244,17.928
1292,243,18.445
1293,245,18.445
1294,253,18.445
1295,269,18.099
1296,267,18.099
1297,283,18.099
1298,280,18.099
1299,278,16.914
1300,283,16.914
1301,263,18.134
1302,247,16.914
1303,252,16.914
1304,265,16.914
1305,266,17.605
1306,264,17.605
1307,251,14.592
1308,252,14.592
1309,255,16.529
1310,261,16.529
1311,259,16.233
1312,258,16.948
1313,292,16.948
1314,289,16.948
1315,299,16.948
1316,297,17.865
1317,314,17.865
1318,308,17.907
1319,317,17.907
1320,310,17.865
1321,310,17.865
1322,298,15.943
1323,289,15.943
1324,278,15.671
1325,275,15.671
1326,265,15.671
1327,251,14.018
1328,234,14.018
1329,231,18.28
1330,273,18.28
1331,241,18.28
1332,224,18.28
1333,244,10.269
1334,235,10.269
1335,244,6.269
1336,237,8.662
1337,252,7.438
1338,251,7.438
1339,245,9.516
1340,252,12.213
1341,259,16.702
1342,262,16.702
1343,253,16.702
1344,256,15.088
1345,255,16.861
1346,256,16.03
1347,264,16.03
1348,268,16.03
1349,258,16.03
1350,256,15.088
1351,260,15.088
1352,253,15.088
1353,261,15.088
1354,251,17.315
1355,259,17.315
1356,264,16.878
1357,265,16.878
1358,268,16.878
1359,271,16.878
1360,270,16.878
1361,271,16.878
1362,271,16.878
1363,276,16.878
1364,268,16.855
1365,271,16.388
1366,263,16.388
1367,260,15.044
1368,255,18.293
1369,254,18.293
1370,255,18.293
1371,250,15.946
1372,241,15.946
1373,253,15.946
1374,260,18.507
1375,253,18.519
1376,258,18.519
1377,254,16.356
1378,244,18.299
1379,264,18.299
1380,259,18.349
1381,251,18.349
1382,261,18.349
1383,260,18.122
1384,254,18.015
1385,250,18.015
1386,265,16.64
1387,285,16.64
1388,281,16.64
1389,254,16.64
1390,251,16.64
1391,270,16.64
1392,261,16.64
1393,259,16.64
1394,254,16.64
1395,245,16.64
1396,248,16.64
1397,243,16.64
1398,251,16.64
1399,256,16.64
1400,259,15.456
1401,255,16.963
1402,258,16.963
1403,256,16.963
1404,255,16.963
1405,259,16.963
1406,261,16.963
1407,239,16.963
1408,240,16.963
1409,252,16.963
1410,247,16.963
1411,271,16.963
1412,284,18.613
1413,281,18.613
1414,277,18.613
1415,277,18.613
1416,283,18.613
1417,280,18.613
1418,274,18.613
1419,262,18.613
1420,271,18.613
1421,280,18.613
1422,267,13.878
1423,238,13.878
1424,238,18.041
1425,227,18.041
1426,232,18.041
1427,229,11.931
1428,224,15.434
1429,226,15.434
1430,216,12.063
1431,215,12.063
1432,211,12.063
1433,247,15.321
1434,247,12.063
1435,264,12.063
1436,258,12.063
1437,238,15.859
1438,243,16.29
1439,253,18.576
1440,255,18.576
1441,251,18.576
1442,241,18.576
1443,242,17.561
1444,250,18.035
1445,240,18.337
1446,253,18.337
1447,259,18.337
1448,241,18.337
1449,239,16.694
1450,239,17.709
1451,263,17.709
1452,265,17.709
1453,251,17.709
1454,240,17.835
1455,256,17.709
1456,251,17.709
1457,259,18.271
1458,260,18.271
1459,265,18.271
1460,287,18.271
1461,294,18.271
1462,298,18.501
1463,291,18.588
1464,291,18.588
1465,275,18.588
1466,271,18.588
1467,278,18.588
1468,298,10.422
1469,282,13.213
1470,282,18.065
1471,276,11.536
1472,260,11.536
1473,259,11.536
1474,258,18.454
1475,263,18.454
1476,252,18.454
1477,245,18.454
1478,242,18.454
1479,237,18.454
1480,238,18.454
1481,241,17.927
1482,249,17.927
1483,264,17.165
1484,258,17.165
1485,246,17.793
1486,246,17.793
1487,238,18.702
1488,238,18.702
1489,239,18.265
1490,242,17.234
1491,236,17.234
1492,238,17.234
1493,250,17.234
1494,265,17.234
1495,276,17.234
1496,285,17.234
1497,277,17.234
1498,275,17.234
1499,279,17.234
1500,277,17.234
1501,285,13.315
1502,285,13.315
1503,301,16.406
1504,303,16.406
1505,303,16.406
1506,297,16.406
1507,295,16.406
1508,300,17.226
1509,299,17.226
1510,300,17.226
1511,285,16.185
1512,282,16.185
1513,283,16.185
1514,272,16.561
1515,293,16.561
1516,291,18.507
1517,286,17.724
1518,273,17.724
1519,271,16.102
1520,271,16.102
1521,243,16.102
1522,235,16.475
1523,226,16.475
1524,226,16.475
1525,224,16.475
1526,229,15.085
1527,245,14.902
1528,226,14.902
1529,224,14.902
1530,249,14.902
1531,251,14.902
1532,254,14.902
1533,259,14.902
1534,265,16.185
1535,257,17.745
1536,263,18.483
1537,268,18.483
1538,245,18.483
1539,237,18.483
1540,239,18.483
1541,265,17.964
1542,262,18.69
1543,254,18.69
1544,268,18.69
1545,271,17.557
1546,265,17.871
1547,273,17.871
1548,279,17.557
1549,281,17.557
1550,274,17.557
1551,282,17.557
1552,283,17.557
1553,281,12.125
1554,282,12.125
1555,288,12.125
1556,311,12.093
1557,316,12.093
1558,314,13.539
1559,285,13.539
1560,272,13.539
1561,264,13.539
1562,261,13.539
1563,258,13.539
1564,283,12.218
1565,260,17.874
1566,261,17.874
1567,268,11.845
1568,267,11.845
1569,272,11.845
1570,264,11.845
1571,247,15.285
1572,271,14.878
1573,271,14.878
1574,244,16.514
1575,240,16.514
1576,234,11.741
1577,235,11.741
1578,248,12.03
1579,267,16.239
1580,283,12.768
1581,284,12.768
1582,283,12.768
1583,282,11.949
1584,279,11.949
1585,277,15.041
1586,281,15.268
1587,291,15.268
1588,277,15.041
1589,279,15.041
1590,276,11.412
1591,253,11.624
1592,255,16.301
1593,251,16.301
1594,262,16.301
1595,263,16.301
1596,262,16.301
1597,262,12.891
1598,262,12.891
1599,264,16.567
1600,267,17.919
1601,271,17.348
1602,264,17.348
1603,286,17.348
1604,262,18.654
1605,279,18.654
1606,270,18.654
1607,253,18.654
1608,244,18.654
1609,241,18.654
1610,237,18.654
1611,239,17.348
1612,264,17.348
1613,264,17.348
1614,258,17.348
1615,266,17.348
1616,292,17.348
1617,295,18.274
1618,288,18.274
1619,271,18.274
1620,271,18.274
1621,261,18.274
1622,275,18.274
1623,275,18.274
1624,271,18.274
1625,274,17.348
1626,269,17.348
1627,279,18.182
1628,278,17.348
1629,295,18.723
1630,296,18.723
1631,289,17.348
1632,294,17.348
1633,309,17.348
1634,317,17.348
1635,308,17.348
1636,304,17.348
1637,306,17.348
1638,297,17.348
1639,284,17.348
1640,268,17.348
1641,273,16.553
1642,259,16.553
1643,274,16.553
1644,280,16.553
1645,268,16.553
1646,260,16.553
1647,253,16.553
1648,236,16.657
1649,228,16.553
1650,249,16.553
1651,230,16.553
1652,242,16.553
1653,250,16.553
1654,245,14.015
1655,229,18.445
1656,233,18.445
1657,234,18.445
1658,231,18.445
1659,225,18.445
1660,228,18.445
1661,225,18.445
1662,225,18.445
1663,224,18.445
1664,220,18.445
1665,228,18.445
1666,230,18.445
1667,230,18.445
1668,221,18.445
1669,233,18.445
1670,207,18.445
1671,211,18.445
1672,213,18.445
1673,227,18.445
1674,217,18.445
1675,219,18.445
1676,222,18.445
1677,224,18.445
1678,226,18.445
1679,227,18.289
1680,232,18.289
1681,235,18.289
1682,237,16.528
1683,248,16.528
1684,239,16.528
1685,236,16.528
1686,257,16.528
1687,254,17.426
1688,252,17.426
1689,232,17.426
1690,234,17.04
1691,229,17.907
1692,224,17.907
1693,252,17.907
1694,245,18.25
1695,283,18.25
1696,257,18.25
1697,274,16.044
1698,263,16.044
1699,255,18.481
1700,248,18.481
1701,256,18.481
1702,249,15.39
1703,256,15.39
1704,261,15.39
1705,254,15.509
1706,253,15.509
1707,288,15.614
1708,295,17.641
1709,283,15.827
1710,286,16.436
1711,281,15.614
1712,276,15.614
1713,278,15.614
1714,255,12.012
1715,277,17.515
1716,288,17.668
1717,291,17.668
1718,289,17.668
1719,278,18.158
1720,268,17.061
1721,272,17.061
1722,263,16.508
1723,257,17.709
1724,248,14.371
1725,248,14.371
1726,249,14.371
1727,255,14.371
1728,256,14.371
1729,259,16.918
1730,256,13.629
1731,282,15.076
1732,261,13.629
1733,263,16.191
1734,254,18.526
1735,242,18.526
1736,242,18.526
1737,273,18.526
1738,270,18.526
1739,271,18.526
1740,273,17.913
1741,271,17.913
1742,267,17.913
1743,253,9.125
1744,270,14.095
1745,275,18.523
1746,281,18.523
1747,285,18.523
1748,283,16.337
1749,272,14.813
1750,265,14.813
1751,270,14.813
1752,273,14.813
1753,265,15.187
1754,272,17.022
1755,250,17.022
1756,249,14.813
1757,255,14.813
1758,251,14.813
1759,245,9.982
1760,247,10.744
1761,266,10.744
1762,273,10.744
1763,256,10.744
1764,250,14.613
1765,237,17.979
1766,238,17.979
1767,252,17.979
1768,252,13.967
1769,260,13.967
1770,261,16.053
1771,260,14.606
1772,260,14.606
1773,264,13.967
1774,273,11.164
1775,264,11.445
1776,272,13.722
1777,277,13.761
1778,289,13.761
1779,272,13.761
1780,273,15.318
1781,260,15.318
1782,248,13.761
1783,255,18.31
1784,257,18.31
1785,255,17.228
1786,262,17.228
1787,283,17.228
1788,285,14.697
1789,292,14.697
1790,303,14.697
1791,267,14.697
1792,268,15.71
1793,266,15.71
1794,265,16.174
1795,258,16.174
1796,257,16.978
1797,250,17.972
1798,250,17.972
1799,247,17.972
1800,244,15.833
1801,242,14.816
1802,254,16.99
1803,258,16.99
1804,261,16.99
1805,265,18.552
1806,255,18.552
1807,253,16.99
1808,248,16.99
1809,257,18.504
1810,252,18.504
1811,268,18.504
1812,279,18.465
1813,249,18.465
1814,248,18.465
1815,266,18.465
1816,263,18.465
1817,249,18.726
1818,253,18.726
1819,256,18.726
1820,260,17.112
1821,269,18.385
1822,274,18.403
1823,275,18.403
1824,285,18.403
1825,282,18.403
1826,278,18.403
1827,287,17.112
1828,282,17.112
1829,276,17.112
1830,267,17.112
1831,269,17.114
1832,263,17.114
1833,264,17.497
1834,262,17.112
1835,265,17.112
1836,270,17.112
1837,273,17.112
1838,275,18.445
1839,269,18.445
1840,256,18.445
1841,256,16.406
1842,260,16.406
1843,257,16.406
1844,254,16.406
1845,253,16.406
1846,262,14.122
1847,257,18.481
1848,255,18.496
1849,238,18.496
1850,231,18.496
1851,235,18.496
1852,244,18.496
1853,239,18.496
1854,237,18.496
1855,239,18.496
1856,229,18.496
1857,245,18.496
1858,240,18.496
1859,234,18.496
1860,259,18.496
1861,260,18.666
1862,267,18.666
1863,269,18.666
1864,271,18.496
1865,277,18.496
1866,279,18.645
1867,280,18.496
1868,282,18.496
1869,287,17.569
1870,259,11.656
1871,258,11.656
1872,258,13.095
1873,259,15.851
1874,247,15.851
1875,244,15.851
1876,249,15.851
1877,256,15.871
1878,255,15.871
1879,250,15.871
1880,256,15.871
1881,244,11.797
1882,241,18.334
1883,237,18.334
1884,228,17.494
1885,221,17.494
1886,224,14.866
1887,218,14.866
1888,240,14.866
1889,237,18.559
1890,234,18.559
1891,226,18.559
1892,226,18.559
1893,210,18.559
1894,205,16.888
1895,211,15.644
1896,212,14.866
1897,214,16.882
1898,213,18.424
1899,227,18.424
1900,245,18.424
1901,251,18.424
1902,255,18.424
1903,233,18.424
1904,228,18.424
1905,227,18.454
1906,237,18.454
1907,249,18.454
1908,235,18.454
1909,243,18.454
1910,241,18.454
1911,242,18.454
1912,254,18.454
1913,274,18.454
1914,253,18.454
1915,265,18.454
1916,261,18.454
1917,253,18.454
1918,257,18.454
1919,251,18.454
1920,266,18.454
1921,267,16.702
1922,249,16.702
1923,259,14.679
1924,250,18.218
1925,254,9.447
1926,255,12.927
1927,249,12.927
1928,254,18.38
1929,277,18.38
1930,272,18.248
1931,269,18.248
1932,270,18.248
1933,258,13.328
1934,259,13.328
1935,244,17.865
1936,259,17.865
1937,260,18.538
1938,255,18.538
1939,243,18.538
1940,239,18.553
1941,251,18.553
1942,261,18.553
1943,260,18.553
1944,258,18.553
1945,260,18.553
1946,264,18.553
1947,255,18.553
1948,263,18.553
1949,261,18.553
1950,252,16.592
1951,254,16.592
1952,262,16.592
1953,259,16.592
1954,273,16.592
1955,282,16.592
1956,277,16.592
1957,287,16.592
1958,271,16.592
1959,273,16.592
1960,266,16.592
1961,273,14.98
1962,270,14.98
1963,270,14.98
1964,277,17.668
1965,269,17.668
1966,272,11.442
1967,268,11.666
1968,265,18.55
1969,255,16.84
1970,255,16.84
1971,271,11.666
1972,255,15.307
1973,255,15.307
1974,261,13.851
1975,258,13.851
1976,286,14.977
1977,273,15.892
1978,279,17.156
1979,282,17.156
1980,265,13.851
1981,254,13.851
1982,254,13.851
1983,246,13.414
1984,247,13.414
1985,248,13.414
1986,249,13.414
1987,256,13.414
1988,248,15.814
1989,260,13.414
1990,262,13.414
1991,254,13.414
1992,250,13.414
1993,254,13.414
1994,249,15.781
1995,236,15.781
1996,227,16.137
1997,228,17.683
1998,227,17.683
1999,244,17.683
2000,257,16.679
2001,248,16.153
2002,247,18.571
2003,231,15.629
2004,225,15.629
2005,239,17.455
2006,235,17.455
2007,245,17.455
2008,247,18.263
2009,252,17.455
2010,258,17.8
2011,255,17.8
2012,254,17.8
2013,254,16.878
2014,262,18.199
2015,260,16.878
2016,276,16.759
2017,274,16.759
2018,264,17.859
2019,258,18.642
2020,254,18.642
2021,265,18.642
2022,278,18.642
2023,276,18.642
2024,293,17.273
2025,313,18.026
2026,317,18.066
2027,326,18.066
2028,332,18.066
2029,331,14.209
2030,323,14.209
2031,323,14.209
2032,308,14.209
2033,317,14.209
2034,300,15.599
2035,294,15.599
2036,296,15.599
2037,299,15.815
2038,293,15.815
2039,302,15.815
2040,299,15.815
2041,290,16.66
2042,287,15.815
2043,284,15.815
2044,291,14.209
2045,286,14.125
2046,281,12.987
2047,276,12.987
2048,257,12.841
2049,259,12.841
2050,256,16.005
2051,258,12.841
2052,268,12.841
2053,265,12.841
2054,246,12.841
2055,259,14.712
2056,265,14.712
2057,272,16.783
2058,258,17.997
2059,257,17.997
2060,255,14.452
2061,261,17.004
2062,276,14.452
2063,268,15.665
2064,279,15.665
2065,265,15.665
2066,263,15.665
2067,232,15.665
2068,227,16.888
2069,227,16.888
2070,228,16.941
2071,218,18.615
2072,214,18.615
2073,211,18.615
2074,223,18.615
2075,230,18.615
2076,230,18.615
2077,231,18.615
2078,247,17.818
2079,271,17.688
2080,265,17.688
2081,258,17.688
2082,261,17.404
2083,255,17.201
2084,252,18.0
2085,247,18.525
2086,247,18.525
2087,247,18.525
2088,247,18.525
2089,245,18.525
2090,245,18.525
2091,245,18.525
2092,240,18.525
2093,239,18.525
2094,236,18.525
2095,239,14.897
2096,240,15.991
2097,242,15.991
2098,251,15.991
2099,253,15.991
2100,256,14.55
2101,264,13.035
2102,264,13.11
2103,257,13.11
2104,261,13.11
2105,259,15.919
2106,277,17.692
2107,294,17.692
2108,271,10.667
2109,268,12.033
2110,264,10.667
2111,282,10.667
2112,271,10.667
2113,267,10.667
2114,270,9.354
2115,273,9.354
2116,275,18.562
2117,269,18.612
2118,273,18.612
2119,247,18.612
2120,250,18.612
2121,246,18.612
2122,229,18.562
2123,240,18.562
2124,232,18.562
2125,246,18.562
2126,258,17.967
2127,252,17.967
2128,247,17.967
2129,247,17.967
2130,244,17.38
2131,238,17.38
2132,238,17.38
2133,238,17.38
2134,243,17.38
2135,243,17.38
2136,254,16.138
2137,246,16.138
2138,243,16.138
2139,242,15.109
2140,250,15.109
2141,244,15.109
2142,244,17.129
2143,239,17.129
2144,230,17.129
2145,229,17.129
2146,228,17.129
2147,229,18.221
2148,219,18.221
2149,220,17.129
2150,232,17.129
2151,234,16.047
2152,238,16.047
2153,299,13.477
2154,305,12.829
2155,256,17.799
2156,250,17.799
2157,243,17.799
2158,242,17.799
2159,254,17.799
2160,253,17.799
2161,261,17.799
2162,260,17.918
2163,244,17.918
2164,242,17.918
2165,254,17.918
2166,263,17.22
2167,265,14.992
2168,261,16.878
2169,241,16.878
2170,239,16.878
2171,245,15.97
2172,247,15.97
2173,251,15.97
2174,258,15.97
2175,245,15.97
2176,257,15.97
2177,283,11.69
2178,272,18.021
2179,256,18.021
2180,262,18.021
2181,277,18.021
2182,279,18.021
2183,280,17.324
2184,276,17.324
2185,280,17.324
2186,276,15.279
2187,257,15.331
2188,259,17.184
2189,258,15.279
2190,265,11.69
2191,262,11.69
2192,270,11.69
2193,269,17.775
2194,262,17.775
2195,264,17.775
2196,262,15.805
2197,255,15.805
2198,250,15.805
2199,246,18.247
2200,245,18.247
2201,251,18.247
2202,248,16.87
2203,246,16.87
2204,250,16.87
2205,252,16.87
2206,238,16.87
2207,262,14.92
2208,262,14.92
2209,263,14.92
2210,265,14.92
2211,266,14.92
2212,262,18.573
2213,261,18.573
2214,259,12.918
2215,257,17.895
2216,254,18.454
2217,248,18.454
2218,239,18.454
2219,258,18.597
2220,270,18.597
2221,255,18.597
2222,259,18.597
2223,262,18.597
2224,253,18.597
2225,253,18.597
2226,237,18.454
2227,231,18.454
2228,240,18.454
2229,253,18.454
2230,258,18.454
2231,262,18.454
2232,265,18.454
2233,285,18.454
2234,276,18.454
2235,280,18.681
2236,247,18.454
2237,247,18.454
2238,264,18.454
2239,265,18.454
2240,253,18.454
2241,257,18.454
2242,262,18.454
2243,252,18.454
2244,251,18.454
2245,255,18.454
2246,250,18.454
2247,252,18.454
2248,243,18.454
2249,246,17.348
2250,246,17.348
2251,242,17.007
2252,234,15.874
2253,237,15.874
2254,235,15.874
2255,234,15.874
2256,236,18.634
2257,231,18.634
2258,232,18.634
2259,236,18.634
2260,228,18.634
2261,228,18.612
2262,231,18.612
2263,223,18.612
2264,231,15.36
2265,239,15.36
2266,226,15.36
2267,218,18.612
2268,224,18.612
2269,223,18.612
2270,233,18.612
2271,234,17.247
2272,247,15.36
2273,237,15.36
2274,241,16.104
2275,269,16.104
2276,269,16.613
2277,267,17.722
2278,271,18.457
2279,261,18.457
2280,267,18.457
2281,267,18.457
2282,272,18.457
2283,276,18.457
2284,276,15.815
2285,274,15.815
2286,274,15.815
2287,295,15.815
2288,272,15.815
2289,271,17.975
2290,272,16.286
2291,279,16.286
2292,285,16.286
2293,292,16.15
2294,286,16.15
2295,274,16.15
2296,265,16.15
2297,266,16.15
2298,281,16.15
2299,271,17.691
2300,270,17.691
2301,272,17.691
2302,267,17.691
2303,279,17.691
2304,282,17.691
2305,306,17.691
2306,313,18.359
2307,306,17.691
2308,303,17.22
2309,293,17.22
2310,297,17.22
2311,299,17.22
2312,276,17.22
2313,285,17.22
2314,301,17.22
2315,277,17.22
2316,284,16.275
2317,290,17.73
2318,288,17.453
2319,288,16.275
2320,286,16.275
2321,279,16.275
2322,268,16.275
2323,259,16.275
2324,257,16.275
2325,269,13.261
2326,268,13.261
2327,270,13.181
2328,265,17.231
2329,282,13.181
2330,288,13.181
2331,278,13.181
2332,267,15.748
2333,259,15.748
2334,255,15.748
2335,262,13.181
2336,261,12.171
2337,260,16.918
2338,265,16.771
2339,268,16.771
2340,255,16.771
2341,229,17.757
2342,236,18.418
2343,241,18.418
2344,239,18.418
2345,254,18.418
2346,248,18.418
2347,257,18.474
2348,258,16.218
2349,258,16.218
2350,244,18.116
2351,244,18.116
2352,252,16.218
2353,252,17.7
2354,263,17.7
2355,260,17.7
2356,285,17.7
2357,279,17.7
2358,283,17.7
2359,267,18.383
2360,285,17.7
2361,277,17.7
2362,281,18.301
2363,285,18.301
2364,296,18.301
2365,297,18.301
2366,284,18.301
2367,268,18.301
2368,278,18.301
2369,267,18.301
2370,269,18.301
2371,266,18.301
2372,252,18.301
2373,254,18.301
2374,260,18.301
2375,270,18.301
2376,270,18.301
2377,264,16.265
2378,249,16.265
2379,243,11.339
2380,259,17.093
2381,258,17.093
2382,262,17.093
2383,260,17.093
2384,270,10.874
2385,262,18.472
2386,263,18.472
2387,252,15.758
2388,245,16.857
2389,243,15.868
2390,251,15.868
2391,246,15.868
2392,251,15.868
2393,250,15.868
2394,247,15.868
2395,246,18.451
2396,244,15.868
2397,248,15.868
2398,262,15.868
2399,264,12.134
2400,267,18.203
2401,268,18.203
2402,263,18.203
2403,273,18.203
2404,273,18.203
2405,289,18.203
2406,269,18.203
2407,263,18.203
2408,276,18.203
2409,282,16.715
2410,273,16.715
2411,254,16.715
2412,247,16.715
2413,271,16.715
2414,290,14.585
2415,275,16.021
2416,278,16.021
2417,281,14.248
2418,267,14.248
2419,289,15.934
2420,280,14.248
2421,273,14.248
2422,262,17.474
2423,261,17.474
2424,260,17.474
2425,268,7.432
2426,256,10.601
2427,258,15.106
2428,249,15.106
2429,260,17.506
2430,260,17.506
2431,259,17.575
2432,254,17.575
2433,257,17.575
2434,262,17.575
2435,267,17.575
2436,268,17.575
2437,267,17.575
2438,259,17.195
2439,249,15.73
2440,250,18.182
2441,233,16.798
2442,236,16.798
2443,242,17.33
2444,246,17.33
2445,252,17.33
2446,252,17.33
2447,239,17.33
2448,238,17.33
2449,238,17.33
2450,237,17.33
2451,243,17.33
2452,229,15.603
2453,233,15.73
2454,236,15.603
2455,238,15.603
2456,239,15.603
2457,239,18.493
2458,241,18.493
2459,239,18.493
2460,240,18.493
2461,243,18.493
2462,241,18.493
2463,229,18.493
2464,226,18.493
2465,221,18.493
2466,215,15.596
2467,216,15.085
2468,221,15.085
2469,234,15.085
2470,231,15.575
2471,228,15.085
2472,214,16.206
2473,229,15.085
2474,229,16.059
2475,229,16.059
2476,232,15.085
2477,240,18.062
2478,242,18.062
2479,244,18.062
2480,252,18.062
2481,273,18.062
2482,279,18.062
2483,268,18.062
2484,264,18.062
2485,263,18.062
2486,257,18.062
2487,255,18.062
2488,256,18.062
2489,257,18.062
2490,257,18.062
2491,255,18.062
2492,260,18.062
2493,268,16.537
2494,267,16.899
2495,266,16.899
2496,273,16.786
2497,276,16.786
2498,276,16.786
2499,281,16.786
2500,312,16.786
2501,303,16.786
2502,304,16.161
2503,287,14.745
2504,270,13.967
2505,257,12.242
2506,246,12.242
2507,258,12.242
2508,261,10.99
2509,265,18.624
2510,260,18.624
2511,279,18.624
2512,282,18.624
2513,278,18.624
2514,292,18.624
2515,289,18.624
2516,289,18.624
2517,299,18.624
2518,314,17.175
2519,311,17.175
2520,285,17.175
2521,291,17.175
2522,298,17.01
2523,295,17.01
2524,294,17.01
2525,290,15.978
2526,284,11.513
2527,282,16.062
2528,271,16.062
2529,266,16.062
2530,267,16.062
2531,266,16.062
2532,265,16.062
2533,265,16.062
2534,263,16.062
2535,259,16.062
2536,264,16.062
2537,258,16.062
2538,263,16.062
2539,258,16.664
2540,275,16.664
2541,269,16.664
2542,255,16.664
2543,248,16.664
2544,272,16.664
2545,278,16.664
2546,272,17.163
2547,281,16.062
2548,284,16.062
2549,270,15.886
2550,253,15.886
2551,257,15.886
2552,268,15.886
2553,251,15.343
2554,268,15.343
2555,271,15.343
2556,274,15.343
2557,246,15.343
2558,264,17.153
2559,258,17.153
2560,259,17.153
2561,244,18.035
2562,257,18.035
2563,258,17.772
2564,247,16.224
2565,246,16.224
2566,233,16.224
2567,230,16.446
2568,232,16.446
2569,239,16.446
2570,230,16.446
2571,232,16.446
2572,232,15.309
2573,233,15.309
2574,225,13.823
2575,244,15.27
2576,246,13.823
2577,247,17.569
2578,246,12.125
2579,252,12.125
2580,248,12.033
2581,242,12.033
2582,232,17.216
2583,245,15.686
2584,253,15.686
2585,245,17.21
2586,237,17.21
2587,233,17.21
2588,235,17.21
2589,250,17.21
2590,248,16.029
2591,242,16.029
2592,234,17.037
2593,241,15.737
2594,237,15.97
2595,237,15.97
2596,256,11.576
2597,253,12.625
2598,264,12.625
2599,263,12.625
2600,263,12.625
2601,264,12.625
2602,275,17.359
2603,279,17.285
2604,286,17.285
2605,287,17.285
2606,289,15.844
2607,257,13.157
2608,258,14.269
2609,270,14.269
2610,255,10.524
2611,247,17.189
2612,244,12.054
2613,236,12.054
2614,236,12.054
2615,248,12.054
2616,248,12.054
2617,249,16.744
2618,251,16.744
2619,241,16.744
2620,235,16.744
2621,231,16.744
2622,218,17.88
2623,223,16.744
2624,241,16.744
2625,241,16.744
2626,242,16.744
2627,258,16.744
2628,268,16.744
2629,277,16.744
2630,293,16.744
2631,264,18.182
2632,271,17.378
2633,299,16.744
2634,299,16.744
2635,285,16.744
2636,276,16.744
2637,276,16.744
2638,276,18.591
2639,266,18.591
2640,266,17.88
2641,266,12.317
2642,264,12.317
2643,256,16.427
2644,247,16.427
2645,244,17.25
2646,253,17.25
2647,264,17.25
2648,273,17.25
2649,274,17.25
2650,278,17.25
2651,274,17.25
2652,270,17.25
2653,272,17.25
2654,267,17.25
2655,268,15.979
2656,273,18.58
2657,288,18.58
2658,282,18.58
2659,290,18.58
2660,272,18.58
2661,276,16.514
2662,278,16.514
2663,269,17.336
2664,253,17.336
2665,255,17.749
2666,259,17.749
2667,256,17.749
2668,251,15.168
2669,244,17.198
2670,253,17.198
2671,256,17.198
2672,250,18.708
2673,279,18.708
2674,278,18.708
2675,284,18.708
2676,255,18.708
2677,257,18.708
2678,242,18.708
2679,250,12.882
2680,244,12.882
2681,253,17.65
2682,258,17.65
2683,269,12.882
2684,268,18.609
2685,260,18.609
2686,259,17.279
2687,264,17.279
2688,273,17.764
2689,289,17.764
2690,285,17.279
2691,279,17.279
2692,286,17.279
2693,288,17.279
2694,280,18.158
2695,289,18.158
2696,285,18.158
2697,316,18.158
2698,328,18.158
2699,311,18.158
2700,296,18.158
2701,302,18.158
2702,261,18.158
2703,252,18.158
2704,252,16.12
2705,240,16.12
2706,250,16.12
2707,240,17.796
2708,254,18.469
2709,263,18.469
2710,266,18.469
2711,258,16.038
2712,262,18.577
2713,249,18.667
2714,239,18.667
2715,228,18.667
2716,222,17.782
2717,214,17.782
2718,216,17.782
2719,218,17.988
2720,228,17.988
2721,230,17.988
2722,235,17.805
2723,235,17.805
2724,237,17.805
2725,238,18.286
2726,230,18.568
2727,226,18.568
2728,220,18.568
2729,220,18.568
2730,217,18.568
2731,212,18.568
2732,217,17.782
2733,212,17.782
2734,218,17.782
2735,221,17.782
2736,241,17.782
2737,237,17.782
2738,234,17.782
2739,236,17.782
2740,258,17.782
2741,254,17.782
2742,257,17.782
2743,267,17.782
2744,269,17.782
2745,270,17.782
2746,250,17.782
2747,257,17.782
2748,256,17.408
2749,252,17.408
2750,247,18.445
2751,243,18.445
2752,243,18.445
2753,235,18.445
2754,235,18.445
2755,235,18.445
2756,235,18.445
2757,239,18.445
2758,235,18.179
2759,275,18.179
2760,273,18.179
2761,271,18.179
2762,280,18.179
2763,264,18.179
2764,264,17.426
2765,258,17.426
2766,275,17.426
2767,276,17.426
2768,261,17.426
2769,272,17.426
2770,284,16.421
2771,281,16.12
2772,272,17.318
2773,266,17.318
2774,270,16.107
2775,279,16.107
2776,278,16.107
2777,280,15.423
2778,280,16.804
2779,271,15.423
2780,267,15.423
2781,266,15.423
2782,273,15.423
2783,271,14.137
2784,270,16.499
2785,263,11.636
2786,275,17.865
2787,282,17.865
2788,283,12.054
2789,265,12.802
2790,261,12.802
2791,265,17.441
2792,254,17.441
2793,258,17.441
2794,249,17.441
2795,245,18.137
2796,249,17.441
2797,221,17.441
2798,226,17.441
2799,228,18.672
2800,230,18.672
2801,221,18.672
2802,224,18.672
2803,225,18.672
2804,219,18.334
2805,207,18.334
2806,219,18.334
2807,236,18.334
2808,232,17.276
2809,232,17.276
2810,238,16.0
2811,233,16.0
2812,229,16.0
2813,230,16.0
2814,229,16.0
2815,207,16.0
2816,203,16.0
2817,216,16.0
2818,216,17.963
2819,213,18.161
2820,202,18.161
2821,197,18.161
2822,192,18.161
2823,201,17.988
2824,197,17.988
2825,219,17.988
2826,221,17.988
2827,237,17.988
2828,247,17.758
2829,225,17.758
2830,211,17.758
2831,213,17.758
2832,211,17.758
2833,215,17.758
2834,231,16.724
2835,222,18.325
2836,225,18.325
2837,240,18.325
2838,246,18.325
2839,246,18.325
2840,259,17.915
2841,256,17.915
2842,255,17.54
2843,262,17.54
2844,262,17.54
2845,261,17.54
2846,260,17.54
2847,258,17.54
2848,268,17.54
2849,254,18.131
2850,258,18.131
2851,269,18.131
2852,259,18.131
2853,254,17.54
2854,245,17.54
2855,247,17.54
2856,251,17.54
2857,260,17.581
2858,260,17.581
2859,263,17.581
2860,264,17.581
2861,268,17.581
2862,266,17.581
2863,264,17.581
2864,260,17.581
2865,254,17.674
2866,244,17.674
2867,228,17.674
2868,220,16.664
2869,230,17.276
2870,229,17.276
2871,229,17.276
2872,225,17.276
2873,240,18.642
2874,242,18.642
2875,245,17.991
2876,245,17.991
2877,246,17.991
2878,244,15.39
2879,245,15.348
2880,255,17.778
2881,259,17.778
2882,258,17.778
2883,256,17.778
2884,256,18.002
2885,264,18.002
2886,267,18.427
2887,243,18.376
2888,241,18.053
2889,240,18.053
2890,239,18.053
2891,258,18.053
2892,236,18.053
2893,236,18.053
2894,239,16.777
2895,233,17.36
2896,228,17.36
2897,229,17.36
2898,225,17.36
2899,224,13.019
2900,215,14.774
2901,207,14.774
2902,211,13.991
2903,207,14.717
2904,212,14.373
2905,222,17.836
2906,236,17.836
2907,246,17.836
2908,228,17.836
2909,239,17.836
2910,247,18.699
2911,246,18.699
2912,222,18.699
2913,219,18.699
2914,221,18.699
2915,221,18.699
2916,223,18.699
2917,232,18.699
2918,247,18.699
2919,241,18.699
2920,256,18.699
2921,244,18.699
2922,245,18.699
2923,260,18.699
2924,246,18.699
2925,246,18.699
2926,242,18.699
2927,253,18.699
2928,250,18.699
2929,243,18.699
2930,249,18.699
2931,247,18.699
2932,230,18.483
2933,234,16.171
2934,233,16.132
2935,230,18.643
2936,223,17.824
2937,247,17.898
2938,258,17.898
2939,247,17.898
2940,247,17.898
2941,254,17.898
2942,249,17.279
2943,260,15.805
2944,272,15.805
2945,264,15.805
2946,258,15.805
2947,251,18.32
2948,248,18.32
2949,238,12.452
2950,224,18.19
2951,237,18.19
2952,235,16.218
2953,216,16.218
2954,203,18.224
2955,205,18.224
2956,205,18.708
2957,232,18.708
2958,253,18.311
2959,253,18.311
2960,246,18.311
2961,250,18.311
2962,245,18.293
2963,239,18.293
2964,244,18.293
2965,254,18.293
2966,255,18.293
2967,256,18.293
2968,263,18.293
2969,265,16.565
2970,265,17.895
2971,260,17.895
2972,246,17.895
2973,242,17.919
2974,224,17.919
2975,223,17.919
2976,226,17.919
2977,220,17.919
2978,226,17.919
2979,229,17.919
2980,216,17.919
2981,215,17.919
2982,227,16.657
2983,214,16.657
2984,223,16.657
2985,218,16.657
2986,224,16.546
2987,223,16.123
2988,249,16.123
2989,285,16.123
2990,245,16.123
2991,259,8.425
2992,249,8.425
2993,248,8.425
2994,257,13.028
2995,255,13.028
2996,258,13.028
2997,259,13.028
2998,246,12.58
2999,248,18.232
3000,249,18.232
3001,268,12.508
3002,249,11.369
3003,260,11.746
3004,270,18.445
3005,263,18.445
3006,254,18.235
3007,251,10.258
3008,259,13.71
3009,271,13.71
3010,262,15.276
3011,260,17.524
3012,269,17.524
3013,271,16.057
3014,271,15.261
3015,273,11.77
3016,256,11.77
3017,273,11.448
3018,273,8.816
3019,263,15.68
3020,269,15.68
3021,270,15.68
3022,250,15.68
3023,263,17.572
3024,262,17.572
3025,255,18.502
3026,226,18.502
3027,223,18.502
3028,227,18.502
3029,228,18.502
3030,231,18.502
3031,228,18.502
3032,232,18.502
3033,233,18.502
3034,235,17.348
3035,233,17.348
3036,243,17.348
3037,244,17.348
3038,241,17.348
3039,251,18.571
3040,259,18.571
3041,264,18.571
3042,251,18.571
3043,261,16.343
3044,252,15.408
3045,274,17.587
3046,274,18.454
3047,271,18.454
3048,285,18.454
3049,285,16.463
3050,290,16.463
3051,292,16.463
3052,263,13.612
3053,269,10.269
3054,270,11.749
3055,269,11.749
3056,286,18.585
3057,287,18.585
3058,293,18.585
3059,286,18.585
3060,288,18.585
3061,279,18.585
3062,283,16.111
3063,286,17.226
3064,261,17.226
3065,258,18.687
3066,260,18.687
3067,259,17.226
3068,275,17.226
3069,269,17.226
3070,267,17.226
3071,274,18.591
3072,272,18.591
3073,281,18.591
3074,272,18.591
3075,304,18.591
3076,288,18.591
3077,274,18.591
3078,254,13.551
3079,255,13.551
3080,264,12.419
3081,275,12.419
3082,267,12.419
3083,270,10.847
3084,267,10.847
3085,263,10.847
3086,254,10.847
3087,259,13.88
3088,273,16.99
3089,270,16.963
3090,268,15.002
3091,267,15.002
3092,269,15.002
3093,266,14.388
3094,252,13.037
3095,245,14.43
3096,266,14.43
3097,258,13.806
3098,269,13.806
3099,268,18.245
3100,271,17.339
3101,266,17.339
3102,250,17.339
3103,249,9.926
3104,257,13.112
3105,259,15.615
3106,258,15.615
3107,259,15.615
3108,263,15.615
3109,247,15.615
3110,248,14.568
3111,253,14.568
3112,252,11.178
3113,260,17.132
3114,282,17.132
3115,284,12.141
3116,287,12.69
3117,291,14.296
3118,292,14.296
3119,278,16.975
3120,270,18.062
3121,287,18.062
3122,291,18.062
3123,253,18.062
3124,244,18.062
3125,239,18.092
3126,235,18.092
3127,223,18.092
3128,234,18.708
3129,233,18.708
3130,227,18.454
3131,225,18.454
3132,235,18.454
3133,234,18.454
3134,235,18.454
3135,237,18.454
3136,247,18.176
3137,248,18.176
3138,249,18.176
3139,249,18.176
3140,242,14.305
3141,245,14.305
3142,248,14.305
3143,275,14.305
3144,272,13.884
3145,267,18.325
3146,269,18.325
3147,270,18.325
3148,269,18.325
3149,267,17.886
3150,262,18.442
3151,264,18.442
3152,263,18.544
3153,265,18.544
3154,256,18.544
3155,255,18.525
3156,256,18.525
3157,252,18.525
3158,242,18.525
3159,252,17.85
3160,244,17.85
3161,246,17.172
3162,256,17.172
3163,248,17.172
3164,234,17.172
3165,243,17.172
3166,238,18.119
3167,234,18.119
3168,238,17.172
3169,245,17.172
3170,240,17.172
3171,227,17.172
3172,224,15.653
3173,228,15.653
3174,231,12.332
3175,222,12.332
3176,235,12.601
3177,259,12.601
3178,263,12.601
3179,269,12.523
3180,256,11.122
3181,254,9.845
3182,252,9.916
3183,252,18.471
3184,263,18.471
3185,298,18.471
3186,299,18.471
3187,323,18.471
3188,318,16.706
3189,312,16.706
3190,298,18.256
3191,310,16.706
3192,312,16.706
3193,300,16.706
3194,306,16.706
3195,314,16.706
3196,315,18.445
3197,296,10.646
3198,290,15.172
3199,295,11.633
3200,265,11.633
3201,257,9.367
3202,274,12.823
3203,277,12.823
3204,282,12.823
3205,283,14.905
3206,284,14.905
3207,273,14.905
3208,281,14.631
3209,276,14.631
3210,270,14.631
3211,269,14.631
3212,274,14.631
3213,297,14.631
3214,282,14.631
3215,282,14.631
3216,279,14.974
3217,295,14.974
3218,311,15.261
3219,283,15.261
3220,268,15.261
3221,277,16.042
3222,304,16.042
3223,284,16.042
3224,281,17.16
3225,277,17.16
3226,277,17.16
3227,272,17.16
3228,281,17.16
3229,282,17.16
3230,275,17.16
3231,281,17.16
3232,280,17.16
3233,301,17.16
3234,300,17.16
3235,302,17.16
3236,319,17.16
3237,324,15.261
3238,315,15.256
3239,315,15.716
3240,305,15.716
3241,307,15.716
3242,302,15.716
3243,255,15.716
3244,246,15.716
3245,255,14.956
3246,253,14.956
3247,239,14.956
3248,233,17.978
3249,232,14.831
3250,239,14.831
3251,256,18.006
3252,260,16.247
3253,266,17.799
3254,268,16.247
3255,259,15.976
3256,276,15.976
3257,257,16.341
3258,244,16.341
3259,253,16.341
3260,288,16.341
3261,295,14.413
3262,295,16.449
3263,296,16.449
3264,299,16.449
3265,262,16.449
3266,253,16.449
3267,260,14.413
3268,263,14.413
3269,263,14.413
3270,281,14.413
3271,280,17.874
3272,303,17.117
3273,308,17.117
3274,306,17.117
3275,305,14.766
3276,292,14.766
3277,305,14.766
3278,303,14.766
3279,303,14.766
3280,289,14.766
3281,260,14.766
3282,254,14.766
3283,289,14.766
3284,291,14.766
3285,289,14.766
3286,275,18.553
3287,255,18.553
3288,249,18.553
3289,249,17.354
3290,217,17.354
3291,216,17.354
3292,210,14.667
3293,210,14.667
3294,217,14.667
3295,234,14.667
3296,244,14.667
3297,246,14.667
3298,240,14.667
3299,244,14.667
3300,257,14.667
3301,257,14.667
3302,257,14.667
3303,263,17.246
3304,266,17.981
3305,275,17.981
3306,263,17.144
3307,271,17.144
3308,249,17.407
3309,246,17.407
3310,248,17.407
3311,260,17.673
3312,266,17.673
3313,265,18.454
3314,270,18.454
3315,275,18.454
3316,284,18.454
3317,289,18.454
3318,289,18.454
3319,283,18.454
3320,283,18.454
3321,284,18.454
3322,301,18.454
3323,293,18.454
3324,289,18.454
3325,293,18.454
3326,307,18.454
3327,306,18.454
3328,305,18.454
3329,281,18.454
3330,283,18.454
3331,269,18.454
3332,263,18.454
3333,262,18.454
3334,245,18.454
3335,252,18.454
3336,253,18.454
3337,254,18.454
3338,255,18.454
3339,254,18.454
3340,249,18.454
3341,258,18.454
3342,257,18.454
3343,265,18.454
3344,245,18.454
3345,246,18.454
3346,256,18.454
3347,257,18.454
3348,256,18.454
3349,250,18.454
3350,250,18.454
3351,251,18.454
3352,260,17.244
3353,264,17.244
3354,260,18.292
3355,271,17.244
3356,272,16.765
3357,273,15.818
3358,265,15.818
3359,279,15.818
3360,275,13.997
3361,277,13.997
3362,264,14.213
3363,272,14.213
3364,267,14.213
3365,254,14.213
3366,247,16.472
3367,243,16.472
3368,245,14.213
3369,247,15.022
3370,250,15.022
3371,250,15.022
3372,248,15.019
3373,262,14.213
3374,251,18.651
3375,258,12.646
3376,264,12.646
3377,262,12.646
3378,262,15.501
3379,249,15.501
3380,260,16.245
3381,266,18.164
3382,255,18.164
3383,254,18.164
3384,237,18.059
3385,243,18.059
3386,245,18.179
3387,245,18.179
3388,289,18.179
3389,237,18.179
3390,246,18.179
3391,252,18.179
3392,236,18.179
3393,245,18.179
3394,259,18.179
3395,251,18.179
3396,241,18.179
3397,241,18.179
3398,236,15.501
3399,234,14.954
3400,236,14.006
3401,235,14.404
3402,234,14.404
3403,251,14.404
3404,261,14.479
3405,268,14.479
3406,261,14.404
3407,269,9.877
3408,266,12.574
3409,244,10.682
3410,229,10.682
3411,243,13.561
3412,247,18.039
3413,254,18.039
3414,248,18.039
3415,252,18.039
3416,247,18.039
3417,254,18.152
3418,242,18.152
3419,256,18.152
3420,239,18.152
3421,242,15.555
3422,235,15.77
3423,233,15.77
3424,236,9.31
3425,244,9.31
3426,232,9.31
3427,245,12.078
3428,253,12.748
3429,260,12.748
3430,250,11.143
3431,263,13.166
3432,263,13.166
3433,261,13.862
3434,263,13.862
3435,277,13.862
3436,272,13.862
3437,272,13.862
3438,245,13.681
3439,250,13.681
3440,255,13.681
3441,273,17.016
3442,257,17.016
3443,255,17.016
3444,268,17.016
3445,279,14.137
3446,292,14.137
3447,273,13.681
3448,272,12.688
3449,271,9.549
3450,272,13.509
3451,269,13.509
3452,274,18.498
3453,275,18.498
3454,286,18.498
3455,291,18.498
3456,274,18.498
3457,263,16.197
3458,264,16.197
3459,276,18.582
3460,270,18.582
3461,249,14.084
3462,265,14.084
3463,261,13.615
3464,256,13.615
3465,267,13.615
3466,271,12.129
3467,271,12.129
3468,270,12.129
3469,272,15.112
3470,292,18.388
3471,271,12.164
3472,274,12.164
3473,268,18.374
3474,277,18.374
3475,282,18.374
3476,284,18.374
3477,282,18.374
3478,279,18.374
3479,281,18.374
3480,266,18.374
3481,262,18.374
3482,258,18.374
3483,257,18.374
3484,258,18.374
3485,274,18.374
3486,273,18.374
3487,294,17.046
3488,286,18.35
3489,267,18.35
3490,276,18.35
3491,282,18.35
3492,267,18.35
3493,248,16.657
3494,262,16.657
3495,261,14.248
3496,261,14.248
3497,261,14.248
3498,248,14.248
3499,248,13.917
3500,255,18.442
3501,263,18.442
3502,282,18.442
3503,294,18.669
3504,274,18.442
3505,277,18.442
3506,285,18.442
3507,278,18.442
3508,273,18.442
3509,263,18.442
3510,267,17.593
3511,264,16.619
3512,263,18.642
3513,257,18.642
3514,244,18.642
3515,242,18.642
3516,247,18.642
3517,255,15.653
3518,260,18.675
3519,257,18.675
3520,262,18.675
3521,286,18.675
3522,281,18.675
3523,278,15.857
3524,241,15.857
3525,233,16.475
3526,233,16.475
3527,232,16.475
3528,227,16.475
3529,226,17.186
3530,222,17.186
3531,221,15.857
3532,224,15.857
3533,209,15.857
3534,210,15.554
3535,214,15.554
3536,226,16.032
3537,239,18.077
3538,249,18.077
3539,245,18.077
3540,244,18.523
3541,232,18.523
3542,228,18.523
3543,252,18.523
3544,253,18.523
3545,258,18.523
3546,262,18.523
3547,264,18.523
3548,259,18.523
3549,260,18.523
3550,267,12.572
3551,274,12.572
3552,264,16.894
3553,270,12.864
3554,272,12.864
3555,248,17.733
3556,251,16.911
3557,255,16.911
3558,258,12.971
3559,264,14.914
3560,254,14.914
3561,250,14.914
3562,254,14.914
3563,254,14.914
3564,252,14.914
3565,251,14.914
3566,261,14.914
3567,270,8.515
3568,271,13.441
3569,268,13.441
3570,277,13.441
3571,258,13.441
3572,262,16.618
3573,273,15.907
3574,261,15.907
3575,262,15.907
3576,273,13.441
3577,274,14.807
3578,253,13.564
3579,260,11.576
3580,247,17.473
3581,234,18.64
3582,234,18.64
3583,231,18.64
3584,236,18.64
3585,233,18.64
3586,246,18.64
3587,243,18.64
3588,267,16.948
3589,253,14.505
3590,236,14.505
3591,235,14.505
3592,234,14.792
3593,234,17.805
3594,240,17.805
3595,237,17.805
3596,235,14.505
3597,243,13.749
3598,254,13.749
3599,254,13.749
3600,254,13.749
3601,256,13.796
3602,258,13.584
3603,245,17.844
3604,226,17.844
3605,226,17.844
3606,230,18.365
3607,236,18.365
3608,230,17.844
3609,247,17.844
3610,233,17.844
3611,230,17.844
3612,242,17.844
3613,252,11.309
3614,263,14.753
3615,272,18.723
3616,261,18.723
3617,259,15.898
3618,264,15.898
3619,262,15.488
3620,260,15.488
3621,251,13.623
3622,252,13.623
3623,253,18.388
3624,254,18.388
3625,248,18.486
3626,234,18.486
3627,230,18.388
3628,236,18.239
3629,227,16.795
3630,226,16.795
3631,225,16.795
3632,227,17.96
3633,222,17.96
3634,225,17.96
3635,232,17.602
3636,234,17.602
3637,237,17.602
3638,240,17.602
3639,243,17.602
3640,251,17.602
3641,252,18.221
3642,257,17.333
3643,257,17.333
3644,259,17.333
3645,260,17.333
3646,258,17.333
3647,258,17.333
3648,252,17.602
3649,253,17.602
3650,257,16.998
3651,278,16.998
3652,283,16.998
3653,290,18.373
3654,289,18.373
3655,266,17.698
3656,267,18.693
3657,259,18.693
3658,262,18.693
3659,257,18.693
3660,259,18.693
3661,243,18.146
3662,246,18.146
3663,244,18.211
3664,244,18.211
3665,261,18.454
3666,271,18.454
3667,276,18.454
3668,275,18.454
3669,275,18.454
3670,263,18.454
3671,266,18.454
3672,301,18.454
3673,298,18.454
3674,300,18.454
3675,260,18.454
3676,252,18.454
3677,258,18.454
3678,236,18.454
3679,241,18.454
3680,263,18.454
3681,259,18.454
3682,257,18.516
3683,246,18.516
3684,263,18.516
3685,262,18.516
3686,257,18.516
3687,245,18.516
3688,254,18.516
3689,272,18.516
3690,298,18.516
3691,304,18.516
3692,301,18.516
3693,297,18.516
3694,296,18.516
3695,302,18.516
3696,305,18.516
3697,284,18.516
3698,273,18.516
3699,260,18.516
3700,260,18.516
3701,236,18.516
3702,241,18.516
3703,237,18.245
3704,236,18.245
3705,236,17.71
3706,240,17.71
3707,254,18.397
3708,255,18.397
3709,247,16.454
3710,246,16.454
3711,246,16.018
3712,241,16.018
3713,250,16.018
3714,265,16.018
3715,265,16.018
3716,263,16.018
3717,269,16.018
3718,297,16.018
3719,284,16.018
3720,268,16.018
3721,259,16.018
3722,277,16.018
3723,274,16.018
3724,270,16.018
3725,267,16.018
3726,268,16.846
3727,258,16.846
3728,259,16.846
3729,273,17.569
3730,269,16.846
3731,272,15.893
3732,268,18.0
3733,279,15.934
3734,287,15.934
3735,279,15.934
3736,276,15.934
3737,279,15.934
3738,270,15.934
3739,254,15.934
3740,246,17.07
3741,222,17.07
3742,245,12.353
3743,241,11.702
3744,234,11.614
3745,263,15.434
3746,259,17.596
3747,247,15.115
3748,259,18.143
3749,259,18.143
3750,265,15.366
3751,256,16.903
3752,262,16.508
3753,268,16.986
3754,260,16.986
3755,259,16.986
3756,271,16.986
3757,263,16.986
3758,251,18.179
3759,251,18.179
3760,276,18.179
3761,265,18.179
3762,272,18.179
3763,274,18.179
3764,269,17.031
3765,274,17.031
3766,260,16.993
3767,256,16.993
3768,246,16.993
3769,247,16.993
3770,240,16.993
3771,248,16.993
3772,262,16.824
3773,262,16.824
3774,263,17.395
3775,261,17.395
3776,266,17.395
3777,275,15.635
3778,270,18.592
3779,267,18.592
3780,254,17.883
3781,260,17.883
3782,250,14.027
3783,252,16.015
3784,245,16.015
3785,254,16.015
3786,256,16.015
3787,248,16.015
3788,244,16.015
3789,251,16.015
3790,250,16.247
3791,251,16.247
3792,249,16.434
3793,256,16.247
3794,251,16.28
3795,252,18.613
3796,256,18.613
3797,257,18.613
3798,250,16.247
3799,252,16.117
3800,250,16.117
3801,262,16.117
3802,278,18.182
3803,266,18.182
3804,265,15.904
3805,256,18.481
3806,240,18.481
3807,239,18.481
3808,236,18.481
3809,238,13.573
3810,241,13.573
3811,239,15.814
3812,238,18.63
3813,234,13.573
3814,231,15.662
3815,230,15.946
3816,218,13.573
3817,213,10.963
3818,228,15.306
3819,235,15.268
3820,241,12.726
3821,242,17.36
3822,253,17.36
3823,259,17.36
3824,259,17.36
3825,258,17.12
3826,250,17.12
3827,239,12.726
3828,243,12.726
3829,245,12.726
3830,243,12.726
3831,253,13.959
3832,267,13.959
3833,262,18.164
3834,267,18.164
3835,272,18.164
3836,280,18.164
3837,283,14.302
3838,283,14.302
3839,254,14.302
3840,254,16.168
3841,259,16.168
3842,243,16.168
3843,242,16.168
3844,234,16.168
3845,245,8.526
3846,266,18.421
3847,269,16.296
3848,265,16.296
3849,266,16.296
3850,269,16.296
3851,287,17.549
3852,269,17.549
3853,273,17.16
3854,273,17.16
3855,269,8.446
3856,297,14.631
3857,292,15.534
3858,293,17.979
3859,291,17.979
3860,272,17.979
3861,275,17.979
3862,272,16.753
3863,288,16.753
3864,286,15.534
3865,263,15.534
3866,263,15.534
3867,260,15.534
3868,253,15.534
3869,249,16.938
3870,241,16.938
3871,239,16.938
3872,241,15.534
3873,251,15.534
3874,250,15.534
3875,247,15.534
3876,248,15.534
3877,242,15.534
3878,241,18.585
3879,259,18.585
3880,262,18.585
3881,259,18.585
3882,254,18.585
3883,251,17.581
3884,261,17.485
3885,290,17.859
3886,288,17.859
3887,264,17.859
3888,258,16.842
3889,263,16.867
3890,285,16.867
3891,285,16.842
3892,276,16.842
3893,289,16.842
3894,264,17.216
3895,257,17.216
3896,266,16.071
3897,274,16.071
3898,255,16.071
3899,254,16.071
3900,261,16.071
3901,256,16.071
3902,262,15.833
3903,259,17.724
3904,238,17.724
3905,229,17.724
3906,229,17.724
3907,229,17.724
3908,261,17.806
3909,264,18.29
3910,254,18.29
3911,260,15.833
3912,245,17.552
3913,245,17.552
3914,245,17.552
3915,238,14.278
3916,247,14.278
3917,263,14.278
3918,281,14.493
3919,269,16.137
3920,273,16.137
3921,257,16.137
3922,257,18.54
3923,253,17.467
3924,258,17.467
3925,243,17.467
3926,240,17.467
3927,229,17.467
3928,229,17.467
3929,225,17.467
3930,232,17.467
3931,243,17.467
3932,255,17.467
3933,254,17.145
3934,245,15.343
3935,242,14.34
3936,239,14.34
3937,239,14.34
3938,230,11.328
3939,211,18.409
3940,212,18.409
3941,215,18.409
3942,208,18.409
3943,223,18.409
3944,237,18.409
3945,240,18.057
3946,248,18.057
3947,251,18.057
3948,241,18.057
3949,248,18.057
3950,238,18.057
3951,242,18.057
3952,243,18.143
3953,243,18.143
3954,241,18.143
3955,241,18.143
3956,233,18.143
3957,239,16.087
3958,243,17.637
3959,237,17.637
3960,254,17.637
3961,262,16.087
3962,260,16.98
3963,269,16.98
3964,266,16.98
3965,263,16.087
3966,277,16.087
3967,252,16.087
3968,253,16.087
3969,256,16.087
3970,252,16.087
3971,253,16.087
3972,249,16.087
3973,271,16.087
3974,264,16.72
3975,269,18.502
3976,275,18.502
3977,274,18.502
3978,256,18.502
3979,242,18.502
3980,243,18.502
3981,237,17.064
3982,235,17.064
3983,234,16.119
3984,231,16.119
3985,241,16.119
3986,222,16.367
3987,242,16.367
3988,270,16.367
3989,260,16.087
3990,285,16.087
3991,278,16.149
3992,309,16.087
3993,305,15.348
3994,310,15.348
3995,327,18.275
3996,316,18.275
3997,297,15.162
3998,278,11.925
3999,275,18.516
4000,288,11.408
4001,258,14.087
4002,259,14.087
4003,255,15.913
4004,260,18.547
4005,260,15.913
4006,247,14.44
4007,241,14.44
4008,247,17.695
4009,272,17.695
4010,270,17.294
4011,242,17.294
4012,241,17.623
4013,243,17.623
4014,258,17.623
4015,247,17.623
4016,244,17.623
4017,237,17.623
4018,252,17.739
4019,268,18.576
4020,262,18.576
4021,251,18.576
4022,240,17.623
4023,239,17.623
4024,239,17.623
4025,246,17.623
4026,242,17.623
4027,237,17.623
4028,254,18.087
4029,270,18.087
4030,257,17.184
4031,247,17.184
4032,240,17.895
4033,241,15.668
4034,243,14.753
4035,249,18.708
4036,257,18.708
4037,250,18.708
4038,242,18.708
4039,240,15.847
4040,230,18.667
4041,231,18.667
4042,245,18.667
4043,240,18.667
4044,236,18.667
4045,227,18.667
4046,224,18.705
4047,234,18.705
4048,261,18.667
4049,258,18.667
4050,264,18.667
4051,271,18.667
4052,266,18.667
4053,250,18.667
4054,264,18.667
4055,239,18.667
4056,243,18.667
4057,245,16.044
4058,257,12.382
4059,273,13.249
4060,268,13.249
4061,271,17.528
4062,268,14.06
4063,278,13.249
4064,270,18.577
4065,268,17.967
4066,245,17.967
4067,258,18.296
4068,262,18.296
4069,262,18.296
4070,264,18.296
4071,271,18.516
4072,277,18.516
4073,300,18.516
4074,300,18.516
4075,279,18.516
4076,276,18.516
4077,273,15.061
4078,278,15.061
4079,276,16.627
4080,271,16.627
4081,266,17.695
4082,248,17.695
4083,242,17.695
4084,240,15.981
4085,264,15.981
4086,264,15.981
4087,256,15.981
4088,255,15.981
4089,253,15.981
4090,247,15.981
4091,235,15.981
4092,238,16.618
4093,251,17.265
4094,229,17.265
4095,214,16.618
4096,220,12.661
4097,218,16.37
4098,224,16.37
4099,230,16.37
4100,236,13.426
4101,235,11.971
4102,235,12.236
4103,237,12.236
4104,245,12.789
4105,270,12.236
4106,275,12.236
4107,280,16.887
4108,278,16.887
4109,286,16.887
4110,281,16.887
4111,277,8.79
4112,261,13.196
4113,264,18.048
4114,257,10.895
4115,250,16.03
4116,246,16.496
4117,249,16.104
4118,270,16.104
4119,262,16.104
4120,273,14.487
4121,290,12.828
4122,273,12.828
4123,272,8.79
4124,281,17.862
4125,279,16.431
4126,279,16.431
4127,269,10.909
4128,252,13.889
4129,248,13.889
4130,254,13.889
4131,264,18.556
4132,266,18.556
4133,273,18.556
4134,259,18.556
4135,258,18.556
4136,255,18.556
4137,252,18.556
4138,225,16.568
4139,226,16.568
4140,247,16.568
4141,236,18.173
4142,232,16.568
4143,234,16.568
4144,236,13.782
4145,242,12.838
4146,223,12.838
4147,223,12.838
4148,233,17.853
4149,236,16.283
4150,236,17.566
4151,233,17.111
4152,236,17.111
4153,238,17.111
4154,246,17.111
4155,251,17.111
4156,254,17.111
4157,250,17.111
4158,246,17.111
4159,245,17.111
4160,245,17.111
4161,264,17.111
4162,244,17.111
4163,242,17.111
4164,247,17.111
4165,263,17.111
4166,286,17.111
4167,273,17.111
4168,276,17.111
4169,255,17.111
4170,264,17.111
4171,265,13.049
4172,262,15.357
4173,268,13.049
4174,287,13.049
4175,294,13.049
4176,291,14.882
4177,287,16.954
4178,282,16.954
4179,278,16.954
4180,292,14.639
4181,292,14.639
4182,276,16.57
4183,273,16.57
4184,279,17.294
4185,269,17.294
4186,270,17.294
4187,267,17.294
4188,261,17.294
4189,250,17.537
4190,252,17.537
4191,256,17.537
4192,255,17.537
4193,265,17.537
4194,275,17.387
4195,271,17.387
4196,260,17.387
4197,257,17.387
4198,259,17.927
4199,267,17.927
4200,269,17.927
4201,263,17.199
4202,262,17.199
4203,269,17.199
4204,290,16.247
4205,310,16.247
4206,300,16.247
4207,292,16.247
4208,289,17.936
4209,289,18.042
4210,300,18.042
4211,301,18.042
4212,295,18.042
4213,296,18.042
4214,292,18.042
4215,295,18.042
4216,293,17.531
4217,286,17.531
4218,264,18.553
4219,269,18.553
4220,284,18.553
4221,285,15.973
4222,275,15.973
4223,278,15.826
4224,271,18.167
4225,269,15.826
4226,256,15.826
4227,255,15.826
4228,256,11.205
4229,286,11.205
4230,294,17.925
4231,299,17.925
4232,300,17.925
4233,307,17.925
4234,295,17.925
4235,281,17.925
4236,273,17.925
4237,284,17.925
4238,290,17.925
4239,279,17.569
4240,282,17.569
4241,273,15.405
4242,270,15.405
4243,266,15.405
4244,279,18.057
4245,272,18.057
4246,286,18.057
4247,283,18.057
4248,288,18.057
4249,295,18.057
4250,300,18.057
4251,298,18.057
4252,297,18.057
4253,268,18.057
4254,275,18.057
4255,276,18.057
4256,275,18.057
4257,276,17.414
4258,277,17.414
4259,250,17.414
4260,245,17.414
4261,246,17.414
4262,277,17.414
4263,263,17.414
4264,257,17.414
4265,257,17.414
4266,268,17.414
4267,250,17.414
4268,277,17.414
4269,277,17.211
4270,278,17.211
4271,289,17.211
4272,285,17.211
4273,270,12.027
4274,253,12.027
4275,253,12.027
4276,250,12.027
4277,246,14.347
4278,247,15.399
4279,255,15.399
4280,250,15.961
4281,254,15.399
4282,256,15.399
4283,263,15.399
4284,266,15.399
4285,251,13.011
4286,244,13.979
4287,254,16.434
4288,239,13.979
4289,235,13.979
4290,244,13.979
4291,236,13.979
4292,234,17.575
4293,240,17.575
4294,246,17.575
4295,245,17.918
4296,236,17.575
4297,251,17.575
4298,246,16.528
4299,239,16.528
4300,249,16.528
4301,249,16.528
4302,252,15.862
4303,255,15.862
4304,263,15.862
4305,251,15.862
4306,249,15.862
4307,258,14.884
4308,257,14.884
4309,258,15.782
4310,257,18.296
4311,252,15.782
4312,256,15.782
4313,248,12.56
4314,244,12.397
4315,268,12.397
4316,262,12.063
4317,258,15.507
4318,237,15.507
4319,234,12.063
4320,236,11.989
4321,236,11.989
4322,235,11.989
4323,236,13.518
4324,245,13.518
4325,251,16.4
4326,254,16.4
4327,256,16.4
4328,259,16.4
4329,273,17.285
4330,262,16.573
4331,250,16.573
4332,246,16.573
4333,255,17.746
4334,264,17.746
4335,255,17.746
4336,261,17.963
4337,273,17.963
4338,269,17.963
4339,271,17.963
4340,269,17.963
4341,279,17.963
4342,280,17.963
4343,278,11.898
4344,265,11.898
4345,270,17.733
4346,278,18.233
4347,264,18.233
4348,272,17.733
4349,262,17.733
4350,262,17.733
4351,254,13.588
4352,256,16.126
4353,269,16.126
4354,267,16.126
4355,248,16.624
4356,247,16.624
4357,245,17.375
4358,273,17.375
4359,262,17.375
4360,263,17.375
4361,266,17.375
4362,265,16.308
4363,241,16.308
4364,240,16.308
4365,243,17.064
4366,245,17.064
4367,246,16.308
4368,260,16.308
4369,259,16.804
4370,265,16.804
4371,264,16.804
4372,271,17.037
4373,269,17.037
4374,269,16.792
4375,279,16.792
4376,285,17.796
4377,279,17.796
4378,285,17.796
4379,276,18.239
4380,282,17.976
4381,277,17.976
4382,283,17.976
4383,292,17.976
4384,291,17.976
4385,289,17.976
4386,283,17.976
4387,286,17.51
4388,285,17.51
4389,289,17.51
4390,305,15.162
4391,306,15.162
4392,300,18.54
4393,298,18.54
4394,294,18.54
4395,273,18.54
4396,282,17.736
4397,293,17.736
4398,293,17.736
4399,288,17.704
4400,265,17.704
4401,259,17.704
4402,257,17.704
4403,259,17.704
4404,256,16.833
4405,250,11.983
4406,254,11.983
4407,241,18.26
4408,243,18.362
4409,248,18.362
4410,253,18.362
4411,267,18.26
4412,266,18.26
4413,261,18.26
4414,263,18.26
4415,262,18.26
4416,263,18.26
4417,267,15.65
4418,262,13.784
4419,277,13.784
4420,277,13.784
4421,282,13.784
4422,258,13.784
4423,252,13.784
4424,252,13.784
4425,248,13.71
4426,252,15.313
4427,254,15.313
4428,254,15.313
4429,248,13.71
4430,249,13.71
4431,237,13.71
4432,249,17.288
4433,250,17.288
4434,255,17.016
4435,270,17.016
4436,270,17.359
4437,268,13.66
4438,257,9.041
4439,256,8.874
4440,253,8.874
4441,250,8.874
4442,260,8.874
4443,264,17.841
4444,262,17.841
4445,261,17.841
4446,265,17.841
4447,265,17.288
4448,262,17.288
4449,260,17.288
4450,283,17.288
4451,274,17.288
4452,285,17.288
4453,303,17.288
4454,301,17.052
4455,302,17.052
4456,294,17.052
4457,263,17.052
4458,271,17.052
4459,280,16.926
4460,281,17.659
4461,293,17.659
4462,269,17.659
4463,269,17.659
4464,265,17.659
4465,261,17.659
4466,252,16.926
4467,252,16.926
4468,258,18.583
4469,254,16.926
4470,256,17.521
4471,277,18.069
4472,278,18.069
4473,275,18.069
4474,256,17.847
4475,243,17.847
4476,240,17.847
4477,237,16.926
4478,245,16.926
4479,245,16.926
4480,264,16.926
4481,265,16.926
4482,266,16.926
4483,280,16.926
4484,264,18.367
4485,261,18.367
4486,258,18.367
4487,259,18.367
4488,259,18.367
4489,265,18.367
4490,259,18.367
4491,247,18.367
4492,247,18.367
4493,250,16.543
4494,259,18.254
4495,267,17.01
4496,265,17.01
4497,270,17.01
4498,269,17.01
4499,285,18.137
4500,267,17.01
4501,265,17.01
4502,271,17.235
4503,281,16.543
4504,282,16.543
4505,279,16.543
4506,292,16.543
4507,309,16.543
4508,301,16.543
4509,306,16.543
4510,312,16.543
4511,311,16.543
4512,313,16.543
4513,313,16.543
4514,309,16.543
4515,310,16.543
4516,302,15.958
4517,300,14.769
4518,295,16.038
4519,299,16.038
4520,308,15.168
4521,292,16.415
4522,296,18.612
4523,287,18.612
4524,286,18.612
4525,278,18.612
4526,286,18.612
4527,278,18.612
4528,289,18.612
4529,289,16.87
4530,284,16.87
4531,282,16.87
4532,280,16.87
4533,278,17.431
4534,268,16.87
4535,270,18.11
4536,269,17.551
4537,267,17.551
4538,279,17.805
4539,260,17.551
4540,252,17.551
4541,246,17.551
4542,246,16.2
4543,257,17.999
4544,246,16.2
4545,255,16.2
4546,249,16.2
4547,249,16.2
4548,244,16.2
4549,242,16.2
4550,255,16.2
4551,252,16.2
4552,250,14.751
4553,247,14.751
4554,252,15.575
4555,246,15.575
4556,245,15.575
4557,241,14.843
4558,249,14.843
4559,253,14.843
4560,252,14.843
4561,253,13.731
4562,247,13.731
4563,230,13.731
4564,230,13.731
4565,226,13.731
4566,233,15.761
4567,239,15.761
4568,254,15.761
4569,258,15.761
4570,259,16.568
4571,262,16.568
4572,258,15.304
4573,251,15.304
4574,235,18.084
4575,241,18.084
4576,232,18.696
4577,230,18.696
4578,244,18.696
4579,226,18.084
4580,221,17.133
4581,229,17.133
4582,229,17.133
4583,213,17.133
4584,225,17.133
4585,239,16.526
4586,234,16.526
4587,249,16.526
4588,248,16.526
4589,235,16.511
4590,238,16.511
4591,216,16.511
4592,227,16.511
4593,217,16.511
4594,212,16.511
4595,218,10.852
4596,214,12.844
4597,205,12.844
4598,206,18.528
4599,201,18.528
4600,200,18.528
4601,216,18.528
4602,222,18.528
4603,223,18.528
4604,251,18.528
4605,252,18.528
4606,253,18.528
4607,261,18.528
4608,266,18.528
4609,271,18.528
4610,279,18.528
4611,275,18.528
4612,272,18.271
4613,272,18.271
4614,280,18.271
4615,278,18.271
4616,291,18.271
4617,306,18.271
4618,290,18.271
4619,302,17.728
4620,305,17.728
4621,283,17.728
4622,267,17.728
4623,266,17.728
4624,285,17.728
4625,284,17.728
4626,281,17.728
4627,275,17.85
4628,265,17.85
4629,255,17.85
4630,252,18.14
4631,260,18.14
4632,259,18.502
4633,266,18.502
4634,263,18.655
4635,264,18.655
4636,252,18.14
4637,250,18.14
4638,255,18.14
4639,243,18.14
4640,250,18.14
4641,250,18.14
4642,251,18.14
4643,251,18.14
4644,250,18.14
4645,247,18.14
4646,260,18.14
4647,271,18.14
4648,278,18.14
4649,283,18.696
4650,272,18.14
4651,269,18.14
4652,265,18.616
4653,264,18.616
4654,263,18.616
4655,257,16.661
4656,248,16.661
4657,248,16.661
4658,254,16.661
4659,253,18.664
4660,252,18.664
4661,252,18.664
4662,238,18.664
4663,235,18.664
4664,251,18.664
4665,255,18.664
4666,253,18.664
4667,253,18.664
4668,264,18.664
4669,269,18.664
4670,279,18.4
4671,277,18.4
4672,282,16.123
4673,298,16.123
4674,289,16.123
4675,294,16.278
4676,282,16.278
4677,281,16.278
4678,284,18.66
4679,265,18.66
4680,258,16.03
4681,251,16.03
4682,260,15.271
4683,260,15.271
4684,258,15.411
4685,261,18.484
4686,272,18.484
4687,266,14.08
4688,259,17.907
4689,258,17.907
4690,255,17.907
4691,265,17.907
4692,264,17.907
4693,271,17.907
4694,261,17.907
4695,253,17.907
4696,259,17.907
4697,272,17.907
4698,269,18.594
4699,290,17.907
4700,296,17.907
4701,296,17.907
4702,306,17.907
4703,295,17.614
4704,288,17.614
4705,283,18.374
4706,280,18.374
4707,280,18.374
4708,286,18.374
4709,285,18.374
4710,286,18.374
4711,285,18.128
4712,277,18.128
4713,276,18.128
4714,289,10.652
4715,268,10.652
4716,282,16.362
4717,280,16.362
4718,288,16.362
4719,272,17.443
4720,276,17.742
4721,280,17.742
4722,289,11.053
4723,270,14.424
4724,271,11.229
4725,260,16.15
4726,266,17.443
4727,266,15.895
4728,275,15.895
4729,269,15.895
4730,266,16.679
4731,259,16.679
4732,262,16.679
4733,250,16.679
4734,251,16.679
4735,256,16.679
4736,254,16.679
4737,254,16.679
4738,253,13.51
4739,254,13.51
4740,252,13.51
4741,260,13.51
4742,262,13.51
4743,271,14.4
4744,257,11.824
4745,272,17.297
4746,267,17.297
4747,270,18.102
4748,259,18.102
4749,256,18.102
4750,260,18.102
4751,247,18.098
4752,246,18.098
4753,244,18.098
4754,238,17.435
4755,234,18.23
4756,246,18.23
4757,247,17.435
4758,259,16.434
4759,262,16.434
4760,271,16.434
4761,271,16.434
4762,275,16.434
4763,276,16.434
4764,281,16.434
4765,285,16.434
4766,282,16.434
4767,284,18.125
4768,277,18.72
4769,285,18.72
4770,266,18.72
4771,261,18.72
4772,261,18.72
4773,255,18.125
4774,255,18.125
4775,246,16.472
4776,258,16.472
4777,262,16.472
4778,264,16.472
4779,268,16.472
4780,265,11.708
4781,260,11.708
4782,257,11.708
4783,250,11.708
4784,258,11.708
4785,271,10.634
4786,272,10.192
4787,269,16.816
4788,261,16.816
4789,273,16.816
4790,261,16.816
4791,253,16.816
4792,252,16.313
4793,245,16.313
4794,247,16.313
4795,237,17.724
4796,253,15.36
4797,268,17.623
4798,260,15.007
4799,260,14.669
4800,258,12.517
4801,259,16.881
4802,253,16.881
4803,276,16.881
4804,267,16.881
4805,274,16.881
4806,270,15.952
4807,275,18.113
4808,271,15.004
4809,268,18.293
4810,270,18.293
4811,249,18.293
4812,265,18.293
4813,259,18.293
4814,256,18.293
4815,247,18.293
4816,254,15.097
4817,254,15.097
4818,251,15.097
4819,265,15.097
4820,265,15.097
4821,264,14.658
4822,250,14.768
4823,259,14.768
4824,252,18.307
4825,247,18.307
4826,245,14.658
4827,236,14.658
4828,234,18.436
4829,243,18.436
4830,242,18.436
4831,263,18.436
4832,258,18.436
4833,244,18.436
4834,256,18.436
4835,275,18.436
4836,255,18.436
4837,260,18.436
4838,260,16.908
4839,255,16.908
4840,261,17.892
4841,254,14.225
4842,282,17.061
4843,280,16.93
4844,281,16.93
4845,294,17.369
4846,289,17.369
4847,294,17.369
4848,295,17.369
4849,272,17.369
4850,258,15.023
4851,276,17.993
4852,270,17.993
4853,269,17.993
4854,245,15.023
4855,238,18.196
4856,230,15.023
4857,227,17.488
4858,227,17.488
4859,230,17.488
4860,253,17.488
4861,240,17.488
4862,240,18.188
4863,253,18.188
4864,239,18.188
4865,219,15.023
4866,227,15.023
4867,226,15.023
4868,213,15.964
4869,224,15.964
4870,221,13.013
4871,210,11.663
4872,219,8.237
4873,223,14.763
4874,248,10.034
4875,245,16.628
4876,233,16.628
4877,232,16.628
4878,230,16.628
4879,230,16.628
4880,238,17.271
4881,231,13.438
4882,225,13.695
4883,245,13.695
4884,245,13.154
4885,237,14.424
4886,259,16.977
4887,263,13.154
4888,264,13.154
4889,272,11.854
4890,262,16.182
4891,262,16.182
4892,260,17.061
4893,265,17.09
4894,267,17.09
4895,248,16.212
4896,259,16.059
4897,259,16.059
4898,255,16.059
4899,248,16.059
4900,233,16.059
4901,229,13.283
4902,268,13.283
4903,255,13.283
4904,229,16.645
4905,225,16.645
4906,239,18.383
4907,225,16.645
4908,218,18.663
4909,217,18.663
4910,214,18.663
4911,214,18.663
4912,229,18.663
4913,239,18.57
4914,241,18.57
4915,227,18.57
4916,238,18.57
4917,238,18.57
4918,249,18.57
4919,248,18.57
4920,239,15.485
4921,245,15.485
4922,249,16.876
4923,250,18.625
4924,260,18.625
4925,277,17.698
4926,278,17.698
4927,281,15.485
4928,279,15.485
4929,280,15.485
4930,304,15.312
4931,287,17.841
4932,274,17.841
4933,276,17.841
4934,274,18.057
4935,268,18.057
4936,280,17.841
4937,285,17.841
4938,287,17.841
4939,280,17.841
4940,290,17.841
4941,288,17.665
4942,281,18.104
4943,278,18.104
4944,276,18.104
4945,271,16.574
4946,265,15.316
4947,260,15.316
4948,255,15.316
4949,260,15.316
4950,264,15.316
4951,262,15.065
4952,276,15.211
4953,277,15.211
4954,271,15.211
4955,274,18.678
4956,282,15.211
4957,258,15.211
4958,260,16.356
4959,264,16.356
4960,260,16.356
4961,264,16.356
4962,244,16.356
4963,245,15.958
4964,240,16.012
4965,248,16.012
4966,245,16.012
4967,224,17.721
4968,231,17.721
4969,235,17.987
4970,232,17.987
4971,230,17.987
4972,231,17.987
4973,230,17.987
4974,238,17.987
4975,237,17.978
4976,245,17.387
4977,238,15.444
4978,232,14.439
4979,215,17.984
4980,213,18.026
4981,208,18.026
4982,208,14.828
4983,208,14.828
4984,208,14.828
4985,217,14.828
4986,212,14.828
4987,206,15.85
4988,238,15.85
4989,245,15.85
4990,246,13.011
4991,270,17.671
4992,265,13.324
4993,243,13.324
4994,221,18.002
4995,220,18.002
4996,220,18.002
4997,222,15.656
4998,222,15.656
4999,275,15.207
5000,268,18.46
5001,275,18.46
5002,261,18.46
5003,254,18.46
5004,249,18.46
5005,244,18.46
5006,244,18.46
5007,229,18.46
5008,232,18.46
5009,232,14.529
5010,248,16.071
5011,252,16.071
5012,253,16.071
5013,233,13.859
5014,242,13.103
5015,236,13.103
5016,232,13.325
5017,227,14.975
5018,229,14.975
5019,225,16.846
5020,225,17.459
5021,232,17.459
5022,234,18.215
5023,233,13.103
5024,231,12.932
5025,230,16.918
5026,226,17.112
5027,218,17.112
5028,212,17.112
5029,209,17.112
5030,201,17.112
5031,204,15.972
5032,204,15.972
5033,204,17.883
5034,205,15.972
5035,206,14.7
5036,213,17.297
5037,216,17.297
5038,213,17.297
5039,213,17.297
5040,208,14.7
5041,221,17.737
5042,230,17.737
5043,231,17.737
5044,230,17.737
5045,226,17.737
5046,223,12.078
5047,228,12.401
5048,216,18.143
5049,211,18.143
5050,237,16.358
5051,234,16.358
5052,258,16.358
5053,265,18.232
5054,266,18.266
5055,248,18.266
5056,252,18.266
5057,239,18.266
5058,246,18.266
5059,244,18.266
5060,244,18.266
5061,235,18.266
5062,242,18.266
5063,243,18.553
5064,254,18.553
5065,259,18.553
5066,257,18.553
5067,259,18.553
5068,268,18.553
5069,261,18.553
5070,264,14.661
5071,254,10.703
5072,254,16.807
5073,245,16.807
5074,246,16.807
5075,244,16.807
5076,247,15.387
5077,255,15.509
5078,256,15.509
5079,251,7.373
5080,250,15.316
5081,254,17.462
5082,254,17.462
5083,248,17.462
5084,241,18.364
5085,250,17.462
5086,247,17.462
5087,240,16.54
5088,248,16.54
5089,251,16.54
5090,235,16.54
5091,229,16.54
5092,249,16.54
5093,249,16.54
5094,249,17.772
5095,262,17.772
5096,240,17.772
5097,255,17.772
5098,252,17.772
5099,248,14.657
5100,241,14.657
5101,244,14.657
5102,258,14.657
5103,250,14.657
5104,259,14.657
5105,248,14.657
5106,269,14.657
5107,279,18.409
5108,287,16.033
5109,284,16.033
5110,297,16.033
5111,305,15.674
5112,285,15.674
5113,279,17.647
5114,293,17.647
5115,287,14.657
5116,288,14.657
5117,295,16.296
5118,292,15.878
5119,295,15.878
5120,274,15.878
5121,275,18.445
5122,275,18.445
5123,271,18.445
5124,282,18.445
5125,283,18.445
5126,284,18.445
5127,305,18.445
5128,284,18.445
5129,279,18.445
5130,273,18.445
5131,286,18.445
5132,284,18.445
5133,268,18.445
5134,264,18.445
5135,257,18.445
5136,254,18.445
5137,258,18.445
5138,263,18.445
5139,267,18.445
5140,268,18.445
5141,265,18.445
5142,263,18.445
5143,259,18.445
5144,256,18.445
5145,241,18.445
5146,257,18.445
5147,250,18.242
5148,236,18.242
5149,231,18.242
5150,230,18.026
5151,233,16.469
5152,235,16.272
5153,249,15.68
5154,267,16.376
5155,283,16.376
5156,283,18.092
5157,269,18.092
5158,264,18.092
5159,261,18.092
5160,273,18.092
5161,273,18.092
5162,280,18.092
5163,280,18.092
5164,292,18.092
5165,285,18.092
5166,284,18.092
5167,263,18.092
5168,251,18.092
5169,254,18.092
5170,250,18.092
5171,239,17.136
5172,248,17.833
5173,253,17.136
5174,253,18.299
5175,227,18.299
5176,228,17.136
5177,217,16.956
5178,221,16.956
5179,242,16.956
5180,250,16.956
5181,247,17.539
5182,253,14.219
5183,254,14.219
5184,252,14.219
5185,252,14.219
5186,253,16.819
5187,261,16.819
5188,260,16.819
5189,281,16.819
5190,279,16.819
5191,276,16.819
5192,278,18.259
5193,272,16.819
5194,234,16.819
5195,235,14.517
5196,240,18.421
5197,236,18.421
5198,255,15.715
5199,266,15.715
5200,251,15.715
5201,252,15.715
5202,250,15.192
5203,234,15.192
5204,235,17.91
5205,236,17.91
5206,227,17.91
5207,227,17.369
5208,236,17.369
5209,232,17.369
5210,234,17.369
5211,254,17.369
5212,264,18.029
5213,261,17.369
5214,271,17.369
5215,271,17.369
5216,257,17.369
5217,280,17.369
5218,280,17.623
5219,281,17.623
5220,283,17.623
5221,287,17.369
5222,284,17.369
5223,261,17.369
5224,244,17.369
5225,257,16.331
5226,257,16.147
5227,256,16.147
5228,246,16.147
5229,256,14.132
5230,245,12.971
5231,250,15.094
5232,246,16.083
5233,250,15.229
5234,249,15.229
5235,243,15.229
5236,233,15.229
5237,232,15.776
5238,233,15.776
5239,242,14.284
5240,254,14.284
5241,249,14.284
5242,276,14.284
5243,281,14.284
5244,280,14.284
5245,276,14.58
5246,278,14.58
5247,284,14.58
5248,275,18.158
5249,276,13.507
5250,289,15.775
5251,285,16.909
5252,276,15.775
5253,278,15.775
5254,273,15.15
5255,273,15.15
5256,273,15.15
5257,264,15.15
5258,275,12.563
5259,274,17.987
5260,266,17.987
5261,272,17.987
5262,268,17.987
5263,268,17.939
5264,262,16.561
5265,260,16.561
5266,268,16.561
5267,276,15.614
5268,282,15.614
5269,275,15.614
5270,284,15.614
5271,286,16.821
5272,285,16.821
5273,281,16.821
5274,276,16.821
5275,265,16.821
5276,269,15.497
5277,260,15.497
5278,266,16.815
5279,278,18.661
5280,268,18.269
5281,261,16.815
5282,286,16.815
5283,283,16.885
5284,281,17.985
5285,255,18.643
5286,250,18.643
5287,255,18.643
5288,249,17.985
5289,255,17.985
5290,252,17.985
5291,252,17.733
5292,252,18.568
5293,244,18.568
5294,250,18.568
5295,253,18.568
5296,253,18.568
5297,269,18.568
5298,268,18.568
5299,264,18.568
5300,261,17.166
5301,261,17.166
5302,251,15.94
5303,255,15.94
5304,258,15.647
5305,254,18.125
5306,247,15.718
5307,250,15.267
5308,251,17.859
5309,260,17.859
5310,272,17.859
5311,263,16.872
5312,260,16.872
5313,251,16.872
5314,248,16.872
5315,232,16.872
5316,224,15.42
5317,227,15.42
5318,221,15.42
5319,238,15.42
5320,243,15.42
5321,255,15.919
5322,243,17.638
5323,241,17.638
5324,237,17.638
5325,234,17.638
5326,241,18.203
5327,257,18.203
5328,251,18.203
5329,266,18.203
5330,261,18.203
5331,258,18.2
5332,255,17.447
5333,253,17.447
5334,236,17.447
5335,239,17.447
5336,225,17.447
5337,226,17.447
5338,226,17.447
5339,226,17.447
5340,232,18.155
5341,240,18.155
5342,238,16.747
5343,231,16.747
5344,241,16.747
5345,223,15.677
5346,221,16.365
5347,221,18.006
5348,211,18.006
5349,217,18.006
5350,228,18.006
5351,242,18.006
5352,252,18.006
5353,262,18.006
5354,264,17.321
5355,253,15.982
5356,243,15.982
5357,254,17.211
5358,255,17.211
5359,264,15.109
5360,268,17.025
5361,269,17.025
5362,268,15.109
5363,253,15.901
5364,231,17.109
5365,234,17.109
5366,234,17.109
5367,233,17.109
5368,236,17.109
5369,216,17.109
5370,233,17.522
5371,220,16.499
5372,220,16.349
5373,241,16.349
5374,243,16.14
5375,245,16.14
5376,241,16.14
5377,238,16.14
5378,219,16.14
5379,222,16.14
5380,209,16.14
5381,199,16.14
5382,199,16.14
5383,234,16.14
5384,248,14.041
5385,249,14.041
5386,240,14.041
5387,239,14.887
5388,242,17.841
5389,238,17.841
5390,236,18.086
5391,202,18.086
5392,203,18.086
5393,209,18.086
5394,214,18.086
5395,226,18.086
5396,223,16.807
5397,236,16.807
5398,243,16.807
5399,251,16.807
5400,251,16.807
5401,251,16.807
5402,236,16.807
5403,254,16.807
5404,265,13.133
5405,268,13.973
5406,252,16.941
5407,252,17.907
5408,238,17.907
5409,244,16.798
5410,238,17.091
5411,244,17.091
5412,247,18.104
5413,246,18.104
5414,247,18.537
5415,241,15.883
5416,249,17.389
5417,244,17.078
5418,288,18.394
5419,282,15.381
5420,266,15.381
5421,279,17.276
5422,278,17.766
5423,270,13.611
5424,284,13.133
5425,291,17.521
5426,296,14.601
5427,282,14.601
5428,285,14.601
5429,279,16.49
5430,282,16.233
5431,281,16.233
5432,270,16.233
5433,271,14.305
5434,291,16.795
5435,310,12.347
5436,306,12.347
5437,301,12.347
5438,297,12.347
5439,303,12.347
5440,318,16.25
5441,302,18.442
5442,279,16.224
5443,254,16.502
5444,257,16.502
5445,260,16.502
5446,283,16.502
5447,280,18.388
5448,278,18.388
5449,274,16.72
5450,274,16.72
5451,258,16.72
5452,273,16.032
5453,270,16.032
5454,271,16.032
5455,268,16.032
5456,259,16.032
5457,263,15.608
5458,261,15.608
5459,261,15.608
5460,263,15.608
5461,255,15.608
5462,255,15.608
5463,250,15.608
5464,249,15.608
5465,258,17.561
5466,261,17.561
5467,259,18.421
5468,254,18.421
5469,264,13.267
5470,252,13.267
5471,247,10.969
5472,238,18.534
5473,239,18.534
5474,239,18.717
5475,241,18.717
5476,249,18.717
5477,261,18.717
5478,265,17.94
5479,267,17.94
5480,255,18.582
5481,231,18.582
5482,231,18.582
5483,225,15.1
5484,241,15.1
5485,245,15.1
5486,232,17.27
5487,233,17.27
5488,244,17.27
5489,250,18.645
5490,246,18.645
5491,243,17.883
5492,257,17.718
5493,255,18.585
5494,255,17.718
5495,264,16.272
5496,271,15.366
5497,284,15.1
5498,279,16.864
5499,287,16.864
5500,276,14.215
5501,265,14.215
5502,266,18.122
5503,273,18.122
5504,267,18.122
5505,267,18.122
5506,261,18.122
5507,252,18.122
5508,251,18.346
5509,254,18.346
5510,257,18.346
5511,254,18.346
5512,248,18.346
5513,237,18.346
5514,229,18.346
5515,230,18.346
5516,230,16.917
5517,234,16.917
5518,234,16.917
5519,232,16.917
5520,241,14.442
5521,250,12.804
5522,240,16.451
5523,248,16.863
5524,252,16.863
5525,255,12.804
5526,258,12.804
5527,239,12.804
5528,255,17.518
5529,249,17.518
5530,251,17.739
5531,260,17.739
5532,248,17.739
5533,244,17.739
5534,246,16.295
5535,241,18.353
5536,242,18.353
5537,225,18.353
5538,222,18.353
5539,219,18.353
5540,220,18.353
5541,229,18.708
5542,224,18.708
5543,238,16.295
5544,253,16.295
5545,261,16.295
5546,264,16.295
5547,267,16.295
5548,273,11.582
5549,283,18.14
5550,288,15.7
5551,278,15.623
5552,291,15.623
5553,290,15.623
5554,289,18.702
5555,285,18.702
5556,284,18.702
5557,276,18.702
5558,273,18.702
5559,262,18.702
5560,260,18.702
5561,255,18.702
5562,267,18.702
5563,272,14.703
5564,272,16.194
5565,257,16.194
5566,273,17.052
5567,276,17.542
5568,265,17.796
5569,244,17.796
5570,254,17.796
5571,251,17.796
5572,239,17.796
5573,243,17.796
5574,254,17.796
5575,252,17.796
5576,238,17.796
5577,252,17.796
5578,243,18.105
5579,236,17.796
5580,236,18.655
5581,239,18.655
5582,241,16.122
5583,250,16.122
5584,251,16.122
5585,251,16.122
5586,253,16.122
5587,252,16.122
5588,258,16.122
5589,251,16.122
5590,245,15.1
5591,243,16.325
5592,237,15.1
5593,240,15.1
5594,236,18.179
5595,242,18.179
5596,263,18.179
5597,246,18.179
5598,246,18.179
5599,244,18.179
5600,241,18.179
5601,243,18.179
5602,241,18.179
5603,239,18.179
5604,241,18.179
5605,267,17.386
5606,246,17.386
5607,251,16.11
5608,263,16.11
5609,261,16.11
5610,267,16.11
5611,259,16.11
5612,258,17.315
5613,258,17.745
5614,261,17.745
5615,273,17.745
5616,280,18.087
5617,279,18.087
5618,271,17.745
5619,282,14.888
5620,270,17.073
5621,271,17.073
5622,264,17.073
5623,244,17.073
5624,245,16.511
5625,257,17.105
5626,275,13.092
5627,271,13.103
5628,266,13.103
5629,265,13.423
5630,260,16.054
5631,257,16.789
5632,264,16.789
5633,264,17.037
5634,276,17.037
5635,269,17.037
5636,281,16.054
5637,273,16.054
5638,263,18.639
5639,263,18.639
5640,269,18.639
5641,273,17.097
5642,273,17.097
5643,284,17.097
5644,272,17.097
5645,275,17.602
5646,268,17.097
5647,270,17.097
5648,249,17.097
5649,253,17.097
5650,246,17.097
5651,254,17.097
5652,264,17.097
5653,263,17.985
5654,272,17.985
5655,281,17.985
5656,288,12.586
5657,280,12.586
5658,281,17.722
5659,293,17.722
5660,288,17.722
5661,301,17.722
5662,274,17.722
5663,280,17.722
5664,274,17.722
5665,286,16.738
5666,278,18.496
5667,269,18.496
5668,258,18.496
5669,242,18.496
5670,246,16.738
5671,247,18.52
5672,255,16.332
5673,262,16.332
5674,247,14.204
5675,297,13.098
5676,289,16.182
5677,287,16.182
5678,292,17.479
5679,301,17.479
5680,316,16.684
5681,308,14.993
5682,307,14.993
5683,304,17.192
5684,267,17.192
5685,268,14.993
5686,280,17.022
5687,286,17.022
5688,286,17.022
5689,274,18.468
5690,272,15.931
5691,269,15.972
5692,269,15.972
5693,269,15.972
5694,269,15.972
5695,271,15.82
5696,272,15.82
5697,287,15.82
5698,281,15.82
5699,302,15.319
5700,314,15.319
5701,314,15.319
5702,293,17.791
5703,296,17.791
5704,272,17.791
5705,271,17.791
5706,249,12.421
5707,254,15.503
5708,264,17.243
5709,260,17.243
5710,253,15.503
5711,259,15.503
5712,264,15.503
5713,265,15.503
5714,261,15.503
5715,263,17.264
5716,259,17.264
5717,249,14.451
5718,239,18.057
5719,256,16.141
5720,256,16.141
5721,256,16.141
5722,256,16.141
5723,253,16.141
5724,248,16.917
5725,246,16.917
5726,258,16.774
5727,258,16.774
5728,277,15.844
5729,270,15.844
5730,258,9.393
5731,252,18.394
5732,254,18.394
5733,271,17.208
5734,259,15.232
5735,269,15.232
5736,271,15.232
5737,254,17.787
5738,300,17.572
5739,265,10.927
5740,249,10.927
5741,275,10.927
5742,273,10.927
5743,269,12.03
5744,261,10.927
5745,262,10.927
5746,263,18.365
5747,254,18.365
5748,251,18.385
5749,238,18.385
5750,240,18.385
5751,233,18.385
5752,237,18.385
5753,228,18.385
5754,225,18.385
5755,250,18.385
5756,242,18.385
5757,244,14.61
5758,239,14.61
5759,243,16.833
5760,238,16.833
5761,243,16.833
5762,240,16.119
5763,239,17.545
5764,242,17.545
5765,247,16.119
5766,244,16.119
5767,250,17.189
5768,246,16.412
5769,255,16.412
5770,258,16.412
5771,256,16.412
5772,247,16.412
5773,245,16.412
5774,252,17.091
5775,253,17.091
5776,271,17.091
5777,264,17.375
5778,274,13.104
5779,278,17.205
5780,269,17.205
5781,257,17.205
5782,252,13.821
5783,245,12.643
5784,240,13.128
5785,222,17.754
5786,216,17.754
5787,219,17.754
5788,214,14.556
5789,215,13.128
5790,219,13.128
5791,226,13.128
5792,224,13.128
5793,235,12.936
5794,252,17.371
5795,253,17.641
5796,249,17.641
5797,254,18.61
5798,261,18.61
5799,264,18.61
5800,263,16.167
5801,261,13.611
5802,250,16.259
5803,244,12.276
5804,242,11.761
5805,238,12.832
5806,232,12.727
5807,232,11.761
5808,240,11.576
5809,249,11.576
5810,255,17.407
5811,239,17.407
5812,242,17.407
5813,252,17.407
5814,273,12.867
5815,258,12.266
5816,279,11.576
5817,260,14.17
5818,259,14.17
5819,268,14.17
5820,260,14.17
5821,255,14.17
5822,249,14.17
5823,258,14.17
5824,267,18.392
5825,267,18.392
5826,264,14.17
5827,273,13.112
5828,280,13.381
5829,278,13.068
5830,248,16.567
5831,249,16.567
5832,254,16.567
5833,253,16.567
5834,250,18.69
5835,242,18.69
5836,242,18.69
5837,244,18.439
5838,235,18.439
5839,250,16.86
5840,247,16.86
5841,249,18.681
5842,264,18.681
5843,255,18.681
5844,252,18.681
5845,252,18.681
5846,256,18.681
5847,266,18.206
5848,262,18.206
5849,264,18.206
5850,256,18.206
5851,264,17.8
5852,257,17.8
5853,264,17.24
5854,266,17.797
5855,249,17.797
5856,233,14.682
5857,224,14.682
5858,224,14.682
5859,228,14.284
5860,226,14.284
5861,225,14.284
5862,234,16.789
5863,237,16.83
5864,254,18.726
5865,253,18.726
5866,256,16.789
5867,271,16.789
5868,246,16.789
5869,261,16.789
5870,228,16.789
5871,223,14.858
5872,219,14.858
5873,231,14.858
5874,245,14.858
5875,258,15.536
5876,282,15.536
5877,292,15.536
5878,280,17.04
5879,268,17.04
5880,275,17.04
5881,257,17.04
5882,258,15.781
5883,251,15.781
5884,247,15.781
5885,249,16.002
5886,264,16.002
5887,273,16.002
5888,294,15.032
5889,284,15.032
5890,279,12.745
5891,275,14.718
5892,273,16.026
5893,274,16.026
5894,276,14.718
5895,282,14.065
5896,293,15.279
5897,298,15.279
5898,294,15.279
5899,284,15.279
5900,274,10.548
5901,273,7.967
5902,287,8.485
5903,287,16.28
5904,270,16.28
5905,284,16.28
5906,284,16.28
5907,268,16.28
5908,271,16.624
5909,262,16.624
5910,253,17.662
5911,256,17.662
5912,251,17.662
5913,248,18.131
5914,248,18.131
5915,260,18.528
5916,248,17.662
5917,251,17.662
5918,245,17.691
5919,244,17.691
5920,245,17.691
5921,249,17.691
5922,251,17.898
5923,253,17.898
5924,258,17.898
5925,261,17.898
5926,254,17.898
5927,242,18.114
5928,249,18.114
5929,244,18.114
5930,250,18.292
5931,257,17.898
5932,266,17.898
5933,267,17.898
5934,268,17.898
5935,269,17.898
5936,266,17.102
5937,269,17.102
5938,276,17.102
5939,277,14.149
5940,277,14.149
5941,281,16.669
5942,286,16.963
5943,287,16.963
5944,306,16.963
5945,305,16.963
5946,304,18.454
5947,296,18.454
5948,268,18.454
5949,274,18.454
5950,281,18.454
5951,291,18.454
5952,284,18.454
5953,302,18.454
5954,304,18.454
5955,299,18.454
5956,301,18.454
5957,309,18.454
5958,293,18.454
5959,293,18.454
5960,295,16.28
5961,284,17.183
5962,280,17.037
5963,277,16.056
5964,290,15.781
5965,291,15.781
5966,287,15.781
5967,287,15.781
5968,258,15.781
5969,269,15.781
5970,261,14.161
5971,283,14.161
5972,270,13.088
5973,255,13.479
5974,252,14.672
5975,237,13.479
5976,245,13.479
5977,248,17.434
5978,254,17.767
5979,255,17.767
5980,261,17.767
5981,247,17.141
5982,247,17.141
5983,247,18.454
5984,246,18.454
5985,244,18.454
5986,262,18.454
5987,262,18.454
5988,260,18.092
5989,259,18.092
5990,267,17.709
5991,268,17.709
5992,265,17.709
5993,249,17.709
5994,252,17.709
5995,246,17.856
5996,241,17.856
5997,237,18.072
5998,241,18.513
5999,237,18.513
6000,240,18.513
6001,215,18.612
6002,226,18.448
6003,219,18.448
6004,220,18.448
6005,231,18.448
6006,226,18.448
6007,221,18.072
6008,227,15.952
6009,223,15.952
6010,270,15.952
6011,262,18.011
6012,264,18.011
6013,268,18.424
6014,268,18.424
6015,257,18.424
6016,258,18.424
6017,260,12.245
6018,249,12.245
6019,244,12.245
6020,250,17.924
6021,251,17.924
6022,251,17.924
6023,232,17.924
6024,230,17.924
6025,217,17.924
6026,234,17.924
6027,226,5.556
6028,227,7.594
6029,217,12.923
6030,212,12.923
6031,221,12.923
6032,230,12.923
6033,237,16.556
6034,242,16.556
6035,243,16.556
6036,242,16.057
6037,243,16.534
6038,234,16.534
6039,240,17.019
6040,249,17.019
6041,251,17.142
6042,243,16.534
6043,240,16.534
6044,237,16.534
6045,235,18.074
6046,235,18.074
6047,248,18.074
6048,259,16.534
6049,251,16.534
6050,280,16.534
6051,280,16.534
6052,271,17.473
6053,281,17.473
6054,284,17.473
6055,286,17.473
6056,286,17.473
6057,283,16.534
6058,279,16.534
6059,283,16.534
6060,263,16.534
6061,274,16.534
6062,262,17.392
6063,243,17.392
6064,251,17.438
6065,248,18.353
6066,257,18.353
6067,260,18.489
6068,262,18.489
6069,268,18.489
6070,259,18.489
6071,251,18.489
6072,251,18.353
6073,246,16.349
6074,239,16.349
6075,255,16.349
6076,242,16.349
6077,244,16.349
6078,248,16.116
6079,237,16.116
6080,239,16.116
6081,242,16.908
6082,236,14.945
6083,233,11.569
6084,222,11.569
6085,218,13.503
6086,219,13.503
6087,220,15.423
6088,230,15.464
6089,227,18.301
6090,220,18.301
6091,251,16.268
6092,253,18.498
6093,217,18.498
6094,225,18.498
6095,238,17.492
6096,229,17.492
6097,232,17.162
6098,262,16.52
6099,279,16.52
6100,262,16.52
6101,276,16.52
6102,254,16.52
6103,252,15.826
6104,251,15.826
6105,249,16.46
6106,246,16.46
6107,247,15.826
6108,239,15.826
6109,239,15.826
6110,242,17.754
6111,242,17.754
6112,246,15.826
6113,240,18.46
6114,238,18.46
6115,240,15.826
6116,236,15.826
6117,244,14.67
6118,247,17.303
6119,234,17.303
6120,231,17.821
6121,231,17.821
6122,235,17.821
6123,237,17.821
6124,232,17.821
6125,234,17.821
6126,251,15.539
6127,261,15.539
6128,266,18.586
6129,260,18.645
6130,264,18.645
6131,264,18.645
6132,258,18.645
6133,273,18.645
6134,292,18.645
6135,266,18.645
6136,265,18.645
6137,267,18.645
6138,264,18.645
6139,259,18.645
6140,236,18.645
6141,238,18.645
6142,258,18.645
6143,267,18.645
6144,256,18.645
6145,261,18.645
6146,272,18.645
6147,274,15.539
6148,271,17.07
6149,266,17.07
6150,260,17.07
6151,254,17.07
6152,261,17.07
6153,252,17.07
6154,239,17.444
6155,255,17.444
6156,246,17.444
6157,248,17.444
6158,267,17.444
6159,270,17.444
6160,277,17.444
6161,286,17.444
6162,285,17.444
6163,249,17.444
6164,239,17.444
6165,264,17.444
6166,274,17.444
6167,264,18.146
6168,275,17.444
6169,274,17.381
6170,268,17.381
6171,243,17.381
6172,239,17.381
6173,252,17.381
6174,260,17.381
6175,260,17.381
6176,262,17.381
6177,260,17.381
6178,265,17.124
6179,258,17.124
6180,267,17.629
6181,259,18.454
6182,274,18.454
6183,279,18.454
6184,279,18.454
6185,265,18.454
6186,255,18.454
6187,261,18.454
6188,256,18.454
6189,254,18.454
6190,265,18.454
6191,260,18.454
6192,262,18.454
6193,260,18.454
6194,264,18.454
6195,259,18.454
6196,249,18.454
6197,270,18.454
6198,266,18.454
6199,281,18.513
6200,258,18.513
6201,263,18.454
6202,263,18.454
6203,264,18.454
6204,259,18.454
6205,261,18.454
6206,259,18.454
6207,243,18.454
6208,265,18.454
6209,306,18.454
6210,299,18.454
6211,298,18.454
6212,266,18.454
6213,263,18.454
6214,243,18.454
6215,239,18.454
6216,256,18.454
6217,258,18.454
6218,248,18.454
6219,242,18.523
6220,258,18.523
6221,266,18.454
6222,266,18.454
6223,275,18.454
6224,275,18.454
6225,282,18.454
6226,285,18.454
6227,288,18.454
6228,278,18.454
6229,278,18.454
6230,293,17.963
6231,287,17.258
6232,271,15.632
6233,256,16.239
6234,266,16.706
6235,265,16.706
6236,270,16.239
6237,291,16.239
6238,273,16.239
6239,286,16.239
6240,286,17.216
6241,284,17.216
6242,305,15.276
6243,282,14.228
6244,273,17.39
6245,281,17.39
6246,269,17.39
6247,268,17.07
6248,257,17.07
6249,258,17.07
6250,258,17.07
6251,268,17.07
6252,286,14.204
6253,274,16.054
6254,272,11.839
6255,270,12.338
6256,274,16.818
6257,276,17.764
6258,254,17.764
6259,258,16.818
6260,254,14.975
6261,247,17.423
6262,253,17.423
6263,253,15.671
6264,269,15.073
6265,276,15.073
6266,273,12.001
6267,266,11.608
6268,262,14.5
6269,261,15.47
6270,254,15.47
6271,257,15.946
6272,262,15.946
6273,264,16.042
6274,268,15.47
6275,269,11.608
6276,266,11.608
6277,277,11.608
6278,283,11.608
6279,304,18.155
6280,287,14.144
6281,293,14.144
6282,293,14.875
6283,304,14.981
6284,281,14.981
6285,274,16.311
6286,284,16.311
6287,279,16.311
6288,269,17.431
6289,271,17.431
6290,269,17.561
6291,277,17.431
6292,279,17.736
6293,276,18.2
6294,273,18.2
6295,256,18.448
6296,267,18.2
6297,274,18.2
6298,261,18.2
6299,244,18.2
6300,244,18.119
6301,272,18.119
6302,245,18.119
6303,244,18.119
6304,245,18.119
6305,237,17.082
6306,242,17.082
6307,252,17.494
6308,253,17.082
6309,252,18.319
6310,252,18.226
6311,258,18.226
6312,252,18.226
6313,253,18.226
6314,265,18.226
6315,265,18.226
6316,264,18.226
6317,257,18.226
6318,256,18.226
6319,275,18.226
6320,269,18.678
6321,274,18.678
6322,282,18.678
6323,274,18.678
6324,259,18.678
6325,244,18.678
6326,244,18.678
6327,224,18.678
6328,257,18.678
6329,257,18.678
6330,258,17.099
6331,234,17.099
6332,235,15.431
6333,248,15.431
6334,250,16.505
6335,269,15.431
6336,257,16.137
6337,255,15.431
6338,257,17.763
6339,259,15.431
6340,238,17.859
6341,258,17.859
6342,268,17.859
6343,254,17.859
6344,254,17.859
6345,245,17.001
6346,263,17.001
6347,272,17.001
6348,272,17.001
6349,277,17.001
6350,263,15.94
6351,244,15.94
6352,244,18.005
6353,255,15.94
6354,264,15.94
6355,249,15.94
6356,255,13.089
6357,252,13.089
6358,258,15.193
6359,244,15.193
6360,251,18.275
6361,256,18.275
6362,256,18.275
6363,233,16.619
6364,228,16.619
6365,223,16.619
6366,234,16.619
6367,219,16.619
6368,226,17.359
6369,230,17.359
6370,236,17.927
6371,237,17.927
6372,246,17.927
6373,246,17.927
6374,255,17.927
6375,253,17.927
6376,251,17.927
6377,254,17.927
6378,258,17.359
6379,269,15.157
6380,253,15.157
6381,255,16.903
6382,260,16.12
6383,254,16.12
6384,245,16.12
6385,247,16.12
6386,268,16.05
6387,268,16.05
6388,265,11.621
6389,258,11.621
6390,258,11.576
6391,260,18.51
6392,244,18.51
6393,253,18.726
6394,254,18.726
6395,254,18.726
6396,278,17.638
6397,274,17.638
6398,274,17.638
6399,261,17.638
6400,265,17.638
6401,254,17.638
6402,252,17.638
6403,231,17.235
6404,232,17.235
6405,243,17.235
6406,248,17.235
6407,272,17.235
6408,275,17.235
6409,257,18.561
6410,239,17.235
6411,240,17.235
6412,231,15.89
6413,228,15.89
6414,237,15.89
6415,238,15.89
6416,229,15.89
6417,229,15.89
6418,238,14.881
6419,234,14.881
6420,234,14.881
6421,239,14.881
6422,235,16.463
6423,231,14.881
6424,245,17.416
6425,252,17.416
6426,247,17.416
6427,250,18.585
6428,258,18.585
6429,275,18.585
6430,276,18.585
6431,282,18.585
6432,275,18.585
6433,249,18.585
6434,244,18.585
6435,248,18.256
6436,246,15.297
6437,244,15.973
6438,234,16.974
6439,253,16.974
6440,250,16.974
6441,232,18.526
6442,219,18.526
6443,221,18.526
6444,220,18.526
6445,238,16.974
6446,218,16.974
6447,231,16.974
6448,217,16.884
6449,218,16.884
6450,249,16.884
6451,249,16.884
6452,249,17.909
6453,238,17.909
6454,256,17.909
6455,252,18.253
6456,247,18.253
6457,249,18.253
6458,264,14.26
6459,268,14.26
6460,273,16.921
6461,270,16.921
6462,277,16.921
6463,254,16.921
6464,258,16.921
6465,259,17.901
6466,271,17.901
6467,273,16.945
6468,273,16.921
6469,262,17.963
6470,282,16.947
6471,265,16.921
6472,263,16.921
6473,245,16.921
6474,241,16.921
6475,249,16.921
6476,250,16.921
6477,252,16.921
6478,252,17.369
6479,251,17.369
6480,231,17.649
6481,227,17.5
6482,251,17.5
6483,251,17.5
6484,253,14.781
6485,236,14.781
6486,246,14.781
6487,247,14.781
6488,248,14.781
6489,237,18.17
6490,219,16.484
6491,221,16.484
6492,238,16.484
6493,226,16.484
6494,229,14.781
6495,230,15.603
6496,246,14.613
6497,241,10.342
6498,238,10.342
6499,240,10.569
6500,240,10.569
6501,240,10.954
6502,249,12.356
6503,234,11.743
6504,243,17.54
6505,238,18.062
6506,236,18.062
6507,260,18.062
6508,247,18.062
6509,252,18.062
6510,235,18.062
6511,237,18.062
6512,225,18.062
6513,221,18.062
6514,227,18.062
6515,225,18.062
6516,224,18.298
6517,251,18.298
6518,245,18.298
6519,245,18.298
6520,256,18.298
6521,271,18.298
6522,258,18.298
6523,263,18.298
6524,256,18.298
6525,256,18.298
6526,255,18.298
6527,251,18.298
6528,258,18.298
6529,257,18.075
6530,257,18.075
6531,251,16.664
6532,250,16.664
6533,268,14.79
6534,264,18.361
6535,281,14.79
6536,298,18.37
6537,299,18.516
6538,298,18.516
6539,284,18.516
6540,300,18.516
6541,316,18.516
6542,307,18.146
6543,306,18.146
6544,312,17.859
6545,292,17.859
6546,298,12.831
6547,284,12.831
6548,264,17.955
6549,268,13.083
6550,261,13.863
6551,293,13.863
6552,286,14.242
6553,284,14.242
6554,272,15.809
6555,273,18.02
6556,281,15.809
6557,283,15.809
6558,291,15.809
6559,319,15.809
6560,319,15.809
6561,284,15.809
6562,281,15.809
6563,274,15.809
6564,247,17.037
6565,250,17.037
6566,251,17.037
6567,256,18.053
6568,257,15.832
6569,232,17.425
6570,232,17.425
6571,233,17.138
6572,241,17.138
6573,240,15.016
6574,244,18.265
6575,244,15.016
6576,248,15.016
6577,246,15.213
6578,251,16.424
6579,250,16.424
6580,256,16.424
6581,258,18.125
6582,262,18.217
6583,264,18.125
6584,258,18.125
6585,257,18.125
6586,270,18.361
6587,250,18.05
6588,250,18.05
6589,249,18.05
6590,239,18.05
6591,232,18.05
6592,236,17.868
6593,234,17.868
6594,229,17.868
6595,229,17.868
6596,224,17.868
6597,246,11.576
6598,246,11.576
6599,222,18.196
6600,218,18.196
6601,258,18.196
6602,269,18.196
6603,269,18.196
6604,285,11.576
6605,285,11.047
6606,276,15.895
6607,273,18.31
6608,268,11.079
6609,266,12.048
6610,241,11.047
6611,239,11.047
6612,246,10.111
6613,247,16.212
6614,246,16.212
6615,246,15.073
6616,239,15.073
6617,235,15.073
6618,224,15.073
6619,225,15.073
6620,225,15.073
6621,220,15.073
6622,226,18.502
6623,229,18.502
6624,226,18.502
6625,232,18.502
6626,241,18.502
6627,242,17.602
6628,266,17.602
6629,268,17.602
6630,265,17.602
6631,242,18.099
6632,242,18.099
6633,246,18.099
6634,233,16.359
6635,230,15.002
6636,239,15.088
6637,228,17.274
6638,227,17.274
6639,224,17.274
6640,223,17.274
6641,222,17.274
6642,224,17.274
6643,230,17.274
6644,229,17.274
6645,247,17.274
6646,241,17.357
6647,247,17.357
6648,265,16.452
6649,246,15.713
6650,234,15.713
6651,237,15.713
6652,229,16.523
6653,230,16.523
6654,241,17.907
6655,242,16.44
6656,242,16.44
6657,241,16.44
6658,246,16.44
6659,248,16.44
6660,248,14.445
6661,235,18.454
6662,248,18.454
6663,246,18.454
6664,241,18.454
6665,251,18.454
6666,233,18.454
6667,241,18.454
6668,237,18.66
6669,244,18.66
6670,236,18.66
6671,224,18.66
6672,252,18.66
6673,231,18.66
6674,213,16.643
6675,223,17.826
6676,222,17.826
6677,216,17.826
6678,217,17.826
6679,209,16.0
6680,219,17.485
6681,220,17.485
6682,235,16.0
6683,235,16.0
6684,240,16.0
6685,230,16.0
6686,240,16.0
6687,227,16.0
6688,216,16.0
6689,218,16.0
6690,211,18.113
6691,211,16.0
6692,224,17.712
6693,225,17.413
6694,239,17.413
6695,254,17.413
6696,241,17.229
6697,240,14.798
6698,244,14.995
6699,219,14.995
6700,227,14.995
6701,229,14.995
6702,228,14.798
6703,231,14.798
6704,227,14.798
6705,227,14.574
6706,227,13.88
6707,231,18.35
6708,247,18.35
6709,245,18.35
6710,245,18.35
6711,266,10.745
6712,265,13.761
6713,277,13.761
6714,263,13.761
6715,280,13.761
6716,271,18.301
6717,268,18.301
6718,259,15.36
6719,257,15.36
6720,263,15.36
6721,265,12.063
6722,254,12.285
6723,266,17.77
6724,261,12.063
6725,252,15.73
6726,257,17.492
6727,259,17.492
6728,289,17.492
6729,289,18.042
6730,287,18.068
6731,252,18.068
6732,268,18.068
6733,265,18.068
6734,273,18.068
6735,281,17.271
6736,264,17.703
6737,279,17.703
6738,280,17.271
6739,281,17.271
6740,278,17.271
6741,277,17.271
6742,284,17.271
6743,278,17.271
6744,279,15.832
6745,268,15.832
6746,263,17.808
6747,267,13.348
6748,285,17.909
6749,282,17.909
6750,267,13.348
6751,259,17.909
6752,256,16.93
6753,229,17.802
6754,222,18.269
6755,213,17.802
6756,213,17.802
6757,216,17.802
6758,223,11.732
6759,220,11.732
6760,213,11.732
6761,210,11.732
6762,207,15.428
6763,222,18.296
6764,224,17.928
6765,221,17.928
6766,225,17.928
6767,223,15.428
6768,234,15.428
6769,263,15.261
6770,274,16.188
6771,262,16.17
6772,260,18.042
6773,260,18.042
6774,259,18.042
6775,258,18.042
6776,267,18.661
6777,285,18.661
6778,278,18.661
6779,287,18.661
6780,297,18.661
6781,291,18.346
6782,288,18.346
6783,287,18.346
6784,268,15.121
6785,275,15.121
6786,270,13.527
6787,271,13.527
6788,272,16.072
6789,272,16.072
6790,271,16.072
6791,267,15.725
6792,275,15.725
6793,284,15.725
6794,265,16.173
6795,247,16.173
6796,249,15.725
6797,247,12.314
6798,247,12.314
6799,236,12.314
6800,240,12.314
6801,251,12.314
6802,254,10.478
6803,253,14.374
6804,244,14.374
6805,252,13.285
6806,248,13.285
6807,256,13.285
6808,256,13.285
6809,252,11.878
6810,243,11.878
6811,241,11.878
6812,240,11.878
6813,237,12.763
6814,225,12.763
6815,227,12.763
6816,223,13.525
6817,241,15.757
6818,247,11.878
6819,249,11.878
6820,258,11.878
6821,256,11.878
6822,253,11.878
6823,255,16.634
6824,269,16.634
6825,250,16.634
6826,258,16.634
6827,234,16.634
6828,230,16.634
6829,228,13.533
6830,226,14.807
6831,231,14.807
6832,231,16.129
6833,231,14.807
6834,227,10.315
6835,227,10.315
6836,217,10.315
6837,217,10.315
6838,225,11.068
6839,224,8.846
6840,225,12.99
6841,228,12.99
6842,218,18.283
6843,210,15.501
6844,210,15.501
6845,204,15.501
6846,204,11.28
6847,211,11.28
6848,211,11.28
6849,223,11.584
6850,234,12.269
6851,230,15.694
6852,227,15.694
6853,227,15.694
6854,241,15.694
6855,242,18.693
6856,243,18.693
6857,267,18.693
6858,271,17.494
6859,278,18.502
6860,280,17.728
6861,281,17.728
6862,266,18.299
6863,281,18.299
6864,285,18.299
6865,280,18.299
6866,276,18.299
6867,277,18.299
6868,271,17.53
6869,264,18.164
6870,260,18.164
6871,266,17.53
6872,265,17.53
6873,263,16.361
6874,247,16.361
6875,233,18.104
6876,233,18.421
6877,233,18.421
6878,251,18.421
6879,241,18.421
6880,253,18.104
6881,250,18.104
6882,233,18.104
6883,229,18.104
6884,238,18.104
6885,263,17.99
6886,266,17.99
6887,264,17.99
6888,279,18.693
6889,284,18.693
6890,267,18.693
6891,277,15.303
6892,291,17.73
6893,264,17.73
6894,274,17.73
6895,277,16.406
6896,278,16.89
6897,276,16.89
6898,278,16.89
6899,277,16.89
6900,278,17.721
6901,263,17.721
6902,265,17.721
6903,278,17.721
6904,270,17.721
6905,267,17.721
6906,270,17.721
6907,277,17.721
6908,283,17.721
6909,275,18.469
6910,270,18.513
6911,270,18.469
6912,268,18.469
6913,270,18.469
6914,263,18.469
6915,260,18.469
6916,255,18.469
6917,251,18.469
6918,252,14.585
6919,270,14.585
6920,273,13.101
6921,268,17.912
6922,255,17.912
6923,259,17.912
6924,241,16.843
6925,244,18.589
6926,244,18.589
6927,249,18.589
6928,248,18.589
6929,244,18.589
6930,247,18.589
6931,250,18.589
6932,267,18.589
6933,265,18.589
6934,261,18.589
6935,256,17.3
6936,262,17.3
6937,261,17.3
6938,262,17.3
6939,259,17.3
6940,264,17.3
6941,259,17.3
6942,265,17.3
6943,263,17.3
6944,272,17.3
6945,263,17.127
6946,263,18.229
6947,270,17.127
6948,258,17.127
6949,255,17.127
6950,258,17.127
6951,267,17.127
6952,244,17.351
6953,248,17.351
6954,259,17.351
6955,253,17.351
6956,243,17.984
6957,241,17.984
6958,250,17.984
6959,247,17.255
6960,241,17.255
6961,248,17.255
6962,250,17.255
6963,245,17.255
6964,245,17.841
6965,245,17.255
6966,263,16.528
6967,262,16.528
6968,254,16.528
6969,258,14.098
6970,241,14.098
6971,262,14.098
6972,256,15.701
6973,247,15.701
6974,260,15.701
6975,263,14.948
6976,265,14.948
6977,276,14.948
6978,267,14.948
6979,273,14.948
6980,279,14.098
6981,283,14.098
6982,286,14.098
6983,272,14.098
6984,288,14.098
6985,308,18.352
6986,302,18.352
6987,317,12.168
6988,321,16.833
6989,311,16.833
6990,300,16.615
6991,294,16.615
6992,313,16.615
6993,319,16.615
6994,331,12.451
6995,327,6.948
6996,326,10.153
6997,315,17.665
6998,315,13.827
6999,324,10.153
7000,317,17.228
7001,302,17.228
7002,300,17.707
7003,290,17.228
7004,289,17.228
7005,287,17.228
7006,290,17.228
7007,288,17.12
7008,297,17.12
7009,295,14.787
7010,296,14.787
7011,298,15.241
7012,296,15.208
7013,308,15.208
7014,306,15.85
7015,293,15.208
7016,289,11.624
7017,263,11.624
7018,252,11.624
7019,268,11.624
7020,273,11.624
7021,268,11.624
7022,269,11.624
7023,265,11.624
7024,265,11.624
7025,284,11.85
7026,280,11.624
7027,268,15.623
7028,268,11.624
7029,263,11.624
7030,259,12.47
7031,259,12.47
7032,233,12.47
7033,262,12.47
7034,260,12.47
7035,257,10.034
7036,257,10.267
7037,255,9.28
7038,260,9.28
7039,273,15.002
7040,259,9.887
7041,266,9.887
7042,254,11.295
7043,249,11.295
7044,234,13.237
7045,242,14.648
7046,238,11.295
7047,232,18.595
7048,231,18.595
7049,222,18.595
7050,218,17.805
7051,216,17.805
7052,225,17.805
7053,227,18.122
7054,236,18.122
7055,233,18.122
7056,226,14.652
7057,214,14.652
7058,221,17.025
7059,225,17.025
7060,214,17.725
7061,217,17.725
7062,220,17.812
7063,222,17.812
7064,233,17.812
7065,229,17.812
7066,234,18.278
7067,246,18.278
7068,251,11.095
7069,259,15.853
7070,259,15.853
7071,258,15.853
7072,252,15.853
7073,243,15.853
7074,227,12.057
7075,228,15.354
7076,230,16.735
7077,219,16.735
7078,234,16.735
7079,240,17.889
7080,241,17.889
7081,258,17.889
7082,257,17.889
7083,246,17.889
7084,249,17.889
7085,241,18.43
7086,241,17.889
7087,243,17.889
7088,244,17.889
7089,245,17.889
7090,219,17.889
7091,242,17.889
7092,251,15.54
7093,255,17.18
7094,262,17.18
7095,270,17.18
7096,270,17.18
7097,304,17.18
7098,292,18.64
7099,280,18.64
7100,289,18.64
7101,283,18.64
7102,287,18.64
7103,279,18.64
7104,284,18.64
7105,275,18.64
7106,260,17.18
7107,261,17.18
7108,271,17.652
7109,267,17.652
7110,267,17.652
7111,251,17.18
7112,248,17.18
7113,244,17.18
7114,257,17.18
7115,253,17.522
7116,262,17.913
7117,245,17.18
7118,234,18.269
7119,224,17.18
7120,217,18.341
7121,212,18.341
7122,201,17.572
7123,233,17.572
7124,205,17.572
7125,196,12.705
7126,201,13.234
7127,201,17.413
7128,194,17.969
7129,208,17.969
7130,215,17.413
7131,219,17.413
7132,245,17.413
7133,244,17.728
7134,243,18.579
7135,252,18.579
7136,252,18.579
7137,254,18.579
7138,245,18.579
7139,246,18.051
7140,248,17.728
7141,246,17.728
7142,246,17.728
7143,254,17.728
7144,252,17.728
7145,240,17.728
7146,268,17.728
7147,236,18.4
7148,229,17.728
7149,234,16.155
7150,232,16.962
7151,226,16.962
7152,231,16.962
7153,231,18.66
7154,226,18.66
7155,232,18.66
7156,230,18.66
7157,219,14.627
7158,224,13.695
7159,251,13.695
7160,252,13.071
7161,233,12.379
7162,233,12.379
7163,222,17.53
7164,245,17.53
7165,269,15.387
7166,277,15.387
7167,276,15.387
7168,274,12.669
7169,264,12.669
7170,251,12.669
7171,242,12.669
7172,247,17.754
7173,229,17.21
7174,237,17.21
7175,240,17.21
7176,255,17.21
7177,252,18.525
7178,248,18.525
7179,276,18.525
7180,258,18.525
7181,264,17.351
7182,251,17.351
7183,262,17.351
7184,255,18.489
7185,254,18.489
7186,263,18.489
7187,263,18.489
7188,266,18.179
7189,273,18.179
7190,274,18.179
7191,274,18.179
7192,279,18.179
7193,294,17.913
7194,292,17.913
7195,296,14.293
7196,303,13.352
7197,304,15.527
7198,299,15.527
7199,295,15.527
7200,298,16.998
7201,301,16.998
7202,303,16.998
7203,296,16.998
7204,281,16.998
7205,285,17.214
7206,287,17.214
7207,290,17.282
7208,282,17.282
7209,272,17.282
7210,262,17.282
7211,277,17.282
7212,264,14.831
7213,253,13.491
7214,264,12.476
7215,261,12.476
7216,249,12.476
7217,245,12.476
7218,245,15.845
7219,239,16.146
7220,239,17.778
7221,235,17.778
7222,253,17.778
7223,263,17.778
7224,267,18.209
7225,279,17.778
7226,260,17.778
7227,266,17.778
7228,267,16.66
7229,275,16.66
7230,280,17.407
7231,282,17.407
7232,288,17.407
7233,297,17.407
7234,300,11.872
7235,305,12.696
7236,304,17.237
7237,295,18.501
7238,291,18.501
7239,283,18.501
7240,284,17.354
7241,281,17.354
7242,274,17.354
7243,276,17.354
7244,273,17.354
7245,278,17.354
7246,287,17.354
7247,272,17.354
7248,256,17.354
7249,252,17.354
7250,256,14.197
7251,269,14.197
7252,259,14.197
7253,237,17.542
7254,238,17.542
7255,232,17.542
7256,225,15.219
7257,247,15.219
7258,241,14.541
7259,235,15.106
7260,233,15.106
7261,237,15.106
7262,237,15.106
7263,229,14.197
7264,242,14.197
7265,245,14.197
7266,242,15.288
7267,251,15.288
7268,245,16.511
7269,238,16.511
7270,234,16.511
7271,232,17.028
7272,236,17.028
7273,248,16.49
7274,254,15.719
7275,254,15.719
7276,267,15.719
7277,260,7.971
7278,256,7.971
7279,243,17.306
7280,242,17.306
7281,246,16.451
7282,250,14.744
7283,264,12.365
7284,250,9.163
7285,259,9.163
7286,252,16.69
7287,265,16.69
7288,266,16.69
7289,260,16.69
7290,263,16.69
7291,266,16.239
7292,280,16.239
7293,282,16.239
7294,282,17.62
7295,282,17.62
7296,288,17.62
7297,320,17.62
7298,292,17.62
7299,287,18.116
7300,278,18.116
7301,247,18.116
7302,256,18.116
7303,254,15.393
7304,231,15.6
7305,235,16.015
7306,263,18.266
7307,274,18.266
7308,276,18.266
7309,270,18.266
7310,271,18.505
7311,275,18.266
7312,273,16.535
7313,270,16.535
7314,273,16.401
7315,293,16.401
7316,295,16.401
7317,295,16.401
7318,281,16.401
7319,272,15.428
7320,284,15.428
7321,279,15.428
7322,282,15.715
7323,282,15.715
7324,282,15.715
7325,285,15.715
7326,287,15.715
7327,286,15.715
7328,282,18.134
7329,302,15.715
7330,310,15.186
7331,306,16.37
7332,308,16.37
7333,300,16.37
7334,303,16.044
7335,289,16.712
7336,290,16.712
7337,293,16.712
7338,272,17.775
7339,300,17.775
7340,286,17.775
7341,271,14.212
7342,271,14.212
7343,277,9.262
7344,276,9.262
7345,283,11.489
7346,286,16.624
7347,305,16.624
7348,299,16.624
7349,304,16.624
7350,295,16.624
7351,290,17.754
7352,289,17.754
7353,294,17.754
7354,304,15.889
7355,270,15.889
7356,271,16.138
7357,249,16.138
7358,250,16.138
7359,243,15.889
7360,260,15.889
7361,266,15.889
7362,254,12.897
7363,260,18.032
7364,234,18.604
7365,244,18.604
7366,246,18.604
7367,262,18.604
7368,262,18.604
7369,252,18.032
7370,266,18.032
7371,274,18.032
7372,273,18.032
7373,266,18.032
7374,266,18.032
7375,254,18.032
7376,262,18.032
7377,269,18.032
7378,249,18.032
7379,249,17.378
7380,249,17.378
7381,261,15.608
7382,255,17.668
7383,263,17.668
7384,265,17.668
7385,291,17.668
7386,289,17.22
7387,269,12.992
7388,261,17.997
7389,266,18.471
7390,269,18.471
7391,264,18.471
7392,264,18.471
7393,266,18.471
7394,262,18.471
7395,262,18.471
7396,257,17.004
7397,260,14.993
7398,257,14.993
7399,241,15.656
7400,244,17.507
7401,260,17.507
7402,272,17.507
7403,281,13.764
7404,282,17.528
7405,274,13.575
7406,273,13.575
7407,271,13.575
7408,265,13.575
7409,268,13.91
7410,271,16.645
7411,270,16.645
7412,272,16.645
7413,272,16.645
7414,274,16.645
7415,272,16.645
7416,280,17.563
7417,282,18.525
7418,279,18.525
7419,274,16.989
7420,265,16.989
7421,259,17.883
7422,261,17.883
7423,274,17.883
7424,284,17.883
7425,290,17.883
7426,271,16.401
7427,271,16.49
7428,271,16.401
7429,261,16.401
7430,256,16.401
7431,258,17.19
7432,286,17.19
7433,284,16.401
7434,277,16.401
7435,267,16.401
7436,260,16.401
7437,280,16.401
7438,274,16.401
7439,256,16.401
7440,255,16.401
7441,255,16.401
7442,271,16.401
7443,271,16.401
7444,275,16.401
7445,251,16.401
7446,242,18.041
7447,234,16.401
7448,222,16.401
7449,229,16.401
7450,228,16.401
7451,226,16.401
7452,229,16.401
7453,231,16.401
7454,245,16.401
7455,238,17.39
7456,256,17.39
7457,263,16.401
7458,265,16.401
7459,251,16.401
7460,250,16.401
7461,248,16.401
7462,248,16.401
7463,248,16.401
7464,253,16.401
7465,260,16.401
7466,264,16.401
7467,294,16.401
7468,308,16.401
7469,315,18.271
7470,315,18.271
7471,315,18.271
7472,303,18.271
7473,311,18.271
7474,280,18.271
7475,274,18.271
7476,291,18.271
7477,286,18.271
7478,268,18.271
7479,263,18.271
7480,276,18.271
7481,264,16.442
7482,269,16.401
7483,239,16.401
7484,257,16.401
7485,258,16.401
7486,263,15.733
7487,256,15.733
7488,263,18.528
7489,276,18.528
7490,276,18.528
7491,275,17.15
7492,273,17.15
7493,279,17.15
7494,291,17.15
7495,280,17.15
7496,278,17.15
7497,240,17.15
7498,258,17.15
7499,260,17.15
7500,269,17.15
7501,252,17.15
7502,259,17.15
7503,230,17.15
7504,238,17.15
7505,244,18.4
7506,244,16.259
7507,243,16.259
7508,237,16.259
7509,234,16.259
7510,229,16.259
7511,231,16.259
7512,237,12.694
7513,245,12.694
7514,248,14.804
7515,249,15.411
7516,241,12.694
7517,245,14.469
7518,241,14.316
7519,244,14.769
7520,259,14.769
7521,279,14.316
7522,278,13.605
7523,280,13.605
7524,292,17.04
7525,297,17.04
7526,288,17.04
7527,277,13.605
7528,272,13.605
7529,269,13.605
7530,264,14.969
7531,264,14.969
7532,264,14.18
7533,258,9.982
7534,240,9.982
7535,245,9.982
7536,238,9.982
7537,251,18.576
7538,270,18.576
7539,270,18.576
7540,270,18.576
7541,267,18.323
7542,268,17.118
7543,271,17.56
7544,272,17.56
7545,260,17.118
7546,263,17.981
7547,279,17.118
7548,275,18.128
7549,278,18.128
7550,275,18.128
7551,265,18.128
7552,257,18.128
7553,259,17.865
7554,254,17.865
7555,252,17.865
7556,260,17.865
7557,257,14.996
7558,257,16.517
7559,264,17.452
7560,267,17.452
7561,262,16.517
7562,259,16.517
7563,262,16.517
7564,252,16.517
7565,253,16.517
7566,272,16.517
7567,301,16.517
7568,296,16.517
7569,274,16.517
7570,282,16.517
7571,297,17.247
7572,286,17.247
7573,259,17.247
7574,270,16.517
7575,256,16.517
7576,250,16.771
7577,253,16.771
7578,259,16.771
7579,271,14.47
7580,280,14.792
7581,260,14.47
7582,262,14.132
7583,262,14.132
7584,270,16.597
7585,258,17.757
7586,255,17.757
7587,252,16.478
7588,259,14.953
7589,259,14.132
7590,263,14.132
7591,266,14.132
7592,269,14.132
7593,272,14.132
7594,268,14.132
7595,273,15.706
7596,292,17.458
7597,307,17.458
7598,293,15.975
7599,294,17.563
7600,280,17.563
7601,284,17.563
7602,286,17.563
7603,287,17.563
7604,290,17.563
7605,286,17.563
7606,291,17.563
7607,294,17.563
7608,290,17.563
7609,287,17.563
7610,293,18.173
7611,295,18.173
7612,291,18.173
7613,276,18.173
7614,267,14.212
7615,259,14.212
7616,254,14.212
7617,250,14.212
7618,255,14.212
7619,257,15.297
7620,261,16.041
7621,259,14.212
7622,256,11.184
7623,251,18.247
7624,250,18.247
7625,250,18.247
7626,248,18.247
7627,246,13.387
7628,253,11.292
7629,238,11.292
7630,242,11.292
7631,248,14.666
7632,242,11.292
7633,242,11.292
7634,242,11.758
7635,238,11.758
7636,240,13.252
7637,240,13.252
7638,237,12.811
7639,238,12.811
7640,242,12.811
7641,249,11.94
7642,254,16.568
7643,240,14.909
7644,242,14.909
7645,232,14.909
7646,231,14.909
7647,226,14.909
7648,231,14.909
7649,234,17.563
7650,248,14.909
7651,246,15.094
7652,243,15.094
7653,255,15.094
7654,252,15.094
7655,255,15.094
7656,247,15.094
7657,253,15.094
7658,258,18.101
7659,240,18.101
7660,250,18.101
7661,248,15.094
7662,252,15.094
7663,257,15.094
7664,259,15.094
7665,255,15.094
7666,254,15.094
7667,259,15.094
7668,261,15.094
7669,251,15.094
7670,241,15.094
7671,240,15.094
7672,249,18.496
7673,252,18.496
7674,266,18.496
7675,273,18.627
7676,273,18.627
7677,276,18.627
7678,297,18.627
7679,285,18.627
7680,273,18.627
7681,259,18.627
7682,259,18.627
7683,262,18.627
7684,265,18.627
7685,259,15.094
7686,255,15.094
7687,255,15.094
7688,259,15.328
7689,258,15.328
7690,242,15.328
7691,245,13.725
7692,255,13.725
7693,265,13.967
7694,264,13.97
7695,260,17.407
7696,261,17.407
7697,251,17.407
7698,244,16.828
7699,244,18.287
7700,256,18.287
7701,238,18.287
7702,240,18.239
7703,237,15.286
7704,245,15.286
7705,239,15.286
7706,237,15.286
7707,237,15.286
7708,234,15.286
7709,231,15.286
7710,219,15.286
7711,238,15.286
7712,238,10.179
7713,237,8.452
7714,235,13.193
7715,238,13.193
7716,237,13.193
7717,228,16.621
7718,231,16.621
7719,237,16.621
7720,246,14.646
7721,254,14.646
7722,253,14.646
7723,252,14.646
7724,247,14.646
7725,249,11.92
7726,248,11.92
7727,249,11.92
7728,249,11.92
7729,274,11.136
7730,270,16.552
7731,282,17.921
7732,285,17.921
7733,273,17.921
7734,264,17.921
7735,247,17.921
7736,240,18.235
7737,236,18.235
7738,244,18.235
7739,234,18.235
7740,229,18.277
7741,229,18.687
7742,242,18.687
7743,232,18.687
7744,247,18.687
7745,245,18.687
7746,249,18.687
7747,268,18.687
7748,261,18.277
7749,295,14.79
7750,283,14.79
7751,281,14.79
7752,270,14.79
7753,265,14.79
7754,260,15.787
7755,266,15.787
7756,269,15.787
7757,268,15.787
7758,268,15.787
7759,264,15.787
7760,276,16.425
7761,246,16.425
7762,248,17.486
7763,253,17.486
7764,261,18.08
7765,258,18.08
7766,281,16.188
7767,271,16.188
7768,268,16.188
7769,266,16.188
7770,266,16.409
7771,255,16.409
7772,254,16.409
7773,275,18.534
7774,269,16.484
7775,263,14.777
7776,284,14.777
7777,282,14.777
7778,268,14.161
7779,251,13.896
7780,261,13.847
7781,256,13.847
7782,281,13.109
7783,271,15.925
7784,266,18.618
7785,266,18.618
7786,278,18.618
7787,275,17.368
7788,277,17.794
7789,277,17.368
7790,273,17.368
7791,257,18.489
7792,268,10.78
7793,265,15.019
7794,261,10.963
7795,255,13.979
7796,273,13.979
7797,247,14.61
7798,245,14.61
7799,265,17.596
7800,259,17.596
7801,246,17.596
7802,251,17.596
7803,256,18.49
7804,266,18.49
7805,267,18.49
7806,280,14.807
7807,267,14.807
7808,238,14.807
7809,231,14.029
7810,234,14.029
7811,235,15.913
7812,237,15.913
7813,215,15.913
7814,224,15.913
7815,240,15.913
7816,245,14.556
7817,241,14.745
7818,232,17.41
7819,247,17.41
7820,252,17.41
7821,260,16.963
7822,261,14.745
7823,260,17.542
7824,252,17.542
7825,252,17.542
7826,275,14.79
7827,284,14.79
7828,295,14.79
7829,271,18.11
7830,258,18.11
7831,250,18.11
7832,240,16.108
7833,243,16.108
7834,247,16.615
7835,247,16.615
7836,254,17.046
7837,268,17.046
7838,269,17.046
7839,264,17.046
7840,264,17.668
7841,266,18.301
7842,268,18.301
7843,265,17.668
7844,279,17.668
7845,273,17.668
7846,273,17.668
7847,280,17.668
7848,286,17.668
7849,286,17.668
7850,275,17.763
7851,274,17.668
7852,250,17.668
7853,266,17.668
7854,265,16.239
7855,257,16.239
7856,252,18.34
7857,253,18.34
7858,255,18.34
7859,251,18.454
7860,256,18.454
7861,257,18.454
7862,251,18.454
7863,253,18.454
7864,254,18.454
7865,270,18.633
7866,266,18.633
7867,252,18.454
7868,252,18.454
7869,270,18.454
7870,270,18.454
7871,270,18.454
7872,269,18.546
7873,261,18.546
7874,261,18.546
7875,248,18.546
7876,248,18.546
7877,254,18.546
7878,254,18.546
7879,251,18.546
7880,257,18.454
7881,274,18.454
7882,268,18.454
7883,277,18.454
7884,272,18.454
7885,269,18.687
7886,268,18.454
7887,276,18.454
7888,276,18.454
7889,273,18.454
7890,274,18.454
7891,283,18.454
7892,291,18.454
7893,278,18.454
7894,288,18.454
7895,283,18.454
7896,279,18.454
7897,276,18.454
7898,252,18.454
7899,255,18.454
7900,240,18.454
7901,234,18.454
7902,266,18.454
7903,279,18.454
7904,282,18.454
7905,260,18.454
7906,252,18.525
7907,250,18.525
7908,247,18.454
7909,243,18.454
7910,261,18.454
7911,259,18.454
7912,256,18.454
7913,233,18.454
7914,256,18.454
7915,235,18.454
7916,236,18.454
7917,253,18.454
7918,279,18.454
7919,260,18.454
7920,273,18.454
7921,280,18.454
7922,297,18.454
7923,292,18.454
7924,288,18.454
7925,281,18.454
7926,283,18.454
7927,269,18.454
7928,271,18.454
7929,272,18.454
7930,269,18.454
7931,274,18.639
7932,254,18.639
7933,255,18.639
7934,253,18.639
7935,242,18.454
7936,257,18.454
7937,258,18.454
7938,252,18.454
7939,242,18.454
7940,244,18.454
7941,244,18.454
7942,259,18.454
7943,263,18.454
7944,265,18.454
7945,266,18.454
7946,268,18.454
7947,268,18.454
7948,263,18.454
7949,264,18.454
7950,260,18.454
7951,279,18.454
7952,273,18.48
7953,262,18.48
7954,258,18.48
7955,262,18.48
7956,278,18.48
7957,256,18.48
7958,252,18.48
7959,257,18.48
7960,263,18.454
7961,242,18.454
7962,247,18.454
7963,246,18.454
7964,241,18.534
7965,248,18.534
7966,252,18.534
7967,255,18.534
7968,259,18.717
7969,243,18.717
7970,240,18.717
7971,240,18.717
7972,283,18.717
7973,276,18.717
7974,241,18.717
7975,242,18.717
7976,241,18.663
7977,245,18.663
7978,241,18.663
7979,244,18.454
7980,236,18.454
7981,236,16.317
7982,247,16.317
7983,249,16.317
7984,257,17.728
7985,250,17.728
7986,255,17.629
7987,255,17.629
7988,252,17.629
7989,257,16.416
7990,255,18.226
7991,255,16.416
7992,267,16.416
7993,264,18.523
7994,264,18.523
7995,247,18.523
7996,239,18.523
7997,244,18.523
7998,244,18.523
7999,266,18.269
8000,260,18.269
8001,265,18.269
8002,264,18.269
8003,264,18.269
8004,260,18.269
8005,260,18.269
8006,259,18.269
8007,255,18.269
8008,265,18.269
8009,267,18.269
8010,267,18.269
8011,266,18.269
8012,275,18.269
8013,281,18.269
8014,277,18.269
8015,252,18.269
8016,228,16.977
8017,241,16.977
8018,248,18.027
8019,251,18.027
8020,246,16.977
8021,258,16.977
8022,253,16.977
8023,258,16.977
8024,238,16.977
8025,229,18.362
8026,252,18.362
8027,249,18.362
8028,247,16.977
8029,241,16.977
8030,243,16.571
8031,254,15.307
8032,247,15.307
8033,243,15.273
8034,240,15.273
8035,240,17.162
8036,237,18.483
8037,239,18.483
8038,253,18.377
8039,271,18.377
8040,269,18.377
8041,272,17.489
8042,281,17.489
8043,299,17.489
8044,250,17.489
8045,247,17.162
8046,248,17.162
8047,249,17.162
8048,252,16.657
8049,253,16.657
8050,239,16.657
8051,217,16.822
8052,217,16.822
8053,248,16.822
8054,250,16.822
8055,248,16.822
8056,271,16.822
8057,268,16.822
8058,268,16.822
8059,275,16.822
8060,261,16.822
8061,262,16.117
8062,244,16.117
8063,238,16.117
8064,221,16.117
8065,202,16.117
8066,197,14.705
8067,213,14.705
8068,220,14.705
8069,219,12.628
8070,218,12.628
8071,224,13.566
8072,219,13.566
8073,204,12.628
8074,205,12.628
8075,207,12.628
8076,223,12.628
8077,223,12.628
8078,230,18.386
8079,230,18.386
8080,253,17.853
8081,243,17.853
8082,230,12.628
8083,232,12.628
8084,236,17.321
8085,237,17.321
8086,239,17.321
8087,237,17.321
8088,250,18.179
8089,246,18.179
8090,244,18.179
8091,256,18.179
8092,254,18.179
8093,248,17.321
8094,254,17.321
8095,262,17.321
8096,256,17.321
8097,256,17.321
8098,270,18.415
8099,272,18.415
8100,268,18.415
8101,269,18.415
8102,264,18.624
8103,244,18.624
8104,242,18.624
8105,226,18.624
8106,222,18.173
8107,224,18.235
8108,228,18.235
8109,224,18.705
8110,223,18.522
8111,230,18.522
8112,259,18.522
8113,258,18.274
8114,267,18.274
8115,267,18.274
8116,243,18.274
8117,251,18.274
8118,248,13.681
8119,252,15.044
8120,251,17.142
8121,249,15.044
8122,250,16.986
8123,254,18.361
8124,249,18.361
8125,240,15.387
8126,259,15.044
8127,260,15.044
8128,248,15.494
8129,278,15.494
8130,268,16.768
8131,271,16.768
8132,265,16.768
8133,267,16.768
8134,264,13.889
8135,282,13.351
8136,289,13.351
8137,285,13.351
8138,285,18.071
8139,274,18.071
8140,266,18.071
8141,267,12.06
8142,270,17.709
8143,266,17.709
8144,264,18.595
8145,285,18.595
8146,279,18.595
8147,278,18.595
8148,283,18.595
8149,278,18.465
8150,281,17.709
8151,287,17.709
8152,285,17.709
8153,288,17.709
8154,285,17.709
8155,282,17.709
8156,274,17.709
8157,265,17.709
8158,263,18.215
8159,265,18.215
8160,268,18.215
8161,269,18.215
8162,254,17.709
8163,256,18.187
8164,261,18.187
8165,257,18.187
8166,255,17.946
8167,255,17.946
8168,236,18.54
8169,237,17.946
8170,234,17.946
8171,234,18.615
8172,243,17.946
8173,240,17.946
8174,240,17.946
8175,250,17.946
8176,241,17.946
8177,222,17.946
8178,217,18.484
8179,217,18.484
8180,225,17.946
8181,225,17.946
8182,235,17.773
8183,227,17.773
8184,239,17.773
8185,231,17.773
8186,228,17.773
8187,229,17.773
8188,232,17.709
8189,224,17.709
8190,220,17.709
8191,226,17.709
8192,225,17.709
8193,229,17.709
8194,219,17.709
8195,224,17.767
8196,256,17.709
8197,259,16.595
8198,258,16.595
8199,227,16.595
8200,224,16.595
8201,221,16.595
8202,250,16.595
8203,229,16.595
8204,237,18.504
8205,230,18.504
8206,245,16.89
8207,248,16.89
8208,260,16.89
8209,255,16.89
8210,254,16.89
8211,257,16.89
8212,260,16.89
8213,268,18.628
8214,285,18.628
8215,283,17.519
8216,285,17.728
8217,294,17.728
8218,298,17.728
8219,294,17.728
8220,295,18.026
8221,306,18.362
8222,288,18.362
8223,286,18.362
8224,280,18.362
8225,279,18.224
8226,277,18.224
8227,292,18.224
8228,292,17.733
8229,296,17.733
8230,295,17.733
8231,292,17.733
8232,269,17.733
8233,266,17.264
8234,270,16.83
8235,286,16.83
8236,281,17.889
8237,272,17.889
8238,264,13.044
8239,274,13.408
8240,278,12.443
8241,276,12.443
8242,272,12.443
8243,264,18.499
8244,284,18.499
8245,290,17.939
8246,292,17.939
8247,282,13.994
8248,282,13.994
8249,285,16.935
8250,283,16.935
8251,274,16.935
8252,268,16.277
8253,268,16.277
8254,261,16.277
8255,260,16.045
8256,279,17.934
8257,283,17.934
8258,283,16.045
8259,285,16.045
8260,277,16.83
8261,250,16.83
8262,246,17.793
8263,239,17.793
8264,255,16.045
8265,258,16.045
8266,256,16.045
8267,252,16.478
8268,262,16.045
8269,257,16.045
8270,254,16.045
8271,248,17.703
8272,243,17.703
8273,242,17.703
8274,240,18.101
8275,236,18.101
8276,248,18.101
8277,243,18.552
8278,239,18.552
8279,259,18.552
8280,232,16.478
8281,245,16.038
8282,240,16.038
8283,219,16.038
8284,264,16.346
8285,268,16.346
8286,270,16.346
8287,262,16.346
8288,259,16.821
8289,234,16.821
8290,239,16.821
8291,238,15.5
8292,234,18.664
8293,262,18.664
8294,259,18.664
8295,264,18.664
8296,265,15.677
8297,255,15.677
8298,250,15.677
8299,264,16.475
8300,267,16.475
8301,268,16.475
8302,263,16.475
8303,257,16.475
8304,238,17.434
8305,245,17.434
8306,247,17.434
8307,255,17.434
8308,250,16.449
8309,244,16.449
8310,242,17.507
8311,255,17.507
8312,264,17.507
8313,272,11.932
8314,272,13.283
8315,288,14.352
8316,289,14.828
8317,263,14.352
8318,243,17.784
8319,236,17.784
8320,232,17.784
8321,241,17.784
8322,253,16.499
8323,234,16.499
8324,244,16.499
8325,240,16.499
8326,246,13.145
8327,246,13.046
8328,233,15.017
8329,232,15.3
8330,231,16.875
8331,253,15.017
8332,253,12.494
8333,257,18.368
8334,270,18.368
8335,267,18.368
8336,273,18.368
8337,265,18.368
8338,286,16.718
8339,276,17.45
8340,263,16.718
8341,265,16.718
8342,268,16.718
8343,288,16.718
8344,272,16.718
8345,255,16.894
8346,269,16.894
8347,264,15.142
8348,276,17.596
8349,284,17.596
8350,261,15.142
8351,282,15.142
8352,282,15.142
8353,282,15.142
8354,280,12.745
8355,279,12.745
8356,278,12.808
8357,277,14.514
8358,284,16.816
8359,282,18.523
8360,279,18.523
8361,273,18.523
8362,282,18.523
8363,286,18.546
8364,274,18.546
8365,278,18.546
8366,293,18.546
8367,296,18.546
8368,305,18.546
8369,292,18.546
8370,291,18.546
8371,287,18.546
8372,277,18.546
8373,272,18.546
8374,275,18.546
8375,287,18.546
8376,292,17.658
8377,294,17.658
8378,296,17.453
8379,300,17.437
8380,287,17.437
8381,303,17.895
8382,287,17.895
8383,296,17.895
8384,279,17.895
8385,280,17.895
8386,302,17.895
8387,290,17.895
8388,295,18.335
8389,302,18.335
8390,300,18.335
8391,281,18.335
8392,282,18.335
8393,276,18.335
8394,276,18.335
8395,275,18.335
8396,272,18.335
8397,296,18.335
8398,284,18.335
8399,282,15.647
8400,282,15.647
8401,274,18.316
8402,273,17.183
8403,269,16.78
8404,264,16.78
8405,261,16.78
8406,269,18.463
8407,273,18.463
8408,267,18.463
8409,272,18.463
8410,276,17.981
8411,285,17.981
8412,297,17.981
8413,280,17.981
8414,303,17.981
8415,302,17.981
8416,295,17.981
8417,298,17.629
8418,291,17.793
8419,305,17.793
8420,301,17.793
8421,293,17.793
8422,291,17.793
8423,290,17.815
8424,290,17.815
8425,279,18.176
8426,281,17.815
8427,278,17.815
8428,274,18.57
8429,272,18.57
8430,287,17.815
8431,285,17.815
8432,286,16.712
8433,277,16.712
8434,269,14.99
8435,259,14.568
8436,262,14.568
8437,261,14.568
8438,258,14.568
8439,259,14.568
8440,267,14.568
8441,260,14.568
8442,264,14.568
8443,265,15.21
8444,262,15.21
8445,260,15.047
8446,252,15.047
8447,263,13.403
8448,257,16.239
8449,249,16.239
8450,248,17.605
8451,251,16.532
8452,254,16.532
8453,254,13.982
8454,253,14.164
8455,232,17.847
8456,228,17.847
8457,235,17.847
8458,238,17.847
8459,233,17.847
8460,231,17.847
8461,233,17.847
8462,236,17.847
8463,234,17.847
8464,230,17.847
8465,237,17.847
8466,235,17.847
8467,227,17.847
8468,222,17.847
8469,210,17.847
8470,235,14.772
8471,237,14.772
8472,239,13.181
8473,241,13.181
8474,239,13.181
8475,239,15.459
8476,250,15.459
8477,255,15.459
8478,256,15.459
8479,249,16.9
8480,261,16.9
8481,273,13.973
8482,278,13.973
8483,287,13.973
8484,285,13.973
8485,288,17.366
8486,299,14.308
8487,276,14.308
8488,273,17.312
8489,273,17.312
8490,301,15.103
8491,292,15.103
8492,289,16.75
8493,293,16.75
8494,292,15.103
8495,290,13.973
8496,279,14.957
8497,252,15.187
8498,260,13.973
8499,261,12.742
8500,254,12.742
8501,249,12.742
8502,250,14.43
8503,250,14.43
8504,250,15.973
8505,263,14.43
8506,263,14.43
8507,272,16.009
8508,277,16.009
8509,271,18.31
8510,271,18.31
8511,271,18.31
8512,267,18.31
8513,266,18.31
8514,278,18.31
8515,281,18.31
8516,287,18.31
8517,285,18.31
8518,278,18.31
8519,280,18.31
8520,286,18.31
8521,289,15.187
8522,293,15.187
8523,295,13.51
8524,306,13.51
8525,306,14.341
8526,296,14.341
8527,289,14.341
8528,289,14.341
8529,286,13.51
8530,288,14.29
8531,263,14.29
8532,262,14.29
8533,259,16.328
8534,284,15.515
8535,281,15.515
8536,266,14.992
8537,261,14.992
8538,255,14.29
8539,256,18.277
8540,249,18.277
8541,256,15.575
8542,261,15.575
8543,269,15.575
8544,273,14.669
8545,276,17.348
8546,270,17.348
8547,270,17.348
8548,284,17.348
8549,276,18.047
8550,269,18.693
8551,268,18.693
8552,278,18.693
8553,259,18.693
8554,267,18.693
8555,267,17.117
8556,265,17.117
8557,260,16.75
8558,259,14.128
8559,260,14.128
8560,263,13.76
8561,262,16.093
8562,274,16.093
8563,260,16.093
8564,258,15.761
8565,257,15.053
8566,262,14.702
8567,272,14.702
8568,276,14.702
8569,272,18.454
8570,271,18.454
8571,273,18.454
8572,275,18.501
8573,264,18.454
8574,275,18.454
8575,277,18.454
8576,276,18.454
8577,277,18.454
8578,284,18.454
8579,273,18.454
8580,273,18.454
8581,280,18.454
8582,279,18.454
8583,273,18.454
8584,284,18.454
8585,298,18.454
8586,317,18.454
8587,304,18.454
8588,295,18.454
8589,281,18.454
8590,295,18.454
8591,283,18.454
8592,288,18.454
8593,291,18.454
8594,295,18.454
8595,291,18.454
8596,286,18.454
8597,287,18.454
8598,290,18.454
8599,289,18.454
8600,296,18.454
8601,285,18.454
8602,285,18.454
8603,277,18.454
8604,277,18.454
8605,267,18.454
8606,266,17.345
8607,272,17.345
8608,256,17.345
8609,260,17.345
8610,261,17.345
8611,278,17.345
8612,276,15.163
8613,264,17.784
8614,265,17.617
8615,266,18.128
8616,256,16.525
8617,258,16.525
8618,261,15.515
8619,259,15.515
8620,252,15.515
8621,261,15.163
8622,267,15.163
8623,266,15.163
8624,252,15.163
8625,256,12.772
8626,251,13.047
8627,256,12.772
8628,259,12.536
8629,264,12.536
8630,252,12.536
8631,256,13.27
8632,246,15.369
8633,238,15.369
8634,252,15.369
8635,271,11.767
8636,273,12.297
8637,257,12.891
8638,247,18.283
8639,244,18.283
8640,242,11.767
8641,251,11.767
8642,270,12.039
8643,269,17.973
8644,255,18.329
8645,263,17.973
8646,293,17.973
8647,294,15.522
8648,285,15.522
8649,264,15.522
8650,262,15.522
8651,262,15.522
8652,264,16.367
8653,268,16.367
8654,269,18.296
8655,274,18.296
8656,272,18.296
8657,268,18.296
8658,262,18.296
8659,256,18.296
8660,252,17.823
8661,255,15.438
8662,244,18.663
8663,251,18.663
8664,254,18.663
8665,260,18.663
8666,264,18.663
8667,272,18.421
8668,270,15.061
8669,261,15.061
8670,281,15.061
8671,274,13.291
8672,264,13.291
8673,267,14.415
8674,276,14.415
8675,272,12.146
8676,269,16.072
8677,267,16.777
8678,250,12.146
8679,246,10.383
8680,210,14.201
8681,226,13.092
8682,234,15.818
8683,242,17.739
8684,244,17.739
8685,242,17.739
8686,247,17.739
8687,238,17.151
8688,239,17.151
8689,235,17.114
8690,253,15.156
8691,257,15.156
8692,254,17.159
8693,257,13.462
8694,271,17.491
8695,252,17.491
8696,246,12.953
8697,266,15.411
8698,265,15.411
8699,262,17.898
8700,244,17.898
8701,245,17.898
8702,251,9.283
8703,267,14.053
8704,258,14.053
8705,266,14.053
8706,262,18.559
8707,258,18.559
8708,255,18.559
8709,240,18.559
8710,240,18.559
8711,228,18.646
8712,233,18.646
8713,232,18.646
8714,219,18.646
8715,240,18.646
8716,219,18.646
8717,216,18.646
8718,211,18.646
8719,222,18.646
8720,231,18.559
8721,231,17.516
8722,255,17.516
8723,254,17.516
8724,272,17.516
8725,265,17.516
8726,261,17.516
8727,265,18.655
8728,242,18.655
8729,248,18.655
8730,243,18.655
8731,243,18.655
8732,249,18.655
8733,245,17.516
8734,241,17.516
8735,242,17.516
8736,244,17.516
8737,250,12.799
8738,248,12.799
8739,249,9.474
8740,253,15.503
8741,259,15.503
8742,283,15.503
8743,291,11.14
8744,279,11.14
8745,278,14.242
8746,273,14.242
8747,274,14.242
8748,272,14.242
8749,271,14.242
8750,272,14.242
8751,278,14.242
8752,277,15.509
8753,281,15.509
8754,275,15.961
8755,285,17.393
8756,285,18.314
8757,284,18.314
8758,289,18.314
8759,294,18.087
8760,286,18.087
8761,287,18.087
8762,280,18.23
8763,272,18.23
8764,270,18.23
8765,283,18.501
8766,299,18.501
8767,287,18.23
8768,286,18.23
8769,277,18.23
8770,273,18.23
8771,278,18.23
8772,290,18.23
8773,278,18.23
8774,265,18.23
8775,246,18.087
8776,265,18.087
8777,265,18.087
8778,265,18.087
8779,265,18.087
8780,253,18.087
8781,252,18.087
8782,255,18.087
8783,266,18.087
8784,275,18.087
8785,279,18.087
8786,278,18.087
8787,281,18.087
8788,280,18.087
8789,272,18.087
8790,267,18.087
8791,268,18.087
8792,255,18.087
8793,261,18.087
8794,251,18.087
8795,250,18.087
8796,239,18.221
8797,242,18.221
8798,235,18.221
8799,232,18.221
8800,247,18.221
8801,252,18.221
8802,244,11.66
8803,245,16.996
8804,240,18.161
8805,239,18.161
8806,244,18.161
8807,244,18.161
8808,260,18.161
8809,241,18.161
8810,226,18.161
8811,233,18.161
8812,236,18.161
8813,228,18.161
8814,225,18.161
8815,222,18.161
8816,225,18.161
8817,225,18.161
8818,232,18.161
8819,236,18.161
8820,243,13.139
8821,245,13.139
8822,261,13.139
8823,276,13.139
8824,276,13.139
8825,279,13.139
8826,278,13.139
8827,274,15.124
8828,276,15.868
8829,272,15.124
8830,265,17.088
8831,278,17.088
8832,268,17.088
8833,268,17.088
8834,296,17.088
8835,296,17.088
8836,293,13.486
8837,296,12.535
8838,262,11.495
8839,262,11.495
8840,260,11.495
8841,261,11.495
8842,253,10.185
8843,231,10.185
8844,239,12.721
8845,231,12.721
8846,230,10.724
8847,242,10.724
8848,242,12.589
8849,238,8.841
8850,249,8.841
8851,249,17.073
8852,245,17.073
8853,242,17.073
8854,232,17.073
8855,231,17.073
8856,238,17.073
8857,238,17.073
8858,227,17.073
8859,224,17.073
8860,225,17.073
8861,240,18.0
8862,237,18.0
8863,221,11.519
8864,229,10.814
8865,245,18.274
8866,241,18.274
8867,259,17.037
8868,256,17.037
8869,247,17.037
8870,250,17.037
8871,265,18.495
8872,265,18.495
8873,265,18.495
8874,251,18.63
8875,254,18.63
8876,261,18.63
8877,255,18.325
8878,260,18.325
8879,259,18.325
8880,266,18.325
8881,274,15.366
8882,277,17.486
8883,260,17.486
8884,257,18.26
8885,258,17.486
8886,245,17.871
8887,275,17.871
8888,273,17.871
8889,281,17.536
8890,281,18.726
8891,312,17.536
8892,282,17.536
8893,279,17.536
8894,286,17.536
8895,285,18.341
8896,287,18.341
8897,275,17.536
8898,260,17.536
8899,238,14.062
8900,235,14.062
8901,245,14.062
8902,248,13.05
8903,270,15.231
8904,273,15.231
8905,280,17.297
8906,257,17.297
8907,260,17.297
8908,259,17.297
8909,264,18.269
8910,269,18.269
8911,270,18.269
8912,264,10.999
8913,255,18.705
8914,254,18.705
8915,259,18.705
8916,263,16.108
8917,257,18.305
8918,261,18.305
8919,267,18.305
8920,268,18.305
8921,254,17.967
8922,250,17.967
8923,256,17.967
8924,257,17.967
8925,244,17.967
8926,242,17.967
8927,250,17.967
8928,256,17.967
8929,254,17.967
8930,263,7.684
8931,267,9.295
8932,264,9.295
8933,262,9.295
8934,263,11.477
8935,257,11.477
8936,279,15.174
8937,273,15.174
8938,267,15.174
8939,289,15.174
8940,284,15.174
8941,288,18.711
8942,278,18.609
8943,279,18.609
8944,279,18.609
8945,288,18.609
8946,255,18.343
8947,249,18.343
8948,249,18.343
8949,245,16.803
8950,244,15.82
8951,266,18.322
8952,275,18.322
8953,262,18.322
8954,261,13.66
8955,276,13.66
8956,261,13.66
8957,238,13.66
8958,238,13.66
8959,244,9.397
8960,244,9.397
8961,260,14.905
8962,256,9.397
8963,254,15.913
8964,254,14.816
8965,257,13.067
8966,258,13.067
8967,270,13.067
8968,267,15.531
8969,273,14.837
8970,274,14.174
8971,274,14.174
8972,264,14.174
8973,265,14.174
8974,271,13.363
8975,274,15.585
8976,289,17.584
8977,280,17.584
8978,285,17.584
8979,287,17.584
8980,293,17.584
8981,289,18.185
8982,288,17.584
8983,285,15.6
8984,283,17.169
8985,275,17.169
8986,250,17.169
8987,249,15.761
8988,245,15.761
8989,254,13.261
8990,258,16.897
8991,241,17.129
8992,242,16.897
8993,237,18.188
8994,229,18.188
8995,237,18.188
8996,236,18.188
8997,233,18.188
8998,233,18.173
8999,258,18.173
9000,285,18.173
9001,278,18.173
9002,278,18.173
9003,272,18.173
9004,257,18.173
9005,259,18.173
9006,254,18.173
9007,274,18.173
9008,277,17.362
9009,287,17.362
9010,254,17.362
9011,255,17.022
9012,254,17.022
9013,249,17.431
9014,242,17.022
9015,242,17.022
9016,247,17.022
9017,256,17.022
9018,234,17.022
9019,234,17.022
9020,220,17.022
9021,224,16.618
9022,227,14.807
9023,218,14.807
9024,226,14.585
9025,230,14.585
9026,227,14.992
9027,230,17.659
9028,238,17.659
9029,227,17.659
9030,211,17.659
9031,221,17.659
9032,223,17.659
9033,229,14.024
9034,221,16.565
9035,216,16.565
9036,216,14.899
9037,228,14.899
9038,228,13.775
9039,241,13.775
9040,231,13.775
9041,238,18.31
9042,239,12.915
9043,266,13.193
9044,234,12.657
9045,236,14.748
9046,235,14.748
9047,248,14.748
9048,252,16.873
9049,253,16.873
9050,265,16.852
9051,247,18.371
9052,248,18.371
9053,270,18.371
9054,283,12.099
9055,284,12.099
9056,274,17.925
9057,280,14.2
9058,282,14.2
9059,289,15.327
9060,299,15.327
9061,296,11.028
9062,304,15.518
9063,298,15.518
9064,299,15.518
9065,292,15.518
9066,291,15.518
9067,303,16.86
9068,315,17.775
9069,317,16.663
9070,288,16.663
9071,287,16.663
9072,284,16.663
9073,292,16.663
9074,287,18.412
9075,283,18.412
9076,261,18.412
9077,276,18.412
9078,273,18.412
9079,271,18.412
9080,277,17.09
9081,277,15.725
9082,280,16.616
9083,279,16.616
9084,280,16.616
9085,279,16.616
9086,288,16.616
9087,296,18.531
9088,282,18.531
9089,282,18.531
9090,298,16.194
9091,295,18.083
9092,284,18.083
9093,277,15.139
9094,282,18.155
9095,282,18.155
9096,281,18.155
9097,281,18.155
9098,284,18.155
9099,268,18.155
9100,267,18.63
9101,277,18.63
9102,268,18.012
9103,265,17.661
9104,272,15.86
9105,271,14.093
9106,264,15.464
9107,289,14.093
9108,290,16.879
9109,289,16.879
9110,285,16.879
9111,282,16.879
9112,285,12.981
9113,293,15.776
9114,289,17.922
9115,277,17.922
9116,280,17.922
9117,269,17.922
9118,263,17.142
9119,261,17.142
9120,268,17.142
9121,265,17.142
9122,256,17.142
9123,255,17.142
9124,253,14.299
9125,276,16.803
9126,272,16.803
9127,273,16.803
9128,269,16.803
9129,266,16.803
9130,270,16.803
9131,247,16.712
9132,251,16.712
9133,248,16.712
9134,246,14.924
9135,252,18.316
9136,243,18.316
9137,252,18.316
9138,246,17.653
9139,249,17.653
9140,260,17.686
9141,236,18.307
9142,230,18.307
9143,233,18.307
9144,229,18.307
9145,247,18.307
9146,258,17.581
9147,256,17.581
9148,259,17.581
9149,257,18.326
9150,269,18.326
9151,266,18.326
9152,284,18.326
9153,274,18.326
9154,282,18.326
9155,287,18.326
9156,283,18.326
9157,284,18.326
9158,274,18.326
9159,269,15.845
9160,270,15.109
9161,270,15.109
9162,247,15.198
9163,259,15.109
9164,266,17.793
9165,245,17.793
9166,262,17.793
9167,260,17.793
9168,252,17.793
9169,244,16.092
9170,245,16.092
9171,249,16.092
9172,259,17.745
9173,250,16.092
9174,247,16.092
9175,257,16.092
9176,261,17.542
9177,253,17.542
9178,249,17.542
9179,261,16.98
9180,265,10.909
9181,262,17.416
9182,258,17.416
9183,249,17.416
9184,260,18.078
9185,249,18.078
9186,248,18.498
9187,231,18.498
9188,232,17.318
9189,232,17.318
9190,254,17.318
9191,253,17.318
9192,250,17.318
9193,244,14.257
9194,262,17.171
9195,240,17.159
9196,239,17.159
9197,249,18.143
9198,214,18.143
9199,225,17.159
9200,220,17.159
9201,222,17.159
9202,221,17.159
9203,232,17.159
9204,233,17.159
9205,232,17.159
9206,235,17.159
9207,235,17.907
9208,236,17.907
9209,239,16.879
9210,237,16.646
9211,250,16.646
9212,242,16.646
9213,231,16.646
9214,243,16.646
9215,237,16.646
9216,232,18.418
9217,245,18.418
9218,254,18.418
9219,263,18.418
9220,275,18.534
9221,293,18.418
9222,305,18.418
9223,285,18.418
9224,277,18.418
9225,274,18.418
9226,246,18.418
9227,253,18.418
9228,247,18.418
9229,245,18.418
9230,245,18.418
9231,249,18.418
9232,252,18.418
9233,255,18.418
9234,259,18.418
9235,257,18.418
9236,261,18.418
9237,258,18.418
9238,257,18.418
9239,262,18.418
9240,266,18.418
9241,267,18.523
9242,272,18.523
9243,263,18.606
9244,269,18.606
9245,266,18.606
9246,267,18.606
9247,268,18.606
9248,269,18.606
9249,273,18.606
9250,271,17.142
9251,268,17.142
9252,282,15.408
9253,264,15.554
9254,257,15.408
9255,254,18.331
9256,251,18.331
9257,253,18.331
9258,232,18.331
9259,233,18.331
9260,254,15.647
9261,247,18.525
9262,223,18.525
9263,233,18.525
9264,236,18.525
9265,239,12.676
9266,239,11.537
9267,237,11.537
9268,257,12.47
9269,258,14.553
9270,250,14.553
9271,251,14.553
9272,269,15.99
9273,266,15.99
9274,257,15.99
9275,253,15.99
9276,235,14.589
9277,248,14.589
9278,248,14.589
9279,246,15.836
9280,246,15.836
9281,246,15.836
9282,276,16.277
9283,271,15.836
9284,265,16.876
9285,220,16.876
9286,216,13.62
9287,224,17.772
9288,225,17.772
9289,222,17.772
9290,237,17.593
9291,226,11.812
9292,223,11.812
9293,211,11.812
9294,222,11.812
9295,235,12.264
9296,231,15.316
9297,235,15.316
9298,220,15.133
9299,223,15.133
9300,223,15.133
9301,220,15.228
9302,224,15.133
9303,221,15.133
9304,212,18.325
9305,217,18.325
9306,220,18.325
9307,224,18.325
9308,221,17.004
9309,221,17.004
9310,224,15.833
9311,219,18.474
9312,215,18.474
9313,217,18.474
9314,217,15.833
9315,232,15.521
9316,235,15.521
9317,238,13.731
9318,228,15.575
9319,246,12.828
9320,250,15.295
9321,268,15.295
9322,276,17.354
9323,266,12.828
9324,275,12.828
9325,282,12.409
9326,266,16.035
9327,259,16.035
9328,246,16.035
9329,249,16.035
9330,249,16.035
9331,261,11.967
9332,257,12.042
9333,267,13.542
9334,266,15.563
9335,250,17.201
9336,257,11.967
9337,247,11.967
9338,245,15.572
9339,224,13.497
9340,234,11.967
9341,238,18.442
9342,234,11.967
9343,227,11.967
9344,224,16.762
9345,216,11.967
9346,234,18.29
9347,241,18.29
9348,237,18.29
9349,240,18.29
9350,236,18.29
9351,242,18.29
9352,245,15.325
9353,249,9.318
9354,239,13.497
9355,244,18.365
9356,242,13.497
9357,244,15.411
9358,245,15.411
9359,244,16.999
9360,261,11.343
9361,280,11.343
9362,279,11.343
9363,265,18.137
9364,270,18.137
9365,272,18.421
9366,255,18.421
9367,261,17.761
9368,275,17.761
9369,288,17.761
9370,290,17.761
9371,302,17.874
9372,309,17.874
9373,297,17.874
9374,296,17.874
9375,299,17.874
9376,268,15.686
9377,260,15.686
9378,274,13.426
9379,278,13.426
9380,274,13.814
9381,265,13.426
9382,266,15.411
9383,251,18.618
9384,252,18.618
9385,271,18.618
9386,271,18.618
9387,279,17.737
9388,281,17.507
9389,284,17.988
9390,288,17.988
9391,281,14.775
9392,286,13.288
9393,282,16.609
9394,288,16.609
9395,287,13.288
9396,264,18.705
9397,269,17.046
9398,269,17.046
9399,261,17.046
9400,266,17.046
9401,269,17.046
9402,280,17.046
9403,272,18.289
9404,262,18.565
9405,261,18.475
9406,239,18.475
9407,233,18.475
9408,226,18.475
9409,240,18.475
9410,237,18.087
9411,243,18.071
9412,237,18.071
9413,235,18.071
9414,241,17.404
9415,241,17.404
9416,239,17.404
9417,253,16.042
9418,251,16.236
9419,248,16.236
9420,267,16.236
9421,236,16.729
9422,225,16.236
9423,233,15.053
9424,234,15.053
9425,223,18.389
9426,215,18.389
9427,215,18.43
9428,228,18.43
9429,229,18.389
9430,234,17.417
9431,254,17.417
9432,257,17.417
9433,291,16.38
9434,253,14.81
9435,257,14.81
9436,238,14.81
9437,225,14.81
9438,229,14.81
9439,220,14.81
9440,222,14.81
9441,228,14.81
9442,228,14.81
9443,242,18.663
9444,235,18.663
9445,250,18.663
9446,251,18.663
9447,236,18.663
9448,238,14.81
9449,248,14.81
9450,248,14.81
9451,245,14.81
9452,240,15.854
9453,243,15.854
9454,233,17.318
9455,239,17.318
9456,241,18.074
9457,241,18.46
9458,240,18.46
9459,244,18.46
9460,239,18.46
9461,236,18.46
9462,237,18.46
9463,236,18.46
9464,260,18.46
9465,268,17.796
9466,251,16.947
9467,253,16.0
9468,256,16.0
9469,264,16.0
9470,266,16.0
9471,277,17.461
9472,289,15.226
9473,284,15.226
9474,290,15.226
9475,295,14.81
9476,259,14.81
9477,260,15.422
9478,266,16.718
9479,271,18.185
9480,280,18.185
9481,280,18.185
9482,270,18.185
9483,274,18.325
9484,280,18.325
9485,277,17.73
9486,285,17.73
9487,267,18.099
9488,266,18.099
9489,257,18.099
9490,269,18.424
9491,271,18.424
9492,271,18.445
9493,265,18.445
9494,252,18.445
9495,255,18.445
9496,248,18.445
9497,251,18.445
9498,249,17.73
9499,243,17.127
9500,235,17.127
9501,255,16.896
9502,247,16.896
9503,248,17.467
9504,262,17.467
9505,271,17.467
9506,261,17.467
9507,298,17.467
9508,291,17.467
9509,270,17.892
9510,261,17.892
9511,260,17.892
9512,267,16.631
9513,246,17.537
9514,258,17.537
9515,257,16.631
9516,261,17.482
9517,267,18.64
9518,260,18.64
9519,258,18.421
9520,260,18.421
9521,269,18.537
9522,273,18.421
9523,266,18.421
9524,256,18.421
9525,245,18.421
9526,240,18.421
9527,244,18.421
9528,251,18.421
9529,246,18.421
9530,245,18.421
9531,242,18.421
9532,229,18.421
9533,250,18.421
9534,255,18.421
9535,261,18.421
9536,253,18.421
9537,253,18.421
9538,251,18.421
9539,246,18.421
9540,244,18.421
9541,242,18.421
9542,240,18.421
9543,240,18.421
9544,260,18.421
9545,266,18.421
9546,270,18.421
9547,284,18.421
9548,289,18.421
9549,285,18.421
9550,287,18.421
9551,283,18.421
9552,283,18.421
9553,255,18.421
9554,253,18.421
9555,268,18.421
9556,244,18.421
9557,250,18.421
9558,256,18.421
9559,249,18.421
9560,245,18.421
9561,238,18.421
9562,234,17.277
9563,235,17.277
9564,223,16.676
9565,229,16.676
9566,247,16.676
9567,252,16.676
9568,254,16.676
9569,240,16.676
9570,252,16.676
9571,244,16.676
9572,253,16.676
9573,253,16.676
9574,244,16.741
9575,241,16.676
9576,230,16.676
9577,237,16.676
9578,229,16.676
9579,249,18.522
9580,250,16.676
9581,255,15.606
9582,257,16.227
9583,260,16.99
9584,254,15.838
9585,254,15.838
9586,257,15.838
9587,261,12.604
9588,265,13.778
9589,269,13.778
9590,269,13.778
9591,261,16.047
9592,244,15.252
9593,246,15.252
9594,250,13.778
9595,259,13.175
9596,260,13.175
9597,244,13.175
9598,239,13.175
9599,239,18.726
9600,241,16.812
9601,243,13.306
9602,248,13.306
9603,248,13.306
9604,251,13.306
9605,249,13.306
9606,252,13.336
9607,251,13.336
9608,250,13.775
9609,255,13.775
9610,259,13.775
9611,272,14.49
9612,273,13.336
9613,269,13.336
9614,280,13.336
9615,273,13.336
9616,265,15.89
9617,261,15.89
9618,275,15.89
9619,278,15.89
9620,282,16.045
9621,273,15.89
9622,281,15.177
9623,272,15.177
9624,280,17.667
9625,273,17.667
9626,271,14.066
9627,273,14.069
9628,277,13.797
9629,260,13.797
9630,242,14.374
9631,243,14.374
9632,240,17.416
9633,240,17.416
9634,251,17.416
9635,252,17.602
9636,256,17.416
9637,264,17.416
9638,260,17.416
9639,241,17.416
9640,244,17.844
9641,242,17.844
9642,251,17.844
9643,248,17.844
9644,257,17.844
9645,257,17.844
9646,246,17.844
9647,261,17.24
9648,269,17.24
9649,270,17.24
9650,271,14.541
9651,268,11.869
9652,275,11.869
9653,284,11.869
9654,283,11.869
9655,274,16.134
9656,271,16.863
9657,269,16.863
9658,270,16.863
9659,250,16.863
9660,258,18.274
9661,247,18.519
9662,246,18.519
9663,254,17.533
9664,254,17.533
9665,261,17.533
9666,255,17.533
9667,271,16.472
9668,256,16.472
9669,255,16.472
9670,257,16.472
9671,258,16.472
9672,276,16.472
9673,286,16.472
9674,288,16.472
9675,279,16.472
9676,264,16.472
9677,264,18.015
9678,266,17.637
9679,262,17.637
9680,296,17.637
9681,261,17.637
9682,262,18.513
9683,267,17.637
9684,275,17.637
9685,270,18.176
9686,256,17.623
9687,262,17.623
9688,279,17.494
9689,269,17.494
9690,271,17.494
9691,266,17.494
9692,251,17.494
9693,262,17.494
9694,261,17.494
9695,265,17.494
9696,254,18.649
9697,249,18.649
9698,265,18.649
9699,250,18.081
9700,261,17.494
9701,260,17.494
9702,251,17.494
9703,263,17.494
9704,271,16.075
9705,266,13.829
9706,266,13.829
9707,280,13.829
9708,270,13.829
9709,283,13.829
9710,265,13.829
9711,280,13.829
9712,269,18.496
9713,268,18.063
9714,271,18.253
9715,270,18.335
9716,267,18.335
9717,276,18.253
9718,273,18.253
9719,272,18.253
9720,263,18.253
9721,266,18.253
9722,263,7.866
9723,274,7.866
9724,272,7.866
9725,272,17.232
9726,272,17.232
9727,273,17.232
9728,271,17.232
9729,280,17.232
9730,277,17.232
9731,261,18.356
9732,258,18.356
9733,253,18.356
9734,256,18.356
9735,250,18.356
9736,247,18.119
9737,237,18.119
9738,247,18.119
9739,244,18.119
9740,250,18.119
9741,248,18.119
9742,255,17.757
9743,263,17.722
9744,271,17.722
9745,271,13.794
9746,279,18.018
9747,268,13.794
9748,273,15.548
9749,258,15.548
9750,245,13.794
9751,242,13.459
9752,242,13.459
9753,272,13.459
9754,268,17.602
9755,233,17.602
9756,234,17.602
9757,247,13.459
9758,237,17.667
9759,229,17.667
9760,232,13.459
9761,234,14.93
9762,237,14.93
9763,242,14.93
9764,234,14.93
9765,233,14.93
9766,235,14.93
9767,236,14.93
9768,239,14.93
9769,239,15.372
9770,245,14.93
9771,236,14.93
9772,228,14.93
9773,227,14.93
9774,223,14.93
9775,229,14.93
9776,235,14.93
9777,245,18.678
9778,251,18.678
9779,251,18.678
9780,241,13.881
9781,226,15.351
9782,226,15.351
9783,227,15.351
9784,228,15.351
9785,214,18.427
9786,211,15.351
9787,213,15.351
9788,219,15.351
9789,206,16.092
9790,244,18.101
9791,249,16.092
9792,250,16.092
9793,247,18.562
9794,248,18.562
9795,249,18.562
9796,221,18.562
9797,239,17.713
9798,241,16.132
9799,238,16.452
9800,238,16.452
9801,242,16.452
9802,250,16.452
9803,252,16.452
9804,267,16.452
9805,267,16.452
9806,252,16.452
9807,255,15.041
9808,252,17.435
9809,240,17.435
9810,235,17.506
9811,241,17.435
9812,249,17.241
9813,259,17.241
9814,258,17.241
9815,259,17.241
9816,257,17.241
9817,261,17.241
9818,273,14.619
9819,270,14.619
9820,286,14.619
9821,297,14.201
9822,298,9.824
9823,276,9.824
9824,261,9.079
9825,276,17.701
9826,258,17.701
9827,253,17.701
9828,237,17.701
9829,244,14.095
9830,235,16.541
9831,248,16.541
9832,235,15.136
9833,237,15.136
9834,247,15.136
9835,237,15.136
9836,242,15.136
9837,237,15.136
9838,234,15.136
9839,237,15.136
9840,245,15.136
9841,244,14.846
9842,263,15.109
9843,260,17.474
9844,257,17.474
9845,268,17.474
9846,281,17.474
9847,285,17.575
9848,289,16.322
9849,302,18.185
9850,296,18.672
9851,279,18.672
9852,277,13.229
9853,289,13.229
9854,296,13.229
9855,288,13.229
9856,281,17.362
9857,279,17.362
9858,263,15.635
9859,271,15.635
9860,298,15.635
9861,298,15.635
9862,310,13.277
9863,293,18.693
9864,275,16.732
9865,271,17.141
9866,271,17.141
9867,281,17.141
9868,282,17.141
9869,278,18.137
9870,278,18.415
9871,283,18.415
9872,282,18.415
9873,282,18.415
9874,266,17.141
9875,266,15.662
9876,255,15.662
9877,267,18.705
9878,278,17.19
9879,285,17.19
9880,281,13.154
9881,268,11.875
9882,254,11.875
9883,264,11.875
9884,265,14.23
9885,265,14.23
9886,267,14.23
9887,266,14.23
9888,275,14.23
9889,267,17.141
9890,261,17.141
9891,256,17.141
9892,250,17.141
9893,260,17.141
9894,260,17.141
9895,261,17.141
9896,246,17.141
9897,253,17.141
9898,276,17.141
9899,257,17.141
9900,257,17.141
9901,259,17.141
9902,239,18.505
9903,242,18.505
9904,262,18.618
9905,265,18.618
9906,257,14.421
9907,253,14.421
9908,247,14.855
9909,253,15.235
9910,255,15.235
9911,251,15.265
9912,265,18.385
9913,252,15.265
9914,243,16.349
9915,247,15.265
9916,249,15.265
9917,257,15.265
9918,257,15.265
9919,247,15.265
9920,251,14.487
9921,272,17.915
9922,280,17.915
9923,275,18.43
9924,268,18.43
9925,271,17.915
9926,279,17.915
9927,277,17.915
9928,279,17.915
9929,273,17.915
9930,269,18.424
9931,269,18.424
9932,257,18.424
9933,260,18.424
9934,270,18.424
9935,253,18.424
9936,256,15.068
9937,257,18.134
9938,253,18.134
9939,250,18.134
9940,247,15.097
9941,244,15.097
9942,254,16.642
9943,263,15.721
9944,268,16.687
9945,259,17.966
9946,249,17.966
9947,255,17.808
9948,258,15.829
9949,254,15.829
9950,256,15.829
9951,258,15.829
9952,258,15.829
9953,266,16.027
9954,259,16.472
9955,257,16.472
9956,262,16.027
9957,272,16.027
9958,264,18.233
9959,263,18.233
9960,245,18.233
9961,250,18.233
9962,249,17.662
9963,261,17.662
9964,263,18.245
9965,266,17.662
9966,268,17.662
9967,267,17.865
9968,268,17.865
9969,268,18.436
9970,272,18.436
9971,273,11.471
9972,267,11.471
9973,254,11.74
9974,262,11.74
9975,264,18.337
9976,264,18.337
9977,262,18.645
9978,266,18.645
9979,253,18.675
9980,268,11.163
9981,278,17.688
9982,264,14.334
9983,252,16.245
9984,268,16.245
9985,262,16.245
9986,264,16.245
9987,249,16.245
9988,253,16.245
9989,235,16.245
9990,237,11.351
9991,237,11.351
9992,232,8.598
9993,235,14.914
9994,247,16.415
9995,243,16.415
9996,241,16.415
9997,262,16.415
9998,268,16.415
9999,264,11.542
