step,cut_edges,max_dev_pct,is_valid
0,68,8.35,True
1,68,7.267,True
2,70,8.251,True
3,73,8.251,True
4,71,8.251,True
5,72,8.251,True
6,69,8.251,True
7,68,7.174,True
8,68,7.174,True
9,69,7.935,True
10,69,7.935,True
11,70,9.915,True
12,70,9.915,True
13,70,9.915,True
14,70,9.915,True
15,70,9.915,True
16,70,9.915,True
17,70,9.915,True
18,70,9.915,True
19,70,9.915,True
20,69,9.915,True
21,69,9.915,True
22,69,9.915,True
23,69,9.915,True
24,71,9.915,True
25,71,9.915,True
26,71,9.915,True
27,70,9.915,True
28,70,9.915,True
29,68,9.915,True
30,68,9.915,True
31,68,9.915,True
32,68,9.915,True
33,68,9.915,True
34,68,7.935,True
35,68,7.935,True
36,69,8.162,True
37,69,8.162,True
38,69,8.162,True
39,73,9.063,True
40,73,9.063,True
41,73,9.063,True
42,74,9.063,True
43,74,9.063,True
44,74,9.063,True
45,71,9.618,True
46,71,9.618,True
47,71,9.618,True
48,72,8.779,True
49,72,8.779,True
50,72,8.779,True
51,72,8.779,True
52,71,8.779,True
53,71,8.779,True
54,71,8.779,True
55,73,8.779,True
56,75,8.162,True
57,75,8.162,True
58,73,8.162,True
59,73,8.162,True
60,71,8.162,True
61,71,8.162,True
62,71,8.162,True
63,71,8.162,True
64,71,8.162,True
65,70,5.38,True
66,70,8.779,True
67,71,8.779,True
68,69,7.935,True
69,69,7.935,True
70,68,7.935,True
71,68,7.935,True
72,68,7.935,True
73,70,9.212,True
74,73,9.212,True
75,73,9.212,True
76,71,8.664,True
77,71,9.099,True
78,69,9.099,True
79,69,9.099,True
80,66,9.099,True
81,66,9.099,True
82,67,9.099,True
83,68,9.099,True
84,73,9.099,True
85,73,9.099,True
86,73,9.004,True
87,73,9.004,True
88,68,9.004,True
89,68,9.004,True
90,68,9.004,True
91,68,9.004,True
92,67,8.02,True
93,67,8.02,True
94,68,8.02,True
95,68,8.02,True
96,68,8.02,True
97,69,8.02,True
98,68,8.02,True
99,68,8.02,True
100,70,8.02,True
101,70,8.02,True
102,73,8.741,True
103,74,8.741,True
104,74,8.741,True
105,72,8.02,True
106,72,8.02,True
107,71,6.04,True
108,71,6.04,True
109,72,7.788,True
110,71,6.04,True
111,71,6.04,True
112,71,6.04,True
113,73,6.04,True
114,73,6.04,True
115,73,6.04,True
116,74,8.002,True
117,74,8.002,True
118,71,8.002,True
119,71,8.106,True
120,71,8.002,True
121,71,8.002,True
122,71,8.002,True
123,71,8.002,True
124,71,8.002,True
125,71,8.002,True
126,71,8.002,True
127,71,8.002,True
128,74,8.002,True
129,74,8.002,True
130,71,8.106,True
131,71,8.106,True
132,72,8.106,True
133,72,7.444,True
134,69,8.954,True
135,69,8.954,True
136,74,8.954,True
137,74,8.954,True
138,74,8.954,True
139,74,8.954,True
140,74,8.954,True
141,72,9.127,True
142,78,9.127,True
143,78,8.954,True
144,79,8.954,True
145,72,8.954,True
146,69,8.954,True
147,72,8.954,True
148,72,8.954,True
149,72,8.954,True
150,73,8.954,True
151,73,8.954,True
152,70,8.954,True
153,70,8.954,True
154,71,8.954,True
155,71,8.954,True
156,71,8.954,True
157,70,8.954,True
158,69,8.954,True
159,68,8.954,True
160,68,8.954,True
161,70,8.954,True
162,70,8.954,True
163,70,8.954,True
164,70,8.954,True
165,70,8.954,True
166,67,8.954,True
167,70,8.954,True
168,70,8.954,True
169,70,8.954,True
170,73,8.954,True
171,73,8.954,True
172,74,8.954,True
173,71,8.954,True
174,71,8.954,True
175,71,8.954,True
176,67,8.954,True
177,67,8.954,True
178,67,8.954,True
179,67,8.954,True
180,67,8.954,True
181,67,8.954,True
182,71,7.7,True
183,72,8.599,True
184,74,8.599,True
185,74,8.599,True
186,73,8.19,True
187,72,8.19,True
188,69,8.19,True
189,69,8.19,True
190,70,8.19,True
191,69,8.19,True
192,69,8.19,True
193,69,8.19,True
194,69,8.19,True
195,73,8.19,True
196,70,9.691,True
197,70,9.691,True
198,71,8.19,True
199,70,8.19,True
200,70,8.056,True
201,70,8.056,True
202,70,9.015,True
203,67,9.015,True
204,69,8.272,True
205,69,8.272,True
206,72,9.601,True
207,73,9.601,True
208,71,9.601,True
209,71,9.601,True
210,71,9.601,True
211,74,7.767,True
212,74,8.085,True
213,71,8.085,True
214,70,6.773,True
215,70,8.44,True
216,71,6.773,True
217,71,6.773,True
218,72,9.511,True
219,73,9.511,True
220,76,7.403,True
221,76,9.535,True
222,76,9.535,True
223,76,9.535,True
224,76,9.535,True
225,74,9.705,True
226,73,9.705,True
227,71,9.535,True
228,70,9.535,True
229,70,9.535,True
230,69,8.174,True
231,71,8.603,True
232,71,8.603,True
233,72,8.174,True
234,72,8.174,True
235,72,8.174,True
236,72,8.174,True
237,72,9.288,True
238,72,9.288,True
239,72,9.288,True
240,72,9.288,True
241,75,9.288,True
242,75,9.288,True
243,75,8.174,True
244,74,9.838,True
245,77,9.838,True
246,77,9.838,True
247,79,9.838,True
248,76,9.838,True
249,76,9.838,True
250,76,7.313,True
251,78,7.849,True
252,73,7.248,True
253,71,8.015,True
254,70,8.015,True
255,70,6.773,True
256,71,8.506,True
257,70,8.659,True
258,70,8.659,True
259,72,8.659,True
260,71,8.659,True
261,72,8.015,True
262,72,8.015,True
263,72,9.288,True
264,72,9.288,True
265,72,9.187,True
266,72,9.187,True
267,72,9.187,True
268,72,9.187,True
269,73,9.187,True
270,73,9.187,True
271,73,9.187,True
272,71,9.187,True
273,70,9.725,True
274,68,9.725,True
275,69,7.559,True
276,69,7.559,True
277,69,7.559,True
278,69,7.559,True
279,69,7.559,True
280,70,7.559,True
281,70,7.559,True
282,70,8.743,True
283,70,8.743,True
284,70,8.743,True
285,69,8.743,True
286,69,8.743,True
287,67,9.601,True
288,67,9.601,True
289,67,9.601,True
290,65,9.601,True
291,62,7.643,True
292,62,7.643,True
293,62,7.7,True
294,62,8.694,True
295,63,8.694,True
296,64,8.694,True
297,65,8.694,True
298,66,8.694,True
299,66,8.694,True
300,66,8.694,True
301,66,8.694,True
302,66,8.694,True
303,66,8.694,True
304,66,8.694,True
305,66,8.694,True
306,66,7.643,True
307,65,7.643,True
308,65,7.643,True
309,65,7.643,True
310,65,7.643,True
311,63,7.643,True
312,62,7.643,True
313,62,7.643,True
314,62,7.643,True
315,62,8.694,True
316,62,8.694,True
317,63,8.694,True
318,62,8.694,True
319,67,8.578,True
320,67,8.578,True
321,67,8.578,True
322,66,8.578,True
323,66,8.578,True
324,65,8.578,True
325,65,8.578,True
326,65,9.671,True
327,65,9.671,True
328,65,9.671,True
329,65,9.671,True
330,65,9.671,True
331,65,6.427,True
332,65,6.427,True
333,68,6.14,True
334,67,6.14,True
335,64,6.14,True
336,64,6.14,True
337,65,6.14,True
338,67,5.061,True
339,67,5.061,True
340,67,5.061,True
341,67,5.061,True
342,68,6.954,True
343,68,6.954,True
344,70,6.954,True
345,67,7.749,True
346,68,7.749,True
347,68,7.749,True
348,68,7.749,True
349,67,7.749,True
350,66,7.749,True
351,67,8.569,True
352,69,8.569,True
353,69,8.569,True
354,69,8.569,True
355,66,7.357,True
356,65,9.675,True
357,67,9.675,True
358,67,9.675,True
359,67,9.675,True
360,66,9.675,True
361,66,9.675,True
362,66,9.675,True
363,71,9.675,True
364,71,9.675,True
365,71,9.675,True
366,71,9.675,True
367,71,9.675,True
368,71,9.675,True
369,67,9.675,True
370,67,9.675,True
371,69,9.675,True
372,66,9.675,True
373,64,9.675,True
374,66,9.675,True
375,66,9.675,True
376,66,9.675,True
377,67,9.675,True
378,67,9.675,True
379,68,9.675,True
380,68,9.675,True
381,66,9.675,True
382,66,9.675,True
383,66,9.675,True
384,64,9.675,True
385,67,9.363,True
386,66,9.363,True
387,68,9.363,True
388,70,9.363,True
389,68,9.363,True
390,69,9.565,True
391,68,9.363,True
392,68,9.363,True
393,66,9.363,True
394,63,9.675,True
395,63,9.675,True
396,63,9.675,True
397,63,9.675,True
398,62,9.675,True
399,62,9.675,True
400,63,9.675,True
401,66,9.565,True
402,66,9.565,True
403,66,9.565,True
404,66,9.565,True
405,68,9.565,True
406,68,9.565,True
407,68,9.565,True
408,68,9.565,True
409,69,8.667,True
410,68,9.565,True
411,71,9.565,True
412,70,9.412,True
413,70,9.412,True
414,69,9.412,True
415,69,9.412,True
416,69,9.412,True
417,70,9.412,True
418,71,9.412,True
419,68,8.599,True
420,68,8.599,True
421,69,8.599,True
422,69,8.599,True
423,69,8.599,True
424,69,8.599,True
425,71,9.914,True
426,72,7.849,True
427,72,7.849,True
428,73,7.87,True
429,73,7.87,True
430,72,7.87,True
431,72,7.87,True
432,72,9.529,True
433,72,9.529,True
434,72,9.529,True
435,72,9.529,True
436,78,9.309,True
437,78,9.309,True
438,75,9.309,True
439,75,9.309,True
440,75,9.309,True
441,76,8.659,True
442,76,8.659,True
443,77,8.659,True
444,78,8.659,True
445,76,9.418,True
446,76,9.418,True
447,76,9.418,True
448,78,9.418,True
449,80,6.392,True
450,79,6.392,True
451,79,9.676,True
452,76,9.676,True
453,76,9.676,True
454,76,9.676,True
455,76,9.676,True
456,76,9.676,True
457,76,9.676,True
458,76,9.676,True
459,75,9.057,True
460,76,9.057,True
461,76,9.057,True
462,76,9.057,True
463,76,9.057,True
464,74,9.057,True
465,74,9.057,True
466,74,9.057,True
467,72,9.057,True
468,73,9.456,True
469,73,9.456,True
470,73,9.456,True
471,74,9.057,True
472,75,9.057,True
473,75,9.057,True
474,75,9.633,True
475,75,9.633,True
476,73,9.633,True
477,79,9.633,True
478,79,9.633,True
479,79,9.633,True
480,81,8.993,True
481,80,8.993,True
482,81,8.993,True
483,82,9.701,True
484,82,9.701,True
485,81,9.701,True
486,81,9.701,True
487,81,9.701,True
488,82,9.701,True
489,76,9.838,True
490,76,9.838,True
491,76,8.677,True
492,76,8.677,True
493,76,8.677,True
494,74,8.677,True
495,74,8.677,True
496,74,8.677,True
497,74,8.677,True
498,72,8.677,True
499,72,8.677,True
500,74,8.677,True
501,74,8.677,True
502,74,8.677,True
503,74,8.677,True
504,72,8.677,True
505,72,8.677,True
506,72,8.677,True
507,71,6.773,True
508,71,6.773,True
509,71,6.773,True
510,71,6.773,True
511,70,6.773,True
512,70,6.773,True
513,69,9.314,True
514,67,9.314,True
515,68,8.154,True
516,67,8.154,True
517,68,6.773,True
518,69,7.999,True
519,68,8.659,True
520,69,8.659,True
521,70,8.659,True
522,70,8.659,True
523,68,8.659,True
524,68,8.659,True
525,69,8.659,True
526,69,8.659,True
527,71,8.659,True
528,70,8.659,True
529,72,8.659,True
530,75,7.388,True
531,74,6.411,True
532,73,6.773,True
533,72,8.659,True
534,72,8.659,True
535,72,9.139,True
536,72,9.139,True
537,71,9.139,True
538,72,9.139,True
539,72,9.139,True
540,71,9.139,True
541,71,9.139,True
542,73,8.725,True
543,76,8.725,True
544,73,8.725,True
545,73,8.725,True
546,71,8.725,True
547,66,8.725,True
548,68,8.725,True
549,66,8.725,True
550,68,8.696,True
551,67,8.696,True
552,67,8.696,True
553,67,8.696,True
554,68,8.623,True
555,69,8.623,True
556,71,6.773,True
557,71,6.773,True
558,70,6.773,True
559,69,6.773,True
560,69,8.363,True
561,67,8.363,True
562,65,9.139,True
563,69,6.773,True
564,69,6.773,True
565,69,6.773,True
566,69,6.773,True
567,68,9.935,True
568,64,9.935,True
569,64,9.935,True
570,64,9.935,True
571,64,9.86,True
572,67,9.86,True
573,67,9.86,True
574,68,9.298,True
575,65,6.773,True
576,64,9.935,True
577,64,9.935,True
578,61,9.935,True
579,61,9.935,True
580,61,9.935,True
581,64,9.935,True
582,67,9.935,True
583,68,5.61,True
584,66,6.773,True
585,66,6.773,True
586,66,6.773,True
587,68,6.773,True
588,69,6.773,True
589,68,6.773,True
590,68,6.773,True
591,65,6.773,True
592,65,6.773,True
593,67,9.163,True
594,70,9.163,True
595,70,9.163,True
596,69,9.187,True
597,69,9.187,True
598,69,9.187,True
599,65,9.238,True
600,65,9.238,True
601,65,9.238,True
602,65,9.238,True
603,65,9.238,True
604,65,9.238,True
605,65,9.238,True
606,65,9.238,True
607,66,9.163,True
608,66,9.163,True
609,66,9.163,True
610,68,9.535,True
611,68,9.535,True
612,68,9.535,True
613,68,9.535,True
614,68,9.535,True
615,68,9.535,True
616,69,9.535,True
617,72,9.601,True
618,69,9.535,True
619,70,8.583,True
620,71,7.643,True
621,71,7.643,True
622,73,7.643,True
623,73,7.643,True
624,75,7.643,True
625,75,7.643,True
626,72,9.535,True
627,71,9.535,True
628,72,9.535,True
629,72,9.535,True
630,72,9.535,True
631,68,9.893,True
632,68,9.893,True
633,69,9.535,True
634,70,9.535,True
635,70,8.583,True
636,67,8.154,True
637,68,9.744,True
638,68,9.744,True
639,72,7.236,True
640,72,7.236,True
641,72,7.236,True
642,70,7.236,True
643,70,7.236,True
644,71,7.236,True
645,69,6.869,True
646,71,9.152,True
647,71,9.152,True
648,71,6.869,True
649,71,6.869,True
650,70,7.756,True
651,70,7.756,True
652,70,7.756,True
653,70,7.756,True
654,70,7.756,True
655,66,6.869,True
656,66,6.869,True
657,67,6.869,True
658,67,6.869,True
659,67,6.869,True
660,67,6.869,True
661,67,6.869,True
662,67,6.869,True
663,67,6.869,True
664,67,6.869,True
665,68,6.869,True
666,71,8.673,True
667,71,8.673,True
668,71,8.673,True
669,71,8.673,True
670,71,8.673,True
671,70,8.673,True
672,69,8.673,True
673,70,9.127,True
674,71,9.127,True
675,71,9.127,True
676,71,9.127,True
677,74,9.127,True
678,75,8.755,True
679,74,8.755,True
680,75,9.777,True
681,75,9.777,True
682,74,9.777,True
683,70,9.777,True
684,70,9.777,True
685,71,9.777,True
686,70,9.777,True
687,70,9.777,True
688,68,9.777,True
689,68,9.777,True
690,68,9.777,True
691,68,9.777,True
692,67,8.659,True
693,69,8.659,True
694,69,8.659,True
695,69,8.659,True
696,68,9.127,True
697,70,8.659,True
698,73,8.659,True
699,71,8.659,True
700,71,8.659,True
701,71,8.659,True
702,73,8.659,True
703,76,8.558,True
704,76,8.087,True
705,74,7.273,True
706,73,7.273,True
707,74,9.091,True
708,72,9.387,True
709,71,9.387,True
710,73,9.387,True
711,74,9.387,True
712,74,9.387,True
713,77,9.387,True
714,75,9.387,True
715,75,9.387,True
716,75,9.387,True
717,75,9.387,True
718,74,9.139,True
719,74,9.139,True
720,74,9.139,True
721,74,9.139,True
722,74,9.139,True
723,74,9.139,True
724,73,9.139,True
725,77,9.139,True
726,77,9.139,True
727,75,9.403,True
728,75,8.173,True
729,70,8.696,True
730,70,8.696,True
731,70,8.696,True
732,70,8.696,True
733,71,8.173,True
734,71,8.173,True
735,69,8.173,True
736,69,8.173,True
737,69,9.31,True
738,70,9.31,True
739,73,9.31,True
740,74,8.173,True
741,74,7.036,True
742,74,7.036,True
743,71,7.18,True
744,69,7.18,True
745,69,7.18,True
746,69,7.18,True
747,68,8.796,True
748,68,8.796,True
749,67,9.2,True
750,65,9.675,True
751,66,9.2,True
752,66,9.2,True
753,66,7.533,True
754,65,7.533,True
755,69,8.604,True
756,74,8.604,True
757,70,9.2,True
758,72,9.2,True
759,68,9.2,True
760,65,9.2,True
761,66,9.015,True
762,66,9.015,True
763,67,6.808,True
764,67,6.808,True
765,68,6.985,True
766,69,6.808,True
767,68,8.511,True
768,68,8.511,True
769,68,8.511,True
770,66,6.808,True
771,70,9.835,True
772,70,9.835,True
773,70,9.835,True
774,70,9.835,True
775,69,9.835,True
776,65,8.694,True
777,65,8.694,True
778,65,8.694,True
779,65,8.694,True
780,70,8.694,True
781,70,8.694,True
782,65,8.694,True
783,63,8.694,True
784,62,8.694,True
785,64,8.694,True
786,62,8.694,True
787,62,8.694,True
788,62,8.694,True
789,62,8.659,True
790,64,7.461,True
791,62,9.935,True
792,65,9.935,True
793,67,9.935,True
794,65,9.935,True
795,65,9.935,True
796,65,9.935,True
797,65,9.935,True
798,69,9.935,True
799,69,9.935,True
800,72,9.66,True
801,69,9.127,True
802,69,9.127,True
803,68,9.127,True
804,71,9.127,True
805,71,9.127,True
806,71,9.127,True
807,71,9.127,True
808,71,9.127,True
809,71,9.127,True
810,71,9.127,True
811,71,9.387,True
812,72,9.387,True
813,72,9.387,True
814,72,9.387,True
815,72,9.387,True
816,70,9.387,True
817,69,9.387,True
818,69,9.387,True
819,69,9.387,True
820,68,9.387,True
821,68,9.387,True
822,68,9.387,True
823,68,9.387,True
824,69,9.387,True
825,69,9.387,True
826,71,9.387,True
827,71,9.387,True
828,71,9.387,True
829,70,9.387,True
830,67,8.954,True
831,67,8.954,True
832,71,8.954,True
833,72,8.954,True
834,70,8.954,True
835,69,8.954,True
836,69,8.954,True
837,69,8.954,True
838,72,8.861,True
839,73,8.861,True
840,79,8.861,True
841,80,8.861,True
842,80,8.861,True
843,80,8.861,True
844,80,6.158,True
845,79,9.731,True
846,79,9.731,True
847,78,9.731,True
848,78,9.731,True
849,78,9.731,True
850,78,9.731,True
851,78,9.731,True
852,76,9.731,True
853,76,9.731,True
854,71,9.731,True
855,71,9.731,True
856,70,9.731,True
857,72,9.731,True
858,70,9.731,True
859,70,8.07,True
860,72,6.249,True
861,72,6.249,True
862,70,8.07,True
863,70,8.841,True
864,72,8.841,True
865,72,8.841,True
866,72,8.841,True
867,72,8.841,True
868,73,9.325,True
869,73,9.325,True
870,73,9.325,True
871,74,9.798,True
872,73,9.798,True
873,73,9.798,True
874,73,9.798,True
875,73,9.798,True
876,73,9.798,True
877,73,9.798,True
878,75,9.798,True
879,75,9.798,True
880,75,9.798,True
881,73,9.798,True
882,76,9.798,True
883,76,9.798,True
884,75,9.798,True
885,75,9.798,True
886,74,9.798,True
887,74,9.798,True
888,76,9.798,True
889,76,9.798,True
890,73,9.798,True
891,73,9.798,True
892,73,9.798,True
893,73,9.798,True
894,73,9.798,True
895,73,9.798,True
896,74,9.798,True
897,74,9.798,True
898,74,9.798,True
899,73,9.798,True
900,73,9.798,True
901,74,9.798,True
902,74,9.798,True
903,76,9.798,True
904,77,9.798,True
905,75,9.099,True
906,75,9.099,True
907,78,9.099,True
908,78,9.099,True
909,78,9.099,True
910,77,9.099,True
911,77,9.099,True
912,77,9.099,True
913,75,9.099,True
914,74,9.099,True
915,74,9.099,True
916,75,9.099,True
917,72,9.157,True
918,72,9.157,True
919,74,9.099,True
920,71,9.099,True
921,71,9.099,True
922,69,9.099,True
923,70,9.099,True
924,71,9.099,True
925,71,9.099,True
926,71,9.099,True
927,71,9.099,True
928,68,9.099,True
929,68,9.099,True
930,70,9.099,True
931,70,9.099,True
932,70,9.099,True
933,70,9.099,True
934,70,9.099,True
935,69,9.099,True
936,71,9.099,True
937,69,9.099,True
938,69,9.099,True
939,69,9.099,True
940,69,9.099,True
941,73,9.288,True
942,73,9.288,True
943,74,9.099,True
944,74,9.099,True
945,74,9.099,True
946,74,9.099,True
947,74,9.099,True
948,74,9.099,True
949,73,9.099,True
950,76,7.267,True
951,72,9.298,True
952,72,9.298,True
953,72,9.298,True
954,71,9.298,True
955,71,9.298,True
956,72,9.298,True
957,72,9.298,True
958,72,9.298,True
959,70,9.298,True
960,70,9.675,True
961,69,9.675,True
962,73,9.675,True
963,75,9.675,True
964,75,9.675,True
965,75,9.675,True
966,75,9.675,True
967,71,9.675,True
968,71,9.675,True
969,71,9.675,True
970,71,9.675,True
971,71,9.675,True
972,71,9.675,True
973,71,9.675,True
974,71,9.675,True
975,71,9.675,True
976,70,9.675,True
977,70,9.675,True
978,70,9.675,True
979,70,9.675,True
980,70,9.675,True
981,66,9.675,True
982,66,9.675,True
983,66,9.675,True
984,69,9.675,True
985,69,9.675,True
986,70,9.675,True
987,70,9.675,True
988,70,9.675,True
989,67,9.675,True
990,67,9.023,True
991,71,9.023,True
992,71,9.023,True
993,68,7.832,True
994,64,8.771,True
995,64,8.771,True
996,64,8.771,True
997,64,8.771,True
998,64,8.771,True
999,65,9.446,True
1000,65,9.446,True
1001,65,9.446,True
1002,65,9.446,True
1003,65,9.446,True
1004,65,9.446,True
1005,67,9.446,True
1006,66,8.907,True
1007,66,8.907,True
1008,66,8.907,True
1009,66,8.907,True
1010,66,8.907,True
1011,66,8.907,True
1012,67,6.287,True
1013,68,6.287,True
1014,67,9.298,True
1015,66,9.298,True
1016,65,9.298,True
1017,65,9.298,True
1018,65,9.298,True
1019,65,9.298,True
1020,65,9.298,True
1021,65,9.298,True
1022,63,9.298,True
1023,65,9.935,True
1024,65,9.935,True
1025,63,9.298,True
1026,63,9.298,True
1027,63,9.298,True
1028,63,9.298,True
1029,63,9.298,True
1030,64,5.406,True
1031,64,5.406,True
1032,64,5.406,True
1033,65,4.368,True
1034,65,4.368,True
1035,64,9.139,True
1036,68,8.349,True
1037,68,8.349,True
1038,68,8.349,True
1039,64,9.139,True
1040,64,9.139,True
1041,66,9.139,True
1042,66,9.139,True
1043,68,9.139,True
1044,68,9.139,True
1045,68,9.139,True
1046,68,9.139,True
1047,68,9.139,True
1048,69,4.368,True
1049,69,4.368,True
1050,69,4.368,True
1051,70,9.263,True
1052,74,9.263,True
1053,74,9.263,True
1054,74,9.263,True
1055,74,9.263,True
1056,74,9.263,True
1057,75,9.745,True
1058,75,9.745,True
1059,75,9.994,True
1060,77,9.745,True
1061,75,9.745,True
1062,69,9.745,True
1063,71,9.745,True
1064,73,9.745,True
1065,73,9.745,True
1066,71,9.745,True
1067,71,9.745,True
1068,71,9.745,True
1069,71,9.745,True
1070,73,9.745,True
1071,73,9.745,True
1072,74,9.745,True
1073,75,9.745,True
1074,75,9.745,True
1075,76,9.745,True
1076,76,9.745,True
1077,73,9.745,True
1078,75,7.229,True
1079,75,7.229,True
1080,73,7.229,True
1081,73,5.37,True
1082,73,5.37,True
1083,71,9.745,True
1084,71,9.745,True
1085,71,9.745,True
1086,71,8.317,True
1087,71,8.317,True
1088,74,8.317,True
1089,72,8.317,True
1090,72,8.317,True
1091,72,8.936,True
1092,74,8.936,True
1093,74,9.745,True
1094,74,9.745,True
1095,74,9.745,True
1096,72,9.745,True
1097,72,9.745,True
1098,73,9.745,True
1099,73,8.317,True
1100,73,8.317,True
1101,72,8.317,True
1102,70,8.317,True
1103,70,8.317,True
1104,74,8.317,True
1105,74,8.317,True
1106,70,8.317,True
1107,74,8.317,True
1108,74,8.317,True
1109,74,8.317,True
1110,73,8.317,True
1111,73,8.317,True
1112,74,8.764,True
1113,73,3.793,True
1114,73,3.793,True
1115,74,9.931,True
1116,74,7.451,True
1117,74,7.451,True
1118,72,7.451,True
1119,72,7.451,True
1120,70,8.725,True
1121,71,8.725,True
1122,69,8.725,True
1123,69,8.725,True
1124,69,8.725,True
1125,69,8.725,True
1126,68,8.725,True
1127,68,8.725,True
1128,68,8.725,True
1129,68,8.725,True
1130,65,8.725,True
1131,66,9.124,True
1132,66,9.124,True
1133,66,9.124,True
1134,66,9.124,True
1135,64,8.725,True
1136,64,8.725,True
1137,64,8.725,True
1138,64,8.725,True
1139,64,8.725,True
1140,64,8.725,True
1141,64,8.725,True
1142,64,8.725,True
1143,64,8.725,True
1144,64,8.272,True
1145,65,9.153,True
1146,67,9.153,True
1147,67,9.153,True
1148,68,9.153,True
1149,70,9.153,True
1150,68,9.153,True
1151,68,9.153,True
1152,67,9.153,True
1153,68,9.153,True
1154,69,9.153,True
1155,69,9.153,True
1156,70,9.153,True
1157,68,9.153,True
1158,68,9.153,True
1159,68,9.153,True
1160,68,9.153,True
1161,68,9.153,True
1162,68,9.685,True
1163,68,9.978,True
1164,68,9.978,True
1165,70,9.685,True
1166,69,9.685,True
1167,69,9.685,True
1168,69,9.685,True
1169,70,9.153,True
1170,72,9.53,True
1171,72,9.53,True
1172,72,9.53,True
1173,73,9.53,True
1174,72,9.53,True
1175,71,9.53,True
1176,71,9.53,True
1177,70,9.53,True
1178,70,9.53,True
1179,70,9.53,True
1180,71,9.53,True
1181,71,9.53,True
1182,67,9.53,True
1183,69,8.427,True
1184,67,8.427,True
1185,67,8.427,True
1186,65,8.427,True
1187,66,8.427,True
1188,69,8.427,True
1189,69,8.427,True
1190,69,8.427,True
1191,69,8.427,True
1192,69,8.511,True
1193,69,8.511,True
1194,66,8.511,True
1195,66,8.511,True
1196,66,8.511,True
1197,70,9.962,True
1198,69,8.511,True
1199,69,8.725,True
1200,69,8.725,True
1201,69,8.725,True
1202,69,8.725,True
1203,70,8.725,True
1204,67,8.725,True
1205,64,8.507,True
1206,63,8.507,True
1207,64,8.507,True
1208,68,9.643,True
1209,68,9.643,True
1210,68,9.643,True
1211,68,9.643,True
1212,71,9.643,True
1213,68,9.643,True
1214,68,9.643,True
1215,68,9.643,True
1216,68,9.643,True
1217,68,9.643,True
1218,67,9.643,True
1219,65,9.298,True
1220,65,9.298,True
1221,65,9.298,True
1222,67,9.643,True
1223,64,9.298,True
1224,66,9.446,True
1225,64,9.298,True
1226,64,9.298,True
1227,64,9.298,True
1228,64,9.298,True
1229,64,9.298,True
1230,64,9.298,True
1231,66,9.298,True
1232,66,8.04,True
1233,66,8.04,True
1234,66,8.04,True
1235,66,8.04,True
1236,68,8.04,True
1237,66,6.725,True
1238,66,6.725,True
1239,66,6.725,True
1240,69,9.033,True
1241,68,7.479,True
1242,70,8.865,True
1243,70,8.865,True
1244,70,8.865,True
1245,68,8.865,True
1246,68,8.865,True
1247,68,8.865,True
1248,68,8.865,True
1249,69,8.865,True
1250,69,8.865,True
1251,69,8.865,True
1252,69,9.339,True
1253,69,9.339,True
1254,69,9.339,True
1255,69,9.339,True
1256,68,9.339,True
1257,68,9.339,True
1258,70,9.339,True
1259,66,9.298,True
1260,67,9.279,True
1261,67,9.279,True
1262,67,9.279,True
1263,67,9.279,True
1264,69,9.279,True
1265,69,9.279,True
1266,67,8.199,True
1267,67,8.199,True
1268,71,8.199,True
1269,72,8.199,True
1270,72,8.199,True
1271,70,6.888,True
1272,69,9.139,True
1273,69,9.139,True
1274,69,9.139,True
1275,69,9.139,True
1276,73,9.139,True
1277,73,9.139,True
1278,73,9.139,True
1279,73,9.139,True
1280,73,9.139,True
1281,70,9.139,True
1282,70,9.139,True
1283,73,9.139,True
1284,73,9.139,True
1285,74,9.139,True
1286,71,9.139,True
1287,72,9.972,True
1288,74,9.139,True
1289,74,9.139,True
1290,71,9.139,True
1291,72,9.139,True
1292,75,9.139,True
1293,75,9.139,True
1294,75,9.139,True
1295,75,9.139,True
1296,75,9.139,True
1297,75,9.139,True
1298,75,9.139,True
1299,71,9.139,True
1300,71,9.139,True
1301,72,9.139,True
1302,72,9.139,True
1303,67,9.139,True
1304,65,9.139,True
1305,65,9.139,True
1306,65,7.686,True
1307,65,7.686,True
1308,68,7.686,True
1309,68,7.686,True
1310,68,7.686,True
1311,69,9.062,True
1312,75,9.062,True
1313,74,9.062,True
1314,72,9.273,True
1315,69,9.273,True
1316,72,8.462,True
1317,75,9.042,True
1318,73,9.042,True
1319,69,7.45,True
1320,69,8.284,True
1321,71,7.45,True
1322,71,7.45,True
1323,71,7.45,True
1324,71,7.45,True
1325,71,7.038,True
1326,72,7.038,True
1327,73,7.152,True
1328,70,9.403,True
1329,70,9.403,True
1330,71,9.203,True
1331,69,7.176,True
1332,69,7.176,True
1333,67,4.92,True
1334,67,4.92,True
1335,67,4.92,True
1336,66,7.832,True
1337,67,7.832,True
1338,72,9.072,True
1339,67,7.832,True
1340,67,7.832,True
1341,67,7.832,True
1342,69,8.349,True
1343,71,8.349,True
1344,71,8.349,True
1345,74,8.349,True
1346,71,8.349,True
1347,72,8.349,True
1348,77,9.619,True
1349,77,9.619,True
1350,76,8.349,True
1351,76,8.349,True
1352,76,8.349,True
1353,72,8.349,True
1354,72,6.483,True
1355,72,6.483,True
1356,72,6.483,True
1357,67,6.483,True
1358,67,6.483,True
1359,67,6.483,True
1360,68,7.515,True
1361,68,8.363,True
1362,68,8.363,True
1363,68,8.363,True
1364,68,8.363,True
1365,68,8.363,True
1366,66,6.483,True
1367,66,6.483,True
1368,66,6.483,True
1369,69,7.109,True
1370,68,6.483,True
1371,65,5.745,True
1372,65,5.745,True
1373,66,5.745,True
1374,68,7.136,True
1375,68,7.136,True
1376,68,7.136,True
1377,68,7.136,True
1378,68,7.136,True
1379,68,7.136,True
1380,70,8.842,True
1381,71,7.038,True
1382,70,8.842,True
1383,70,8.842,True
1384,72,8.836,True
1385,72,8.836,True
1386,70,9.877,True
1387,72,8.836,True
1388,72,8.836,True
1389,72,8.836,True
1390,72,8.836,True
1391,70,9.877,True
1392,68,9.877,True
1393,68,9.663,True
1394,67,9.891,True
1395,67,9.891,True
1396,66,9.891,True
1397,66,9.891,True
1398,66,9.891,True
1399,66,9.891,True
1400,66,9.891,True
1401,66,9.891,True
1402,68,9.891,True
1403,68,9.891,True
1404,68,9.891,True
1405,68,9.663,True
1406,66,9.663,True
1407,65,9.663,True
1408,65,9.663,True
1409,65,9.663,True
1410,66,9.663,True
1411,64,9.663,True
1412,67,9.663,True
1413,67,9.663,True
1414,67,9.663,True
1415,67,9.663,True
1416,67,9.663,True
1417,67,9.663,True
1418,67,9.663,True
1419,67,9.663,True
1420,67,9.663,True
1421,67,9.663,True
1422,67,9.663,True
1423,67,9.663,True
1424,67,9.663,True
1425,67,9.663,True
1426,67,9.663,True
1427,67,9.663,True
1428,67,9.663,True
1429,66,9.663,True
1430,67,9.663,True
1431,67,9.663,True
1432,67,9.663,True
1433,66,9.663,True
1434,65,9.663,True
1435,66,9.159,True
1436,66,9.159,True
1437,66,9.159,True
1438,66,9.159,True
1439,65,9.159,True
1440,65,9.663,True
1441,65,9.663,True
1442,67,9.663,True
1443,67,9.663,True
1444,67,9.663,True
1445,66,9.663,True
1446,66,9.663,True
1447,68,9.663,True
1448,68,9.663,True
1449,68,9.663,True
1450,68,9.663,True
1451,69,9.663,True
1452,69,9.663,True
1453,69,9.663,True
1454,67,9.663,True
1455,71,9.663,True
1456,72,9.663,True
1457,72,9.663,True
1458,75,6.87,True
1459,71,8.1,True
1460,70,8.1,True
1461,70,8.1,True
1462,70,8.1,True
1463,70,8.1,True
1464,69,8.1,True
1465,70,8.1,True
1466,72,8.1,True
1467,74,8.1,True
1468,74,8.1,True
1469,73,8.1,True
1470,73,8.1,True
1471,78,6.614,True
1472,78,6.614,True
1473,78,6.614,True
1474,78,6.614,True
1475,78,6.614,True
1476,78,6.614,True
1477,78,6.614,True
1478,80,6.614,True
1479,80,6.614,True
1480,80,6.614,True
1481,79,6.614,True
1482,79,8.906,True
1483,82,8.906,True
1484,82,8.906,True
1485,82,8.906,True
1486,82,9.249,True
1487,79,8.906,True
1488,79,8.906,True
1489,79,8.906,True
1490,78,8.906,True
1491,79,8.906,True
1492,76,6.642,True
1493,79,6.642,True
1494,77,6.642,True
1495,77,6.642,True
1496,77,6.642,True
1497,77,6.927,True
1498,77,6.927,True
1499,73,6.927,True
1500,73,6.927,True
1501,69,7.356,True
1502,69,9.675,True
1503,69,9.675,True
1504,69,9.675,True
1505,69,9.675,True
1506,72,9.675,True
1507,72,9.675,True
1508,72,9.675,True
1509,72,9.675,True
1510,72,9.675,True
1511,71,9.675,True
1512,72,9.675,True
1513,70,9.675,True
1514,69,9.675,True
1515,65,9.675,True
1516,65,9.675,True
1517,64,9.675,True
1518,63,9.675,True
1519,63,9.675,True
1520,63,9.675,True
1521,63,9.675,True
1522,66,9.675,True
1523,66,9.675,True
1524,67,9.675,True
1525,66,9.675,True
1526,67,9.675,True
1527,67,9.675,True
1528,67,9.675,True
1529,67,9.675,True
1530,67,7.626,True
1531,67,7.626,True
1532,67,7.626,True
1533,69,8.007,True
1534,75,9.604,True
1535,75,9.604,True
1536,75,9.604,True
1537,76,9.604,True
1538,75,9.604,True
1539,75,9.604,True
1540,75,9.604,True
1541,75,9.604,True
1542,72,9.604,True
1543,72,9.604,True
1544,71,9.604,True
1545,71,9.604,True
1546,71,9.604,True
1547,68,9.604,True
1548,69,9.604,True
1549,69,9.604,True
1550,66,8.76,True
1551,66,8.76,True
1552,66,8.76,True
1553,65,8.76,True
1554,65,8.76,True
1555,65,8.76,True
1556,65,8.76,True
1557,67,8.76,True
1558,67,8.76,True
1559,67,8.76,True
1560,65,8.76,True
1561,65,8.76,True
1562,70,9.114,True
1563,67,8.76,True
1564,65,8.76,True
1565,65,8.76,True
1566,69,8.76,True
1567,69,8.76,True
1568,69,8.76,True
1569,69,8.76,True
1570,69,8.76,True
1571,67,8.771,True
1572,67,8.76,True
1573,67,8.76,True
1574,67,8.76,True
1575,67,8.76,True
1576,71,8.76,True
1577,71,8.76,True
1578,71,8.932,True
1579,71,8.932,True
1580,71,8.932,True
1581,67,8.932,True
1582,64,9.159,True
1583,68,9.159,True
1584,68,9.159,True
1585,65,9.159,True
1586,65,9.159,True
1587,65,9.159,True
1588,65,9.159,True
1589,65,9.159,True
1590,65,9.159,True
1591,67,9.159,True
1592,67,9.159,True
1593,67,9.159,True
1594,65,9.159,True
1595,64,9.159,True
1596,70,9.159,True
1597,71,9.159,True
1598,71,9.159,True
1599,71,9.159,True
1600,69,9.159,True
1601,69,9.159,True
1602,69,9.159,True
1603,69,9.159,True
1604,69,9.159,True
1605,63,9.159,True
1606,63,9.159,True
1607,63,7.267,True
1608,63,7.267,True
1609,67,7.267,True
1610,67,9.478,True
1611,67,9.478,True
1612,67,7.806,True
1613,67,7.806,True
1614,68,8.764,True
1615,68,8.764,True
1616,68,8.764,True
1617,68,8.764,True
1618,68,8.764,True
1619,68,8.764,True
1620,64,8.764,True
1621,63,8.764,True
1622,63,8.764,True
1623,63,8.764,True
1624,63,8.764,True
1625,67,8.764,True
1626,66,8.764,True
1627,66,8.764,True
1628,66,8.764,True
1629,66,8.764,True
1630,66,8.771,True
1631,66,8.771,True
1632,66,8.771,True
1633,66,8.771,True
1634,68,8.771,True
1635,69,8.771,True
1636,67,9.95,True
1637,67,9.95,True
1638,70,9.95,True
1639,70,8.399,True
1640,70,8.399,True
1641,70,8.399,True
1642,70,8.399,True
1643,68,8.154,True
1644,68,8.154,True
1645,68,8.154,True
1646,68,8.154,True
1647,66,8.154,True
1648,66,8.154,True
1649,66,8.154,True
1650,66,8.154,True
1651,66,9.278,True
1652,68,8.154,True
1653,66,8.747,True
1654,66,8.747,True
1655,67,9.672,True
1656,67,9.672,True
1657,69,9.672,True
1658,69,9.672,True
1659,67,9.672,True
1660,66,9.902,True
1661,66,9.902,True
1662,66,9.902,True
1663,64,9.672,True
1664,64,9.672,True
1665,64,9.672,True
1666,64,9.672,True
1667,65,9.672,True
1668,64,9.672,True
1669,64,9.672,True
1670,64,9.672,True
1671,64,9.672,True
1672,64,9.672,True
1673,64,9.672,True
1674,63,9.672,True
1675,63,9.672,True
1676,63,9.672,True
1677,64,9.672,True
1678,65,9.672,True
1679,65,9.672,True
1680,65,9.672,True
1681,70,9.672,True
1682,69,9.95,True
1683,69,9.95,True
1684,72,9.672,True
1685,72,9.672,True
1686,75,9.672,True
1687,78,8.744,True
1688,78,8.744,True
1689,78,8.744,True
1690,78,8.744,True
1691,78,8.744,True
1692,81,8.634,True
1693,81,8.634,True
1694,81,8.634,True
1695,84,8.634,True
1696,84,8.634,True
1697,83,8.634,True
1698,83,8.634,True
1699,83,8.634,True
1700,76,9.363,True
1701,79,8.634,True
1702,80,9.273,True
1703,79,8.634,True
1704,77,8.634,True
1705,77,8.634,True
1706,77,8.634,True
1707,74,8.634,True
1708,74,8.634,True
1709,74,8.634,True
1710,74,8.634,True
1711,76,9.239,True
1712,76,9.239,True
1713,73,9.363,True
1714,73,9.363,True
1715,71,9.363,True
1716,71,9.363,True
1717,71,9.363,True
1718,69,9.363,True
1719,69,9.363,True
1720,72,9.73,True
1721,72,9.73,True
1722,72,9.73,True
1723,72,9.73,True
1724,72,9.73,True
1725,72,9.73,True
1726,72,9.73,True
1727,72,9.73,True
1728,73,9.73,True
1729,74,9.73,True
1730,74,9.73,True
1731,74,9.73,True
1732,73,7.267,True
1733,72,6.542,True
1734,75,6.542,True
1735,75,6.542,True
1736,75,6.542,True
1737,75,6.542,True
1738,75,6.542,True
1739,74,9.36,True
1740,73,9.36,True
1741,73,9.36,True
1742,74,9.36,True
1743,74,9.36,True
1744,74,9.36,True
1745,74,9.36,True
1746,74,9.36,True
1747,74,9.36,True
1748,71,9.36,True
1749,71,9.36,True
1750,71,9.36,True
1751,71,9.36,True
1752,73,9.36,True
1753,71,9.36,True
1754,71,9.36,True
1755,71,9.36,True
1756,71,9.36,True
1757,71,9.36,True
1758,71,9.36,True
1759,72,8.357,True
1760,70,8.357,True
1761,70,8.357,True
1762,69,9.663,True
1763,69,9.663,True
1764,69,9.663,True
1765,72,9.663,True
1766,72,9.663,True
1767,72,9.663,True
1768,75,8.357,True
1769,75,8.357,True
1770,73,8.922,True
1771,73,8.922,True
1772,73,8.922,True
1773,73,8.922,True
1774,72,9.003,True
1775,71,9.003,True
1776,70,9.003,True
1777,70,8.922,True
1778,72,8.922,True
1779,73,8.922,True
1780,74,8.922,True
1781,75,9.231,True
1782,75,9.231,True
1783,75,9.231,True
1784,75,9.231,True
1785,74,9.231,True
1786,75,9.231,True
1787,78,9.231,True
1788,78,9.231,True
1789,78,9.231,True
1790,73,9.231,True
1791,73,9.231,True
1792,73,9.231,True
1793,73,9.231,True
1794,73,9.231,True
1795,73,9.231,True
1796,73,9.231,True
1797,73,9.231,True
1798,73,9.231,True
1799,70,9.231,True
1800,70,9.231,True
1801,70,9.231,True
1802,70,9.231,True
1803,70,8.836,True
1804,70,8.836,True
1805,70,9.231,True
1806,70,9.231,True
1807,69,9.231,True
1808,69,9.231,True
1809,68,7.801,True
1810,68,7.801,True
1811,69,7.801,True
1812,69,7.801,True
1813,67,7.801,True
1814,66,7.038,True
1815,67,9.231,True
1816,68,9.231,True
1817,70,9.231,True
1818,69,9.231,True
1819,74,9.231,True
1820,74,9.231,True
1821,70,9.231,True
1822,70,9.231,True
1823,70,8.427,True
1824,76,8.427,True
1825,76,8.427,True
1826,74,7.579,True
1827,74,7.579,True
1828,74,7.579,True
1829,74,7.579,True
1830,71,8.954,True
1831,72,8.954,True
1832,72,8.954,True
1833,72,8.954,True
1834,74,9.583,True
1835,74,9.583,True
1836,73,9.583,True
1837,73,9.583,True
1838,73,9.583,True
1839,72,9.394,True
1840,72,9.394,True
1841,72,9.394,True
1842,72,9.394,True
1843,69,9.394,True
1844,69,9.394,True
1845,70,9.394,True
1846,70,9.394,True
1847,67,9.394,True
1848,67,9.394,True
1849,67,9.394,True
1850,67,9.394,True
1851,67,9.394,True
1852,67,9.394,True
1853,67,9.394,True
1854,67,9.394,True
1855,67,9.394,True
1856,68,9.624,True
1857,68,9.624,True
1858,68,9.624,True
1859,69,9.624,True
1860,69,9.624,True
1861,69,9.624,True
1862,68,9.624,True
1863,70,9.624,True
1864,70,9.624,True
1865,70,9.624,True
1866,71,9.624,True
1867,71,9.624,True
1868,71,9.624,True
1869,71,9.624,True
1870,71,9.624,True
1871,71,9.624,True
1872,71,9.624,True
1873,71,9.624,True
1874,71,9.624,True
1875,71,9.624,True
1876,72,9.624,True
1877,72,9.624,True
1878,72,9.624,True
1879,72,9.624,True
1880,72,9.624,True
1881,72,6.919,True
1882,74,6.327,True
1883,74,6.327,True
1884,74,6.327,True
1885,74,6.327,True
1886,74,6.327,True
1887,74,6.327,True
1888,74,6.634,True
1889,72,6.634,True
1890,71,6.634,True
1891,71,6.634,True
1892,72,5.473,True
1893,73,6.772,True
1894,73,6.772,True
1895,70,7.579,True
1896,72,8.155,True
1897,72,8.155,True
1898,72,8.155,True
1899,74,9.437,True
1900,73,9.437,True
1901,73,9.437,True
1902,73,9.437,True
1903,73,9.437,True
1904,76,9.437,True
1905,79,9.437,True
1906,77,6.772,True
1907,76,6.772,True
1908,79,6.772,True
1909,79,6.772,True
1910,79,6.772,True
1911,76,8.074,True
1912,72,6.772,True
1913,72,6.772,True
1914,72,6.772,True
1915,72,6.772,True
1916,72,6.772,True
1917,72,6.772,True
1918,71,8.087,True
1919,73,6.664,True
1920,73,6.664,True
1921,74,6.494,True
1922,74,6.494,True
1923,74,6.494,True
1924,76,6.494,True
1925,76,6.494,True
1926,76,6.494,True
1927,76,5.526,True
1928,76,5.526,True
1929,76,5.526,True
1930,73,6.907,True
1931,71,9.704,True
1932,71,9.704,True
1933,68,9.704,True
1934,68,9.704,True
1935,68,9.704,True
1936,68,9.704,True
1937,68,9.704,True
1938,68,9.704,True
1939,68,9.704,True
1940,68,9.704,True
1941,70,8.73,True
1942,70,8.73,True
1943,72,8.73,True
1944,72,8.73,True
1945,72,7.03,True
1946,72,7.03,True
1947,74,6.14,True
1948,77,6.14,True
1949,77,6.14,True
1950,74,6.14,True
1951,74,6.14,True
1952,76,6.14,True
1953,76,6.14,True
1954,76,6.14,True
1955,76,9.394,True
1956,76,9.394,True
1957,75,9.394,True
1958,74,9.394,True
1959,73,9.394,True
1960,72,9.394,True
1961,70,9.394,True
1962,72,9.394,True
1963,70,9.394,True
1964,70,9.394,True
1965,70,9.394,True
1966,73,9.394,True
1967,70,9.394,True
1968,71,9.394,True
1969,71,9.394,True
1970,71,9.394,True
1971,78,9.394,True
1972,78,9.394,True
1973,75,9.394,True
1974,75,9.394,True
1975,75,9.394,True
1976,73,9.394,True
1977,73,9.394,True
1978,75,9.394,True
1979,75,9.394,True
1980,76,9.394,True
1981,76,9.394,True
1982,75,9.394,True
1983,75,9.394,True
1984,75,9.394,True
1985,77,9.394,True
1986,77,7.971,True
1987,77,7.971,True
1988,77,7.971,True
1989,77,9.04,True
1990,77,9.04,True
1991,78,9.798,True
1992,78,9.798,True
1993,79,9.798,True
1994,77,9.798,True
1995,77,9.798,True
1996,77,9.798,True
1997,77,9.798,True
1998,76,9.798,True
1999,76,9.798,True
2000,76,9.798,True
2001,76,9.798,True
2002,75,9.798,True
2003,76,9.798,True
2004,77,8.118,True
2005,77,8.118,True
2006,76,8.118,True
2007,75,7.009,True
2008,74,7.009,True
2009,74,7.009,True
2010,74,7.009,True
2011,73,7.009,True
2012,73,7.009,True
2013,75,8.788,True
2014,76,8.788,True
2015,77,8.788,True
2016,77,8.788,True
2017,77,8.788,True
2018,76,8.788,True
2019,77,8.788,True
2020,77,8.788,True
2021,77,8.788,True
2022,77,8.788,True
2023,77,8.788,True
2024,74,8.788,True
2025,74,8.788,True
2026,74,7.587,True
2027,72,8.623,True
2028,73,8.623,True
2029,73,8.623,True
2030,73,8.623,True
2031,73,8.623,True
2032,73,8.623,True
2033,72,8.623,True
2034,72,8.683,True
2035,72,9.893,True
2036,72,9.893,True
2037,71,9.248,True
2038,72,9.248,True
2039,72,9.248,True
2040,72,9.248,True
2041,72,9.248,True
2042,72,9.248,True
2043,72,9.248,True
2044,69,9.248,True
2045,69,9.248,True
2046,68,9.248,True
2047,67,9.452,True
2048,67,9.452,True
2049,67,9.452,True
2050,68,9.452,True
2051,67,9.248,True
2052,67,9.248,True
2053,71,9.248,True
2054,71,7.244,True
2055,73,8.149,True
2056,73,8.149,True
2057,73,8.149,True
2058,73,9.248,True
2059,73,9.248,True
2060,73,9.248,True
2061,70,9.248,True
2062,70,9.248,True
2063,69,9.248,True
2064,69,9.248,True
2065,69,9.248,True
2066,69,9.248,True
2067,69,9.248,True
2068,69,9.248,True
2069,69,9.248,True
2070,69,9.248,True
2071,69,9.248,True
2072,70,9.248,True
2073,70,9.248,True
2074,68,9.248,True
2075,68,9.248,True
2076,69,9.248,True
2077,69,9.248,True
2078,69,9.248,True
2079,69,9.248,True
2080,69,9.248,True
2081,68,9.248,True
2082,69,9.663,True
2083,69,9.663,True
2084,69,9.663,True
2085,69,9.663,True
2086,69,9.663,True
2087,69,9.663,True
2088,71,9.663,True
2089,72,7.806,True
2090,70,9.248,True
2091,70,9.248,True
2092,70,9.248,True
2093,69,9.248,True
2094,69,9.248,True
2095,69,8.349,True
2096,69,8.349,True
2097,69,8.349,True
2098,70,7.806,True
2099,69,7.806,True
2100,69,7.806,True
2101,69,7.806,True
2102,69,7.806,True
2103,69,7.806,True
2104,70,8.623,True
2105,71,7.806,True
2106,71,7.806,True
2107,71,7.806,True
2108,71,7.806,True
2109,68,7.806,True
2110,67,7.806,True
2111,67,7.806,True
2112,67,7.806,True
2113,67,7.806,True
2114,68,7.806,True
2115,68,7.267,True
2116,68,8.623,True
2117,68,8.623,True
2118,68,8.623,True
2119,68,8.623,True
2120,70,7.877,True
2121,72,7.877,True
2122,72,7.877,True
2123,73,9.239,True
2124,73,9.97,True
2125,73,9.97,True
2126,75,9.468,True
2127,75,9.239,True
2128,75,9.239,True
2129,73,7.877,True
2130,72,7.877,True
2131,72,9.163,True
2132,72,9.163,True
2133,72,9.163,True
2134,78,9.163,True
2135,70,9.163,True
2136,70,9.163,True
2137,70,9.163,True
2138,66,9.163,True
2139,66,9.163,True
2140,66,9.163,True
2141,68,9.163,True
2142,68,9.163,True
2143,67,9.163,True
2144,67,9.163,True
2145,67,9.97,True
2146,67,9.97,True
2147,67,9.97,True
2148,67,9.97,True
2149,66,9.97,True
2150,68,7.649,True
2151,68,7.649,True
2152,68,7.649,True
2153,68,7.649,True
2154,68,9.004,True
2155,68,9.004,True
2156,70,9.004,True
2157,71,9.004,True
2158,72,9.004,True
2159,72,9.004,True
2160,72,9.004,True
2161,72,9.004,True
2162,72,9.004,True
2163,72,9.004,True
2164,72,9.004,True
2165,76,9.004,True
2166,74,9.004,True
2167,74,9.004,True
2168,71,9.004,True
2169,71,9.004,True
2170,71,9.004,True
2171,73,9.004,True
2172,73,9.004,True
2173,75,9.535,True
2174,75,9.535,True
2175,75,9.535,True
2176,72,9.535,True
2177,72,9.535,True
2178,72,9.535,True
2179,72,9.535,True
2180,72,9.535,True
2181,72,9.535,True
2182,72,9.535,True
2183,75,9.535,True
2184,75,9.535,True
2185,74,9.535,True
2186,73,8.43,True
2187,74,8.76,True
2188,74,8.76,True
2189,73,8.76,True
2190,73,8.76,True
2191,73,8.76,True
2192,73,8.76,True
2193,70,8.76,True
2194,71,8.885,True
2195,70,8.885,True
2196,69,8.885,True
2197,69,8.43,True
2198,68,8.43,True
2199,68,8.43,True
2200,69,7.267,True
2201,69,7.267,True
2202,69,8.802,True
2203,69,8.802,True
2204,69,8.802,True
2205,69,8.802,True
2206,70,7.267,True
2207,69,7.908,True
2208,70,7.267,True
2209,70,7.267,True
2210,70,7.267,True
2211,70,7.267,True
2212,69,8.789,True
2213,69,8.789,True
2214,69,8.789,True
2215,69,8.789,True
2216,69,8.789,True
2217,69,8.789,True
2218,69,8.789,True
2219,70,8.789,True
2220,70,8.789,True
2221,70,8.789,True
2222,70,8.789,True
2223,70,8.789,True
2224,71,8.771,True
2225,70,8.789,True
2226,70,8.789,True
2227,70,8.789,True
2228,70,9.3,True
2229,70,8.789,True
2230,70,8.789,True
2231,70,8.789,True
2232,72,8.789,True
2233,72,8.789,True
2234,72,8.789,True
2235,73,8.907,True
2236,69,8.907,True
2237,69,8.907,True
2238,68,8.907,True
2239,70,8.907,True
2240,71,8.907,True
2241,68,9.635,True
2242,68,9.635,True
2243,69,9.635,True
2244,69,8.954,True
2245,65,9.601,True
2246,66,8.954,True
2247,62,8.954,True
2248,62,8.954,True
2249,62,8.954,True
2250,65,8.954,True
2251,62,8.954,True
2252,62,8.623,True
2253,63,8.623,True
2254,63,8.623,True
2255,60,9.86,True
2256,60,9.86,True
2257,60,9.86,True
2258,64,8.623,True
2259,64,8.623,True
2260,64,8.623,True
2261,65,6.942,True
2262,65,6.942,True
2263,69,6.942,True
2264,69,6.942,True
2265,65,7.643,True
2266,62,7.643,True
2267,62,7.643,True
2268,62,8.694,True
2269,63,8.694,True
2270,67,8.694,True
2271,67,8.694,True
2272,68,8.694,True
2273,68,8.694,True
2274,68,8.694,True
2275,67,6.942,True
2276,69,6.773,True
2277,69,6.773,True
2278,69,6.773,True
2279,69,6.773,True
2280,68,6.773,True
2281,67,8.831,True
2282,67,8.831,True
2283,67,8.822,True
2284,64,8.822,True
2285,64,8.822,True
2286,64,8.822,True
2287,63,9.675,True
2288,63,9.675,True
2289,63,9.675,True
2290,63,9.675,True
2291,66,9.675,True
2292,63,9.675,True
2293,66,9.84,True
2294,66,9.84,True
2295,66,9.314,True
2296,67,9.314,True
2297,67,9.314,True
2298,67,9.314,True
2299,66,9.314,True
2300,66,9.314,True
2301,66,9.314,True
2302,66,9.314,True
2303,66,8.893,True
2304,66,8.893,True
2305,66,8.893,True
2306,69,8.154,True
2307,68,9.935,True
2308,68,9.935,True
2309,68,9.86,True
2310,68,9.86,True
2311,68,9.86,True
2312,65,9.86,True
2313,65,9.86,True
2314,65,9.86,True
2315,65,9.86,True
2316,66,9.86,True
2317,66,9.86,True
2318,66,9.86,True
2319,65,9.86,True
2320,65,9.86,True
2321,68,9.86,True
2322,69,9.86,True
2323,69,9.86,True
2324,70,9.86,True
2325,70,9.86,True
2326,73,9.08,True
2327,72,9.08,True
2328,70,9.08,True
2329,70,9.08,True
2330,73,9.808,True
2331,74,9.808,True
2332,72,9.808,True
2333,72,9.808,True
2334,72,9.808,True
2335,75,9.468,True
2336,75,9.468,True
2337,78,9.468,True
2338,72,9.468,True
2339,72,9.468,True
2340,74,9.468,True
2341,74,7.973,True
2342,70,6.14,True
2343,70,6.14,True
2344,70,6.14,True
2345,70,6.14,True
2346,70,6.14,True
2347,70,6.14,True
2348,70,9.808,True
2349,69,5.462,True
2350,66,9.675,True
2351,66,9.675,True
2352,66,9.675,True
2353,66,9.675,True
2354,66,9.675,True
2355,66,9.675,True
2356,66,9.675,True
2357,65,9.675,True
2358,66,7.79,True
2359,66,7.79,True
2360,67,8.822,True
2361,66,9.675,True
2362,66,9.675,True
2363,66,9.675,True
2364,66,9.675,True
2365,66,9.675,True
2366,66,9.675,True
2367,66,9.675,True
2368,66,9.675,True
2369,67,8.822,True
2370,65,8.822,True
2371,64,8.822,True
2372,64,8.822,True
2373,64,8.822,True
2374,63,8.822,True
2375,63,8.822,True
2376,63,8.822,True
2377,63,8.822,True
2378,63,8.822,True
2379,63,8.822,True
2380,63,8.822,True
2381,63,8.822,True
2382,68,8.822,True
2383,64,8.822,True
2384,65,8.822,True
2385,65,8.822,True
2386,65,8.822,True
2387,65,8.822,True
2388,65,8.822,True
2389,66,8.822,True
2390,66,8.822,True
2391,68,8.822,True
2392,66,9.897,True
2393,66,9.897,True
2394,67,9.897,True
2395,67,9.897,True
2396,68,8.822,True
2397,68,8.822,True
2398,66,8.822,True
2399,65,8.822,True
2400,65,8.822,True
2401,65,8.822,True
2402,66,7.053,True
2403,66,7.053,True
2404,69,5.566,True
2405,69,5.566,True
2406,69,6.907,True
2407,69,6.907,True
2408,71,6.907,True
2409,69,6.907,True
2410,72,9.863,True
2411,72,9.863,True
2412,69,7.93,True
2413,71,7.626,True
2414,70,7.626,True
2415,72,7.626,True
2416,70,7.626,True
2417,71,7.626,True
2418,72,7.626,True
2419,72,7.626,True
2420,72,7.626,True
2421,72,7.626,True
2422,73,7.626,True
2423,73,7.626,True
2424,75,7.626,True
2425,76,7.626,True
2426,77,7.626,True
2427,75,5.472,True
2428,75,5.472,True
2429,77,5.472,True
2430,75,5.472,True
2431,73,6.274,True
2432,72,9.579,True
2433,71,8.696,True
2434,71,8.696,True
2435,68,8.696,True
2436,68,8.696,True
2437,68,8.696,True
2438,68,8.696,True
2439,73,6.551,True
2440,73,6.551,True
2441,73,6.551,True
2442,73,6.551,True
2443,69,6.942,True
2444,72,7.067,True
2445,75,8.429,True
2446,76,8.429,True
2447,76,9.512,True
2448,77,9.512,True
2449,78,9.512,True
2450,78,9.512,True
2451,76,9.512,True
2452,76,9.512,True
2453,76,9.512,True
2454,76,8.816,True
2455,76,8.816,True
2456,76,9.512,True
2457,76,8.816,True
2458,75,8.816,True
2459,77,8.816,True
2460,77,8.816,True
2461,80,8.816,True
2462,81,8.816,True
2463,81,8.816,True
2464,82,8.816,True
2465,82,8.816,True
2466,82,8.816,True
2467,80,9.664,True
2468,78,9.664,True
2469,73,9.664,True
2470,73,9.664,True
2471,73,9.664,True
2472,72,9.664,True
2473,72,9.664,True
2474,69,9.664,True
2475,66,9.182,True
2476,66,9.182,True
2477,66,9.182,True
2478,66,9.182,True
2479,64,9.182,True
2480,62,9.182,True
2481,62,9.182,True
2482,62,9.182,True
2483,62,9.182,True
2484,63,8.225,True
2485,65,8.727,True
2486,64,6.592,True
2487,64,6.592,True
2488,64,6.592,True
2489,63,6.592,True
2490,63,9.277,True
2491,63,9.277,True
2492,63,9.277,True
2493,65,9.277,True
2494,65,9.675,True
2495,65,9.675,True
2496,65,9.675,True
2497,66,9.675,True
2498,66,9.675,True
2499,66,9.675,True
2500,66,9.675,True
2501,64,9.675,True
2502,64,9.675,True
2503,64,9.675,True
2504,62,9.675,True
2505,62,9.675,True
2506,63,8.02,True
2507,63,8.02,True
2508,65,6.923,True
2509,69,6.014,True
2510,70,6.014,True
2511,69,6.014,True
2512,69,6.014,True
2513,69,6.014,True
2514,69,6.014,True
2515,66,7.74,True
2516,66,8.948,True
2517,67,8.948,True
2518,67,8.948,True
2519,68,8.948,True
2520,66,8.948,True
2521,65,9.601,True
2522,65,9.601,True
2523,65,9.601,True
2524,65,9.601,True
2525,65,9.601,True
2526,65,9.601,True
2527,64,9.601,True
2528,64,9.601,True
2529,63,9.601,True
2530,63,9.601,True
2531,63,9.601,True
2532,63,9.601,True
2533,63,9.601,True
2534,63,9.601,True
2535,64,8.744,True
2536,64,8.744,True
2537,67,5.049,True
2538,68,5.049,True
2539,71,7.987,True
2540,71,7.987,True
2541,71,7.987,True
2542,71,7.987,True
2543,71,7.987,True
2544,71,7.987,True
2545,72,6.102,True
2546,69,9.601,True
2547,70,9.601,True
2548,70,9.601,True
2549,71,7.579,True
2550,66,7.579,True
2551,66,7.579,True
2552,66,7.579,True
2553,69,8.725,True
2554,69,8.725,True
2555,68,8.725,True
2556,67,9.446,True
2557,67,9.446,True
2558,68,9.446,True
2559,68,9.446,True
2560,68,8.907,True
2561,68,8.907,True
2562,72,8.907,True
2563,68,8.907,True
2564,68,8.907,True
2565,72,8.907,True
2566,72,8.907,True
2567,70,8.907,True
2568,70,8.907,True
2569,71,8.907,True
2570,73,8.907,True
2571,71,8.907,True
2572,73,8.907,True
2573,71,8.907,True
2574,67,9.601,True
2575,67,9.601,True
2576,66,9.897,True
2577,65,9.897,True
2578,65,9.897,True
2579,67,9.897,True
2580,65,9.897,True
2581,68,9.897,True
2582,68,9.897,True
2583,66,9.897,True
2584,66,9.897,True
2585,66,9.897,True
2586,66,9.897,True
2587,72,9.897,True
2588,72,9.897,True
2589,70,9.897,True
2590,69,9.897,True
2591,67,9.897,True
2592,67,9.897,True
2593,64,9.601,True
2594,64,9.601,True
2595,64,9.601,True
2596,64,9.601,True
2597,67,9.601,True
2598,66,9.601,True
2599,66,9.601,True
2600,66,9.601,True
2601,66,9.601,True
2602,66,9.601,True
2603,66,9.601,True
2604,66,9.601,True
2605,66,9.601,True
2606,67,8.348,True
2607,63,8.348,True
2608,63,8.348,True
2609,64,8.348,True
2610,65,6.4,True
2611,65,6.4,True
2612,65,6.4,True
2613,64,6.689,True
2614,64,6.689,True
2615,65,7.038,True
2616,64,7.038,True
2617,64,7.038,True
2618,63,6.689,True
2619,62,6.689,True
2620,62,6.689,True
2621,62,6.689,True
2622,62,8.694,True
2623,62,8.694,True
2624,61,8.694,True
2625,61,8.694,True
2626,67,8.694,True
2627,67,8.694,True
2628,67,8.694,True
2629,67,8.694,True
2630,66,8.694,True
2631,67,8.425,True
2632,62,4.974,True
2633,61,9.601,True
2634,61,9.601,True
2635,62,9.601,True
2636,63,9.601,True
2637,63,9.601,True
2638,63,9.601,True
2639,64,6.954,True
2640,64,6.954,True
2641,64,6.954,True
2642,64,6.954,True
2643,64,6.954,True
2644,64,6.954,True
2645,64,6.954,True
2646,64,6.954,True
2647,63,5.257,True
2648,63,9.153,True
2649,63,9.153,True
2650,63,9.153,True
2651,63,9.153,True
2652,63,9.153,True
2653,63,9.153,True
2654,62,9.601,True
2655,62,9.601,True
2656,62,9.601,True
2657,64,9.153,True
2658,64,9.153,True
2659,68,9.153,True
2660,68,9.153,True
2661,64,9.153,True
2662,66,9.203,True
2663,69,9.203,True
2664,68,7.21,True
2665,67,7.21,True
2666,67,7.21,True
2667,67,8.87,True
2668,72,7.7,True
2669,72,7.7,True
2670,72,5.582,True
2671,69,6.494,True
2672,69,6.494,True
2673,70,6.494,True
2674,70,6.494,True
2675,70,6.551,True
2676,69,8.505,True
2677,70,8.907,True
2678,70,8.907,True
2679,69,8.771,True
2680,68,8.771,True
2681,68,8.771,True
2682,70,5.061,True
2683,72,5.881,True
2684,70,8.771,True
2685,68,8.771,True
2686,68,8.771,True
2687,68,8.771,True
2688,68,8.771,True
2689,68,8.771,True
2690,68,8.771,True
2691,66,8.771,True
2692,66,8.771,True
2693,66,8.771,True
2694,69,8.771,True
2695,65,8.771,True
2696,65,8.771,True
2697,66,9.987,True
2698,67,9.987,True
2699,67,9.987,True
2700,67,9.987,True
2701,67,9.987,True
2702,67,9.987,True
2703,67,9.987,True
2704,67,9.987,True
2705,66,9.987,True
2706,68,9.987,True
2707,67,9.987,True
2708,67,9.987,True
2709,66,9.987,True
2710,66,9.987,True
2711,66,9.987,True
2712,66,9.987,True
2713,66,9.987,True
2714,66,8.102,True
2715,73,8.7,True
2716,66,8.102,True
2717,68,9.559,True
2718,68,9.559,True
2719,69,9.559,True
2720,69,9.559,True
2721,69,9.559,True
2722,69,9.559,True
2723,69,9.559,True
2724,68,9.559,True
2725,68,9.559,True
2726,70,9.559,True
2727,68,5.818,True
2728,67,9.987,True
2729,67,9.675,True
2730,70,9.675,True
2731,69,9.675,True
2732,72,9.675,True
2733,69,9.675,True
2734,68,9.675,True
2735,67,9.675,True
2736,66,9.675,True
2737,66,5.449,True
2738,66,5.283,True
2739,65,7.386,True
2740,62,7.386,True
2741,63,7.386,True
2742,69,9.376,True
2743,73,9.376,True
2744,69,9.376,True
2745,72,9.376,True
2746,75,9.376,True
2747,73,9.376,True
2748,73,9.376,True
2749,73,9.376,True
2750,70,9.376,True
2751,72,9.376,True
2752,70,9.376,True
2753,70,9.376,True
2754,70,9.376,True
2755,70,7.437,True
2756,70,7.437,True
2757,70,6.018,True
2758,67,6.018,True
2759,67,6.991,True
2760,67,8.786,True
2761,67,8.786,True
2762,68,8.786,True
2763,68,8.786,True
2764,68,8.786,True
2765,68,8.786,True
2766,71,8.786,True
2767,71,7.957,True
2768,71,7.957,True
2769,71,7.957,True
2770,71,7.957,True
2771,71,7.957,True
2772,68,6.652,True
2773,68,6.652,True
2774,68,6.991,True
2775,69,6.991,True
2776,69,6.991,True
2777,68,6.991,True
2778,68,6.991,True
2779,68,6.652,True
2780,68,6.652,True
2781,68,6.652,True
2782,69,7.965,True
2783,69,7.965,True
2784,71,7.965,True
2785,71,7.965,True
2786,71,7.7,True
2787,72,7.7,True
2788,72,7.7,True
2789,72,7.7,True
2790,71,7.7,True
2791,72,7.7,True
2792,70,8.983,True
2793,71,8.983,True
2794,68,8.983,True
2795,71,8.983,True
2796,71,8.983,True
2797,72,9.624,True
2798,73,6.652,True
2799,69,6.652,True
2800,69,6.652,True
2801,69,6.652,True
2802,69,6.652,True
2803,69,6.652,True
2804,71,6.652,True
2805,70,8.314,True
2806,70,8.314,True
2807,68,8.314,True
2808,68,8.314,True
2809,68,8.314,True
2810,68,8.314,True
2811,68,8.314,True
2812,68,8.314,True
2813,67,8.314,True
2814,72,8.314,True
2815,70,8.78,True
2816,70,8.78,True
2817,70,8.78,True
2818,70,8.78,True
2819,70,8.78,True
2820,71,9.129,True
2821,71,9.129,True
2822,74,9.129,True
2823,77,7.74,True
2824,77,7.74,True
2825,74,7.74,True
2826,74,7.74,True
2827,74,7.271,True
2828,73,7.242,True
2829,73,7.242,True
2830,73,7.242,True
2831,73,7.242,True
2832,73,7.242,True
2833,73,7.242,True
2834,71,9.418,True
2835,71,9.418,True
2836,69,9.418,True
2837,68,9.418,True
2838,68,9.418,True
2839,69,9.418,True
2840,70,9.418,True
2841,70,9.418,True
2842,68,9.418,True
2843,68,9.418,True
2844,68,9.418,True
2845,68,9.418,True
2846,68,9.418,True
2847,68,9.418,True
2848,67,9.418,True
2849,67,9.418,True
2850,64,9.418,True
2851,64,9.418,True
2852,64,9.418,True
2853,64,9.418,True
2854,64,9.418,True
2855,64,9.418,True
2856,64,9.418,True
2857,64,9.418,True
2858,66,9.288,True
2859,66,9.288,True
2860,68,9.288,True
2861,68,9.288,True
2862,68,9.288,True
2863,67,9.288,True
2864,71,9.288,True
2865,71,9.288,True
2866,71,9.288,True
2867,71,9.288,True
2868,72,9.288,True
2869,72,9.288,True
2870,68,9.288,True
2871,67,9.288,True
2872,67,9.288,True
2873,67,9.288,True
2874,67,8.511,True
2875,67,8.511,True
2876,67,8.511,True
2877,67,6.942,True
2878,68,6.942,True
2879,67,6.942,True
2880,68,6.942,True
2881,70,6.942,True
2882,71,9.576,True
2883,77,9.576,True
2884,77,9.576,True
2885,75,9.576,True
2886,71,6.774,True
2887,72,6.774,True
2888,69,6.774,True
2889,67,9.027,True
2890,66,9.027,True
2891,66,9.027,True
2892,66,9.027,True
2893,66,9.027,True
2894,66,9.027,True
2895,66,9.027,True
2896,65,9.027,True
2897,65,9.027,True
2898,65,9.027,True
2899,65,9.027,True
2900,65,9.027,True
2901,64,9.027,True
2902,66,8.623,True
2903,66,8.623,True
2904,66,8.623,True
2905,66,8.623,True
2906,66,8.623,True
2907,68,8.623,True
2908,68,8.623,True
2909,67,8.696,True
2910,67,9.897,True
2911,70,9.897,True
2912,67,9.897,True
2913,67,9.897,True
2914,67,9.897,True
2915,67,9.897,True
2916,64,9.897,True
2917,66,6.424,True
2918,66,8.989,True
2919,66,8.989,True
2920,67,8.989,True
2921,66,8.989,True
2922,64,8.989,True
2923,64,8.989,True
2924,64,8.989,True
2925,64,9.86,True
2926,63,9.86,True
2927,66,9.86,True
2928,66,9.86,True
2929,66,6.812,True
2930,66,6.812,True
2931,66,6.812,True
2932,66,6.812,True
2933,69,6.992,True
2934,69,6.992,True
2935,64,6.812,True
2936,65,6.812,True
2937,65,6.812,True
2938,65,6.812,True
2939,64,7.398,True
2940,64,7.398,True
2941,64,7.398,True
2942,64,7.398,True
2943,64,7.398,True
2944,64,7.398,True
2945,67,7.398,True
2946,68,9.521,True
2947,71,9.66,True
2948,69,9.66,True
2949,69,9.66,True
2950,71,9.66,True
2951,73,9.66,True
2952,73,9.66,True
2953,73,9.66,True
2954,69,9.66,True
2955,69,9.66,True
2956,69,9.66,True
2957,69,9.66,True
2958,69,9.66,True
2959,69,9.66,True
2960,71,9.66,True
2961,77,9.66,True
2962,78,9.66,True
2963,77,9.763,True
2964,77,9.763,True
2965,71,9.763,True
2966,70,9.763,True
2967,69,9.763,True
2968,69,9.763,True
2969,69,9.763,True
2970,70,9.763,True
2971,71,9.763,True
2972,71,8.589,True
2973,70,8.24,True
2974,70,8.24,True
2975,70,8.24,True
2976,70,8.24,True
2977,69,8.24,True
2978,69,8.24,True
2979,70,9.66,True
2980,70,9.66,True
2981,70,9.66,True
2982,71,9.66,True
2983,71,9.66,True
2984,70,8.24,True
2985,73,8.24,True
2986,73,8.24,True
2987,73,8.24,True
2988,70,8.24,True
2989,70,8.24,True
2990,69,8.24,True
2991,70,9.663,True
2992,70,9.663,True
2993,70,9.663,True
2994,71,9.663,True
2995,72,9.663,True
2996,72,9.663,True
2997,72,9.663,True
2998,72,9.663,True
2999,72,9.663,True
3000,72,9.663,True
3001,74,9.663,True
3002,78,9.663,True
3003,76,9.663,True
3004,73,9.663,True
3005,74,9.663,True
3006,72,9.663,True
3007,73,9.481,True
3008,73,9.481,True
3009,73,9.481,True
3010,76,9.131,True
3011,74,8.127,True
3012,74,8.127,True
3013,75,7.621,True
3014,75,7.621,True
3015,71,9.203,True
3016,72,9.203,True
3017,72,9.203,True
3018,69,9.203,True
3019,72,9.203,True
3020,72,9.203,True
3021,72,9.203,True
3022,72,9.203,True
3023,71,9.203,True
3024,71,9.203,True
3025,68,9.203,True
3026,68,9.203,True
3027,68,4.605,True
3028,67,3.765,True
3029,67,3.765,True
3030,64,6.869,True
3031,65,6.869,True
3032,65,6.869,True
3033,66,8.755,True
3034,66,8.755,True
3035,66,8.755,True
3036,67,8.755,True
3037,67,8.755,True
3038,66,7.812,True
3039,66,7.812,True
3040,66,7.812,True
3041,66,7.812,True
3042,68,7.812,True
3043,66,7.812,True
3044,66,7.812,True
3045,66,7.812,True
3046,64,8.954,True
3047,67,9.965,True
3048,67,9.601,True
3049,67,9.601,True
3050,67,9.601,True
3051,66,9.601,True
3052,68,9.601,True
3053,68,9.601,True
3054,68,9.601,True
3055,68,9.601,True
3056,70,9.601,True
3057,69,8.624,True
3058,69,8.624,True
3059,67,8.624,True
3060,68,8.624,True
3061,67,9.314,True
3062,67,9.314,True
3063,68,9.314,True
3064,68,9.314,True
3065,68,8.624,True
3066,68,8.624,True
3067,66,8.624,True
3068,66,8.624,True
3069,66,8.624,True
3070,69,8.624,True
3071,69,8.624,True
3072,66,8.624,True
3073,66,8.624,True
3074,66,8.624,True
3075,65,8.624,True
3076,65,8.624,True
3077,65,8.624,True
3078,65,8.624,True
3079,65,8.624,True
3080,65,8.624,True
3081,65,8.624,True
3082,67,7.351,True
3083,65,9.418,True
3084,66,7.533,True
3085,66,7.533,True
3086,66,7.533,True
3087,66,7.533,True
3088,66,7.533,True
3089,68,8.998,True
3090,68,8.998,True
3091,68,8.998,True
3092,68,8.998,True
3093,69,8.998,True
3094,69,8.998,True
3095,69,8.998,True
3096,69,8.998,True
3097,69,8.998,True
3098,70,8.793,True
3099,70,8.793,True
3100,70,8.793,True
3101,71,8.793,True
3102,76,8.793,True
3103,76,8.793,True
3104,78,8.793,True
3105,73,9.027,True
3106,73,9.027,True
3107,71,6.369,True
3108,67,9.897,True
3109,67,9.897,True
3110,67,9.897,True
3111,64,9.897,True
3112,64,9.897,True
3113,66,9.897,True
3114,65,9.897,True
3115,65,9.897,True
3116,65,9.897,True
3117,65,9.897,True
3118,65,9.897,True
3119,65,9.897,True
3120,65,9.897,True
3121,65,9.897,True
3122,65,9.897,True
3123,65,9.897,True
3124,62,9.897,True
3125,62,9.897,True
3126,62,9.897,True
3127,61,9.897,True
3128,65,9.897,True
3129,61,9.897,True
3130,62,9.897,True
3131,64,9.897,True
3132,65,9.897,True
3133,65,9.897,True
3134,66,9.897,True
3135,66,9.897,True
3136,66,9.897,True
3137,65,9.897,True
3138,65,8.696,True
3139,62,9.675,True
3140,62,9.675,True
3141,62,9.675,True
3142,62,9.675,True
3143,63,9.675,True
3144,65,9.675,True
3145,65,9.675,True
3146,63,9.675,True
3147,63,9.675,True
3148,66,9.675,True
3149,66,9.675,True
3150,66,9.675,True
3151,66,8.397,True
3152,66,7.357,True
3153,65,4.616,True
3154,65,4.616,True
3155,67,9.288,True
3156,67,9.288,True
3157,66,9.935,True
3158,66,9.935,True
3159,66,9.935,True
3160,66,9.935,True
3161,67,9.935,True
3162,67,9.935,True
3163,67,9.935,True
3164,67,9.935,True
3165,66,9.935,True
3166,66,9.935,True
3167,66,9.935,True
3168,66,9.935,True
3169,66,9.935,True
3170,67,8.522,True
3171,68,8.522,True
3172,67,8.397,True
3173,66,8.397,True
3174,66,8.397,True
3175,66,8.397,True
3176,66,7.401,True
3177,66,7.401,True
3178,66,7.401,True
3179,66,7.401,True
3180,66,7.401,True
3181,66,7.401,True
3182,68,7.401,True
3183,68,7.401,True
3184,68,7.401,True
3185,67,3.959,True
3186,66,9.935,True
3187,66,9.86,True
3188,67,9.86,True
3189,67,9.86,True
3190,67,9.86,True
3191,67,9.86,True
3192,67,9.86,True
3193,68,8.24,True
3194,68,8.24,True
3195,68,8.24,True
3196,66,7.974,True
3197,70,7.974,True
3198,70,7.974,True
3199,68,7.974,True
3200,68,7.974,True
3201,69,5.472,True
3202,72,5.472,True
3203,72,8.02,True
3204,72,8.02,True
3205,72,5.574,True
3206,74,7.155,True
3207,72,5.574,True
3208,72,5.574,True
3209,72,5.269,True
3210,70,8.696,True
3211,66,9.935,True
3212,68,7.999,True
3213,68,7.999,True
3214,68,7.999,True
3215,71,7.999,True
3216,71,7.999,True
3217,74,7.08,True
3218,74,7.08,True
3219,74,7.08,True
3220,74,9.836,True
3221,76,9.836,True
3222,76,9.836,True
3223,76,9.836,True
3224,77,9.836,True
3225,77,9.836,True
3226,76,9.836,True
3227,76,9.836,True
3228,77,9.836,True
3229,77,9.836,True
3230,77,9.836,True
3231,75,9.836,True
3232,77,9.017,True
3233,76,9.675,True
3234,74,9.836,True
3235,77,9.836,True
3236,77,9.836,True
3237,75,9.675,True
3238,75,9.675,True
3239,75,9.675,True
3240,76,9.675,True
3241,74,9.683,True
3242,73,9.675,True
3243,73,9.675,True
3244,73,9.675,True
3245,73,7.242,True
3246,75,7.242,True
3247,74,7.242,True
3248,78,9.893,True
3249,75,8.981,True
3250,75,8.981,True
3251,75,8.981,True
3252,71,8.981,True
3253,68,8.981,True
3254,63,8.154,True
3255,67,8.154,True
3256,63,8.154,True
3257,63,7.03,True
3258,64,7.03,True
3259,64,7.03,True
3260,63,7.03,True
3261,63,7.03,True
3262,63,7.03,True
3263,63,7.03,True
3264,63,7.03,True
3265,63,7.03,True
3266,62,8.154,True
3267,62,8.154,True
3268,63,8.154,True
3269,63,8.154,True
3270,63,8.154,True
3271,63,8.154,True
3272,66,8.154,True
3273,67,8.154,True
3274,64,8.154,True
3275,64,8.154,True
3276,64,8.154,True
3277,63,9.675,True
3278,64,9.675,True
3279,65,9.675,True
3280,65,9.675,True
3281,65,9.675,True
3282,65,9.675,True
3283,64,9.675,True
3284,68,9.675,True
3285,68,9.675,True
3286,68,9.675,True
3287,70,9.675,True
3288,70,9.675,True
3289,70,9.675,True
3290,70,9.675,True
3291,71,9.675,True
3292,71,9.675,True
3293,73,9.675,True
3294,72,9.675,True
3295,72,9.675,True
3296,74,9.675,True
3297,75,9.675,True
3298,72,9.897,True
3299,72,9.897,True
3300,72,9.897,True
3301,72,9.897,True
3302,72,9.897,True
3303,72,9.897,True
3304,72,9.897,True
3305,74,9.897,True
3306,74,9.278,True
3307,74,9.278,True
3308,74,8.772,True
3309,74,8.772,True
3310,74,8.772,True
3311,74,8.772,True
3312,75,8.772,True
3313,73,6.683,True
3314,73,6.683,True
3315,76,8.486,True
3316,74,5.986,True
3317,73,5.986,True
3318,73,5.986,True
3319,73,5.986,True
3320,68,5.053,True
3321,68,5.053,True
3322,68,6.755,True
3323,69,6.755,True
3324,68,6.755,True
3325,68,6.755,True
3326,68,6.755,True
3327,68,6.755,True
3328,69,6.756,True
3329,69,6.756,True
3330,69,6.756,True
3331,69,6.756,True
3332,67,7.79,True
3333,68,7.79,True
3334,70,8.936,True
3335,71,8.936,True
3336,71,8.936,True
3337,71,8.936,True
3338,70,8.936,True
3339,68,7.79,True
3340,66,7.79,True
3341,66,7.79,True
3342,68,5.99,True
3343,68,5.99,True
3344,68,6.755,True
3345,68,6.755,True
3346,67,6.755,True
3347,67,6.755,True
3348,72,6.755,True
3349,72,4.616,True
3350,71,4.616,True
3351,72,9.489,True
3352,70,9.489,True
3353,69,9.489,True
3354,69,9.489,True
3355,69,9.489,True
3356,70,9.489,True
3357,69,9.418,True
3358,69,9.418,True
3359,71,9.418,True
3360,71,9.418,True
3361,72,9.418,True
3362,77,9.418,True
3363,78,9.418,True
3364,74,9.418,True
3365,74,9.675,True
3366,74,9.675,True
3367,71,9.675,True
3368,71,9.675,True
3369,73,9.675,True
3370,73,9.675,True
3371,71,9.675,True
3372,72,9.675,True
3373,72,9.675,True
3374,72,9.675,True
3375,75,9.675,True
3376,74,9.675,True
3377,70,9.675,True
3378,70,9.675,True
3379,70,9.675,True
3380,72,9.675,True
3381,72,9.675,True
3382,72,9.675,True
3383,71,9.675,True
3384,71,9.675,True
3385,71,9.675,True
3386,76,9.542,True
3387,71,9.675,True
3388,71,9.675,True
3389,71,9.675,True
3390,71,9.675,True
3391,68,9.675,True
3392,68,9.675,True
3393,68,9.675,True
3394,66,9.675,True
3395,68,9.675,True
3396,68,9.675,True
3397,68,9.675,True
3398,69,9.675,True
3399,69,9.675,True
3400,69,9.675,True
3401,69,9.675,True
3402,69,9.675,True
3403,69,9.675,True
3404,67,9.675,True
3405,67,9.675,True
3406,67,9.675,True
3407,67,9.675,True
3408,70,9.508,True
3409,74,9.508,True
3410,74,9.508,True
3411,78,8.641,True
3412,76,7.389,True
3413,77,7.389,True
3414,75,7.389,True
3415,77,7.389,True
3416,77,7.389,True
3417,76,7.389,True
3418,75,9.456,True
3419,76,9.456,True
3420,71,9.456,True
3421,71,9.456,True
3422,71,9.456,True
3423,68,9.742,True
3424,68,7.79,True
3425,68,7.79,True
3426,71,7.79,True
3427,72,7.79,True
3428,68,8.397,True
3429,68,8.397,True
3430,68,8.397,True
3431,68,8.397,True
3432,68,8.397,True
3433,67,8.397,True
3434,63,9.86,True
3435,63,9.86,True
3436,63,9.935,True
3437,63,9.935,True
3438,69,9.935,True
3439,65,9.935,True
3440,65,9.935,True
3441,65,9.935,True
3442,65,9.935,True
3443,65,9.935,True
3444,68,9.935,True
3445,68,9.935,True
3446,68,9.935,True
3447,67,9.935,True
3448,69,9.935,True
3449,69,9.935,True
3450,69,9.935,True
3451,69,9.935,True
3452,67,9.935,True
3453,64,9.935,True
3454,64,9.935,True
3455,66,9.935,True
3456,67,9.935,True
3457,67,9.935,True
3458,67,9.935,True
3459,70,9.043,True
3460,67,9.935,True
3461,69,9.935,True
3462,72,9.935,True
3463,72,9.935,True
3464,68,9.935,True
3465,68,9.935,True
3466,71,9.935,True
3467,71,9.935,True
3468,72,9.935,True
3469,69,9.935,True
3470,68,9.935,True
3471,68,9.935,True
3472,70,9.935,True
3473,70,9.935,True
3474,70,9.935,True
3475,70,9.935,True
3476,67,9.935,True
3477,67,9.935,True
3478,66,9.935,True
3479,66,9.935,True
3480,66,9.935,True
3481,68,9.97,True
3482,67,9.97,True
3483,67,9.97,True
3484,67,9.97,True
3485,67,9.97,True
3486,67,9.97,True
3487,69,9.97,True
3488,71,9.97,True
3489,71,9.97,True
3490,71,9.97,True
3491,71,9.97,True
3492,70,9.97,True
3493,70,9.97,True
3494,70,9.97,True
3495,69,5.882,True
3496,67,9.2,True
3497,67,7.256,True
3498,69,7.256,True
3499,69,7.256,True
3500,69,7.256,True
3501,68,7.256,True
3502,68,7.256,True
3503,68,7.256,True
3504,68,7.256,True
3505,68,7.256,True
3506,70,9.043,True
3507,69,9.153,True
3508,69,9.153,True
3509,69,9.153,True
3510,69,9.153,True
3511,70,9.153,True
3512,70,9.153,True
3513,70,9.153,True
3514,70,9.153,True
3515,70,9.153,True
3516,69,9.2,True
3517,69,9.2,True
3518,69,9.2,True
3519,66,9.935,True
3520,63,9.935,True
3521,63,9.935,True
3522,64,9.935,True
3523,64,9.935,True
3524,65,9.935,True
3525,64,9.935,True
3526,64,9.935,True
3527,64,9.935,True
3528,64,9.935,True
3529,63,9.935,True
3530,63,9.935,True
3531,63,9.935,True
3532,63,9.935,True
3533,63,9.935,True
3534,63,9.935,True
3535,64,9.935,True
3536,64,9.935,True
3537,66,9.935,True
3538,66,9.935,True
3539,66,9.935,True
3540,66,9.935,True
3541,66,9.935,True
3542,67,9.47,True
3543,67,9.47,True
3544,66,9.47,True
3545,66,9.47,True
3546,67,9.47,True
3547,67,9.47,True
3548,67,9.47,True
3549,70,9.47,True
3550,72,9.47,True
3551,72,9.47,True
3552,72,9.47,True
3553,71,9.47,True
3554,74,9.47,True
3555,74,9.47,True
3556,73,9.47,True
3557,73,9.47,True
3558,73,9.47,True
3559,76,9.47,True
3560,76,9.47,True
3561,76,9.47,True
3562,76,9.47,True
3563,76,9.47,True
3564,74,9.027,True
3565,74,9.027,True
3566,73,9.027,True
3567,74,9.027,True
3568,74,9.027,True
3569,75,6.859,True
3570,75,6.859,True
3571,77,6.859,True
3572,76,8.493,True
3573,73,9.446,True
3574,74,9.446,True
3575,74,9.446,True
3576,77,9.446,True
3577,74,9.446,True
3578,76,8.637,True
3579,76,8.637,True
3580,80,8.637,True
3581,80,5.9,True
3582,81,5.9,True
3583,79,4.73,True
3584,75,6.253,True
3585,78,6.253,True
3586,78,6.253,True
3587,75,6.253,True
3588,73,6.253,True
3589,73,6.253,True
3590,75,5.537,True
3591,75,5.537,True
3592,75,9.2,True
3593,78,9.2,True
3594,77,7.314,True
3595,76,8.096,True
3596,76,8.096,True
3597,76,8.096,True
3598,75,7.572,True
3599,76,8.096,True
3600,76,8.096,True
3601,73,8.096,True
3602,73,8.096,True
3603,73,8.096,True
3604,75,8.096,True
3605,72,8.096,True
3606,74,7.618,True
3607,72,8.696,True
3608,70,9.745,True
3609,72,9.838,True
3610,72,9.838,True
3611,73,9.745,True
3612,75,7.256,True
3613,72,9.838,True
3614,72,9.838,True
3615,68,9.838,True
3616,68,9.838,True
3617,68,9.838,True
3618,68,9.838,True
3619,68,9.838,True
3620,68,9.838,True
3621,64,9.838,True
3622,62,9.838,True
3623,62,9.838,True
3624,64,9.838,True
3625,62,9.838,True
3626,62,9.838,True
3627,64,9.838,True
3628,64,9.838,True
3629,62,9.838,True
3630,62,9.838,True
3631,63,9.838,True
3632,63,9.838,True
3633,61,9.838,True
3634,64,9.838,True
3635,64,9.838,True
3636,64,9.838,True
3637,64,9.838,True
3638,64,9.838,True
3639,64,9.838,True
3640,64,9.838,True
3641,63,9.838,True
3642,63,9.838,True
3643,64,9.637,True
3644,64,9.057,True
3645,64,9.057,True
3646,64,9.057,True
3647,64,9.057,True
3648,64,9.057,True
3649,66,9.057,True
3650,66,9.057,True
3651,66,8.533,True
3652,66,8.455,True
3653,66,8.455,True
3654,66,8.455,True
3655,66,7.649,True
3656,66,7.649,True
3657,66,7.649,True
3658,66,7.649,True
3659,66,7.649,True
3660,66,7.649,True
3661,66,7.267,True
3662,66,7.267,True
3663,66,7.267,True
3664,64,9.948,True
3665,67,9.948,True
3666,68,9.948,True
3667,70,7.765,True
3668,70,7.765,True
3669,70,7.765,True
3670,68,9.948,True
3671,67,8.29,True
3672,67,7.765,True
3673,68,7.765,True
3674,68,7.765,True
3675,70,9.795,True
3676,70,9.795,True
3677,70,9.795,True
3678,70,9.795,True
3679,70,9.795,True
3680,70,9.795,True
3681,70,9.795,True
3682,70,9.795,True
3683,68,9.685,True
3684,68,9.685,True
3685,68,9.685,True
3686,68,9.685,True
3687,68,9.685,True
3688,68,9.685,True
3689,69,7.985,True
3690,69,7.985,True
3691,69,7.985,True
3692,69,7.985,True
3693,69,7.985,True
3694,69,7.985,True
3695,66,7.985,True
3696,66,7.985,True
3697,66,7.985,True
3698,66,7.985,True
3699,66,7.985,True
3700,66,7.985,True
3701,68,7.985,True
3702,68,7.985,True
3703,68,7.985,True
3704,70,7.283,True
3705,70,7.283,True
3706,70,7.283,True
3707,70,7.283,True
3708,72,7.283,True
3709,70,7.267,True
3710,70,7.267,True
3711,70,7.267,True
3712,70,7.267,True
3713,72,7.267,True
3714,72,7.351,True
3715,71,7.351,True
3716,71,7.351,True
3717,71,7.351,True
3718,71,7.351,True
3719,71,7.351,True
3720,69,8.887,True
3721,69,8.887,True
3722,69,8.887,True
3723,69,8.887,True
3724,70,7.819,True
3725,70,7.819,True
3726,67,7.819,True
3727,69,7.819,True
3728,69,7.819,True
3729,69,7.819,True
3730,69,7.819,True
3731,69,7.819,True
3732,69,7.819,True
3733,69,7.819,True
3734,69,7.819,True
3735,69,7.819,True
3736,69,7.819,True
3737,69,7.819,True
3738,69,7.819,True
3739,69,7.819,True
3740,69,7.819,True
3741,69,7.267,True
3742,69,7.267,True
3743,69,7.267,True
3744,69,7.267,True
3745,71,7.267,True
3746,71,7.267,True
3747,70,7.267,True
3748,68,7.267,True
3749,68,7.267,True
3750,68,7.267,True
3751,68,7.267,True
3752,68,7.267,True
3753,68,7.267,True
3754,68,7.267,True
3755,68,7.267,True
3756,71,7.267,True
3757,71,7.267,True
3758,71,7.267,True
3759,71,7.267,True
3760,71,7.267,True
3761,70,7.806,True
3762,70,7.806,True
3763,71,7.806,True
3764,71,7.806,True
3765,71,7.806,True
3766,71,7.806,True
3767,71,7.806,True
3768,71,7.806,True
3769,68,7.806,True
3770,71,7.806,True
3771,72,7.806,True
3772,72,7.806,True
3773,72,7.983,True
3774,76,7.983,True
3775,76,7.983,True
3776,75,7.806,True
3777,75,9.905,True
3778,75,9.905,True
3779,75,9.905,True
3780,75,9.905,True
3781,78,9.905,True
3782,78,9.905,True
3783,79,9.905,True
3784,79,9.905,True
3785,79,9.905,True
3786,79,9.905,True
3787,77,9.905,True
3788,77,9.905,True
3789,77,6.534,True
3790,77,6.534,True
3791,77,6.534,True
3792,77,6.534,True
3793,77,6.534,True
3794,77,6.534,True
3795,77,6.534,True
3796,77,6.534,True
3797,77,6.534,True
3798,77,8.222,True
3799,77,8.222,True
3800,72,6.168,True
3801,73,6.954,True
3802,73,6.954,True
3803,73,6.954,True
3804,73,6.954,True
3805,73,6.954,True
3806,73,6.954,True
3807,72,6.386,True
3808,72,6.386,True
3809,72,6.386,True
3810,72,6.386,True
3811,72,5.518,True
3812,72,5.518,True
3813,72,8.791,True
3814,71,8.791,True
3815,71,8.791,True
3816,71,8.791,True
3817,71,8.791,True
3818,70,8.791,True
3819,70,8.791,True
3820,70,8.791,True
3821,71,8.791,True
3822,73,8.791,True
3823,73,8.791,True
3824,72,9.159,True
3825,72,9.159,True
3826,70,9.159,True
3827,67,9.446,True
3828,68,9.678,True
3829,68,9.678,True
3830,68,9.678,True
3831,68,9.678,True
3832,69,9.678,True
3833,70,9.678,True
3834,70,9.678,True
3835,69,9.296,True
3836,70,9.296,True
3837,70,9.296,True
3838,70,9.296,True
3839,71,9.296,True
3840,69,9.775,True
3841,69,9.775,True
3842,69,9.775,True
3843,69,9.775,True
3844,70,9.775,True
3845,70,9.775,True
3846,70,6.114,True
3847,70,6.114,True
3848,70,9.159,True
3849,71,9.159,True
3850,68,9.159,True
3851,68,9.159,True
3852,67,9.159,True
3853,67,9.159,True
3854,67,9.159,True
3855,71,9.992,True
3856,74,9.992,True
3857,73,9.992,True
3858,73,9.992,True
3859,73,9.992,True
3860,73,9.992,True
3861,74,9.992,True
3862,74,9.992,True
3863,74,9.498,True
3864,74,9.498,True
3865,74,9.498,True
3866,77,9.269,True
3867,78,9.269,True
3868,75,9.249,True
3869,74,9.249,True
3870,74,9.249,True
3871,72,9.249,True
3872,68,9.159,True
3873,67,8.563,True
3874,68,8.694,True
3875,67,8.694,True
3876,67,8.694,True
3877,66,8.694,True
3878,66,8.696,True
3879,66,8.696,True
3880,68,9.65,True
3881,71,7.807,True
3882,71,7.807,True
3883,71,7.807,True
3884,73,9.367,True
3885,73,9.367,True
3886,72,9.693,True
3887,72,9.693,True
3888,72,9.693,True
3889,74,9.693,True
3890,72,9.693,True
3891,72,9.693,True
3892,69,9.693,True
3893,70,9.693,True
3894,70,9.693,True
3895,70,9.693,True
3896,70,9.693,True
3897,70,9.693,True
3898,70,9.693,True
3899,70,9.693,True
3900,72,9.367,True
3901,72,9.367,True
3902,72,9.367,True
3903,72,9.367,True
3904,70,9.693,True
3905,72,9.693,True
3906,72,9.693,True
3907,72,9.693,True
3908,72,9.693,True
3909,72,9.693,True
3910,70,9.693,True
3911,72,9.693,True
3912,72,9.693,True
3913,70,9.693,True
3914,70,9.693,True
3915,70,9.693,True
3916,75,9.693,True
3917,76,9.693,True
3918,77,8.694,True
3919,77,8.694,True
3920,77,8.694,True
3921,77,7.807,True
3922,76,7.807,True
3923,75,7.807,True
3924,75,7.807,True
3925,75,7.807,True
3926,76,7.125,True
3927,76,7.125,True
3928,76,7.125,True
3929,76,7.125,True
3930,74,9.418,True
3931,74,9.418,True
3932,74,9.418,True
3933,74,9.418,True
3934,74,9.418,True
3935,73,9.418,True
3936,75,9.418,True
3937,75,9.418,True
3938,77,7.125,True
3939,80,6.985,True
3940,78,6.973,True
3941,76,6.973,True
3942,76,9.482,True
3943,76,9.482,True
3944,77,9.482,True
3945,75,4.851,True
3946,75,4.851,True
3947,73,9.552,True
3948,75,9.552,True
3949,74,6.609,True
3950,75,8.121,True
3951,75,8.121,True
3952,74,6.609,True
3953,70,6.609,True
3954,68,8.1,True
3955,68,8.1,True
3956,67,8.1,True
3957,70,8.1,True
3958,72,7.817,True
3959,72,7.817,True
3960,69,7.193,True
3961,71,7.193,True
3962,69,7.193,True
3963,69,7.193,True
3964,69,7.193,True
3965,70,7.193,True
3966,70,7.193,True
3967,69,7.193,True
3968,69,7.193,True
3969,67,7.193,True
3970,67,6.609,True
3971,68,7.643,True
3972,68,7.643,True
3973,68,7.879,True
3974,68,7.879,True
3975,67,7.879,True
3976,67,7.879,True
3977,64,7.713,True
3978,64,7.713,True
3979,64,7.713,True
3980,65,7.882,True
3981,65,7.882,True
3982,65,9.004,True
3983,66,7.882,True
3984,66,7.882,True
3985,67,9.238,True
3986,67,9.238,True
3987,67,9.238,True
3988,68,7.882,True
3989,69,7.882,True
3990,69,7.882,True
3991,69,7.882,True
3992,69,7.882,True
3993,69,7.882,True
3994,69,7.882,True
3995,69,7.882,True
3996,72,7.871,True
3997,69,7.882,True
3998,69,7.882,True
3999,70,9.756,True
4000,67,7.882,True
4001,67,7.882,True
4002,67,7.882,True
4003,67,7.882,True
4004,68,7.882,True
4005,67,7.882,True
4006,67,7.882,True
4007,67,7.882,True
4008,68,7.882,True
4009,68,7.882,True
4010,69,7.882,True
4011,69,7.882,True
4012,68,8.954,True
4013,66,8.954,True
4014,67,8.954,True
4015,67,8.954,True
4016,67,8.954,True
4017,67,8.954,True
4018,67,8.954,True
4019,67,8.954,True
4020,67,8.954,True
4021,67,8.954,True
4022,69,8.954,True
4023,69,8.954,True
4024,69,8.954,True
4025,69,8.954,True
4026,69,8.954,True
4027,68,8.954,True
4028,68,8.954,True
4029,66,8.954,True
4030,65,8.954,True
4031,66,8.954,True
4032,66,8.954,True
4033,66,8.954,True
4034,66,8.954,True
4035,66,8.954,True
4036,66,8.954,True
4037,64,8.954,True
4038,67,7.386,True
4039,67,7.386,True
4040,67,7.386,True
4041,70,7.255,True
4042,70,7.255,True
4043,71,7.255,True
4044,67,4.829,True
4045,66,6.683,True
4046,67,6.683,True
4047,67,6.683,True
4048,67,9.757,True
4049,67,8.694,True
4050,67,8.694,True
4051,65,8.694,True
4052,65,8.694,True
4053,65,8.694,True
4054,62,8.954,True
4055,62,8.954,True
4056,64,9.099,True
4057,66,9.099,True
4058,64,9.099,True
4059,65,9.099,True
4060,65,9.099,True
4061,65,9.099,True
4062,67,9.099,True
4063,67,9.119,True
4064,67,9.886,True
4065,67,9.119,True
4066,67,9.119,True
4067,69,9.099,True
4068,69,9.099,True
4069,69,9.099,True
4070,69,9.099,True
4071,69,9.099,True
4072,70,9.099,True
4073,67,9.099,True
4074,70,9.099,True
4075,71,9.099,True
4076,68,9.099,True
4077,68,9.099,True
4078,67,9.099,True
4079,68,9.223,True
4080,69,9.223,True
4081,69,9.223,True
4082,69,9.223,True
4083,68,9.139,True
4084,68,9.139,True
4085,67,9.139,True
4086,65,9.139,True
4087,65,9.139,True
4088,66,9.298,True
4089,66,9.298,True
4090,66,9.298,True
4091,66,9.298,True
4092,66,9.298,True
4093,66,8.954,True
4094,66,8.954,True
4095,67,8.954,True
4096,67,8.954,True
4097,68,8.954,True
4098,65,9.298,True
4099,65,9.376,True
4100,67,9.376,True
4101,69,9.614,True
4102,67,9.376,True
4103,71,9.376,True
4104,71,9.376,True
4105,71,9.376,True
4106,71,9.376,True
4107,69,9.376,True
4108,71,9.376,True
4109,72,9.376,True
4110,72,9.376,True
4111,71,9.376,True
4112,74,9.51,True
4113,71,9.376,True
4114,67,9.376,True
4115,67,9.376,True
4116,67,9.376,True
4117,67,9.535,True
4118,68,9.535,True
4119,68,9.535,True
4120,67,9.376,True
4121,71,9.376,True
4122,71,9.376,True
4123,71,9.376,True
4124,71,9.376,True
4125,71,9.376,True
4126,67,9.376,True
4127,67,9.376,True
4128,67,9.376,True
4129,67,9.376,True
4130,64,9.376,True
4131,64,8.015,True
4132,65,8.015,True
4133,65,8.015,True
4134,65,8.015,True
4135,65,8.015,True
4136,70,8.015,True
4137,73,9.124,True
4138,73,9.86,True
4139,70,9.86,True
4140,70,9.86,True
4141,65,9.86,True
4142,65,8.015,True
4143,65,9.376,True
4144,65,9.86,True
4145,65,9.86,True
4146,65,9.86,True
4147,64,9.86,True
4148,65,9.86,True
4149,65,9.86,True
4150,64,9.86,True
4151,66,9.928,True
4152,66,9.86,True
4153,66,9.86,True
4154,66,9.86,True
4155,66,9.86,True
4156,66,9.86,True
4157,66,7.039,True
4158,67,6.609,True
4159,67,6.609,True
4160,68,9.027,True
4161,68,9.027,True
4162,69,9.027,True
4163,69,9.027,True
4164,69,9.027,True
4165,69,9.027,True
4166,69,9.027,True
4167,69,9.027,True
4168,68,9.027,True
4169,68,9.027,True
4170,69,6.609,True
4171,69,6.609,True
4172,70,6.609,True
4173,70,6.609,True
4174,70,6.609,True
4175,70,6.609,True
4176,68,6.609,True
4177,68,6.609,True
4178,69,8.096,True
4179,70,6.609,True
4180,71,6.927,True
4181,71,6.927,True
4182,71,8.569,True
4183,71,8.569,True
4184,71,8.569,True
4185,71,8.569,True
4186,71,7.992,True
4187,71,7.992,True
4188,72,6.609,True
4189,74,7.056,True
4190,74,7.056,True
4191,72,6.609,True
4192,72,6.609,True
4193,72,6.609,True
4194,72,6.609,True
4195,71,8.641,True
4196,70,8.641,True
4197,72,8.641,True
4198,72,8.641,True
4199,72,8.641,True
4200,70,8.641,True
4201,70,8.378,True
4202,73,6.265,True
4203,73,7.351,True
4204,72,7.351,True
4205,73,7.351,True
4206,73,7.351,True
4207,71,7.351,True
4208,71,7.351,True
4209,71,7.351,True
4210,71,7.026,True
4211,71,7.351,True
4212,71,7.351,True
4213,71,7.351,True
4214,70,9.739,True
4215,70,9.739,True
4216,70,9.739,True
4217,70,9.739,True
4218,70,9.739,True
4219,73,9.739,True
4220,71,9.739,True
4221,71,9.739,True
4222,71,9.739,True
4223,71,9.739,True
4224,70,8.196,True
4225,66,6.927,True
4226,66,6.927,True
4227,66,6.927,True
4228,66,6.927,True
4229,66,6.927,True
4230,66,8.66,True
4231,66,8.66,True
4232,67,8.66,True
4233,67,8.66,True
4234,67,6.927,True
4235,67,6.927,True
4236,69,6.609,True
4237,72,6.609,True
4238,69,6.737,True
4239,72,6.737,True
4240,69,6.737,True
4241,68,8.623,True
4242,66,8.623,True
4243,66,8.623,True
4244,67,8.623,True
4245,67,8.623,True
4246,67,8.623,True
4247,68,8.623,True
4248,68,8.623,True
4249,68,8.623,True
4250,67,8.623,True
4251,67,8.623,True
4252,66,8.623,True
4253,66,8.623,True
4254,68,7.756,True
4255,68,8.147,True
4256,68,8.147,True
4257,68,8.147,True
4258,69,6.609,True
4259,69,6.609,True
4260,70,6.609,True
4261,70,6.609,True
4262,71,6.609,True
4263,72,6.609,True
4264,70,8.147,True
4265,70,8.147,True
4266,73,8.147,True
4267,72,8.147,True
4268,71,8.147,True
4269,71,8.147,True
4270,71,8.147,True
4271,71,8.147,True
4272,70,8.147,True
4273,70,8.147,True
4274,69,8.013,True
4275,69,8.013,True
4276,71,9.395,True
4277,71,8.013,True
4278,73,9.502,True
4279,74,9.502,True
4280,74,9.806,True
4281,73,9.806,True
4282,74,9.806,True
4283,75,9.806,True
4284,74,9.806,True
4285,74,9.806,True
4286,74,9.806,True
4287,76,9.806,True
4288,75,9.806,True
4289,72,9.806,True
4290,72,9.806,True
4291,75,8.753,True
4292,71,9.004,True
4293,71,9.004,True
4294,71,9.004,True
4295,69,9.004,True
4296,69,9.004,True
4297,66,9.004,True
4298,65,9.004,True
4299,63,9.004,True
4300,63,9.004,True
4301,66,8.954,True
4302,66,8.954,True
4303,63,9.004,True
4304,63,9.004,True
4305,62,9.004,True
4306,62,9.004,True
4307,61,9.004,True
4308,62,9.004,True
4309,64,9.004,True
4310,64,9.004,True
4311,67,9.004,True
4312,67,9.004,True
4313,67,9.693,True
4314,67,9.693,True
4315,68,9.693,True
4316,69,9.693,True
4317,70,9.693,True
4318,67,9.693,True
4319,70,9.693,True
4320,70,9.693,True
4321,70,9.693,True
4322,70,9.693,True
4323,76,9.693,True
4324,71,9.693,True
4325,71,9.693,True
4326,71,9.693,True
4327,71,9.693,True
4328,71,9.693,True
4329,70,9.693,True
4330,74,9.693,True
4331,75,9.693,True
4332,75,9.693,True
4333,75,9.693,True
4334,73,9.693,True
4335,73,9.693,True
4336,73,9.693,True
4337,71,8.954,True
4338,72,8.954,True
4339,72,8.954,True
4340,73,8.954,True
4341,70,8.954,True
4342,70,8.954,True
4343,70,8.954,True
4344,71,8.954,True
4345,69,8.954,True
4346,71,8.954,True
4347,71,8.954,True
4348,70,9.795,True
4349,69,9.795,True
4350,69,9.795,True
4351,69,9.795,True
4352,69,9.795,True
4353,69,9.795,True
4354,69,9.795,True
4355,69,9.795,True
4356,71,9.795,True
4357,71,9.795,True
4358,71,9.795,True
4359,72,9.795,True
4360,69,9.795,True
4361,69,9.795,True
4362,69,9.795,True
4363,70,9.953,True
4364,68,9.953,True
4365,68,9.953,True
4366,67,9.953,True
4367,67,9.953,True
4368,67,9.953,True
4369,69,9.953,True
4370,69,9.953,True
4371,70,9.953,True
4372,70,9.953,True
4373,74,9.953,True
4374,74,9.953,True
4375,75,7.267,True
4376,71,9.2,True
4377,71,9.2,True
4378,71,9.2,True
4379,74,9.2,True
4380,74,9.2,True
4381,74,9.2,True
4382,74,9.2,True
4383,74,9.2,True
4384,74,9.2,True
4385,74,9.2,True
4386,76,9.2,True
4387,77,7.314,True
4388,77,7.314,True
4389,76,7.314,True
4390,75,8.154,True
4391,75,8.154,True
4392,75,8.154,True
4393,75,8.154,True
4394,73,8.154,True
4395,79,8.154,True
4396,79,8.154,True
4397,79,8.154,True
4398,79,8.154,True
4399,79,8.154,True
4400,79,8.154,True
4401,83,8.19,True
4402,83,8.19,True
4403,83,8.19,True
4404,83,8.19,True
4405,83,8.19,True
4406,83,8.19,True
4407,80,8.19,True
4408,74,8.19,True
4409,74,8.19,True
4410,74,8.19,True
4411,74,8.19,True
4412,74,8.19,True
4413,70,8.154,True
4414,70,8.154,True
4415,67,9.314,True
4416,72,8.154,True
4417,72,8.154,True
4418,72,8.154,True
4419,76,7.063,True
4420,73,6.812,True
4421,73,6.812,True
4422,73,6.812,True
4423,73,6.812,True
4424,71,8.167,True
4425,70,8.954,True
4426,70,8.954,True
4427,68,8.954,True
4428,68,8.954,True
4429,68,8.954,True
4430,70,6.114,True
4431,70,6.114,True
4432,70,6.114,True
4433,70,6.114,True
4434,72,6.22,True
4435,72,6.22,True
4436,73,7.403,True
4437,73,7.403,True
4438,74,8.305,True
4439,74,9.139,True
4440,74,9.139,True
4441,74,9.139,True
4442,73,9.139,True
4443,73,9.139,True
4444,75,9.139,True
4445,71,9.139,True
4446,70,9.139,True
4447,72,7.486,True
4448,70,9.139,True
4449,70,9.139,True
4450,70,9.139,True
4451,68,9.139,True
4452,68,9.688,True
4453,68,9.688,True
4454,69,9.688,True
4455,68,9.931,True
4456,67,9.931,True
4457,67,9.931,True
4458,67,9.931,True
4459,67,9.931,True
4460,67,9.931,True
4461,67,9.931,True
4462,67,9.931,True
4463,67,9.931,True
4464,67,9.931,True
4465,67,9.931,True
4466,63,9.931,True
4467,63,9.931,True
4468,63,9.931,True
4469,63,9.931,True
4470,67,8.659,True
4471,70,9.583,True
4472,66,9.583,True
4473,66,9.583,True
4474,65,9.583,True
4475,62,8.659,True
4476,68,8.659,True
4477,68,8.659,True
4478,68,8.659,True
4479,68,8.659,True
4480,67,8.659,True
4481,62,8.659,True
4482,62,8.912,True
4483,62,8.912,True
4484,62,8.912,True
4485,62,8.912,True
4486,62,8.912,True
4487,62,8.912,True
4488,62,8.912,True
4489,62,8.912,True
4490,63,8.912,True
4491,63,8.912,True
4492,63,8.912,True
4493,63,8.912,True
4494,62,8.912,True
4495,63,8.694,True
4496,62,9.627,True
4497,66,9.627,True
4498,66,9.627,True
4499,68,9.627,True
4500,68,9.627,True
4501,67,9.627,True
4502,67,9.627,True
4503,67,9.627,True
4504,69,9.627,True
4505,67,9.627,True
4506,68,9.627,True
4507,67,9.675,True
4508,68,9.675,True
4509,73,9.675,True
4510,73,9.675,True
4511,74,9.627,True
4512,77,9.627,True
4513,76,9.627,True
4514,76,9.627,True
4515,75,9.066,True
4516,75,9.066,True
4517,68,9.066,True
4518,68,9.066,True
4519,68,9.066,True
4520,67,7.749,True
4521,67,7.749,True
4522,66,7.749,True
4523,66,7.749,True
4524,68,7.749,True
4525,68,7.749,True
4526,69,7.749,True
4527,69,7.749,True
4528,71,8.669,True
4529,71,8.669,True
4530,70,7.749,True
4531,70,7.749,True
4532,70,7.749,True
4533,67,7.749,True
4534,64,8.348,True
4535,66,8.348,True
4536,65,8.348,True
4537,69,7.721,True
4538,69,7.721,True
4539,69,7.721,True
4540,69,7.721,True
4541,69,7.721,True
4542,69,7.721,True
4543,69,7.721,True
4544,67,7.749,True
4545,67,7.749,True
4546,67,7.749,True
4547,67,7.749,True
4548,67,7.749,True
4549,68,7.749,True
4550,69,7.749,True
4551,69,7.749,True
4552,69,7.749,True
4553,69,7.749,True
4554,69,7.038,True
4555,69,7.038,True
4556,71,9.07,True
4557,71,9.07,True
4558,70,9.07,True
4559,70,9.07,True
4560,74,9.07,True
4561,75,9.07,True
4562,75,9.07,True
4563,73,4.92,True
4564,73,4.92,True
4565,73,4.92,True
4566,69,5.593,True
4567,68,5.593,True
4568,68,5.593,True
4569,73,5.738,True
4570,73,5.738,True
4571,72,8.348,True
4572,72,8.348,True
4573,72,8.348,True
4574,73,8.348,True
4575,68,8.348,True
4576,68,8.348,True
4577,69,8.348,True
4578,69,8.348,True
4579,68,8.348,True
4580,68,8.348,True
4581,68,8.348,True
4582,68,8.348,True
4583,68,8.348,True
4584,66,8.348,True
4585,67,7.749,True
4586,67,6.609,True
4587,67,6.609,True
4588,67,6.609,True
4589,67,6.609,True
4590,67,6.609,True
4591,67,6.609,True
4592,69,6.609,True
4593,66,6.689,True
4594,66,6.689,True
4595,66,6.689,True
4596,66,6.689,True
4597,65,8.583,True
4598,65,8.583,True
4599,65,8.583,True
4600,65,8.583,True
4601,65,8.583,True
4602,65,8.583,True
4603,61,7.242,True
4604,65,9.067,True
4605,65,9.067,True
4606,65,9.067,True
4607,65,9.067,True
4608,67,8.153,True
4609,65,8.153,True
4610,65,8.153,True
4611,65,7.478,True
4612,68,8.172,True
4613,68,8.172,True
4614,67,8.172,True
4615,68,8.312,True
4616,68,8.312,True
4617,67,6.609,True
4618,67,6.427,True
4619,67,6.609,True
4620,67,6.427,True
4621,66,6.427,True
4622,66,8.725,True
4623,66,8.725,True
4624,64,7.113,True
4625,65,8.312,True
4626,65,8.312,True
4627,62,8.312,True
4628,64,8.312,True
4629,68,8.24,True
4630,67,8.24,True
4631,68,8.24,True
4632,68,8.24,True
4633,73,8.24,True
4634,73,8.24,True
4635,73,8.24,True
4636,73,8.24,True
4637,66,8.744,True
4638,67,8.24,True
4639,67,8.24,True
4640,67,8.24,True
4641,67,8.24,True
4642,68,7.642,True
4643,70,7.642,True
4644,65,7.642,True
4645,63,7.642,True
4646,63,7.642,True
4647,63,7.642,True
4648,62,9.939,True
4649,62,9.939,True
4650,64,9.939,True
4651,64,9.939,True
4652,60,9.939,True
4653,64,9.939,True
4654,60,9.939,True
4655,60,6.253,True
4656,60,6.253,True
4657,59,6.253,True
4658,59,6.253,True
4659,59,6.253,True
4660,59,6.253,True
4661,60,6.253,True
4662,62,6.253,True
4663,62,6.253,True
4664,62,6.253,True
4665,65,8.119,True
4666,65,8.119,True
4667,67,6.253,True
4668,67,6.253,True
4669,68,5.443,True
4670,66,8.119,True
4671,65,8.119,True
4672,64,6.522,True
4673,67,6.522,True
4674,66,6.522,True
4675,68,7.056,True
4676,69,7.056,True
4677,70,7.056,True
4678,69,7.056,True
4679,71,8.164,True
4680,71,8.164,True
4681,73,8.164,True
4682,74,8.164,True
4683,74,8.164,True
4684,74,8.164,True
4685,73,6.551,True
4686,73,6.942,True
4687,73,6.942,True
4688,69,6.942,True
4689,69,6.942,True
4690,65,6.942,True
4691,65,6.942,True
4692,65,6.942,True
4693,65,6.942,True
4694,65,6.551,True
4695,65,8.771,True
4696,65,8.771,True
4697,66,8.771,True
4698,66,8.771,True
4699,64,8.771,True
4700,64,7.98,True
4701,64,7.98,True
4702,64,7.98,True
4703,64,7.98,True
4704,64,7.98,True
4705,64,7.98,True
4706,63,8.928,True
4707,63,8.928,True
4708,62,8.928,True
4709,62,8.928,True
4710,62,8.928,True
4711,63,8.928,True
4712,64,8.928,True
4713,64,8.928,True
4714,63,7.832,True
4715,63,7.832,True
4716,64,8.928,True
4717,64,8.928,True
4718,64,7.155,True
4719,64,7.155,True
4720,64,7.038,True
4721,64,7.038,True
4722,64,7.038,True
4723,64,7.038,True
4724,64,7.038,True
4725,64,7.038,True
4726,64,7.038,True
4727,64,7.038,True
4728,64,7.038,True
4729,64,7.038,True
4730,64,7.038,True
4731,62,7.038,True
4732,64,7.121,True
4733,62,8.744,True
4734,62,7.038,True
4735,62,7.038,True
4736,63,7.038,True
4737,63,7.038,True
4738,66,7.038,True
4739,66,7.038,True
4740,66,7.038,True
4741,66,7.038,True
4742,66,7.038,True
4743,66,9.915,True
4744,64,7.038,True
4745,64,7.56,True
4746,64,7.56,True
4747,64,7.56,True
4748,62,7.038,True
4749,62,7.038,True
4750,62,7.038,True
4751,66,9.14,True
4752,66,9.14,True
4753,66,7.481,True
4754,66,7.481,True
4755,66,7.481,True
4756,61,7.038,True
4757,61,7.038,True
4758,62,7.038,True
4759,62,7.038,True
4760,62,7.038,True
4761,60,9.363,True
4762,62,9.363,True
4763,62,9.363,True
4764,66,9.363,True
4765,66,9.363,True
4766,66,9.363,True
4767,66,9.363,True
4768,66,9.363,True
4769,66,9.363,True
4770,67,9.363,True
4771,67,9.363,True
4772,67,9.363,True
4773,65,9.363,True
4774,65,9.363,True
4775,65,9.363,True
4776,64,9.363,True
4777,64,9.363,True
4778,66,9.363,True
4779,66,9.363,True
4780,68,9.363,True
4781,66,9.363,True
4782,69,7.726,True
4783,69,7.726,True
4784,69,7.726,True
4785,69,7.726,True
4786,68,7.726,True
4787,67,7.726,True
4788,67,7.726,True
4789,67,7.726,True
4790,67,7.726,True
4791,67,7.726,True
4792,69,7.726,True
4793,69,7.726,True
4794,69,7.726,True
4795,69,7.726,True
4796,69,7.038,True
4797,68,7.038,True
4798,68,7.038,True
4799,66,7.038,True
4800,66,7.038,True
4801,66,7.038,True
4802,63,8.954,True
4803,63,8.954,True
4804,64,8.954,True
4805,64,8.954,True
4806,64,8.954,True
4807,64,8.954,True
4808,64,8.954,True
4809,64,8.954,True
4810,64,8.954,True
4811,64,8.954,True
4812,63,9.289,True
4813,63,9.289,True
4814,63,9.289,True
4815,64,9.289,True
4816,64,9.289,True
4817,62,9.268,True
4818,61,9.268,True
4819,61,9.268,True
4820,61,9.268,True
4821,61,9.268,True
4822,63,7.038,True
4823,63,7.038,True
4824,63,7.038,True
4825,65,9.456,True
4826,65,9.456,True
4827,64,9.456,True
4828,65,9.456,True
4829,66,9.456,True
4830,66,9.456,True
4831,64,8.994,True
4832,64,8.994,True
4833,66,8.994,True
4834,67,7.812,True
4835,68,7.812,True
4836,68,7.812,True
4837,67,8.994,True
4838,66,7.812,True
4839,70,7.812,True
4840,70,7.812,True
4841,71,6.954,True
4842,71,6.954,True
4843,71,6.954,True
4844,68,9.114,True
4845,65,9.114,True
4846,65,9.114,True
4847,64,6.954,True
4848,64,6.954,True
4849,64,6.954,True
4850,64,6.954,True
4851,64,6.954,True
4852,64,6.14,True
4853,64,6.14,True
4854,66,7.359,True
4855,66,7.359,True
4856,66,7.359,True
4857,66,7.359,True
4858,66,7.359,True
4859,66,7.359,True
4860,66,7.359,True
4861,66,7.359,True
4862,66,7.359,True
4863,66,7.359,True
4864,66,7.359,True
4865,66,7.359,True
4866,66,7.359,True
4867,66,7.359,True
4868,67,7.359,True
4869,63,6.603,True
4870,65,7.155,True
4871,66,9.003,True
4872,67,9.003,True
4873,67,9.003,True
4874,67,9.003,True
4875,67,9.003,True
4876,65,9.003,True
4877,65,9.003,True
4878,66,7.494,True
4879,65,7.494,True
4880,65,7.494,True
4881,65,7.494,True
4882,65,7.494,True
4883,67,7.494,True
4884,68,7.494,True
4885,68,7.494,True
4886,68,7.494,True
4887,67,9.003,True
4888,67,9.003,True
4889,66,9.003,True
4890,66,9.003,True
4891,66,9.003,True
4892,66,9.003,True
4893,66,9.003,True
4894,65,9.003,True
4895,64,9.363,True
4896,64,9.363,True
4897,67,9.782,True
4898,64,9.363,True
4899,63,9.363,True
4900,63,9.363,True
4901,63,9.363,True
4902,63,9.363,True
4903,62,9.363,True
4904,62,9.363,True
4905,63,9.363,True
4906,64,9.363,True
4907,63,9.363,True
4908,62,9.363,True
4909,62,9.363,True
4910,62,9.363,True
4911,62,9.363,True
4912,62,9.363,True
4913,63,9.363,True
4914,63,9.363,True
4915,63,9.601,True
4916,64,9.601,True
4917,64,9.601,True
4918,64,9.601,True
4919,66,9.601,True
4920,66,9.601,True
4921,66,9.601,True
4922,66,9.601,True
4923,68,9.363,True
4924,68,9.363,True
4925,68,9.363,True
4926,68,9.363,True
4927,68,9.363,True
4928,71,9.651,True
4929,71,9.651,True
4930,71,9.651,True
4931,73,9.651,True
4932,73,9.651,True
4933,71,9.651,True
4934,68,9.099,True
4935,67,9.099,True
4936,67,9.099,True
4937,74,9.135,True
4938,74,9.135,True
4939,74,9.135,True
4940,74,9.135,True
4941,73,9.099,True
4942,80,9.099,True
4943,82,9.099,True
4944,81,9.099,True
4945,78,9.099,True
4946,76,9.099,True
4947,73,9.099,True
4948,72,9.099,True
4949,71,9.099,True
4950,71,9.099,True
4951,71,9.099,True
4952,71,9.338,True
4953,71,9.338,True
4954,71,9.338,True
4955,71,9.338,True
4956,72,9.338,True
4957,71,9.338,True
4958,71,9.338,True
4959,71,9.338,True
4960,71,9.338,True
4961,71,9.338,True
4962,71,9.338,True
4963,71,9.338,True
4964,71,9.338,True
4965,71,9.338,True
4966,72,9.338,True
4967,74,9.338,True
4968,74,9.338,True
4969,75,9.338,True
4970,75,9.338,True
4971,75,9.338,True
4972,75,9.338,True
4973,75,9.338,True
4974,75,9.338,True
4975,76,9.338,True
4976,76,9.338,True
4977,77,9.338,True
4978,77,9.338,True
4979,77,9.338,True
4980,77,9.338,True
4981,76,9.338,True
4982,76,9.338,True
4983,78,9.338,True
4984,78,9.338,True
4985,78,9.338,True
4986,78,9.338,True
4987,76,9.601,True
4988,76,9.601,True
4989,76,9.601,True
4990,75,9.601,True
4991,75,9.601,True
4992,76,9.601,True
4993,77,9.601,True
4994,77,9.601,True
4995,77,9.601,True
4996,77,9.601,True
4997,76,9.601,True
4998,76,9.601,True
4999,77,9.601,True
5000,77,9.601,True
5001,77,9.601,True
5002,76,9.601,True
5003,76,9.601,True
5004,74,9.601,True
5005,74,9.601,True
5006,71,9.601,True
5007,71,9.601,True
5008,73,9.099,True
5009,73,9.099,True
5010,75,8.954,True
5011,77,8.954,True
5012,77,8.954,True
5013,76,9.604,True
5014,76,9.604,True
5015,76,9.604,True
5016,74,9.604,True
5017,71,9.521,True
5018,68,9.521,True
5019,65,9.521,True
5020,65,9.521,True
5021,65,9.521,True
5022,65,9.521,True
5023,65,9.521,True
5024,65,9.521,True
5025,65,9.521,True
5026,65,9.935,True
5027,65,9.935,True
5028,65,9.935,True
5029,66,9.935,True
5030,67,9.935,True
5031,67,9.935,True
5032,68,9.935,True
5033,67,9.935,True
5034,67,9.935,True
5035,65,9.815,True
5036,63,9.815,True
5037,63,9.815,True
5038,63,9.815,True
5039,63,9.815,True
5040,64,9.815,True
5041,64,9.815,True
5042,63,9.815,True
5043,64,8.954,True
5044,64,8.954,True
5045,64,8.954,True
5046,64,8.954,True
5047,64,8.954,True
5048,68,9.222,True
5049,68,9.222,True
5050,70,9.222,True
5051,70,8.744,True
5052,70,8.744,True
5053,70,6.274,True
5054,70,6.274,True
5055,70,6.274,True
5056,70,6.274,True
5057,71,6.274,True
5058,69,6.274,True
5059,69,6.985,True
5060,68,6.477,True
5061,65,5.62,True
5062,65,5.62,True
5063,65,5.62,True
5064,65,5.62,True
5065,65,5.62,True
5066,65,5.62,True
5067,65,5.62,True
5068,66,5.921,True
5069,66,7.267,True
5070,68,7.267,True
5071,67,7.267,True
5072,65,7.267,True
5073,65,7.267,True
5074,65,7.267,True
5075,65,7.267,True
5076,65,6.927,True
5077,65,6.927,True
5078,67,5.877,True
5079,71,6.741,True
5080,71,6.741,True
5081,73,6.741,True
5082,72,6.741,True
5083,70,6.34,True
5084,70,6.34,True
5085,67,9.223,True
5086,67,9.223,True
5087,68,9.223,True
5088,67,9.883,True
5089,67,9.883,True
5090,68,9.883,True
5091,66,9.883,True
5092,66,9.883,True
5093,67,9.883,True
5094,67,9.883,True
5095,71,9.883,True
5096,70,9.883,True
5097,70,9.883,True
5098,70,9.883,True
5099,71,9.298,True
5100,74,9.298,True
5101,72,9.298,True
5102,72,9.298,True
5103,65,9.748,True
5104,66,9.748,True
5105,66,9.748,True
5106,67,9.867,True
5107,67,9.867,True
5108,67,9.867,True
5109,67,9.867,True
5110,67,9.867,True
5111,67,9.867,True
5112,67,9.867,True
5113,67,9.867,True
5114,66,9.867,True
5115,66,9.867,True
5116,68,9.481,True
5117,68,9.481,True
5118,68,9.481,True
5119,68,9.481,True
5120,68,9.481,True
5121,65,9.481,True
5122,65,9.481,True
5123,61,9.394,True
5124,61,9.363,True
5125,65,9.004,True
5126,65,9.004,True
5127,70,9.004,True
5128,70,9.004,True
5129,70,9.004,True
5130,64,9.004,True
5131,64,9.004,True
5132,64,9.004,True
5133,64,9.004,True
5134,62,9.798,True
5135,61,9.363,True
5136,61,9.363,True
5137,65,9.004,True
5138,65,9.004,True
5139,65,9.004,True
5140,67,8.781,True
5141,75,8.781,True
5142,70,8.781,True
5143,70,8.781,True
5144,68,8.781,True
5145,67,7.246,True
5146,66,6.506,True
5147,69,8.519,True
5148,68,8.519,True
5149,69,8.519,True
5150,71,8.519,True
5151,71,8.519,True
5152,71,7.622,True
5153,71,7.622,True
5154,71,8.519,True
5155,71,7.622,True
5156,71,7.622,True
5157,71,7.351,True
5158,71,7.351,True
5159,70,4.867,True
5160,74,4.867,True
5161,74,4.867,True
5162,72,9.829,True
5163,72,9.829,True
5164,72,9.829,True
5165,75,6.954,True
5166,76,9.062,True
5167,76,9.062,True
5168,69,9.062,True
5169,68,9.062,True
5170,68,9.062,True
5171,68,9.26,True
5172,68,9.26,True
5173,68,9.062,True
5174,68,9.062,True
5175,70,9.062,True
5176,69,9.062,True
5177,64,9.351,True
5178,64,9.351,True
5179,64,9.062,True
5180,66,9.062,True
5181,65,7.806,True
5182,67,7.806,True
5183,67,7.806,True
5184,67,7.806,True
5185,68,7.806,True
5186,68,7.806,True
5187,70,7.806,True
5188,70,5.641,True
5189,69,4.483,True
5190,73,8.641,True
5191,71,8.641,True
5192,73,8.641,True
5193,72,9.481,True
5194,73,9.481,True
5195,71,9.481,True
5196,66,9.481,True
5197,66,9.004,True
5198,66,9.004,True
5199,66,9.004,True
5200,66,9.004,True
5201,66,9.004,True
5202,69,9.004,True
5203,73,7.4,True
5204,71,7.596,True
5205,70,7.596,True
5206,72,7.067,True
5207,68,9.004,True
5208,68,9.004,True
5209,69,9.004,True
5210,69,9.004,True
5211,69,9.004,True
5212,69,9.004,True
5213,69,9.004,True
5214,69,9.004,True
5215,69,9.004,True
5216,69,9.004,True
5217,68,9.004,True
5218,68,9.004,True
5219,68,9.004,True
5220,68,9.004,True
5221,69,9.223,True
5222,68,9.004,True
5223,68,9.004,True
5224,68,9.004,True
5225,66,9.004,True
5226,64,9.481,True
5227,66,9.481,True
5228,68,9.481,True
5229,68,9.481,True
5230,66,9.481,True
5231,66,6.902,True
5232,66,6.902,True
5233,67,6.902,True
5234,64,6.902,True
5235,64,7.351,True
5236,64,7.351,True
5237,64,7.351,True
5238,64,7.351,True
5239,65,7.806,True
5240,65,7.806,True
5241,65,7.806,True
5242,68,7.806,True
5243,68,7.806,True
5244,71,7.987,True
5245,71,7.987,True
5246,68,7.806,True
5247,68,7.806,True
5248,68,7.806,True
5249,68,8.771,True
5250,68,8.771,True
5251,68,8.771,True
5252,68,8.771,True
5253,71,8.771,True
5254,71,8.771,True
5255,68,8.771,True
5256,71,9.342,True
5257,68,7.806,True
5258,68,7.806,True
5259,68,7.806,True
5260,69,7.806,True
5261,73,8.215,True
5262,72,8.215,True
5263,72,8.73,True
5264,71,8.73,True
5265,71,8.73,True
5266,69,7.806,True
5267,70,7.806,True
5268,70,7.806,True
5269,70,7.806,True
5270,70,7.806,True
5271,69,7.036,True
5272,69,7.036,True
5273,67,5.921,True
5274,69,5.921,True
5275,72,5.921,True
5276,69,6.254,True
5277,70,6.254,True
5278,73,5.921,True
5279,71,5.921,True
5280,67,5.921,True
5281,68,7.344,True
5282,68,7.344,True
5283,68,7.344,True
5284,72,7.256,True
5285,72,5.921,True
5286,72,5.921,True
5287,72,7.806,True
5288,72,7.806,True
5289,72,7.806,True
5290,72,7.806,True
5291,72,7.806,True
5292,72,7.806,True
5293,70,7.806,True
5294,65,7.806,True
5295,65,7.806,True
5296,65,7.806,True
5297,66,7.806,True
5298,66,7.806,True
5299,66,7.806,True
5300,66,7.806,True
5301,66,7.806,True
5302,67,7.806,True
5303,67,7.806,True
5304,67,7.806,True
5305,67,9.883,True
5306,68,9.883,True
5307,71,9.883,True
5308,69,9.883,True
5309,73,9.883,True
5310,73,9.883,True
5311,73,9.883,True
5312,74,9.883,True
5313,73,9.883,True
5314,75,9.883,True
5315,73,9.883,True
5316,74,8.279,True
5317,74,8.279,True
5318,75,8.279,True
5319,74,7.806,True
5320,74,7.806,True
5321,72,8.601,True
5322,70,7.806,True
5323,70,7.806,True
5324,70,7.806,True
5325,70,9.775,True
5326,70,9.775,True
5327,69,9.775,True
5328,66,9.897,True
5329,66,9.897,True
5330,66,9.897,True
5331,66,9.897,True
5332,66,9.897,True
5333,66,9.897,True
5334,69,9.3,True
5335,67,9.3,True
5336,67,9.3,True
5337,68,9.3,True
5338,68,9.3,True
5339,67,9.3,True
5340,65,9.3,True
5341,65,9.3,True
5342,65,8.76,True
5343,68,8.76,True
5344,68,8.76,True
5345,68,8.76,True
5346,66,8.76,True
5347,66,8.76,True
5348,66,8.76,True
5349,64,8.76,True
5350,64,8.76,True
5351,64,8.76,True
5352,64,8.76,True
5353,64,9.775,True
5354,64,9.775,True
5355,64,9.775,True
5356,64,9.775,True
5357,64,9.775,True
5358,64,9.775,True
5359,64,9.775,True
5360,64,9.775,True
5361,64,9.775,True
5362,64,9.775,True
5363,64,9.775,True
5364,66,9.382,True
5365,66,9.382,True
5366,66,9.382,True
5367,64,9.3,True
5368,65,9.3,True
5369,66,9.3,True
5370,72,9.3,True
5371,72,9.3,True
5372,67,9.601,True
5373,72,9.601,True
5374,72,9.601,True
5375,72,9.601,True
5376,71,9.3,True
5377,70,9.3,True
5378,70,9.3,True
5379,70,9.3,True
5380,70,9.634,True
5381,70,9.634,True
5382,69,9.3,True
5383,70,9.3,True
5384,70,9.3,True
5385,70,9.3,True
5386,70,9.3,True
5387,70,9.3,True
5388,68,6.444,True
5389,68,6.444,True
5390,68,9.027,True
5391,67,6.859,True
5392,67,6.859,True
5393,68,7.256,True
5394,69,8.225,True
5395,69,8.225,True
5396,69,7.256,True
5397,69,7.256,True
5398,69,7.256,True
5399,69,7.256,True
5400,69,7.256,True
5401,73,7.999,True
5402,73,7.999,True
5403,73,8.225,True
5404,73,8.225,True
5405,75,8.225,True
5406,74,8.744,True
5407,70,8.744,True
5408,68,8.744,True
5409,68,8.744,True
5410,68,8.744,True
5411,68,8.744,True
5412,69,8.744,True
5413,69,8.744,True
5414,72,8.744,True
5415,72,8.744,True
5416,71,8.744,True
5417,71,8.744,True
5418,73,8.744,True
5419,70,8.744,True
5420,71,8.744,True
5421,69,8.744,True
5422,69,8.744,True
5423,71,8.696,True
5424,76,8.696,True
5425,76,8.696,True
5426,76,8.696,True
5427,76,8.696,True
5428,76,8.696,True
5429,77,6.444,True
5430,71,6.444,True
5431,71,6.444,True
5432,71,6.444,True
5433,71,6.444,True
5434,77,6.444,True
5435,77,6.444,True
5436,76,6.444,True
5437,71,6.444,True
5438,72,6.444,True
5439,71,6.444,True
5440,70,7.717,True
5441,69,7.49,True
5442,69,7.49,True
5443,69,6.291,True
5444,69,6.291,True
5445,69,6.291,True
5446,69,6.291,True
5447,69,9.422,True
5448,70,9.422,True
5449,70,9.422,True
5450,70,9.422,True
5451,70,6.291,True
5452,68,6.942,True
5453,73,6.942,True
5454,71,9.3,True
5455,71,9.3,True
5456,73,9.3,True
5457,73,9.3,True
5458,74,9.431,True
5459,74,9.431,True
5460,74,9.431,True
5461,71,9.3,True
5462,69,9.897,True
5463,71,9.3,True
5464,71,9.3,True
5465,71,9.3,True
5466,73,8.76,True
5467,72,8.76,True
5468,72,8.76,True
5469,75,6.642,True
5470,75,6.642,True
5471,75,6.642,True
5472,73,8.305,True
5473,68,8.305,True
5474,68,8.305,True
5475,69,8.305,True
5476,71,8.76,True
5477,71,8.76,True
5478,70,8.76,True
5479,70,8.76,True
5480,72,8.76,True
5481,72,8.993,True
5482,72,8.993,True
5483,70,8.993,True
5484,68,9.897,True
5485,68,9.897,True
5486,72,9.897,True
5487,69,9.897,True
5488,67,9.897,True
5489,67,9.897,True
5490,68,9.897,True
5491,68,9.897,True
5492,68,9.897,True
5493,67,9.897,True
5494,66,9.897,True
5495,66,9.897,True
5496,66,9.897,True
5497,66,9.897,True
5498,66,9.897,True
5499,66,9.897,True
5500,66,9.897,True
5501,66,9.897,True
5502,65,9.897,True
5503,65,9.897,True
5504,65,9.897,True
5505,67,7.953,True
5506,67,7.953,True
5507,67,7.953,True
5508,67,7.953,True
5509,67,7.953,True
5510,67,7.953,True
5511,69,7.953,True
5512,69,9.838,True
5513,73,9.838,True
5514,73,9.838,True
5515,72,7.794,True
5516,72,7.794,True
5517,73,7.794,True
5518,77,5.582,True
5519,77,6.302,True
5520,78,5.582,True
5521,77,6.302,True
5522,75,9.601,True
5523,70,9.601,True
5524,70,9.601,True
5525,72,6.72,True
5526,72,6.72,True
5527,72,6.72,True
5528,72,5.582,True
5529,72,5.582,True
5530,73,5.582,True
5531,73,5.582,True
5532,73,5.582,True
5533,73,5.582,True
5534,74,5.582,True
5535,74,5.582,True
5536,76,8.87,True
5537,74,5.582,True
5538,74,5.582,True
5539,72,5.582,True
5540,71,7.255,True
5541,74,6.621,True
5542,74,7.24,True
5543,73,9.984,True
5544,72,5.582,True
5545,72,5.582,True
5546,71,8.432,True
5547,71,8.432,True
5548,71,8.744,True
5549,69,8.744,True
5550,69,8.744,True
5551,71,8.744,True
5552,70,8.744,True
5553,70,8.744,True
5554,73,8.744,True
5555,73,8.744,True
5556,72,8.744,True
5557,71,8.744,True
5558,71,8.744,True
5559,71,8.744,True
5560,73,9.409,True
5561,73,9.409,True
5562,72,8.744,True
5563,76,7.513,True
5564,76,7.513,True
5565,76,7.513,True
5566,76,7.513,True
5567,77,7.513,True
5568,76,8.83,True
5569,76,8.83,True
5570,76,8.2,True
5571,72,8.744,True
5572,74,8.744,True
5573,74,8.744,True
5574,74,8.744,True
5575,72,8.744,True
5576,74,8.744,True
5577,74,8.744,True
5578,75,8.744,True
5579,75,8.744,True
5580,75,8.744,True
5581,74,8.744,True
5582,72,8.744,True
5583,74,8.744,True
5584,74,9.939,True
5585,73,9.939,True
5586,73,9.939,True
5587,73,9.939,True
5588,73,9.939,True
5589,72,9.939,True
5590,71,9.939,True
5591,71,9.939,True
5592,70,9.939,True
5593,70,9.939,True
5594,71,9.939,True
5595,71,9.939,True
5596,71,9.939,True
5597,71,9.939,True
5598,71,9.939,True
5599,74,9.939,True
5600,73,9.261,True
5601,73,9.261,True
5602,73,9.261,True
5603,73,9.261,True
5604,74,9.261,True
5605,74,9.261,True
5606,74,9.261,True
5607,74,9.261,True
5608,76,9.221,True
5609,76,9.221,True
5610,76,9.221,True
5611,76,9.221,True
5612,73,7.879,True
5613,74,7.879,True
5614,72,9.31,True
5615,72,9.31,True
5616,71,9.31,True
5617,72,9.31,True
5618,72,9.31,True
5619,72,9.31,True
5620,74,9.08,True
5621,72,5.582,True
5622,74,6.732,True
5623,74,6.732,True
5624,73,5.582,True
5625,71,8.24,True
5626,71,8.24,True
5627,71,6.626,True
5628,71,9.939,True
5629,71,9.939,True
5630,69,9.939,True
5631,69,9.939,True
5632,69,9.939,True
5633,70,9.939,True
5634,72,9.939,True
5635,72,9.939,True
5636,72,9.939,True
5637,67,9.939,True
5638,65,9.939,True
5639,64,9.939,True
5640,64,9.897,True
5641,64,9.897,True
5642,64,9.897,True
5643,64,9.897,True
5644,64,9.897,True
5645,67,9.897,True
5646,67,9.939,True
5647,67,9.939,True
5648,67,9.939,True
5649,67,9.939,True
5650,67,9.897,True
5651,68,9.897,True
5652,68,9.31,True
5653,68,9.31,True
5654,68,9.31,True
5655,68,9.897,True
5656,69,9.31,True
5657,69,9.31,True
5658,68,9.31,True
5659,69,9.31,True
5660,72,9.31,True
5661,74,9.31,True
5662,74,9.31,True
5663,74,9.31,True
5664,75,9.31,True
5665,75,9.31,True
5666,75,9.31,True
5667,77,8.749,True
5668,76,8.749,True
5669,76,8.749,True
5670,76,8.749,True
5671,76,9.942,True
5672,74,9.942,True
5673,74,7.071,True
5674,76,6.819,True
5675,76,6.819,True
5676,77,7.52,True
5677,77,7.52,True
5678,76,6.819,True
5679,73,6.819,True
5680,73,6.819,True
5681,75,9.915,True
5682,75,9.915,True
5683,75,9.915,True
5684,76,9.915,True
5685,81,9.915,True
5686,80,9.915,True
5687,80,9.915,True
5688,81,9.915,True
5689,81,9.915,True
5690,80,9.915,True
5691,77,9.915,True
5692,77,9.915,True
5693,77,9.915,True
5694,75,7.737,True
5695,76,7.737,True
5696,76,7.737,True
5697,74,6.366,True
5698,74,6.366,True
5699,74,8.714,True
5700,74,8.714,True
5701,74,6.366,True
5702,74,6.366,True
5703,73,6.366,True
5704,73,6.366,True
5705,71,6.366,True
5706,72,8.714,True
5707,73,6.366,True
5708,73,6.366,True
5709,73,6.366,True
5710,72,5.269,True
5711,74,7.155,True
5712,73,7.155,True
5713,74,7.155,True
5714,74,7.155,True
5715,74,7.155,True
5716,74,7.155,True
5717,74,7.155,True
5718,74,7.155,True
5719,71,7.155,True
5720,71,7.155,True
5721,71,7.155,True
5722,71,7.155,True
5723,71,7.155,True
5724,70,7.155,True
5725,70,7.155,True
5726,70,7.155,True
5727,70,7.155,True
5728,67,7.494,True
5729,69,9.617,True
5730,69,9.617,True
5731,69,9.617,True
5732,72,9.617,True
5733,72,9.617,True
5734,74,8.902,True
5735,74,8.902,True
5736,74,9.381,True
5737,74,9.381,True
5738,74,9.381,True
5739,80,8.477,True
5740,80,8.477,True
5741,78,8.477,True
5742,75,8.477,True
5743,73,8.477,True
5744,72,8.477,True
5745,72,8.477,True
5746,72,8.477,True
5747,72,8.477,True
5748,72,8.477,True
5749,67,7.147,True
5750,66,7.136,True
5751,66,7.136,True
5752,67,7.147,True
5753,68,7.147,True
5754,68,9.298,True
5755,68,9.298,True
5756,68,9.298,True
5757,68,9.298,True
5758,68,9.298,True
5759,68,9.298,True
5760,68,9.298,True
5761,68,9.298,True
5762,68,9.298,True
5763,67,9.298,True
5764,67,9.298,True
5765,65,9.298,True
5766,66,9.298,True
5767,69,9.298,True
5768,69,9.298,True
5769,68,9.298,True
5770,68,9.298,True
5771,68,9.298,True
5772,68,9.298,True
5773,66,9.298,True
5774,66,9.298,True
5775,68,8.954,True
5776,68,8.954,True
5777,68,8.954,True
5778,68,8.954,True
5779,68,8.954,True
5780,68,8.954,True
5781,69,8.954,True
5782,69,8.954,True
5783,69,8.954,True
5784,69,8.954,True
5785,69,8.954,True
5786,69,8.954,True
5787,69,8.954,True
5788,69,8.954,True
5789,69,8.725,True
5790,70,6.524,True
5791,70,6.524,True
5792,70,6.524,True
5793,70,6.524,True
5794,70,6.524,True
5795,70,6.524,True
5796,70,6.524,True
5797,71,6.524,True
5798,68,7.18,True
5799,69,7.891,True
5800,69,7.18,True
5801,68,7.18,True
5802,68,7.18,True
5803,71,7.18,True
5804,67,8.819,True
5805,67,8.819,True
5806,67,8.819,True
5807,67,8.819,True
5808,67,8.409,True
5809,67,9.935,True
5810,66,9.935,True
5811,66,9.935,True
5812,66,8.409,True
5813,64,9.935,True
5814,63,9.935,True
5815,66,8.409,True
5816,68,9.451,True
5817,70,9.451,True
5818,68,9.451,True
5819,69,9.451,True
5820,69,8.409,True
5821,70,8.409,True
5822,70,8.409,True
5823,72,9.081,True
5824,72,9.081,True
5825,72,9.081,True
5826,72,9.081,True
5827,72,9.081,True
5828,72,9.081,True
5829,74,9.081,True
5830,71,9.2,True
5831,70,9.2,True
5832,71,9.57,True
5833,70,9.2,True
5834,70,9.2,True
5835,70,9.2,True
5836,70,9.2,True
5837,71,9.2,True
5838,72,9.2,True
5839,72,9.2,True
5840,71,9.2,True
5841,71,9.2,True
5842,72,9.2,True
5843,69,9.2,True
5844,73,7.451,True
5845,73,7.451,True
5846,73,6.982,True
5847,69,9.2,True
5848,69,9.2,True
5849,69,9.2,True
5850,69,9.2,True
5851,69,9.2,True
5852,67,9.2,True
5853,67,9.2,True
5854,67,9.2,True
5855,67,9.2,True
5856,69,9.2,True
5857,69,9.2,True
5858,74,9.2,True
5859,74,9.2,True
5860,74,9.2,True
5861,69,9.2,True
5862,67,9.2,True
5863,67,9.2,True
5864,67,9.2,True
5865,66,9.2,True
5866,65,9.2,True
5867,65,9.2,True
5868,67,9.2,True
5869,69,9.2,True
5870,71,7.879,True
5871,71,7.879,True
5872,69,8.744,True
5873,67,9.027,True
5874,65,9.2,True
5875,66,9.2,True
5876,68,9.2,True
5877,68,8.744,True
5878,68,8.744,True
5879,71,8.744,True
5880,71,8.744,True
5881,69,8.744,True
5882,69,8.744,True
5883,69,8.744,True
5884,68,9.2,True
5885,68,9.2,True
5886,68,9.2,True
5887,69,9.2,True
5888,70,8.744,True
5889,70,8.744,True
5890,69,9.2,True
5891,69,9.2,True
5892,67,9.2,True
5893,65,9.897,True
5894,65,9.897,True
5895,66,9.897,True
5896,66,9.897,True
5897,66,9.897,True
5898,66,9.897,True
5899,66,9.897,True
5900,66,9.897,True
5901,67,8.744,True
5902,67,8.744,True
5903,67,8.744,True
5904,68,8.744,True
5905,70,8.744,True
5906,70,8.744,True
5907,72,8.744,True
5908,73,8.744,True
5909,73,8.744,True
5910,73,8.744,True
5911,73,8.744,True
5912,72,8.744,True
5913,72,8.744,True
5914,72,8.578,True
5915,72,8.578,True
5916,73,8.578,True
5917,72,8.578,True
5918,71,8.02,True
5919,71,8.02,True
5920,75,8.02,True
5921,75,8.427,True
5922,75,6.522,True
5923,73,7.408,True
5924,74,9.387,True
5925,74,9.387,True
5926,77,9.387,True
5927,77,9.461,True
5928,77,9.461,True
5929,77,9.461,True
5930,77,9.461,True
5931,78,9.461,True
5932,78,9.461,True
5933,78,9.461,True
5934,75,9.461,True
5935,75,9.461,True
5936,75,9.461,True
5937,75,9.461,True
5938,75,9.461,True
5939,75,9.461,True
5940,79,9.387,True
5941,75,9.387,True
5942,75,9.387,True
5943,73,9.387,True
5944,73,9.387,True
5945,73,9.387,True
5946,70,9.387,True
5947,70,9.387,True
5948,69,9.387,True
5949,69,9.387,True
5950,68,9.387,True
5951,71,9.387,True
5952,71,9.387,True
5953,69,9.387,True
5954,66,9.387,True
5955,66,9.387,True
5956,68,8.05,True
5957,68,8.05,True
5958,68,8.05,True
5959,69,7.823,True
5960,69,7.823,True
5961,69,7.823,True
5962,72,7.823,True
5963,72,7.823,True
5964,72,7.823,True
5965,72,7.823,True
5966,72,7.648,True
5967,72,8.075,True
5968,72,8.075,True
5969,71,9.212,True
5970,74,9.212,True
5971,71,9.212,True
5972,71,9.212,True
5973,71,9.212,True
5974,71,9.212,True
5975,74,9.212,True
5976,73,9.675,True
5977,73,9.675,True
5978,73,9.675,True
5979,73,9.675,True
5980,73,9.675,True
5981,73,9.675,True
5982,73,9.675,True
5983,73,9.675,True
5984,73,9.675,True
5985,73,9.675,True
5986,76,9.675,True
5987,76,9.675,True
5988,76,9.675,True
5989,73,9.675,True
5990,73,9.675,True
5991,73,9.675,True
5992,74,9.675,True
5993,77,9.675,True
5994,77,9.675,True
5995,73,9.675,True
5996,71,9.675,True
5997,71,9.675,True
5998,72,9.675,True
5999,72,9.675,True
6000,72,9.675,True
6001,72,9.675,True
6002,74,9.675,True
6003,72,9.675,True
6004,70,9.675,True
6005,70,9.675,True
6006,70,9.675,True
6007,70,7.267,True
6008,72,7.267,True
6009,72,8.969,True
6010,72,8.969,True
6011,72,8.969,True
6012,74,8.969,True
6013,74,8.969,True
6014,74,8.969,True
6015,74,8.969,True
6016,77,8.969,True
6017,77,8.969,True
6018,77,8.969,True
6019,76,7.724,True
6020,77,7.724,True
6021,77,7.724,True
6022,74,8.797,True
6023,74,8.797,True
6024,75,8.797,True
6025,75,8.797,True
6026,75,8.797,True
6027,75,8.694,True
6028,75,8.694,True
6029,75,8.694,True
6030,75,8.694,True
6031,75,8.694,True
6032,74,8.694,True
6033,74,8.694,True
6034,74,8.694,True
6035,74,8.694,True
6036,73,8.694,True
6037,73,8.694,True
6038,73,8.694,True
6039,73,8.694,True
6040,73,8.694,True
6041,73,8.694,True
6042,73,8.694,True
6043,73,8.694,True
6044,74,8.694,True
6045,73,8.694,True
6046,76,8.694,True
6047,77,8.694,True
6048,77,8.694,True
6049,75,8.819,True
6050,77,8.819,True
6051,77,8.819,True
6052,77,8.819,True
6053,79,8.819,True
6054,79,8.819,True
6055,80,9.744,True
6056,80,9.744,True
6057,80,9.744,True
6058,79,9.744,True
6059,83,8.669,True
6060,83,8.669,True
6061,80,9.366,True
6062,77,9.366,True
6063,76,9.366,True
6064,72,9.366,True
6065,72,9.366,True
6066,71,8.227,True
6067,71,8.227,True
6068,71,8.227,True
6069,71,8.227,True
6070,71,8.227,True
6071,71,8.227,True
6072,71,8.227,True
6073,71,8.227,True
6074,70,9.305,True
6075,71,5.256,True
6076,71,5.256,True
6077,71,3.596,True
6078,71,3.596,True
6079,73,5.37,True
6080,72,9.971,True
6081,73,9.971,True
6082,73,9.971,True
6083,73,9.971,True
6084,73,9.971,True
6085,74,9.971,True
6086,71,9.971,True
6087,71,9.971,True
6088,73,9.446,True
6089,73,9.446,True
6090,73,9.446,True
6091,71,9.446,True
6092,71,9.446,True
6093,70,9.71,True
6094,72,9.71,True
6095,70,9.71,True
6096,70,9.71,True
6097,70,9.71,True
6098,70,9.71,True
6099,70,9.71,True
6100,71,9.71,True
6101,68,9.71,True
6102,68,5.242,True
6103,68,5.242,True
6104,67,5.242,True
6105,68,5.242,True
6106,70,5.197,True
6107,69,7.861,True
6108,74,7.861,True
6109,74,7.861,True
6110,74,7.861,True
6111,75,7.861,True
6112,74,5.554,True
6113,74,5.554,True
6114,74,5.554,True
6115,73,5.554,True
6116,69,5.554,True
6117,66,5.554,True
6118,69,5.554,True
6119,67,7.451,True
6120,67,7.451,True
6121,68,5.566,True
6122,67,9.989,True
6123,69,6.499,True
6124,68,6.499,True
6125,68,6.499,True
6126,68,6.499,True
6127,68,6.499,True
6128,68,6.499,True
6129,67,5.566,True
6130,67,5.566,True
6131,67,5.566,True
6132,67,5.566,True
6133,67,5.566,True
6134,66,5.909,True
6135,68,5.566,True
6136,65,5.597,True
6137,65,5.597,True
6138,66,8.816,True
6139,66,8.816,True
6140,70,8.816,True
6141,75,8.816,True
6142,72,8.816,True
6143,66,8.816,True
6144,66,8.816,True
6145,67,8.816,True
6146,66,8.816,True
6147,70,8.816,True
6148,66,8.816,True
6149,66,8.816,True
6150,66,8.816,True
6151,67,8.816,True
6152,67,8.816,True
6153,66,8.816,True
6154,66,8.816,True
6155,66,9.601,True
6156,65,9.897,True
6157,67,5.69,True
6158,67,5.69,True
6159,65,9.935,True
6160,65,9.935,True
6161,65,9.935,True
6162,68,9.935,True
6163,68,9.935,True
6164,71,9.431,True
6165,75,9.431,True
6166,76,9.566,True
6167,77,9.763,True
6168,77,9.763,True
6169,74,9.566,True
6170,74,9.566,True
6171,71,9.532,True
6172,71,9.532,True
6173,71,9.2,True
6174,76,8.896,True
6175,75,8.17,True
6176,73,9.878,True
6177,72,8.657,True
6178,72,8.17,True
6179,75,8.17,True
6180,75,9.912,True
6181,76,9.912,True
6182,76,9.912,True
6183,76,9.912,True
6184,73,9.912,True
6185,73,8.159,True
6186,73,8.159,True
6187,73,8.159,True
6188,73,8.159,True
6189,70,9.521,True
6190,71,9.521,True
6191,70,9.521,True
6192,70,9.521,True
6193,70,9.521,True
6194,70,9.521,True
6195,70,9.73,True
6196,69,9.73,True
6197,69,9.73,True
6198,69,9.73,True
6199,70,9.73,True
6200,70,9.73,True
6201,70,9.73,True
6202,70,9.73,True
6203,70,9.73,True
6204,70,9.73,True
6205,70,9.521,True
6206,72,8.305,True
6207,72,8.305,True
6208,72,8.305,True
6209,71,8.305,True
6210,71,8.305,True
6211,71,8.305,True
6212,71,8.305,True
6213,72,7.943,True
6214,72,7.943,True
6215,69,9.263,True
6216,69,9.263,True
6217,70,9.997,True
6218,70,9.997,True
6219,71,9.997,True
6220,71,9.997,True
6221,70,9.997,True
6222,71,8.936,True
6223,70,8.936,True
6224,69,8.936,True
6225,68,8.936,True
6226,68,8.936,True
6227,68,8.936,True
6228,68,8.936,True
6229,68,8.936,True
6230,68,8.936,True
6231,66,8.936,True
6232,66,8.936,True
6233,65,8.696,True
6234,65,8.696,True
6235,65,8.696,True
6236,67,9.651,True
6237,67,9.651,True
6238,67,9.651,True
6239,66,9.651,True
6240,68,9.651,True
6241,69,9.651,True
6242,70,7.643,True
6243,71,7.643,True
6244,71,7.643,True
6245,69,7.643,True
6246,67,9.119,True
6247,67,8.397,True
6248,67,8.397,True
6249,64,8.397,True
6250,65,7.643,True
6251,65,7.643,True
6252,65,8.136,True
6253,65,8.136,True
6254,63,9.027,True
6255,61,9.897,True
6256,61,9.897,True
6257,64,9.897,True
6258,63,9.897,True
6259,60,9.897,True
6260,60,9.897,True
6261,61,9.897,True
6262,61,9.897,True
6263,61,9.897,True
6264,61,9.897,True
6265,63,9.897,True
6266,63,9.897,True
6267,63,9.897,True
6268,63,9.897,True
6269,63,9.897,True
6270,63,9.897,True
6271,63,9.897,True
6272,63,9.897,True
6273,63,9.897,True
6274,65,9.897,True
6275,65,9.897,True
6276,66,9.897,True
6277,66,9.897,True
6278,67,9.897,True
6279,67,9.897,True
6280,67,9.897,True
6281,70,9.897,True
6282,72,9.897,True
6283,68,9.897,True
6284,68,9.897,True
6285,65,9.897,True
6286,65,9.897,True
6287,65,9.897,True
6288,65,9.897,True
6289,65,9.601,True
6290,65,9.601,True
6291,66,9.601,True
6292,66,9.601,True
6293,65,9.601,True
6294,65,9.601,True
6295,66,9.394,True
6296,66,9.394,True
6297,66,9.394,True
6298,66,7.242,True
6299,66,7.242,True
6300,66,9.554,True
6301,68,9.221,True
6302,65,9.367,True
6303,65,9.367,True
6304,65,9.367,True
6305,65,9.367,True
6306,65,9.367,True
6307,65,9.367,True
6308,65,9.367,True
6309,65,9.367,True
6310,65,9.367,True
6311,65,9.367,True
6312,66,9.367,True
6313,66,9.367,True
6314,65,9.367,True
6315,65,9.367,True
6316,68,9.367,True
6317,68,9.367,True
6318,71,9.367,True
6319,72,8.399,True
6320,71,8.399,True
6321,71,8.399,True
6322,71,8.399,True
6323,69,8.399,True
6324,69,8.399,True
6325,69,8.399,True
6326,71,8.399,True
6327,69,5.5,True
6328,69,5.5,True
6329,69,5.5,True
6330,69,5.5,True
6331,69,5.5,True
6332,69,5.5,True
6333,69,5.5,True
6334,69,5.5,True
6335,69,7.147,True
6336,69,7.147,True
6337,68,7.147,True
6338,68,7.147,True
6339,68,7.147,True
6340,70,6.114,True
6341,71,6.114,True
6342,71,6.114,True
6343,71,6.114,True
6344,71,6.114,True
6345,71,6.114,True
6346,68,8.696,True
6347,69,6.683,True
6348,70,6.201,True
6349,72,8.16,True
6350,72,8.16,True
6351,74,8.16,True
6352,74,8.16,True
6353,76,8.16,True
6354,76,8.16,True
6355,76,8.16,True
6356,78,8.16,True
6357,78,8.16,True
6358,78,6.542,True
6359,77,6.633,True
6360,78,6.633,True
6361,78,6.633,True
6362,80,6.633,True
6363,79,9.134,True
6364,78,9.134,True
6365,76,9.134,True
6366,76,9.134,True
6367,76,9.134,True
6368,76,9.134,True
6369,75,9.134,True
6370,75,9.134,True
6371,75,9.134,True
6372,75,9.134,True
6373,75,9.134,True
6374,75,9.134,True
6375,74,9.043,True
6376,75,9.043,True
6377,74,9.043,True
6378,74,9.043,True
6379,70,9.043,True
6380,68,9.056,True
6381,68,9.056,True
6382,66,8.03,True
6383,66,8.03,True
6384,67,9.672,True
6385,67,9.672,True
6386,67,9.672,True
6387,66,8.03,True
6388,68,8.03,True
6389,68,8.03,True
6390,68,8.03,True
6391,71,8.03,True
6392,71,8.03,True
6393,72,7.261,True
6394,70,7.261,True
6395,70,7.261,True
6396,70,7.261,True
6397,75,8.013,True
6398,79,8.013,True
6399,79,7.892,True
6400,79,7.892,True
6401,79,9.223,True
6402,79,9.223,True
6403,72,9.223,True
6404,71,9.223,True
6405,71,9.223,True
6406,68,9.223,True
6407,67,7.681,True
6408,67,7.681,True
6409,67,7.681,True
6410,67,7.681,True
6411,70,8.415,True
6412,67,9.382,True
6413,67,9.382,True
6414,67,9.382,True
6415,68,9.675,True
6416,67,9.675,True
6417,67,9.675,True
6418,67,9.675,True
6419,66,9.897,True
6420,66,9.897,True
6421,66,9.897,True
6422,69,9.897,True
6423,69,9.897,True
6424,64,9.897,True
6425,63,9.897,True
6426,63,9.897,True
6427,63,9.897,True
6428,63,9.897,True
6429,63,9.897,True
6430,63,9.897,True
6431,63,9.897,True
6432,63,9.897,True
6433,63,9.897,True
6434,63,9.897,True
6435,66,9.897,True
6436,66,9.897,True
6437,68,9.675,True
6438,69,9.635,True
6439,69,9.635,True
6440,67,9.635,True
6441,66,9.683,True
6442,66,9.683,True
6443,68,9.683,True
6444,67,9.91,True
6445,67,9.382,True
6446,67,9.382,True
6447,67,9.382,True
6448,65,9.635,True
6449,65,9.635,True
6450,65,9.635,True
6451,65,9.635,True
6452,65,9.635,True
6453,65,9.635,True
6454,67,9.635,True
6455,71,8.415,True
6456,70,9.675,True
6457,70,9.675,True
6458,70,9.675,True
6459,73,9.889,True
6460,72,9.889,True
6461,72,9.889,True
6462,72,9.889,True
6463,69,9.675,True
6464,68,9.675,True
6465,68,9.675,True
6466,69,9.675,True
6467,69,9.675,True
6468,72,9.675,True
6469,69,9.675,True
6470,72,9.924,True
6471,72,9.924,True
6472,76,8.531,True
6473,76,8.531,True
6474,72,9.924,True
6475,74,9.924,True
6476,74,9.924,True
6477,74,9.924,True
6478,74,9.924,True
6479,74,9.924,True
6480,74,9.924,True
6481,74,9.924,True
6482,74,9.924,True
6483,72,8.531,True
6484,77,8.864,True
6485,80,8.864,True
6486,80,8.864,True
6487,80,8.864,True
6488,80,8.864,True
6489,80,8.864,True
6490,77,8.279,True
6491,77,8.279,True
6492,77,8.279,True
6493,75,9.452,True
6494,75,9.452,True
6495,75,9.452,True
6496,75,9.452,True
6497,75,9.452,True
6498,75,9.452,True
6499,71,9.675,True
6500,72,9.675,True
6501,72,9.675,True
6502,72,9.675,True
6503,72,9.675,True
6504,72,9.675,True
6505,72,9.675,True
6506,72,9.675,True
6507,72,9.675,True
6508,71,9.675,True
6509,71,9.675,True
6510,71,9.675,True
6511,73,9.675,True
6512,73,9.675,True
6513,74,9.675,True
6514,74,9.675,True
6515,75,9.675,True
6516,74,9.298,True
6517,75,7.471,True
6518,75,7.471,True
6519,75,7.471,True
6520,75,7.471,True
6521,75,7.471,True
6522,75,7.471,True
6523,75,7.471,True
6524,75,8.708,True
6525,75,8.708,True
6526,75,8.708,True
6527,73,8.747,True
6528,73,8.747,True
6529,73,8.747,True
6530,73,8.747,True
6531,73,8.747,True
6532,73,8.747,True
6533,73,8.747,True
6534,73,8.747,True
6535,73,8.747,True
6536,73,8.747,True
6537,73,8.747,True
6538,73,8.747,True
6539,71,9.685,True
6540,70,8.747,True
6541,70,8.747,True
6542,70,8.747,True
6543,70,8.747,True
6544,71,8.747,True
6545,71,8.747,True
6546,71,8.747,True
6547,71,8.747,True
6548,71,8.747,True
6549,72,9.675,True
6550,76,9.675,True
6551,76,9.675,True
6552,71,9.675,True
6553,70,9.675,True
6554,74,8.747,True
6555,74,8.747,True
6556,70,9.675,True
6557,69,9.298,True
6558,69,9.298,True
6559,69,9.298,True
6560,75,9.298,True
6561,77,8.747,True
6562,77,8.747,True
6563,77,8.747,True
6564,71,8.747,True
6565,71,8.747,True
6566,75,8.747,True
6567,75,8.747,True
6568,71,8.747,True
6569,71,9.023,True
6570,71,9.023,True
6571,71,9.023,True
6572,71,9.023,True
6573,71,9.023,True
6574,73,9.023,True
6575,73,9.023,True
6576,73,9.023,True
6577,73,9.023,True
6578,73,9.023,True
6579,72,8.994,True
6580,74,8.994,True
6581,74,8.994,True
6582,74,8.994,True
6583,74,8.994,True
6584,73,8.994,True
6585,73,8.994,True
6586,73,8.994,True
6587,74,8.994,True
6588,73,8.994,True
6589,74,8.994,True
6590,74,8.994,True
6591,74,8.994,True
6592,74,8.994,True
6593,72,8.994,True
6594,74,8.994,True
6595,73,8.994,True
6596,74,8.994,True
6597,72,8.994,True
6598,72,8.994,True
6599,71,8.994,True
6600,68,8.902,True
6601,68,8.902,True
6602,70,8.902,True
6603,70,8.902,True
6604,70,8.902,True
6605,69,8.902,True
6606,69,8.902,True
6607,69,8.902,True
6608,69,8.902,True
6609,69,8.902,True
6610,69,8.902,True
6611,70,9.381,True
6612,70,9.554,True
6613,70,9.554,True
6614,72,9.86,True
6615,72,9.86,True
6616,72,9.86,True
6617,72,9.86,True
6618,72,9.86,True
6619,72,9.86,True
6620,72,9.86,True
6621,72,9.86,True
6622,72,9.86,True
6623,72,9.86,True
6624,72,9.86,True
6625,72,9.86,True
6626,74,9.554,True
6627,74,9.554,True
6628,72,8.507,True
6629,75,7.806,True
6630,72,7.806,True
6631,71,7.806,True
6632,75,7.485,True
6633,75,7.485,True
6634,76,9.914,True
6635,76,9.914,True
6636,78,9.914,True
6637,74,9.914,True
6638,72,9.914,True
6639,71,7.806,True
6640,72,7.806,True
6641,72,7.806,True
6642,73,7.806,True
6643,73,7.806,True
6644,73,7.806,True
6645,75,7.485,True
6646,75,7.485,True
6647,75,7.485,True
6648,75,7.485,True
6649,75,7.485,True
6650,75,7.485,True
6651,75,7.485,True
6652,75,7.485,True
6653,73,7.806,True
6654,72,9.988,True
6655,72,7.806,True
6656,71,7.806,True
6657,70,8.154,True
6658,70,8.154,True
6659,70,8.154,True
6660,70,8.154,True
6661,68,9.86,True
6662,70,8.154,True
6663,67,9.97,True
6664,69,9.97,True
6665,69,9.97,True
6666,70,9.97,True
6667,70,9.97,True
6668,71,9.97,True
6669,71,9.97,True
6670,71,9.97,True
6671,70,9.97,True
6672,70,9.97,True
6673,71,9.97,True
6674,71,9.97,True
6675,71,9.97,True
6676,71,9.97,True
6677,70,9.97,True
6678,70,9.97,True
6679,71,9.97,True
6680,69,9.97,True
6681,69,9.97,True
6682,69,9.97,True
6683,70,9.97,True
6684,71,9.97,True
6685,71,9.97,True
6686,71,9.97,True
6687,71,9.97,True
6688,71,9.97,True
6689,68,9.97,True
6690,69,9.97,True
6691,69,9.97,True
6692,68,9.97,True
6693,68,9.97,True
6694,70,9.97,True
6695,70,9.97,True
6696,76,8.78,True
6697,74,8.78,True
6698,74,8.78,True
6699,74,8.78,True
6700,74,8.78,True
6701,73,8.531,True
6702,73,8.531,True
6703,75,8.531,True
6704,75,8.531,True
6705,73,8.531,True
6706,72,8.531,True
6707,71,8.154,True
6708,71,9.915,True
6709,69,9.915,True
6710,69,9.915,True
6711,69,9.915,True
6712,69,9.915,True
6713,69,9.915,True
6714,69,9.915,True
6715,71,8.154,True
6716,72,8.154,True
6717,72,8.304,True
6718,72,8.304,True
6719,72,8.304,True
6720,72,8.304,True
6721,72,8.304,True
6722,72,8.304,True
6723,74,6.709,True
6724,78,6.709,True
6725,77,6.709,True
6726,76,6.709,True
6727,77,6.563,True
6728,76,6.563,True
6729,76,9.428,True
6730,76,9.428,True
6731,79,9.428,True
6732,79,8.349,True
6733,76,8.349,True
6734,76,9.428,True
6735,76,9.428,True
6736,77,8.465,True
6737,77,8.465,True
6738,78,9.573,True
6739,78,9.573,True
6740,77,9.573,True
6741,75,9.836,True
6742,75,9.836,True
6743,71,9.836,True
6744,74,9.836,True
6745,72,9.836,True
6746,72,9.836,True
6747,72,9.836,True
6748,70,9.836,True
6749,70,9.836,True
6750,69,9.836,True
6751,69,9.836,True
6752,71,9.836,True
6753,73,9.836,True
6754,73,9.836,True
6755,75,9.836,True
6756,75,9.836,True
6757,75,9.836,True
6758,74,9.836,True
6759,72,7.981,True
6760,74,7.981,True
6761,76,8.991,True
6762,76,8.991,True
6763,76,8.991,True
6764,75,8.991,True
6765,76,8.991,True
6766,75,8.991,True
6767,77,8.991,True
6768,78,8.991,True
6769,78,8.991,True
6770,78,8.991,True
6771,76,7.309,True
6772,78,9.798,True
6773,78,9.798,True
6774,79,9.798,True
6775,80,9.798,True
6776,79,9.798,True
6777,79,9.798,True
6778,78,9.798,True
6779,75,5.537,True
6780,76,5.537,True
6781,76,5.537,True
6782,74,5.537,True
6783,74,5.537,True
6784,74,5.537,True
6785,72,9.933,True
6786,72,9.933,True
6787,72,9.933,True
6788,74,6.115,True
6789,74,6.115,True
6790,74,8.511,True
6791,74,8.511,True
6792,74,8.511,True
6793,72,8.511,True
6794,72,8.511,True
6795,66,8.511,True
6796,66,8.511,True
6797,67,8.511,True
6798,67,8.511,True
6799,66,8.511,True
6800,66,8.511,True
6801,66,8.511,True
6802,66,8.511,True
6803,65,8.397,True
6804,68,8.397,True
6805,69,8.427,True
6806,69,8.427,True
6807,67,9.738,True
6808,69,9.738,True
6809,68,8.397,True
6810,68,8.397,True
6811,66,8.397,True
6812,66,8.397,True
6813,66,8.427,True
6814,69,8.427,True
6815,66,8.427,True
6816,65,8.397,True
6817,70,8.397,True
6818,71,9.006,True
6819,71,9.006,True
6820,71,9.006,True
6821,71,9.006,True
6822,71,9.006,True
6823,72,9.006,True
6824,71,9.006,True
6825,71,9.006,True
6826,71,9.006,True
6827,72,9.006,True
6828,72,9.006,True
6829,72,9.006,True
6830,73,9.309,True
6831,73,9.309,True
6832,73,9.309,True
6833,70,9.309,True
6834,70,9.309,True
6835,70,8.205,True
6836,70,8.205,True
6837,70,8.205,True
6838,70,7.319,True
6839,70,7.319,True
6840,70,7.319,True
6841,70,7.319,True
6842,70,7.319,True
6843,70,7.319,True
6844,70,7.267,True
6845,69,9.651,True
6846,67,9.935,True
6847,69,9.935,True
6848,69,9.935,True
6849,69,9.935,True
6850,69,9.674,True
6851,68,9.674,True
6852,68,9.674,True
6853,70,9.674,True
6854,70,9.674,True
6855,68,8.397,True
6856,70,8.397,True
6857,71,9.939,True
6858,71,9.939,True
6859,71,9.939,True
6860,69,9.939,True
6861,68,8.397,True
6862,68,8.397,True
6863,68,8.397,True
6864,69,9.939,True
6865,69,9.939,True
6866,69,9.939,True
6867,69,9.939,True
6868,69,9.939,True
6869,69,9.939,True
6870,69,9.939,True
6871,69,9.939,True
6872,70,9.939,True
6873,70,9.939,True
6874,69,8.744,True
6875,69,8.744,True
6876,69,8.744,True
6877,69,8.744,True
6878,69,9.601,True
6879,69,9.601,True
6880,69,9.601,True
6881,71,8.07,True
6882,72,8.07,True
6883,74,8.07,True
6884,72,8.07,True
6885,72,8.07,True
6886,70,8.07,True
6887,70,9.309,True
6888,70,9.309,True
6889,70,9.309,True
6890,70,9.309,True
6891,70,9.309,True
6892,68,9.309,True
6893,68,9.309,True
6894,70,9.309,True
6895,70,9.309,True
6896,72,9.309,True
6897,70,9.663,True
6898,69,9.663,True
6899,69,9.663,True
6900,68,9.663,True
6901,68,9.663,True
6902,68,9.663,True
6903,67,9.663,True
6904,68,9.663,True
6905,71,9.309,True
6906,71,9.309,True
6907,69,9.309,True
6908,68,9.309,True
6909,70,9.683,True
6910,70,9.683,True
6911,70,9.683,True
6912,70,9.683,True
6913,68,9.683,True
6914,68,9.683,True
6915,68,9.683,True
6916,68,9.683,True
6917,71,9.683,True
6918,68,9.683,True
6919,68,8.826,True
6920,68,8.826,True
6921,67,8.317,True
6922,67,8.317,True
6923,67,8.317,True
6924,66,8.317,True
6925,66,8.317,True
6926,66,8.317,True
6927,65,8.475,True
6928,65,8.475,True
6929,65,8.475,True
6930,66,9.528,True
6931,66,9.528,True
6932,67,5.598,True
6933,67,5.598,True
6934,67,5.598,True
6935,65,6.422,True
6936,70,5.598,True
6937,65,8.307,True
6938,67,7.255,True
6939,67,7.255,True
6940,71,9.298,True
6941,73,9.223,True
6942,73,9.223,True
6943,73,9.223,True
6944,68,9.223,True
6945,68,9.223,True
6946,70,9.223,True
6947,68,9.298,True
6948,70,9.298,True
6949,66,7.235,True
6950,66,5.359,True
6951,66,7.235,True
6952,66,7.235,True
6953,64,7.235,True
6954,66,7.235,True
6955,67,7.244,True
6956,67,7.244,True
6957,69,7.244,True
6958,69,5.069,True
6959,67,4.907,True
6960,72,4.907,True
6961,70,6.424,True
6962,64,6.522,True
6963,64,6.522,True
6964,64,6.522,True
6965,64,6.522,True
6966,64,6.522,True
6967,69,6.522,True
6968,71,9.651,True
6969,70,9.651,True
6970,72,8.07,True
6971,72,8.07,True
6972,73,8.07,True
6973,71,8.785,True
6974,71,8.785,True
6975,71,8.785,True
6976,69,9.748,True
6977,70,8.785,True
6978,70,8.785,True
6979,69,8.785,True
6980,69,9.446,True
6981,69,9.446,True
6982,69,8.785,True
6983,69,8.785,True
6984,68,9.238,True
6985,66,8.785,True
6986,63,8.317,True
6987,63,8.317,True
6988,63,8.317,True
6989,63,9.263,True
6990,63,9.263,True
6991,63,9.263,True
6992,63,8.317,True
6993,63,8.317,True
6994,63,8.317,True
6995,63,8.317,True
6996,62,9.601,True
6997,62,9.601,True
6998,63,9.601,True
6999,62,9.663,True
7000,63,9.663,True
7001,63,9.663,True
7002,63,9.663,True
7003,63,9.663,True
7004,63,9.663,True
7005,63,9.663,True
7006,65,9.663,True
7007,65,9.663,True
7008,66,9.663,True
7009,68,9.663,True
7010,72,9.663,True
7011,72,9.663,True
7012,73,9.663,True
7013,73,9.663,True
7014,73,8.317,True
7015,69,8.317,True
7016,71,8.511,True
7017,71,8.511,True
7018,71,8.511,True
7019,71,8.511,True
7020,73,8.511,True
7021,73,8.511,True
7022,74,8.511,True
7023,74,8.511,True
7024,74,8.511,True
7025,74,8.511,True
7026,74,8.511,True
7027,74,8.511,True
7028,74,8.511,True
7029,74,8.511,True
7030,76,8.511,True
7031,76,8.511,True
7032,76,8.511,True
7033,76,8.511,True
7034,76,8.511,True
7035,77,8.511,True
7036,77,8.511,True
7037,77,8.511,True
7038,77,8.511,True
7039,76,8.511,True
7040,74,8.425,True
7041,73,8.425,True
7042,72,8.425,True
7043,71,8.425,True
7044,70,8.425,True
7045,70,8.425,True
7046,70,6.888,True
7047,69,6.609,True
7048,69,6.609,True
7049,69,7.351,True
7050,69,7.351,True
7051,69,7.351,True
7052,70,9.67,True
7053,67,9.67,True
7054,67,9.67,True
7055,70,9.67,True
7056,69,9.67,True
7057,67,8.511,True
7058,67,8.511,True
7059,67,7.713,True
7060,67,7.713,True
7061,68,7.713,True
7062,67,9.201,True
7063,67,9.201,True
7064,68,9.897,True
7065,67,7.713,True
7066,65,7.713,True
7067,68,7.713,True
7068,67,9.22,True
7069,69,9.22,True
7070,69,9.22,True
7071,68,9.663,True
7072,68,9.663,True
7073,67,9.22,True
7074,68,7.713,True
7075,65,7.713,True
7076,65,7.713,True
7077,67,9.67,True
7078,68,7.351,True
7079,71,7.351,True
7080,72,7.351,True
7081,72,7.351,True
7082,70,8.954,True
7083,68,8.954,True
7084,69,8.954,True
7085,69,8.954,True
7086,69,8.954,True
7087,69,8.954,True
7088,70,8.624,True
7089,70,8.624,True
7090,70,8.624,True
7091,68,8.624,True
7092,68,8.624,True
7093,68,8.624,True
7094,68,8.624,True
7095,68,8.624,True
7096,69,8.624,True
7097,72,8.624,True
7098,72,8.624,True
7099,72,8.624,True
7100,72,8.624,True
7101,72,8.624,True
7102,74,8.624,True
7103,74,8.624,True
7104,71,8.624,True
7105,71,8.624,True
7106,70,7.155,True
7107,70,7.155,True
7108,74,7.155,True
7109,72,9.127,True
7110,72,9.127,True
7111,72,9.127,True
7112,70,9.127,True
7113,70,9.127,True
7114,70,9.127,True
7115,70,9.127,True
7116,70,9.127,True
7117,70,9.127,True
7118,70,9.387,True
7119,69,8.629,True
7120,69,8.629,True
7121,69,8.629,True
7122,68,7.45,True
7123,68,7.45,True
7124,71,7.45,True
7125,71,7.45,True
7126,71,7.45,True
7127,72,7.812,True
7128,72,7.812,True
7129,73,8.629,True
7130,73,8.629,True
7131,73,8.629,True
7132,73,8.629,True
7133,73,8.629,True
7134,73,8.629,True
7135,73,8.629,True
7136,73,8.629,True
7137,75,7.45,True
7138,75,7.45,True
7139,74,7.812,True
7140,73,9.78,True
7141,73,9.78,True
7142,71,9.78,True
7143,71,9.78,True
7144,71,9.78,True
7145,69,9.78,True
7146,69,9.78,True
7147,69,9.78,True
7148,69,9.78,True
7149,69,9.78,True
7150,71,7.812,True
7151,73,9.129,True
7152,72,9.129,True
7153,69,9.129,True
7154,68,9.129,True
7155,68,9.129,True
7156,68,9.129,True
7157,68,9.129,True
7158,73,9.53,True
7159,71,9.53,True
7160,73,9.53,True
7161,72,9.53,True
7162,74,9.53,True
7163,74,9.53,True
7164,75,9.53,True
7165,75,9.53,True
7166,75,9.53,True
7167,75,9.53,True
7168,75,9.532,True
7169,75,9.532,True
7170,74,9.532,True
7171,75,9.532,True
7172,73,9.905,True
7173,71,9.905,True
7174,71,9.905,True
7175,73,9.905,True
7176,73,9.905,True
7177,74,9.905,True
7178,68,9.905,True
7179,68,9.905,True
7180,68,9.905,True
7181,68,7.713,True
7182,68,7.713,True
7183,67,9.22,True
7184,67,9.22,True
7185,70,7.857,True
7186,69,7.857,True
7187,69,7.857,True
7188,65,7.713,True
7189,65,8.05,True
7190,65,8.05,True
7191,65,7.713,True
7192,65,7.713,True
7193,69,7.888,True
7194,65,7.888,True
7195,65,7.888,True
7196,65,7.888,True
7197,65,7.888,True
7198,65,7.888,True
7199,65,7.888,True
7200,65,7.888,True
7201,68,7.888,True
7202,66,7.713,True
7203,66,7.713,True
7204,67,7.806,True
7205,66,7.713,True
7206,67,7.724,True
7207,68,7.724,True
7208,68,7.724,True
7209,69,7.713,True
7210,68,7.724,True
7211,69,7.812,True
7212,69,7.812,True
7213,69,7.812,True
7214,68,7.724,True
7215,69,7.724,True
7216,69,8.05,True
7217,69,8.05,True
7218,69,7.724,True
7219,69,7.724,True
7220,69,7.724,True
7221,69,7.724,True
7222,67,7.724,True
7223,67,7.724,True
7224,65,7.724,True
7225,65,7.724,True
7226,65,7.724,True
7227,65,7.724,True
7228,65,7.724,True
7229,65,7.724,True
7230,67,7.724,True
7231,67,7.724,True
7232,65,7.643,True
7233,66,7.643,True
7234,64,7.643,True
7235,62,7.643,True
7236,62,7.643,True
7237,62,7.643,True
7238,62,6.609,True
7239,62,6.609,True
7240,64,9.124,True
7241,64,9.124,True
7242,64,9.124,True
7243,63,9.124,True
7244,64,9.124,True
7245,64,9.124,True
7246,61,6.369,True
7247,61,6.369,True
7248,64,6.369,True
7249,64,6.369,True
7250,66,9.51,True
7251,64,6.369,True
7252,64,6.369,True
7253,63,6.369,True
7254,63,6.369,True
7255,60,6.369,True
7256,60,6.369,True
7257,62,9.51,True
7258,62,9.51,True
7259,62,9.51,True
7260,62,9.51,True
7261,60,6.737,True
7262,60,6.737,True
7263,60,6.737,True
7264,60,6.737,True
7265,62,6.369,True
7266,63,8.288,True
7267,65,9.971,True
7268,68,9.971,True
7269,68,9.971,True
7270,69,9.971,True
7271,69,9.971,True
7272,69,9.971,True
7273,69,9.971,True
7274,69,9.971,True
7275,69,9.971,True
7276,67,8.822,True
7277,67,8.822,True
7278,67,8.822,True
7279,67,8.822,True
7280,65,8.822,True
7281,65,8.822,True
7282,67,8.912,True
7283,67,8.912,True
7284,68,8.912,True
7285,67,8.831,True
7286,70,9.26,True
7287,72,9.26,True
7288,72,9.26,True
7289,76,9.26,True
7290,77,9.263,True
7291,77,9.263,True
7292,77,9.263,True
7293,77,9.263,True
7294,76,9.263,True
7295,76,9.263,True
7296,74,8.305,True
7297,69,8.305,True
7298,69,8.305,True
7299,71,8.305,True
7300,71,8.305,True
7301,72,8.305,True
7302,72,8.976,True
7303,72,8.305,True
7304,70,8.305,True
7305,70,8.305,True
7306,69,6.143,True
7307,70,6.424,True
7308,70,6.424,True
7309,70,6.424,True
7310,68,6.424,True
7311,68,6.424,True
7312,68,6.424,True
7313,70,6.424,True
7314,71,6.424,True
7315,70,6.424,True
7316,70,6.424,True
7317,72,6.424,True
7318,70,6.935,True
7319,69,6.424,True
7320,69,6.424,True
7321,72,6.249,True
7322,72,3.837,True
7323,71,6.609,True
7324,70,7.389,True
7325,69,9.314,True
7326,72,9.049,True
7327,77,9.049,True
7328,79,9.049,True
7329,76,9.049,True
7330,79,9.049,True
7331,81,9.049,True
7332,80,9.049,True
7333,80,8.73,True
7334,73,7.626,True
7335,71,8.954,True
7336,69,9.897,True
7337,69,9.897,True
7338,66,9.897,True
7339,66,9.897,True
7340,66,9.897,True
7341,65,9.897,True
7342,67,9.456,True
7343,71,8.954,True
7344,71,8.954,True
7345,68,8.954,True
7346,71,8.954,True
7347,72,9.139,True
7348,67,9.139,True
7349,67,9.139,True
7350,67,9.139,True
7351,67,9.139,True
7352,66,9.139,True
7353,66,9.139,True
7354,66,9.139,True
7355,66,9.139,True
7356,66,9.139,True
7357,70,9.139,True
7358,68,9.139,True
7359,69,8.954,True
7360,69,8.954,True
7361,68,8.954,True
7362,73,8.954,True
7363,72,9.219,True
7364,74,9.219,True
7365,72,9.219,True
7366,72,9.219,True
7367,73,9.219,True
7368,76,9.47,True
7369,76,9.47,True
7370,76,9.47,True
7371,78,9.47,True
7372,78,9.47,True
7373,79,9.47,True
7374,76,9.219,True
7375,76,9.219,True
7376,76,9.219,True
7377,77,9.219,True
7378,76,9.219,True
7379,76,9.219,True
7380,74,8.747,True
7381,75,9.897,True
7382,75,9.897,True
7383,71,9.897,True
7384,73,9.897,True
7385,73,9.897,True
7386,74,9.897,True
7387,74,9.897,True
7388,74,9.897,True
7389,74,9.897,True
7390,74,9.897,True
7391,74,9.897,True
7392,74,9.897,True
7393,75,9.671,True
7394,75,9.671,True
7395,74,8.521,True
7396,74,8.521,True
7397,74,8.521,True
7398,74,8.521,True
7399,74,8.521,True
7400,73,8.397,True
7401,77,9.956,True
7402,74,9.956,True
7403,74,9.956,True
7404,74,9.956,True
7405,71,9.956,True
7406,71,9.956,True
7407,70,9.116,True
7408,70,9.116,True
7409,70,9.116,True
7410,69,9.116,True
7411,71,8.537,True
7412,72,9.468,True
7413,70,9.116,True
7414,69,9.116,True
7415,72,9.116,True
7416,72,9.116,True
7417,72,9.116,True
7418,72,9.116,True
7419,72,9.116,True
7420,72,9.116,True
7421,72,9.116,True
7422,73,9.116,True
7423,73,9.116,True
7424,71,9.116,True
7425,71,9.116,True
7426,72,9.116,True
7427,72,9.116,True
7428,72,9.939,True
7429,72,9.939,True
7430,72,9.939,True
7431,71,9.939,True
7432,71,9.939,True
7433,71,9.939,True
7434,77,9.939,True
7435,77,9.939,True
7436,77,9.939,True
7437,74,9.939,True
7438,73,9.93,True
7439,72,9.93,True
7440,71,9.93,True
7441,71,9.93,True
7442,71,9.93,True
7443,72,8.215,True
7444,71,8.181,True
7445,70,8.181,True
7446,68,8.181,True
7447,70,8.181,True
7448,72,8.073,True
7449,75,8.073,True
7450,72,8.073,True
7451,72,8.073,True
7452,72,8.073,True
7453,69,8.249,True
7454,69,8.249,True
7455,73,8.249,True
7456,73,8.249,True
7457,71,7.351,True
7458,74,7.52,True
7459,74,7.52,True
7460,74,7.52,True
7461,74,8.314,True
7462,73,8.314,True
7463,72,8.314,True
7464,72,8.314,True
7465,70,7.52,True
7466,72,7.52,True
7467,75,7.52,True
7468,72,7.52,True
7469,72,8.789,True
7470,73,8.789,True
7471,74,6.99,True
7472,71,7.036,True
7473,71,7.036,True
7474,71,7.036,True
7475,71,7.036,True
7476,71,7.036,True
7477,73,6.99,True
7478,73,6.99,True
7479,71,7.036,True
7480,68,7.036,True
7481,70,6.99,True
7482,69,7.515,True
7483,69,7.515,True
7484,69,7.515,True
7485,69,7.515,True
7486,69,7.515,True
7487,71,7.323,True
7488,71,7.323,True
7489,71,7.323,True
7490,72,7.323,True
7491,71,7.323,True
7492,73,7.323,True
7493,72,7.323,True
7494,72,7.323,True
7495,74,6.985,True
7496,74,6.985,True
7497,73,6.985,True
7498,74,8.014,True
7499,74,8.014,True
7500,73,6.985,True
7501,72,9.782,True
7502,72,9.782,True
7503,72,9.782,True
7504,72,6.985,True
7505,72,6.985,True
7506,76,9.981,True
7507,76,9.981,True
7508,76,9.981,True
7509,76,9.981,True
7510,76,9.981,True
7511,76,9.981,True
7512,77,8.624,True
7513,75,8.624,True
7514,74,8.624,True
7515,73,8.624,True
7516,73,8.624,True
7517,73,8.624,True
7518,73,8.624,True
7519,73,8.624,True
7520,73,8.624,True
7521,75,7.966,True
7522,74,7.966,True
7523,74,7.966,True
7524,74,7.966,True
7525,74,7.036,True
7526,74,7.036,True
7527,71,7.036,True
7528,70,7.036,True
7529,70,7.036,True
7530,70,7.036,True
7531,70,7.036,True
7532,71,7.036,True
7533,71,7.036,True
7534,71,7.036,True
7535,71,7.036,True
7536,71,7.036,True
7537,69,8.02,True
7538,69,8.02,True
7539,69,8.02,True
7540,69,8.02,True
7541,69,9.446,True
7542,69,9.129,True
7543,69,9.129,True
7544,69,9.129,True
7545,69,9.129,True
7546,70,4.854,True
7547,70,7.812,True
7548,72,9.428,True
7549,72,9.428,True
7550,72,6.24,True
7551,73,7.897,True
7552,71,7.897,True
7553,71,7.897,True
7554,72,7.897,True
7555,72,7.897,True
7556,71,7.897,True
7557,72,7.897,True
7558,76,9.175,True
7559,76,9.752,True
7560,75,9.752,True
7561,73,5.37,True
7562,73,8.511,True
7563,73,8.511,True
7564,68,8.511,True
7565,68,8.511,True
7566,68,8.511,True
7567,68,8.511,True
7568,66,7.451,True
7569,66,7.451,True
7570,67,9.481,True
7571,66,9.481,True
7572,66,9.481,True
7573,69,8.582,True
7574,65,7.451,True
7575,65,7.451,True
7576,63,7.451,True
7577,64,7.451,True
7578,64,7.451,True
7579,67,7.451,True
7580,68,7.451,True
7581,68,7.451,True
7582,70,7.451,True
7583,67,7.451,True
7584,67,7.451,True
7585,67,7.451,True
7586,68,9.446,True
7587,67,6.942,True
7588,69,7.038,True
7589,70,7.038,True
7590,66,7.038,True
7591,66,7.038,True
7592,68,7.038,True
7593,68,7.038,True
7594,66,7.451,True
7595,66,7.451,True
7596,67,7.451,True
7597,66,7.451,True
7598,66,7.451,True
7599,69,7.451,True
7600,69,8.305,True
7601,69,8.305,True
7602,69,8.305,True
7603,66,8.305,True
7604,67,8.305,True
7605,68,9.67,True
7606,67,9.67,True
7607,67,9.67,True
7608,67,8.305,True
7609,67,8.305,True
7610,67,8.305,True
7611,66,8.091,True
7612,67,8.091,True
7613,66,8.091,True
7614,66,8.091,True
7615,67,9.329,True
7616,67,9.329,True
7617,67,9.329,True
7618,70,9.329,True
7619,67,9.329,True
7620,67,9.329,True
7621,69,9.329,True
7622,69,9.329,True
7623,69,9.329,True
7624,69,9.329,True
7625,69,9.329,True
7626,71,9.329,True
7627,71,9.329,True
7628,71,9.672,True
7629,71,9.672,True
7630,71,9.329,True
7631,69,9.329,True
7632,69,9.672,True
7633,69,9.329,True
7634,69,9.329,True
7635,69,9.329,True
7636,69,9.329,True
7637,69,9.329,True
7638,68,9.329,True
7639,67,9.329,True
7640,67,9.329,True
7641,67,9.329,True
7642,67,9.329,True
7643,67,9.329,True
7644,66,9.329,True
7645,68,9.329,True
7646,68,9.329,True
7647,68,9.329,True
7648,68,9.329,True
7649,69,9.329,True
7650,70,9.919,True
7651,70,9.675,True
7652,70,9.675,True
7653,70,9.675,True
7654,70,9.675,True
7655,67,9.675,True
7656,67,9.675,True
7657,67,9.675,True
7658,67,9.675,True
7659,67,9.675,True
7660,68,9.329,True
7661,67,8.744,True
7662,67,8.744,True
7663,67,8.744,True
7664,67,8.744,True
7665,67,8.744,True
7666,67,8.744,True
7667,67,8.744,True
7668,65,8.744,True
7669,65,9.492,True
7670,65,9.492,True
7671,65,9.492,True
7672,65,9.492,True
7673,65,9.492,True
7674,65,9.492,True
7675,65,9.492,True
7676,65,9.492,True
7677,65,9.492,True
7678,65,9.492,True
7679,65,8.744,True
7680,65,8.744,True
7681,65,8.744,True
7682,66,8.744,True
7683,70,8.744,True
7684,70,8.744,True
7685,71,9.329,True
7686,71,9.329,True
7687,67,9.329,True
7688,66,8.744,True
7689,67,9.329,True
7690,69,9.601,True
7691,69,9.601,True
7692,68,9.601,True
7693,68,9.601,True
7694,68,9.601,True
7695,71,9.601,True
7696,74,9.601,True
7697,74,9.601,True
7698,71,9.601,True
7699,73,9.601,True
7700,73,9.601,True
7701,74,9.601,True
7702,73,9.601,True
7703,73,9.601,True
7704,73,9.601,True
7705,73,9.601,True
7706,73,9.601,True
7707,70,9.601,True
7708,70,9.601,True
7709,70,9.601,True
7710,70,9.601,True
7711,70,9.601,True
7712,70,9.601,True
7713,71,7.722,True
7714,75,9.438,True
7715,74,9.438,True
7716,73,9.601,True
7717,74,9.601,True
7718,75,9.601,True
7719,76,8.249,True
7720,75,9.601,True
7721,75,9.601,True
7722,75,9.601,True
7723,75,9.601,True
7724,74,9.601,True
7725,74,9.601,True
7726,73,9.601,True
7727,73,9.601,True
7728,73,9.601,True
7729,72,9.601,True
7730,69,9.601,True
7731,69,9.601,True
7732,69,9.601,True
7733,68,9.601,True
7734,67,9.601,True
7735,67,9.601,True
7736,67,9.601,True
7737,67,9.601,True
7738,66,9.601,True
7739,66,9.601,True
7740,66,9.601,True
7741,66,9.601,True
7742,66,9.601,True
7743,66,9.601,True
7744,65,9.601,True
7745,65,9.601,True
7746,64,9.601,True
7747,64,9.601,True
7748,64,9.601,True
7749,64,9.601,True
7750,64,9.601,True
7751,64,9.601,True
7752,65,9.601,True
7753,65,9.601,True
7754,65,9.601,True
7755,64,9.601,True
7756,64,9.601,True
7757,64,9.601,True
7758,64,9.601,True
7759,64,9.601,True
7760,64,9.601,True
7761,64,9.601,True
7762,65,9.601,True
7763,65,9.601,True
7764,65,9.601,True
7765,65,9.601,True
7766,65,9.601,True
7767,69,9.601,True
7768,69,9.601,True
7769,69,9.601,True
7770,72,9.601,True
7771,72,9.601,True
7772,74,9.601,True
7773,73,8.05,True
7774,74,8.05,True
7775,75,6.764,True
7776,74,9.7,True
7777,73,9.7,True
7778,73,9.7,True
7779,76,9.7,True
7780,79,9.7,True
7781,79,9.7,True
7782,79,9.7,True
7783,74,8.725,True
7784,74,8.725,True
7785,71,8.725,True
7786,71,8.725,True
7787,71,8.725,True
7788,71,8.725,True
7789,69,6.737,True
7790,69,6.737,True
7791,69,6.737,True
7792,69,6.737,True
7793,68,6.903,True
7794,68,6.903,True
7795,68,6.903,True
7796,68,6.903,True
7797,69,6.725,True
7798,73,6.725,True
7799,73,6.725,True
7800,72,6.903,True
7801,75,6.903,True
7802,75,6.903,True
7803,72,6.903,True
7804,70,9.446,True
7805,71,9.446,True
7806,67,9.446,True
7807,69,9.446,True
7808,67,9.446,True
7809,67,9.446,True
7810,67,9.446,True
7811,66,9.988,True
7812,66,9.988,True
7813,66,9.988,True
7814,66,9.988,True
7815,65,9.988,True
7816,65,9.988,True
7817,65,9.988,True
7818,65,9.988,True
7819,67,9.988,True
7820,68,9.446,True
7821,68,9.446,True
7822,68,9.446,True
7823,69,9.446,True
7824,71,9.446,True
7825,69,9.446,True
7826,71,9.446,True
7827,70,9.988,True
7828,70,9.988,True
7829,70,9.988,True
7830,70,9.988,True
7831,70,9.988,True
7832,70,9.988,True
7833,72,9.675,True
7834,71,9.928,True
7835,73,9.928,True
7836,69,9.928,True
7837,69,9.928,True
7838,69,9.928,True
7839,69,9.928,True
7840,69,9.928,True
7841,69,9.928,True
7842,71,9.928,True
7843,71,9.928,True
7844,71,9.928,True
7845,71,9.928,True
7846,71,9.928,True
7847,72,9.928,True
7848,72,9.928,True
7849,72,9.928,True
7850,72,9.928,True
7851,72,9.928,True
7852,72,9.928,True
7853,72,9.928,True
7854,72,9.928,True
7855,72,9.928,True
7856,72,9.928,True
7857,72,9.675,True
7858,72,9.675,True
7859,73,9.675,True
7860,73,9.675,True
7861,73,9.675,True
7862,73,9.675,True
7863,73,9.798,True
7864,73,9.798,True
7865,73,9.928,True
7866,73,9.798,True
7867,73,9.798,True
7868,73,9.798,True
7869,74,9.798,True
7870,74,9.798,True
7871,74,9.798,True
7872,74,9.798,True
7873,72,9.798,True
7874,72,9.798,True
7875,72,9.798,True
7876,72,9.798,True
7877,72,9.798,True
7878,72,9.798,True
7879,69,9.798,True
7880,69,9.798,True
7881,71,9.798,True
7882,72,9.798,True
7883,72,9.798,True
7884,74,9.798,True
7885,75,9.798,True
7886,73,9.798,True
7887,70,9.798,True
7888,70,9.798,True
7889,70,9.798,True
7890,70,9.798,True
7891,71,9.798,True
7892,69,7.256,True
7893,69,7.256,True
7894,69,8.445,True
7895,71,8.445,True
7896,71,8.445,True
7897,71,8.445,True
7898,71,8.445,True
7899,70,8.445,True
7900,68,8.409,True
7901,68,7.451,True
7902,68,9.127,True
7903,68,9.127,True
7904,68,9.127,True
7905,68,9.127,True
7906,68,9.127,True
7907,68,9.127,True
7908,67,9.127,True
7909,68,9.127,True
7910,68,9.665,True
7911,68,9.665,True
7912,68,9.665,True
7913,66,9.665,True
7914,66,9.665,True
7915,65,9.004,True
7916,66,8.629,True
7917,69,7.7,True
7918,67,7.7,True
7919,66,7.7,True
7920,67,7.549,True
7921,67,7.549,True
7922,69,7.549,True
7923,69,9.691,True
7924,69,9.2,True
7925,69,9.2,True
7926,71,9.2,True
7927,71,7.323,True
7928,70,9.004,True
7929,69,9.004,True
7930,69,9.004,True
7931,69,9.004,True
7932,70,9.004,True
7933,70,9.004,True
7934,74,7.647,True
7935,74,7.647,True
7936,71,7.647,True
7937,71,7.647,True
7938,71,7.647,True
7939,67,9.004,True
7940,69,9.004,True
7941,70,9.004,True
7942,68,9.004,True
7943,68,9.004,True
7944,68,9.004,True
7945,68,9.004,True
7946,68,9.004,True
7947,68,9.004,True
7948,68,9.004,True
7949,69,6.991,True
7950,69,6.991,True
7951,68,9.004,True
7952,68,9.004,True
7953,68,9.004,True
7954,66,9.004,True
7955,66,9.004,True
7956,66,9.004,True
7957,66,9.004,True
7958,66,9.004,True
7959,67,9.004,True
7960,67,9.004,True
7961,69,9.004,True
7962,69,9.004,True
7963,69,9.004,True
7964,65,9.004,True
7965,65,9.004,True
7966,65,9.004,True
7967,67,9.004,True
7968,67,9.004,True
7969,67,9.004,True
7970,67,9.004,True
7971,67,9.004,True
7972,67,9.004,True
7973,66,9.004,True
7974,64,9.004,True
7975,65,9.663,True
7976,65,9.663,True
7977,65,9.663,True
7978,66,9.663,True
7979,64,9.004,True
7980,64,9.004,True
7981,64,9.004,True
7982,64,9.004,True
7983,64,9.004,True
7984,64,9.099,True
7985,64,9.099,True
7986,64,9.099,True
7987,69,9.903,True
7988,69,9.903,True
7989,67,9.204,True
7990,67,9.204,True
7991,67,9.204,True
7992,67,9.204,True
7993,67,9.204,True
7994,68,8.954,True
7995,69,8.954,True
7996,69,8.954,True
7997,69,8.954,True
7998,72,8.954,True
7999,68,8.954,True
8000,70,8.954,True
8001,70,8.954,True
8002,70,8.954,True
8003,67,8.954,True
8004,67,8.954,True
8005,69,8.954,True
8006,68,8.954,True
8007,69,8.954,True
8008,71,9.768,True
8009,72,9.768,True
8010,70,9.768,True
8011,68,9.897,True
8012,68,9.897,True
8013,68,9.897,True
8014,68,9.897,True
8015,65,9.897,True
8016,68,9.897,True
8017,68,9.897,True
8018,65,9.97,True
8019,65,9.97,True
8020,65,9.97,True
8021,65,9.97,True
8022,66,9.97,True
8023,66,9.97,True
8024,66,9.97,True
8025,66,9.97,True
8026,66,9.97,True
8027,66,9.97,True
8028,66,9.97,True
8029,66,8.954,True
8030,66,8.954,True
8031,66,8.954,True
8032,66,8.954,True
8033,69,8.954,True
8034,72,8.954,True
8035,69,8.954,True
8036,69,8.954,True
8037,69,8.954,True
8038,69,8.954,True
8039,67,8.954,True
8040,66,8.954,True
8041,68,8.954,True
8042,70,8.954,True
8043,70,8.954,True
8044,72,8.954,True
8045,69,9.528,True
8046,69,9.528,True
8047,69,9.528,True
8048,67,9.528,True
8049,67,9.528,True
8050,69,9.36,True
8051,69,9.36,True
8052,69,9.36,True
8053,67,9.528,True
8054,67,9.528,True
8055,67,9.528,True
8056,67,9.528,True
8057,67,9.528,True
8058,67,9.528,True
8059,71,9.528,True
8060,72,9.528,True
8061,72,9.528,True
8062,74,9.528,True
8063,73,9.528,True
8064,73,9.528,True
8065,72,9.897,True
8066,72,9.897,True
8067,68,9.897,True
8068,68,9.897,True
8069,68,9.897,True
8070,68,9.897,True
8071,68,9.897,True
8072,68,9.897,True
8073,68,9.897,True
8074,68,9.897,True
8075,69,9.528,True
8076,68,9.528,True
8077,68,9.528,True
8078,67,8.954,True
8079,66,8.954,True
8080,66,8.954,True
8081,66,8.954,True
8082,66,8.954,True
8083,66,8.954,True
8084,66,8.954,True
8085,66,8.954,True
8086,66,8.954,True
8087,66,8.954,True
8088,67,7.7,True
8089,67,7.7,True
8090,68,9.129,True
8091,68,9.129,True
8092,68,9.129,True
8093,72,9.129,True
8094,70,8.954,True
8095,70,8.954,True
8096,70,8.954,True
8097,70,8.954,True
8098,68,8.954,True
8099,68,8.954,True
8100,68,8.954,True
8101,68,8.954,True
8102,71,8.954,True
8103,71,8.954,True
8104,71,8.954,True
8105,72,8.954,True
8106,72,8.954,True
8107,74,8.954,True
8108,74,8.954,True
8109,74,8.954,True
8110,71,8.954,True
8111,71,8.954,True
8112,73,8.73,True
8113,71,8.73,True
8114,69,8.16,True
8115,68,7.721,True
8116,66,7.721,True
8117,65,6.253,True
8118,65,7.441,True
8119,65,7.441,True
8120,65,7.441,True
8121,67,5.555,True
8122,67,5.555,True
8123,67,5.555,True
8124,69,8.444,True
8125,69,9.081,True
8126,69,9.081,True
8127,69,9.081,True
8128,70,9.081,True
8129,70,9.081,True
8130,71,5.818,True
8131,73,5.818,True
8132,75,4.631,True
8133,69,4.368,True
8134,69,4.368,True
8135,71,5.192,True
8136,69,5.565,True
8137,73,5.565,True
8138,72,5.565,True
8139,72,5.565,True
8140,72,5.565,True
8141,73,9.063,True
8142,69,9.063,True
8143,69,9.063,True
8144,69,9.063,True
8145,70,9.063,True
8146,71,9.063,True
8147,70,9.063,True
8148,70,9.063,True
8149,70,9.063,True
8150,70,9.063,True
8151,70,9.063,True
8152,70,9.063,True
8153,70,9.063,True
8154,70,9.063,True
8155,68,9.808,True
8156,68,9.808,True
8157,68,9.808,True
8158,67,8.954,True
8159,67,8.954,True
8160,67,8.954,True
8161,67,8.954,True
8162,67,8.954,True
8163,66,8.954,True
8164,68,8.954,True
8165,66,8.954,True
8166,66,8.954,True
8167,66,8.954,True
8168,66,8.954,True
8169,66,8.954,True
8170,66,8.954,True
8171,64,8.954,True
8172,69,8.162,True
8173,64,8.954,True
8174,63,8.954,True
8175,64,8.954,True
8176,66,8.954,True
8177,65,8.954,True
8178,65,8.954,True
8179,63,8.954,True
8180,63,8.954,True
8181,63,9.004,True
8182,63,9.004,True
8183,66,9.099,True
8184,66,9.099,True
8185,66,9.099,True
8186,67,9.099,True
8187,67,9.099,True
8188,64,9.004,True
8189,64,9.004,True
8190,64,9.004,True
8191,64,9.004,True
8192,64,9.004,True
8193,64,9.897,True
8194,64,9.897,True
8195,64,9.897,True
8196,64,9.897,True
8197,64,9.897,True
8198,67,9.897,True
8199,67,9.897,True
8200,66,9.897,True
8201,68,9.456,True
8202,68,9.456,True
8203,68,9.456,True
8204,68,9.456,True
8205,68,9.456,True
8206,68,9.456,True
8207,68,9.456,True
8208,69,7.981,True
8209,69,7.981,True
8210,72,9.905,True
8211,72,9.905,True
8212,72,9.905,True
8213,72,9.905,True
8214,72,9.905,True
8215,72,9.905,True
8216,69,8.781,True
8217,69,8.781,True
8218,70,8.781,True
8219,70,8.781,True
8220,70,8.781,True
8221,72,8.781,True
8222,72,8.781,True
8223,72,8.781,True
8224,71,9.139,True
8225,71,9.139,True
8226,71,9.139,True
8227,71,9.139,True
8228,69,9.897,True
8229,69,9.897,True
8230,69,9.897,True
8231,74,9.797,True
8232,72,9.797,True
8233,71,9.797,True
8234,71,9.797,True
8235,73,9.798,True
8236,76,9.798,True
8237,73,9.798,True
8238,72,9.798,True
8239,67,8.725,True
8240,68,8.725,True
8241,68,8.725,True
8242,68,8.725,True
8243,68,8.725,True
8244,70,9.924,True
8245,67,8.725,True
8246,68,8.725,True
8247,68,8.725,True
8248,69,8.725,True
8249,68,8.725,True
8250,68,9.418,True
8251,68,9.418,True
8252,72,9.418,True
8253,72,9.418,True
8254,72,9.418,True
8255,68,9.897,True
8256,67,9.897,True
8257,67,9.897,True
8258,67,9.897,True
8259,67,9.897,True
8260,67,9.897,True
8261,67,9.897,True
8262,69,9.418,True
8263,72,9.418,True
8264,72,9.418,True
8265,71,9.418,True
8266,71,9.418,True
8267,69,9.418,True
8268,69,9.418,True
8269,69,9.418,True
8270,69,9.418,True
8271,67,9.418,True
8272,67,9.418,True
8273,68,9.418,True
8274,71,9.418,True
8275,69,9.418,True
8276,68,9.418,True
8277,66,9.418,True
8278,66,9.418,True
8279,66,9.73,True
8280,64,9.73,True
8281,66,9.73,True
8282,67,6.773,True
8283,67,6.773,True
8284,67,6.773,True
8285,67,6.773,True
8286,76,6.773,True
8287,76,6.773,True
8288,76,6.773,True
8289,67,6.773,True
8290,69,5.582,True
8291,69,5.582,True
8292,69,5.582,True
8293,68,9.601,True
8294,67,9.601,True
8295,67,9.601,True
8296,67,9.897,True
8297,67,9.601,True
8298,67,9.601,True
8299,67,9.601,True
8300,67,9.601,True
8301,67,9.601,True
8302,67,9.601,True
8303,70,9.601,True
8304,71,9.601,True
8305,70,9.601,True
8306,70,9.601,True
8307,72,9.601,True
8308,72,9.601,True
8309,72,9.601,True
8310,72,9.601,True
8311,72,9.663,True
8312,72,9.663,True
8313,71,9.663,True
8314,71,9.663,True
8315,71,9.663,True
8316,71,9.663,True
8317,71,9.663,True
8318,71,9.663,True
8319,71,9.663,True
8320,70,9.663,True
8321,66,9.663,True
8322,65,9.675,True
8323,65,9.675,True
8324,65,9.675,True
8325,66,9.675,True
8326,66,9.675,True
8327,66,9.675,True
8328,66,9.675,True
8329,66,9.675,True
8330,66,9.675,True
8331,66,9.675,True
8332,67,9.675,True
8333,67,9.675,True
8334,64,9.675,True
8335,64,9.675,True
8336,64,9.897,True
8337,65,9.897,True
8338,65,9.897,True
8339,65,9.897,True
8340,65,9.897,True
8341,65,9.897,True
8342,65,9.897,True
8343,65,9.897,True
8344,65,9.897,True
8345,65,9.897,True
8346,65,9.897,True
8347,66,9.897,True
8348,65,9.897,True
8349,65,9.897,True
8350,65,9.897,True
8351,66,9.897,True
8352,67,9.897,True
8353,67,9.675,True
8354,66,9.675,True
8355,65,9.675,True
8356,66,9.675,True
8357,68,9.675,True
8358,68,9.675,True
8359,68,9.675,True
8360,67,9.675,True
8361,70,9.675,True
8362,70,9.675,True
8363,70,9.675,True
8364,70,9.675,True
8365,70,9.675,True
8366,70,9.675,True
8367,70,9.675,True
8368,68,9.675,True
8369,68,9.675,True
8370,71,7.817,True
8371,72,7.817,True
8372,72,7.817,True
8373,72,7.817,True
8374,72,7.817,True
8375,72,7.817,True
8376,72,7.817,True
8377,72,7.817,True
8378,72,7.817,True
8379,70,9.663,True
8380,68,9.663,True
8381,68,9.663,True
8382,68,9.663,True
8383,68,9.663,True
8384,68,9.663,True
8385,68,9.663,True
8386,69,9.663,True
8387,69,9.663,True
8388,70,9.663,True
8389,73,9.663,True
8390,73,9.663,True
8391,73,9.663,True
8392,73,9.663,True
8393,69,9.73,True
8394,70,9.73,True
8395,69,9.663,True
8396,68,9.663,True
8397,68,9.663,True
8398,68,9.663,True
8399,69,9.663,True
8400,68,9.663,True
8401,67,9.663,True
8402,68,9.73,True
8403,71,9.663,True
8404,70,9.663,True
8405,71,9.663,True
8406,72,9.798,True
8407,70,9.663,True
8408,70,9.663,True
8409,70,9.663,True
8410,68,9.663,True
8411,67,9.675,True
8412,68,9.781,True
8413,68,9.781,True
8414,68,9.781,True
8415,69,9.892,True
8416,70,9.892,True
8417,70,9.892,True
8418,69,9.892,True
8419,68,9.892,True
8420,69,9.892,True
8421,69,9.892,True
8422,68,9.781,True
8423,67,9.675,True
8424,68,9.675,True
8425,69,9.675,True
8426,69,9.675,True
8427,68,9.675,True
8428,68,9.675,True
8429,68,9.675,True
8430,68,9.675,True
8431,68,9.675,True
8432,68,9.675,True
8433,67,9.675,True
8434,67,9.675,True
8435,67,9.675,True
8436,69,9.675,True
8437,69,9.675,True
8438,72,9.675,True
8439,72,9.675,True
8440,72,9.675,True
8441,70,9.675,True
8442,72,9.675,True
8443,72,9.675,True
8444,70,9.675,True
8445,70,9.675,True
8446,70,9.675,True
8447,70,9.675,True
8448,73,9.675,True
8449,73,9.675,True
8450,73,9.675,True
8451,73,9.675,True
8452,75,9.798,True
8453,73,9.675,True
8454,73,9.675,True
8455,73,9.675,True
8456,73,9.675,True
8457,71,9.675,True
8458,71,9.675,True
8459,72,9.675,True
8460,72,9.675,True
8461,72,9.675,True
8462,68,9.675,True
8463,68,9.675,True
8464,68,9.675,True
8465,66,9.675,True
8466,70,9.675,True
8467,70,9.675,True
8468,70,9.675,True
8469,68,9.746,True
8470,68,9.746,True
8471,68,9.746,True
8472,68,9.746,True
8473,68,9.746,True
8474,68,9.746,True
8475,68,9.746,True
8476,68,9.746,True
8477,67,9.675,True
8478,67,9.675,True
8479,67,9.675,True
8480,67,9.675,True
8481,69,9.675,True
8482,68,9.675,True
8483,70,9.675,True
8484,68,9.675,True
8485,68,9.675,True
8486,69,9.675,True
8487,68,9.675,True
8488,68,9.675,True
8489,68,9.675,True
8490,67,9.675,True
8491,69,9.675,True
8492,69,9.675,True
8493,69,9.675,True
8494,69,9.675,True
8495,69,9.675,True
8496,69,9.675,True
8497,69,9.675,True
8498,71,9.675,True
8499,71,9.675,True
8500,68,9.675,True
8501,64,9.897,True
8502,64,9.897,True
8503,64,9.897,True
8504,64,9.897,True
8505,64,9.897,True
8506,64,9.897,True
8507,64,9.897,True
8508,66,9.897,True
8509,70,9.382,True
8510,69,9.382,True
8511,69,9.382,True
8512,71,9.382,True
8513,69,6.444,True
8514,69,6.444,True
8515,69,6.444,True
8516,71,9.382,True
8517,70,6.444,True
8518,71,7.228,True
8519,71,7.228,True
8520,69,9.675,True
8521,71,9.675,True
8522,71,9.675,True
8523,71,9.675,True
8524,71,9.675,True
8525,72,9.675,True
8526,72,9.675,True
8527,72,9.675,True
8528,73,9.675,True
8529,73,9.675,True
8530,73,9.675,True
8531,73,9.675,True
8532,70,9.675,True
8533,72,9.675,True
8534,72,9.675,True
8535,75,9.675,True
8536,75,9.675,True
8537,75,9.675,True
8538,79,8.991,True
8539,79,8.991,True
8540,79,8.991,True
8541,79,8.991,True
8542,75,9.675,True
8543,76,9.675,True
8544,75,9.675,True
8545,76,6.07,True
8546,77,8.002,True
8547,76,6.07,True
8548,78,6.274,True
8549,80,6.621,True
8550,80,6.621,True
8551,77,6.274,True
8552,80,9.664,True
8553,82,9.664,True
8554,82,9.664,True
8555,82,9.664,True
8556,77,9.897,True
8557,77,9.897,True
8558,77,9.897,True
8559,77,9.897,True
8560,77,9.897,True
8561,77,9.897,True
8562,77,9.897,True
8563,75,9.897,True
8564,75,9.897,True
8565,74,9.897,True
8566,74,9.897,True
8567,74,9.897,True
8568,78,9.664,True
8569,76,9.664,True
8570,76,9.664,True
8571,77,9.664,True
8572,77,9.664,True
8573,79,9.664,True
8574,79,9.664,True
8575,77,9.664,True
8576,77,9.664,True
8577,75,9.664,True
8578,73,9.664,True
8579,73,9.664,True
8580,72,9.748,True
8581,70,9.748,True
8582,70,9.748,True
8583,71,9.596,True
8584,71,9.596,True
8585,68,9.596,True
8586,68,9.596,True
8587,65,9.596,True
8588,67,8.989,True
8589,68,8.989,True
8590,68,6.609,True
8591,68,6.609,True
8592,67,7.067,True
8593,67,8.105,True
8594,67,7.067,True
8595,67,7.067,True
8596,67,7.067,True
8597,69,7.067,True
8598,69,7.067,True
8599,72,7.067,True
8600,73,6.455,True
8601,70,6.455,True
8602,70,6.455,True
8603,70,6.455,True
8604,72,8.832,True
8605,72,8.832,True
8606,76,8.832,True
8607,76,8.832,True
8608,74,6.455,True
8609,77,6.455,True
8610,77,6.455,True
8611,77,8.791,True
8612,77,8.791,True
8613,77,8.791,True
8614,77,8.791,True
8615,77,8.791,True
8616,77,8.791,True
8617,75,9.596,True
8618,75,9.596,True
8619,79,9.596,True
8620,79,9.596,True
8621,79,9.596,True
8622,78,9.807,True
8623,78,9.807,True
8624,76,9.596,True
8625,75,9.596,True
8626,75,9.596,True
8627,77,9.596,True
8628,79,9.596,True
8629,77,9.596,True
8630,78,8.362,True
8631,78,8.362,True
8632,77,7.532,True
8633,79,7.532,True
8634,79,7.532,True
8635,79,7.532,True
8636,74,9.142,True
8637,74,7.007,True
8638,74,7.007,True
8639,75,7.007,True
8640,76,7.007,True
8641,74,7.007,True
8642,74,7.007,True
8643,74,7.007,True
8644,74,7.007,True
8645,74,7.007,True
8646,72,7.007,True
8647,72,7.007,True
8648,72,6.942,True
8649,72,6.942,True
8650,71,7.992,True
8651,69,8.397,True
8652,71,9.981,True
8653,71,9.981,True
8654,71,9.981,True
8655,71,9.981,True
8656,73,9.981,True
8657,72,6.737,True
8658,72,6.737,True
8659,72,6.737,True
8660,74,7.374,True
8661,74,7.374,True
8662,74,7.374,True
8663,76,9.136,True
8664,74,9.136,True
8665,74,9.136,True
8666,74,9.136,True
8667,73,9.136,True
8668,74,9.136,True
8669,74,9.136,True
8670,75,9.136,True
8671,76,9.798,True
8672,79,9.798,True
8673,75,9.798,True
8674,75,9.798,True
8675,75,9.798,True
8676,76,9.798,True
8677,75,9.798,True
8678,75,9.798,True
8679,76,5.354,True
8680,76,7.451,True
8681,76,7.451,True
8682,74,7.451,True
8683,74,7.451,True
8684,74,6.627,True
8685,71,5.144,True
8686,71,5.144,True
8687,70,5.144,True
8688,70,5.144,True
8689,71,5.76,True
8690,72,9.153,True
8691,72,9.153,True
8692,72,9.153,True
8693,74,5.76,True
8694,74,5.76,True
8695,74,5.76,True
8696,73,5.354,True
8697,73,5.354,True
8698,73,7.451,True
8699,74,8.289,True
8700,74,8.289,True
8701,74,8.289,True
8702,74,8.289,True
8703,73,7.451,True
8704,74,8.24,True
8705,78,8.24,True
8706,76,8.24,True
8707,76,8.24,True
8708,76,8.24,True
8709,77,8.24,True
8710,77,8.24,True
8711,78,7.987,True
8712,78,7.987,True
8713,76,9.749,True
8714,74,9.749,True
8715,75,9.749,True
8716,75,9.749,True
8717,73,9.749,True
8718,72,8.249,True
8719,72,8.249,True
8720,72,8.249,True
8721,72,8.249,True
8722,70,7.302,True
8723,69,8.923,True
8724,69,8.923,True
8725,69,8.923,True
8726,69,8.923,True
8727,69,8.923,True
8728,68,9.223,True
8729,66,9.223,True
8730,68,9.223,True
8731,68,9.223,True
8732,68,9.223,True
8733,68,9.223,True
8734,68,9.223,True
8735,68,9.223,True
8736,70,9.266,True
8737,70,9.266,True
8738,70,9.266,True
8739,72,9.266,True
8740,70,9.266,True
8741,70,9.223,True
8742,70,9.223,True
8743,69,9.685,True
8744,69,9.685,True
8745,69,9.685,True
8746,67,9.685,True
8747,67,9.685,True
8748,68,9.223,True
8749,69,7.403,True
8750,67,6.34,True
8751,68,9.933,True
8752,70,6.985,True
8753,70,6.985,True
8754,70,6.985,True
8755,69,6.34,True
8756,69,6.34,True
8757,69,7.981,True
8758,69,7.981,True
8759,69,7.981,True
8760,69,7.461,True
8761,69,7.461,True
8762,66,7.416,True
8763,66,7.416,True
8764,69,7.416,True
8765,70,7.416,True
8766,70,7.416,True
8767,69,7.416,True
8768,69,8.487,True
8769,69,8.487,True
8770,69,8.487,True
8771,66,8.487,True
8772,66,8.487,True
8773,70,8.487,True
8774,70,8.487,True
8775,70,8.487,True
8776,69,9.363,True
8777,72,8.487,True
8778,72,8.487,True
8779,70,8.487,True
8780,70,8.487,True
8781,69,7.351,True
8782,69,7.351,True
8783,69,8.954,True
8784,69,8.954,True
8785,68,8.954,True
8786,65,8.954,True
8787,65,8.954,True
8788,65,8.954,True
8789,67,8.954,True
8790,65,8.954,True
8791,65,8.954,True
8792,65,8.954,True
8793,65,8.954,True
8794,65,8.954,True
8795,65,4.907,True
8796,65,4.907,True
8797,67,4.907,True
8798,67,4.907,True
8799,67,4.907,True
8800,65,4.907,True
8801,65,4.907,True
8802,65,4.907,True
8803,67,4.907,True
8804,67,4.907,True
8805,67,4.907,True
8806,67,4.907,True
8807,68,4.907,True
8808,68,4.907,True
8809,65,4.907,True
8810,65,4.907,True
8811,65,4.907,True
8812,65,4.907,True
8813,65,4.907,True
8814,69,7.724,True
8815,66,7.724,True
8816,66,7.724,True
8817,66,7.724,True
8818,66,7.724,True
8819,67,7.724,True
8820,68,7.724,True
8821,66,7.724,True
8822,68,7.617,True
8823,69,7.617,True
8824,71,7.617,True
8825,70,7.617,True
8826,70,8.912,True
8827,70,8.954,True
8828,76,9.921,True
8829,70,8.954,True
8830,70,8.954,True
8831,73,8.954,True
8832,73,8.954,True
8833,73,8.954,True
8834,74,8.954,True
8835,71,8.954,True
8836,71,8.954,True
8837,71,8.954,True
8838,70,9.201,True
8839,70,9.201,True
8840,70,9.201,True
8841,70,9.201,True
8842,70,9.201,True
8843,72,9.224,True
8844,72,8.954,True
8845,72,8.954,True
8846,72,8.954,True
8847,72,8.954,True
8848,72,8.954,True
8849,72,8.954,True
8850,71,8.954,True
8851,67,8.954,True
8852,66,8.954,True
8853,66,8.954,True
8854,66,8.954,True
8855,66,8.954,True
8856,66,8.954,True
8857,66,8.954,True
8858,66,8.954,True
8859,66,8.954,True
8860,66,8.954,True
8861,66,6.812,True
8862,65,9.201,True
8863,65,9.201,True
8864,66,9.201,True
8865,67,9.601,True
8866,67,9.601,True
8867,67,9.601,True
8868,66,9.201,True
8869,68,8.434,True
8870,68,8.434,True
8871,68,8.434,True
8872,74,8.434,True
8873,75,8.427,True
8874,75,8.427,True
8875,69,8.427,True
8876,66,8.427,True
8877,67,9.838,True
8878,65,9.897,True
8879,63,9.897,True
8880,63,9.897,True
8881,63,9.897,True
8882,63,9.897,True
8883,65,8.427,True
8884,65,8.427,True
8885,65,8.427,True
8886,65,8.427,True
8887,65,8.427,True
8888,65,8.427,True
8889,67,8.427,True
8890,68,8.427,True
8891,68,8.427,True
8892,67,8.002,True
8893,68,8.427,True
8894,68,8.427,True
8895,68,9.308,True
8896,68,9.308,True
8897,68,9.308,True
8898,68,9.308,True
8899,69,8.427,True
8900,66,8.427,True
8901,66,8.427,True
8902,66,8.427,True
8903,66,8.427,True
8904,66,9.446,True
8905,66,9.446,True
8906,66,9.446,True
8907,66,9.446,True
8908,67,8.427,True
8909,67,8.427,True
8910,67,8.427,True
8911,65,8.427,True
8912,65,8.427,True
8913,65,8.427,True
8914,67,6.522,True
8915,67,6.522,True
8916,69,6.522,True
8917,69,6.522,True
8918,68,6.522,True
8919,68,6.522,True
8920,68,6.522,True
8921,67,9.897,True
8922,67,9.897,True
8923,66,9.897,True
8924,66,9.897,True
8925,64,9.897,True
8926,65,9.897,True
8927,65,9.897,True
8928,65,9.897,True
8929,63,9.897,True
8930,62,9.897,True
8931,62,9.897,True
8932,66,8.427,True
8933,62,9.897,True
8934,63,7.451,True
8935,63,6.683,True
8936,63,5.566,True
8937,62,9.027,True
8938,65,9.47,True
8939,66,9.838,True
8940,66,9.838,True
8941,64,9.47,True
8942,63,9.027,True
8943,63,9.027,True
8944,65,9.542,True
8945,66,9.542,True
8946,64,9.542,True
8947,64,9.542,True
8948,65,9.542,True
8949,65,9.542,True
8950,66,9.542,True
8951,66,9.542,True
8952,67,8.706,True
8953,67,8.706,True
8954,67,8.706,True
8955,67,8.706,True
8956,67,8.706,True
8957,67,9.57,True
8958,69,9.57,True
8959,69,9.57,True
8960,67,9.57,True
8961,67,9.57,True
8962,66,9.57,True
8963,65,9.027,True
8964,66,8.706,True
8965,66,8.706,True
8966,66,8.706,True
8967,66,8.706,True
8968,66,8.706,True
8969,66,8.706,True
8970,66,8.706,True
8971,70,8.706,True
8972,67,7.451,True
8973,67,7.451,True
8974,67,7.451,True
8975,67,7.451,True
8976,67,7.451,True
8977,67,7.451,True
8978,67,7.451,True
8979,70,7.451,True
8980,70,5.566,True
8981,66,5.566,True
8982,69,7.807,True
8983,69,7.807,True
8984,65,7.807,True
8985,64,8.696,True
8986,64,8.696,True
8987,67,8.696,True
8988,67,8.744,True
8989,67,8.696,True
8990,67,8.696,True
8991,68,7.807,True
8992,68,7.807,True
8993,68,7.807,True
8994,68,7.807,True
8995,68,7.244,True
8996,68,7.244,True
8997,68,7.244,True
8998,68,7.244,True
8999,68,7.244,True
9000,68,7.244,True
9001,71,5.985,True
9002,71,5.985,True
9003,73,5.985,True
9004,72,5.985,True
9005,70,8.907,True
9006,76,8.907,True
9007,76,8.907,True
9008,77,8.907,True
9009,77,8.907,True
9010,72,8.907,True
9011,72,8.907,True
9012,72,8.907,True
9013,70,8.907,True
9014,72,8.907,True
9015,72,8.907,True
9016,72,8.907,True
9017,72,8.907,True
9018,69,9.897,True
9019,69,9.897,True
9020,69,9.897,True
9021,69,9.897,True
9022,69,8.907,True
9023,70,8.907,True
9024,70,8.907,True
9025,70,8.907,True
9026,68,9.221,True
9027,67,9.221,True
9028,69,9.221,True
9029,69,9.221,True
9030,70,9.221,True
9031,70,9.221,True
9032,71,7.942,True
9033,70,8.628,True
9034,68,8.628,True
9035,68,8.628,True
9036,68,8.628,True
9037,68,8.628,True
9038,67,8.628,True
9039,67,8.628,True
9040,67,8.628,True
9041,67,8.628,True
9042,67,8.628,True
9043,65,9.601,True
9044,64,9.601,True
9045,64,9.601,True
9046,66,9.221,True
9047,67,8.085,True
9048,66,8.085,True
9049,66,8.659,True
9050,61,8.659,True
9051,61,8.659,True
9052,61,8.659,True
9053,61,8.659,True
9054,61,8.659,True
9055,64,8.285,True
9056,63,7.7,True
9057,63,7.7,True
9058,63,7.7,True
9059,62,7.461,True
9060,63,7.461,True
9061,64,7.461,True
9062,67,9.422,True
9063,67,9.422,True
9064,67,9.422,True
9065,67,9.422,True
9066,67,9.422,True
9067,70,9.422,True
9068,67,8.822,True
9069,67,8.822,True
9070,67,9.066,True
9071,67,9.066,True
9072,67,9.066,True
9073,69,9.066,True
9074,69,9.066,True
9075,69,9.066,True
9076,70,9.066,True
9077,69,9.066,True
9078,69,9.066,True
9079,71,7.999,True
9080,71,7.999,True
9081,71,7.039,True
9082,74,7.039,True
9083,75,5.986,True
9084,74,5.576,True
9085,75,5.986,True
9086,74,9.86,True
9087,74,9.86,True
9088,74,9.86,True
9089,71,9.86,True
9090,71,9.86,True
9091,73,9.745,True
9092,74,9.468,True
9093,74,7.999,True
9094,76,9.492,True
9095,76,9.492,True
9096,75,9.492,True
9097,77,9.492,True
9098,76,9.745,True
9099,76,9.745,True
9100,76,9.745,True
9101,76,9.745,True
9102,76,9.745,True
9103,76,9.745,True
9104,74,9.745,True
9105,74,9.745,True
9106,74,9.745,True
9107,72,9.745,True
9108,74,9.745,True
9109,74,9.745,True
9110,74,9.745,True
9111,76,9.745,True
9112,76,9.745,True
9113,74,9.745,True
9114,75,9.745,True
9115,75,9.745,True
9116,75,9.745,True
9117,73,9.97,True
9118,73,9.97,True
9119,73,9.97,True
9120,73,9.97,True
9121,72,9.97,True
9122,72,9.97,True
9123,72,9.97,True
9124,72,9.987,True
9125,71,9.987,True
9126,70,9.987,True
9127,70,9.987,True
9128,72,9.987,True
9129,70,9.987,True
9130,70,9.987,True
9131,70,9.987,True
9132,70,9.987,True
9133,70,9.97,True
9134,70,9.97,True
9135,70,9.97,True
9136,75,8.561,True
9137,75,8.561,True
9138,70,9.97,True
9139,74,9.97,True
9140,70,9.97,True
9141,70,9.97,True
9142,70,9.97,True
9143,70,9.97,True
9144,70,9.97,True
9145,71,9.97,True
9146,71,9.97,True
9147,70,9.97,True
9148,70,9.97,True
9149,70,9.97,True
9150,71,9.97,True
9151,71,9.97,True
9152,73,9.97,True
9153,71,9.97,True
9154,71,9.97,True
9155,71,9.97,True
9156,70,9.97,True
9157,75,9.675,True
9158,74,9.675,True
9159,74,9.675,True
9160,74,9.675,True
9161,74,9.675,True
9162,74,9.675,True
9163,76,9.675,True
9164,73,9.675,True
9165,73,8.363,True
9166,73,8.363,True
9167,75,8.363,True
9168,74,8.659,True
9169,70,8.659,True
9170,70,9.724,True
9171,71,9.724,True
9172,71,9.724,True
9173,75,9.724,True
9174,73,8.659,True
9175,73,8.659,True
9176,76,8.659,True
9177,76,8.659,True
9178,79,8.659,True
9179,79,8.659,True
9180,79,8.659,True
9181,80,9.693,True
9182,80,9.693,True
9183,81,7.671,True
9184,78,6.551,True
9185,78,6.551,True
9186,74,9.284,True
9187,76,9.284,True
9188,72,7.672,True
9189,72,7.672,True
9190,72,7.672,True
9191,72,7.672,True
9192,72,7.672,True
9193,72,7.672,True
9194,69,7.672,True
9195,69,7.672,True
9196,68,7.672,True
9197,68,7.672,True
9198,69,9.278,True
9199,69,9.278,True
9200,68,9.278,True
9201,67,8.694,True
9202,67,8.694,True
9203,67,8.694,True
9204,66,7.038,True
9205,69,7.855,True
9206,68,8.659,True
9207,68,8.659,True
9208,66,8.659,True
9209,66,8.659,True
9210,64,8.764,True
9211,64,8.764,True
9212,64,8.659,True
9213,66,7.038,True
9214,67,7.038,True
9215,65,6.427,True
9216,65,6.427,True
9217,66,7.615,True
9218,70,7.615,True
9219,69,7.357,True
9220,69,7.357,True
9221,70,9.748,True
9222,69,7.357,True
9223,69,7.357,True
9224,69,7.357,True
9225,68,7.357,True
9226,68,7.357,True
9227,70,8.511,True
9228,66,7.357,True
9229,69,8.119,True
9230,69,8.119,True
9231,70,8.119,True
9232,68,8.119,True
9233,66,8.119,True
9234,66,8.119,True
9235,69,8.119,True
9236,69,8.119,True
9237,69,8.119,True
9238,76,8.129,True
9239,79,8.129,True
9240,75,8.129,True
9241,76,8.129,True
9242,76,8.129,True
9243,73,8.129,True
9244,73,8.129,True
9245,69,6.719,True
9246,69,5.069,True
9247,69,5.069,True
9248,69,5.069,True
9249,69,9.897,True
9250,71,9.897,True
9251,71,9.897,True
9252,73,5.069,True
9253,73,5.069,True
9254,71,4.643,True
9255,71,4.643,True
9256,71,4.643,True
9257,71,4.643,True
9258,69,4.643,True
9259,68,4.643,True
9260,71,6.391,True
9261,71,6.391,True
9262,71,6.391,True
9263,70,6.391,True
9264,70,6.391,True
9265,73,6.249,True
9266,70,6.249,True
9267,69,7.544,True
9268,69,7.544,True
9269,68,8.624,True
9270,70,7.544,True
9271,70,6.249,True
9272,73,7.006,True
9273,73,7.006,True
9274,73,8.363,True
9275,73,8.363,True
9276,70,7.006,True
9277,70,7.006,True
9278,70,7.006,True
9279,70,8.015,True
9280,71,8.015,True
9281,72,8.519,True
9282,73,7.51,True
9283,69,7.51,True
9284,71,8.199,True
9285,71,8.199,True
9286,73,7.51,True
9287,73,7.51,True
9288,75,8.102,True
9289,75,8.102,True
9290,75,8.102,True
9291,75,8.102,True
9292,75,8.102,True
9293,74,8.102,True
9294,74,8.102,True
9295,74,8.102,True
9296,78,8.519,True
9297,78,8.519,True
9298,74,8.519,True
9299,73,8.519,True
9300,73,8.519,True
9301,73,8.519,True
9302,71,8.519,True
9303,69,9.376,True
9304,69,9.376,True
9305,69,9.376,True
9306,70,9.376,True
9307,70,9.376,True
9308,70,9.376,True
9309,71,9.376,True
9310,71,9.376,True
9311,70,9.376,True
9312,70,9.376,True
9313,70,9.376,True
9314,72,9.376,True
9315,72,9.376,True
9316,72,6.439,True
9317,72,6.439,True
9318,67,6.439,True
9319,67,6.439,True
9320,69,9.58,True
9321,69,9.58,True
9322,68,9.58,True
9323,66,8.744,True
9324,68,9.58,True
9325,68,8.744,True
9326,68,8.744,True
9327,71,8.744,True
9328,71,7.855,True
9329,72,7.855,True
9330,72,7.855,True
9331,70,7.855,True
9332,75,7.855,True
9333,75,7.855,True
9334,76,7.855,True
9335,75,7.855,True
9336,76,7.855,True
9337,74,8.073,True
9338,73,8.073,True
9339,73,8.073,True
9340,73,8.073,True
9341,72,8.073,True
9342,74,8.073,True
9343,74,8.073,True
9344,72,8.339,True
9345,73,8.847,True
9346,73,8.847,True
9347,73,8.073,True
9348,72,8.073,True
9349,72,8.073,True
9350,72,8.073,True
9351,72,8.073,True
9352,74,8.073,True
9353,74,8.073,True
9354,72,8.073,True
9355,74,8.073,True
9356,74,8.073,True
9357,72,8.073,True
9358,72,8.073,True
9359,73,8.073,True
9360,73,8.073,True
9361,73,8.073,True
9362,67,8.989,True
9363,67,8.989,True
9364,67,8.989,True
9365,67,8.989,True
9366,64,8.989,True
9367,65,8.989,True
9368,66,8.675,True
9369,71,8.675,True
9370,71,7.256,True
9371,71,7.256,True
9372,71,7.256,True
9373,71,7.256,True
9374,71,7.256,True
9375,71,7.256,True
9376,69,7.192,True
9377,69,7.192,True
9378,69,7.192,True
9379,69,7.192,True
9380,69,7.192,True
9381,69,7.192,True
9382,64,8.02,True
9383,63,9.232,True
9384,63,9.232,True
9385,64,8.02,True
9386,64,8.393,True
9387,64,8.393,True
9388,63,8.393,True
9389,64,5.599,True
9390,64,5.599,True
9391,64,5.599,True
9392,64,5.599,True
9393,64,5.599,True
9394,64,5.599,True
9395,63,7.579,True
9396,65,7.831,True
9397,65,7.831,True
9398,65,7.831,True
9399,71,7.831,True
9400,69,9.238,True
9401,63,9.238,True
9402,63,9.238,True
9403,63,9.238,True
9404,63,9.238,True
9405,64,5.576,True
9406,64,5.576,True
9407,64,5.576,True
9408,64,5.576,True
9409,64,7.461,True
9410,66,7.871,True
9411,65,7.403,True
9412,65,9.652,True
9413,68,9.652,True
9414,68,9.652,True
9415,68,7.403,True
9416,65,7.579,True
9417,66,7.579,True
9418,69,7.807,True
9419,69,7.807,True
9420,69,7.807,True
9421,70,8.452,True
9422,67,8.452,True
9423,67,8.452,True
9424,66,9.066,True
9425,66,9.066,True
9426,68,9.066,True
9427,68,9.066,True
9428,66,9.066,True
9429,66,7.7,True
9430,65,8.659,True
9431,67,8.659,True
9432,68,8.659,True
9433,68,8.659,True
9434,68,8.659,True
9435,68,8.659,True
9436,66,8.659,True
9437,68,8.659,True
9438,68,8.659,True
9439,68,8.659,True
9440,68,8.659,True
9441,68,8.659,True
9442,70,8.659,True
9443,70,8.659,True
9444,70,9.617,True
9445,69,9.617,True
9446,68,9.617,True
9447,68,9.617,True
9448,68,8.822,True
9449,68,8.822,True
9450,67,8.822,True
9451,67,8.822,True
9452,67,8.822,True
9453,68,9.617,True
9454,68,9.617,True
9455,68,9.617,True
9456,68,9.617,True
9457,68,9.95,True
9458,68,9.95,True
9459,68,9.95,True
9460,68,9.95,True
9461,66,9.95,True
9462,67,9.95,True
9463,67,9.95,True
9464,63,9.95,True
9465,63,9.95,True
9466,64,8.694,True
9467,66,9.97,True
9468,63,9.97,True
9469,63,9.97,True
9470,63,9.97,True
9471,66,9.97,True
9472,69,9.97,True
9473,73,9.97,True
9474,73,9.97,True
9475,76,9.279,True
9476,72,9.279,True
9477,72,9.279,True
9478,71,8.744,True
9479,75,8.744,True
9480,75,8.744,True
9481,75,8.744,True
9482,75,8.744,True
9483,75,8.744,True
9484,74,8.744,True
9485,74,8.744,True
9486,70,8.744,True
9487,71,8.744,True
9488,69,9.456,True
9489,74,9.456,True
9490,70,9.456,True
9491,70,9.456,True
9492,70,9.456,True
9493,70,9.456,True
9494,70,9.456,True
9495,70,9.456,True
9496,70,9.456,True
9497,70,9.456,True
9498,70,9.456,True
9499,75,9.456,True
9500,75,9.456,True
9501,74,9.456,True
9502,72,9.456,True
9503,71,9.456,True
9504,72,8.069,True
9505,72,8.069,True
9506,72,8.069,True
9507,74,8.069,True
9508,73,8.694,True
9509,73,8.694,True
9510,74,8.694,True
9511,73,8.694,True
9512,73,8.694,True
9513,73,8.694,True
9514,75,8.694,True
9515,69,8.694,True
9516,68,7.212,True
9517,77,8.507,True
9518,77,8.507,True
9519,77,8.507,True
9520,77,8.507,True
9521,80,9.55,True
9522,80,9.55,True
9523,80,9.55,True
9524,78,9.55,True
9525,78,9.55,True
9526,78,9.55,True
9527,78,9.55,True
9528,76,6.773,True
9529,76,6.773,True
9530,76,6.773,True
9531,75,6.773,True
9532,75,6.773,True
9533,74,6.773,True
9534,74,6.773,True
9535,75,7.586,True
9536,72,9.114,True
9537,71,9.114,True
9538,72,9.114,True
9539,73,9.26,True
9540,71,9.26,True
9541,71,9.26,True
9542,70,9.26,True
9543,71,8.91,True
9544,71,8.91,True
9545,71,8.91,True
9546,71,8.91,True
9547,70,8.659,True
9548,70,8.659,True
9549,70,8.659,True
9550,70,8.659,True
9551,67,9.418,True
9552,67,9.418,True
9553,70,9.418,True
9554,68,9.707,True
9555,68,9.707,True
9556,68,9.707,True
9557,68,9.707,True
9558,71,9.707,True
9559,71,9.707,True
9560,79,9.353,True
9561,79,9.353,True
9562,76,8.708,True
9563,76,8.708,True
9564,73,4.453,True
9565,73,4.453,True
9566,73,4.453,True
9567,73,4.453,True
9568,76,4.453,True
9569,77,9.771,True
9570,76,7.893,True
9571,77,9.826,True
9572,77,7.692,True
9573,77,7.692,True
9574,77,7.692,True
9575,77,7.692,True
9576,77,7.692,True
9577,74,9.535,True
9578,74,9.535,True
9579,76,7.692,True
9580,76,7.692,True
9581,76,9.003,True
9582,76,9.003,True
9583,77,9.003,True
9584,77,9.003,True
9585,77,9.003,True
9586,77,9.003,True
9587,75,9.357,True
9588,73,9.357,True
9589,75,9.357,True
9590,72,9.357,True
9591,71,9.357,True
9592,71,9.357,True
9593,71,9.357,True
9594,71,9.357,True
9595,70,7.649,True
9596,70,9.309,True
9597,70,9.309,True
9598,68,9.309,True
9599,71,9.413,True
9600,71,9.413,True
9601,71,9.413,True
9602,71,9.413,True
9603,65,9.413,True
9604,65,9.413,True
9605,70,9.413,True
9606,70,9.413,True
9607,66,8.348,True
9608,66,8.348,True
9609,69,6.253,True
9610,69,6.253,True
9611,69,6.253,True
9612,75,6.512,True
9613,77,6.512,True
9614,77,6.512,True
9615,77,6.512,True
9616,75,8.272,True
9617,75,8.272,True
9618,72,6.512,True
9619,72,6.512,True
9620,70,9.394,True
9621,70,9.394,True
9622,68,6.512,True
9623,68,9.955,True
9624,65,5.464,True
9625,69,5.464,True
9626,69,5.464,True
9627,64,8.348,True
9628,66,9.939,True
9629,66,9.939,True
9630,64,9.939,True
9631,64,9.939,True
9632,64,9.939,True
9633,64,9.939,True
9634,64,9.939,True
9635,64,9.939,True
9636,69,9.939,True
9637,69,9.987,True
9638,69,9.987,True
9639,70,9.987,True
9640,69,8.744,True
9641,69,8.744,True
9642,69,8.744,True
9643,69,8.744,True
9644,65,9.367,True
9645,63,8.744,True
9646,66,8.744,True
9647,65,9.737,True
9648,65,9.737,True
9649,65,9.737,True
9650,69,9.737,True
9651,69,9.737,True
9652,68,9.737,True
9653,66,8.744,True
9654,66,8.994,True
9655,68,9.897,True
9656,68,9.897,True
9657,70,9.897,True
9658,67,9.897,True
9659,67,9.897,True
9660,69,9.987,True
9661,73,9.987,True
9662,72,9.987,True
9663,72,9.987,True
9664,72,9.987,True
9665,72,9.987,True
9666,72,9.987,True
9667,70,9.987,True
9668,67,9.987,True
9669,65,8.744,True
9670,65,8.696,True
9671,62,9.771,True
9672,62,9.771,True
9673,62,9.771,True
9674,62,9.771,True
9675,62,9.771,True
9676,62,9.771,True
9677,63,9.828,True
9678,66,9.828,True
9679,66,9.828,True
9680,66,9.828,True
9681,66,9.828,True
9682,66,9.828,True
9683,66,6.927,True
9684,66,6.927,True
9685,66,6.927,True
9686,66,6.927,True
9687,66,6.927,True
9688,65,8.771,True
9689,62,8.771,True
9690,64,6.927,True
9691,64,6.927,True
9692,64,6.927,True
9693,64,6.927,True
9694,66,7.642,True
9695,66,7.642,True
9696,69,7.102,True
9697,68,7.102,True
9698,68,7.102,True
9699,68,9.278,True
9700,68,9.278,True
9701,68,7.557,True
9702,68,7.557,True
9703,67,7.557,True
9704,67,8.013,True
9705,67,8.013,True
9706,67,8.013,True
9707,67,9.278,True
9708,67,9.278,True
9709,67,9.278,True
9710,67,9.278,True
9711,66,9.278,True
9712,66,9.278,True
9713,64,8.013,True
9714,64,8.013,True
9715,64,8.013,True
9716,65,8.013,True
9717,64,8.764,True
9718,64,8.764,True
9719,63,8.764,True
9720,63,7.461,True
9721,63,7.461,True
9722,64,7.461,True
9723,64,7.461,True
9724,64,7.461,True
9725,66,9.883,True
9726,65,9.883,True
9727,65,9.883,True
9728,65,9.883,True
9729,65,9.883,True
9730,65,9.883,True
9731,65,9.883,True
9732,65,9.883,True
9733,65,9.883,True
9734,68,9.883,True
9735,69,9.883,True
9736,69,9.883,True
9737,71,9.883,True
9738,70,9.883,True
9739,66,9.883,True
9740,67,8.764,True
9741,67,8.764,True
9742,67,8.764,True
9743,68,8.764,True
9744,68,8.764,True
9745,67,8.764,True
9746,67,8.764,True
9747,67,8.764,True
9748,67,8.764,True
9749,67,8.764,True
9750,67,8.764,True
9751,67,8.764,True
9752,67,8.764,True
9753,67,8.764,True
9754,67,8.764,True
9755,67,8.764,True
9756,67,8.764,True
9757,71,8.764,True
9758,71,8.764,True
9759,75,8.764,True
9760,75,8.764,True
9761,70,8.764,True
9762,67,8.764,True
9763,67,8.764,True
9764,67,8.764,True
9765,68,8.764,True
9766,68,8.764,True
9767,67,9.053,True
9768,67,9.053,True
9769,67,9.053,True
9770,67,8.764,True
9771,65,8.764,True
9772,65,8.764,True
9773,65,8.764,True
9774,68,8.764,True
9775,68,8.764,True
9776,68,8.764,True
9777,68,8.764,True
9778,68,8.764,True
9779,68,8.764,True
9780,67,9.512,True
9781,67,8.987,True
9782,67,8.987,True
9783,67,8.987,True
9784,67,8.987,True
9785,66,8.764,True
9786,63,8.764,True
9787,63,8.764,True
9788,66,8.764,True
9789,66,8.764,True
9790,66,8.764,True
9791,66,8.764,True
9792,66,8.764,True
9793,66,8.764,True
9794,68,8.764,True
9795,68,8.764,True
9796,68,8.764,True
9797,68,8.764,True
9798,68,8.764,True
9799,70,8.764,True
9800,70,7.377,True
9801,70,7.377,True
9802,70,7.377,True
9803,70,7.377,True
9804,69,7.038,True
9805,69,7.038,True
9806,68,7.038,True
9807,68,7.038,True
9808,68,7.038,True
9809,73,7.171,True
9810,73,7.171,True
9811,73,7.171,True
9812,73,7.171,True
9813,73,7.171,True
9814,73,7.171,True
9815,69,7.038,True
9816,75,7.038,True
9817,77,9.633,True
9818,70,9.633,True
9819,68,7.038,True
9820,65,7.038,True
9821,65,7.038,True
9822,66,7.038,True
9823,66,7.038,True
9824,66,7.038,True
9825,66,7.038,True
9826,66,7.038,True
9827,64,9.757,True
9828,64,9.757,True
9829,64,9.757,True
9830,63,9.675,True
9831,63,9.675,True
9832,63,9.675,True
9833,63,9.675,True
9834,63,9.675,True
9835,62,9.675,True
9836,62,9.675,True
9837,65,9.675,True
9838,68,9.675,True
9839,68,9.675,True
9840,65,9.675,True
9841,68,8.427,True
9842,68,8.427,True
9843,68,8.427,True
9844,68,8.427,True
9845,68,8.641,True
9846,65,9.675,True
9847,65,9.675,True
9848,65,9.675,True
9849,65,9.675,True
9850,67,9.675,True
9851,67,9.675,True
9852,68,9.675,True
9853,67,9.675,True
9854,67,9.675,True
9855,67,9.675,True
9856,67,9.675,True
9857,68,9.675,True
9858,68,9.675,True
9859,68,9.675,True
9860,68,9.675,True
9861,68,9.675,True
9862,69,8.944,True
9863,69,8.944,True
9864,65,8.944,True
9865,70,7.79,True
9866,70,7.79,True
9867,70,7.79,True
9868,66,7.79,True
9869,68,8.069,True
9870,68,8.069,True
9871,66,8.069,True
9872,64,7.79,True
9873,63,9.675,True
9874,63,9.675,True
9875,65,9.675,True
9876,65,9.675,True
9877,65,9.675,True
9878,68,9.675,True
9879,68,9.675,True
9880,68,9.675,True
9881,68,9.675,True
9882,68,9.675,True
9883,69,7.79,True
9884,69,7.79,True
9885,66,7.79,True
9886,65,7.79,True
9887,65,7.79,True
9888,65,7.79,True
9889,68,7.79,True
9890,69,7.79,True
9891,69,7.79,True
9892,70,7.79,True
9893,70,7.79,True
9894,70,7.79,True
9895,70,7.79,True
9896,67,8.944,True
9897,66,8.944,True
9898,66,8.944,True
9899,64,9.675,True
9900,64,9.675,True
9901,65,9.675,True
9902,65,9.675,True
9903,65,9.675,True
9904,65,9.675,True
9905,65,9.675,True
9906,65,9.675,True
9907,65,9.675,True
9908,65,9.675,True
9909,65,9.675,True
9910,65,9.675,True
9911,65,9.675,True
9912,70,9.675,True
9913,70,9.675,True
9914,70,9.675,True
9915,70,9.675,True
9916,70,9.675,True
9917,70,9.675,True
9918,70,9.675,True
9919,71,9.675,True
9920,72,9.675,True
9921,73,9.675,True
9922,75,9.988,True
9923,78,9.988,True
9924,76,8.002,True
9925,77,8.002,True
9926,77,8.002,True
9927,75,8.002,True
9928,76,8.002,True
9929,74,8.002,True
9930,74,8.002,True
9931,74,8.002,True
9932,74,8.002,True
9933,75,8.002,True
9934,75,8.002,True
9935,74,8.002,True
9936,74,8.002,True
9937,74,8.002,True
9938,72,8.002,True
9939,72,8.002,True
9940,71,8.919,True
9941,71,8.919,True
9942,71,8.919,True
9943,72,8.002,True
9944,74,9.174,True
9945,75,9.616,True
9946,75,9.616,True
9947,75,9.616,True
9948,74,9.174,True
9949,72,8.002,True
9950,72,8.002,True
9951,71,8.002,True
9952,66,8.002,True
9953,66,8.002,True
9954,68,8.002,True
9955,68,8.002,True
9956,73,8.002,True
9957,71,8.002,True
9958,67,9.952,True
9959,68,9.952,True
9960,68,9.952,True
9961,68,9.952,True
9962,68,9.952,True
9963,68,9.952,True
9964,68,9.952,True
9965,67,9.952,True
9966,67,9.952,True
9967,69,9.877,True
9968,69,9.877,True
9969,69,9.877,True
9970,71,9.877,True
9971,71,9.877,True
9972,71,9.877,True
9973,71,9.877,True
9974,70,9.877,True
9975,70,9.877,True
9976,72,9.877,True
9977,72,9.877,True
9978,76,9.342,True
9979,75,9.342,True
9980,76,9.342,True
9981,73,8.173,True
9982,71,8.173,True
9983,71,8.173,True
9984,69,6.169,True
9985,69,6.169,True
9986,71,7.256,True
9987,71,7.256,True
9988,71,7.256,True
9989,71,7.256,True
9990,71,7.256,True
9991,69,9.939,True
9992,69,9.939,True
9993,67,9.939,True
9994,67,9.939,True
9995,70,9.939,True
9996,68,9.939,True
9997,68,9.939,True
9998,68,9.939,True
9999,68,6.551,True
10000,68,6.551,True
10001,69,8.24,True
10002,70,9.087,True
10003,70,8.24,True
10004,70,8.24,True
10005,70,8.24,True
10006,70,8.24,True
10007,69,9.552,True
10008,69,8.24,True
10009,66,8.24,True
10010,66,8.24,True
10011,68,8.432,True
10012,64,8.696,True
10013,64,8.696,True
10014,63,7.242,True
10015,65,8.085,True
10016,66,8.085,True
10017,66,8.085,True
10018,66,8.085,True
10019,64,7.242,True
10020,65,7.242,True
10021,65,7.242,True
10022,68,7.712,True
10023,68,7.712,True
10024,67,9.601,True
10025,66,9.601,True
10026,66,9.601,True
10027,67,9.601,True
10028,69,9.601,True
10029,67,9.601,True
10030,74,9.601,True
10031,73,9.601,True
10032,73,9.601,True
10033,72,9.601,True
10034,72,9.601,True
10035,69,9.601,True
10036,70,9.601,True
10037,68,9.601,True
10038,68,9.601,True
10039,68,9.601,True
10040,68,9.601,True
10041,70,9.601,True
10042,70,9.601,True
10043,69,9.601,True
10044,70,7.45,True
10045,72,7.49,True
10046,72,7.49,True
10047,68,9.182,True
10048,71,7.49,True
10049,71,7.49,True
10050,70,7.49,True
10051,70,7.49,True
10052,71,7.49,True
10053,71,6.725,True
10054,71,6.725,True
10055,71,6.725,True
10056,70,7.461,True
10057,69,7.461,True
10058,69,8.24,True
10059,67,9.004,True
10060,68,9.004,True
10061,70,9.004,True
10062,70,9.004,True
10063,70,9.004,True
10064,70,9.004,True
10065,70,9.004,True
10066,70,8.907,True
10067,70,8.907,True
10068,70,8.907,True
10069,71,8.907,True
10070,71,8.907,True
10071,71,8.907,True
10072,71,9.446,True
10073,71,9.446,True
10074,71,9.446,True
10075,71,9.446,True
10076,68,9.446,True
10077,68,9.446,True
10078,68,7.812,True
10079,68,7.812,True
10080,68,7.812,True
10081,66,7.403,True
10082,66,7.403,True
10083,66,7.403,True
10084,69,8.57,True
10085,71,7.403,True
10086,72,9.004,True
10087,72,9.004,True
10088,72,8.09,True
10089,74,7.403,True
10090,76,7.403,True
10091,77,9.663,True
10092,79,9.663,True
10093,79,9.663,True
10094,79,9.663,True
10095,77,9.663,True
10096,75,9.663,True
10097,74,9.663,True
10098,71,9.663,True
10099,69,9.663,True
10100,71,9.663,True
10101,71,9.663,True
10102,70,9.663,True
10103,70,9.663,True
10104,70,9.663,True
10105,70,9.663,True
10106,70,9.663,True
10107,74,9.663,True
10108,74,9.663,True
10109,74,9.663,True
10110,71,9.663,True
10111,71,9.663,True
10112,70,9.897,True
10113,70,9.897,True
10114,70,9.897,True
10115,70,9.897,True
10116,70,9.897,True
10117,67,9.897,True
10118,67,9.897,True
10119,67,9.897,True
10120,67,9.897,True
10121,67,9.897,True
10122,69,9.528,True
10123,69,9.528,True
10124,69,9.528,True
10125,72,9.528,True
10126,71,8.73,True
10127,72,8.73,True
10128,72,8.73,True
10129,72,8.73,True
10130,72,8.73,True
10131,72,8.73,True
10132,74,8.73,True
10133,75,8.73,True
10134,75,8.73,True
10135,74,8.427,True
10136,77,6.516,True
10137,76,6.516,True
10138,74,9.663,True
10139,73,7.351,True
10140,73,7.351,True
10141,73,7.351,True
10142,73,7.351,True
10143,75,7.351,True
10144,75,7.351,True
10145,73,9.308,True
10146,73,7.351,True
10147,73,7.351,True
10148,71,7.596,True
10149,73,9.308,True
10150,73,9.308,True
10151,73,9.308,True
10152,73,9.308,True
10153,72,9.308,True
10154,71,7.351,True
10155,70,7.351,True
10156,70,7.351,True
10157,70,7.351,True
10158,69,7.351,True
10159,69,7.351,True
10160,69,7.812,True
10161,70,7.812,True
10162,70,7.812,True
10163,71,7.812,True
10164,74,7.812,True
10165,74,7.812,True
10166,73,7.812,True
10167,73,7.812,True
10168,73,7.812,True
10169,75,7.812,True
10170,77,7.812,True
10171,78,7.812,True
10172,78,7.812,True
10173,80,7.351,True
10174,82,7.351,True
10175,80,9.251,True
10176,78,8.924,True
10177,76,9.422,True
10178,76,9.422,True
10179,72,9.422,True
10180,72,9.422,True
10181,67,9.422,True
10182,67,9.422,True
10183,66,8.924,True
10184,66,8.924,True
10185,66,8.924,True
10186,66,8.924,True
10187,64,7.403,True
10188,65,8.623,True
10189,66,8.623,True
10190,66,7.351,True
10191,66,7.351,True
10192,68,8.683,True
10193,69,8.683,True
10194,68,8.683,True
10195,68,8.683,True
10196,68,8.683,True
10197,68,8.683,True
10198,68,8.683,True
10199,67,9.831,True
10200,67,9.831,True
10201,67,9.831,True
10202,67,9.831,True
10203,67,9.831,True
10204,69,8.683,True
10205,69,8.683,True
10206,68,5.928,True
10207,70,5.928,True
10208,71,5.37,True
10209,72,5.889,True
10210,70,5.889,True
10211,70,7.461,True
10212,69,7.461,True
10213,67,7.461,True
10214,67,7.461,True
10215,68,6.725,True
10216,73,9.634,True
10217,76,9.634,True
10218,72,9.634,True
10219,72,9.634,True
10220,72,9.634,True
10221,74,9.634,True
10222,74,9.634,True
10223,76,9.634,True
10224,76,9.634,True
10225,80,9.634,True
10226,78,9.634,True
10227,78,9.634,True
10228,78,9.634,True
10229,78,9.634,True
10230,75,9.634,True
10231,75,9.634,True
10232,73,9.634,True
10233,73,9.634,True
10234,72,9.634,True
10235,72,9.634,True
10236,72,9.634,True
10237,73,9.634,True
10238,73,9.634,True
10239,75,9.88,True
10240,75,9.88,True
10241,75,9.88,True
10242,77,9.88,True
10243,77,9.88,True
10244,82,9.88,True
10245,76,9.88,True
10246,75,9.634,True
10247,75,9.634,True
10248,74,9.634,True
10249,71,9.634,True
10250,71,9.634,True
10251,73,9.634,True
10252,73,9.634,True
10253,71,9.634,True
10254,72,9.634,True
10255,70,9.634,True
10256,70,9.634,True
10257,68,9.634,True
10258,68,9.634,True
10259,69,9.634,True
10260,67,9.634,True
10261,66,9.634,True
10262,66,8.744,True
10263,68,8.744,True
10264,68,8.744,True
10265,68,8.744,True
10266,68,8.744,True
10267,68,8.744,True
10268,67,8.744,True
10269,67,8.744,True
10270,67,8.744,True
10271,67,8.744,True
10272,67,8.744,True
10273,67,8.744,True
10274,70,8.1,True
10275,74,9.819,True
10276,70,8.1,True
10277,70,8.1,True
10278,70,8.1,True
10279,70,8.1,True
10280,71,8.1,True
10281,71,8.1,True
10282,75,7.948,True
10283,75,7.948,True
10284,69,7.948,True
10285,69,7.948,True
10286,69,7.948,True
10287,71,7.948,True
10288,71,7.948,True
10289,71,7.948,True
10290,73,6.725,True
10291,74,6.725,True
10292,74,6.725,True
10293,72,6.725,True
10294,71,6.725,True
10295,71,6.725,True
10296,71,6.725,True
10297,71,6.725,True
10298,71,6.725,True
10299,70,6.725,True
10300,70,6.725,True
10301,70,6.725,True
10302,70,6.725,True
10303,70,6.725,True
10304,72,7.782,True
10305,72,7.782,True
10306,70,7.782,True
10307,68,7.039,True
10308,68,7.039,True
10309,67,8.601,True
10310,67,8.601,True
10311,67,8.601,True
10312,67,8.601,True
10313,67,8.601,True
10314,67,8.601,True
10315,67,8.601,True
10316,67,8.601,True
10317,67,8.601,True
10318,66,8.601,True
10319,68,7.039,True
10320,68,7.039,True
10321,68,7.039,True
10322,68,5.566,True
10323,68,5.566,True
10324,68,5.566,True
10325,68,5.566,True
10326,68,5.566,True
10327,64,6.114,True
10328,64,7.256,True
10329,63,9.838,True
10330,63,9.838,True
10331,63,9.838,True
10332,63,9.838,True
10333,67,9.838,True
10334,63,9.838,True
10335,63,9.838,True
10336,66,7.256,True
10337,66,7.256,True
10338,66,7.256,True
10339,66,7.256,True
10340,68,8.578,True
10341,72,9.717,True
10342,73,9.717,True
10343,72,9.717,True
10344,72,9.717,True
10345,69,8.578,True
10346,69,8.578,True
10347,73,8.578,True
10348,73,8.744,True
10349,68,9.627,True
10350,67,8.744,True
10351,67,8.744,True
10352,67,8.744,True
10353,67,8.744,True
10354,67,8.744,True
10355,67,8.744,True
10356,71,8.744,True
10357,67,8.744,True
10358,67,8.744,True
10359,67,8.744,True
10360,67,8.744,True
10361,65,8.744,True
10362,65,8.744,True
10363,66,8.744,True
10364,65,9.838,True
10365,65,9.838,True
10366,65,9.838,True
10367,65,9.838,True
10368,65,9.838,True
10369,65,9.838,True
10370,65,9.838,True
10371,65,9.838,True
10372,65,9.838,True
10373,65,9.838,True
10374,65,9.838,True
10375,65,9.838,True
10376,66,9.838,True
10377,66,9.838,True
10378,66,9.838,True
10379,66,9.838,True
10380,66,9.57,True
10381,66,9.57,True
10382,66,9.57,True
10383,66,9.57,True
10384,66,9.57,True
10385,66,7.256,True
10386,67,9.67,True
10387,68,9.67,True
10388,67,6.007,True
10389,67,6.007,True
10390,67,6.007,True
10391,68,7.039,True
10392,69,9.665,True
10393,68,9.665,True
10394,67,7.039,True
10395,67,7.039,True
10396,66,7.039,True
10397,65,9.2,True
10398,69,8.962,True
10399,69,8.962,True
10400,67,9.897,True
10401,68,9.835,True
10402,72,9.835,True
10403,68,9.835,True
10404,68,9.835,True
10405,68,9.835,True
10406,70,8.962,True
10407,70,8.962,True
10408,71,8.962,True
10409,68,8.24,True
10410,67,8.24,True
10411,67,8.24,True
10412,67,8.24,True
10413,68,8.24,True
10414,68,8.24,True
10415,68,6.007,True
10416,68,6.007,True
10417,68,6.007,True
10418,70,8.072,True
10419,68,9.015,True
10420,68,9.015,True
10421,69,8.072,True
10422,69,7.107,True
10423,71,7.107,True
10424,70,7.107,True
10425,70,7.107,True
10426,70,9.691,True
10427,67,9.691,True
10428,67,9.691,True
10429,67,9.691,True
10430,67,9.691,True
10431,67,9.691,True
10432,67,7.935,True
10433,69,7.935,True
10434,69,7.935,True
10435,68,7.713,True
10436,68,7.713,True
10437,68,7.713,True
10438,68,7.713,True
10439,70,7.713,True
10440,70,7.713,True
10441,71,8.49,True
10442,71,8.49,True
10443,71,8.49,True
10444,70,7.713,True
10445,68,7.713,True
10446,69,7.935,True
10447,74,7.713,True
10448,74,7.713,True
10449,74,7.713,True
10450,70,7.912,True
10451,69,7.912,True
10452,69,7.912,True
10453,70,8.779,True
10454,71,8.779,True
10455,71,8.779,True
10456,71,8.779,True
10457,71,8.779,True
10458,71,8.779,True
10459,71,8.779,True
10460,71,8.779,True
10461,71,8.779,True
10462,71,8.779,True
10463,71,8.779,True
10464,69,8.779,True
10465,70,9.174,True
10466,70,9.174,True
10467,67,8.779,True
10468,68,6.522,True
10469,71,6.773,True
10470,71,6.773,True
10471,73,6.522,True
10472,71,6.522,True
10473,70,7.935,True
10474,65,7.935,True
10475,66,9.618,True
10476,66,9.618,True
10477,65,7.935,True
10478,65,7.935,True
10479,65,7.935,True
10480,65,7.935,True
10481,69,8.787,True
10482,69,8.787,True
10483,72,8.787,True
10484,71,6.379,True
10485,72,7.52,True
10486,70,7.52,True
10487,68,9.188,True
10488,68,9.188,True
10489,69,7.654,True
10490,69,7.654,True
10491,69,7.654,True
10492,71,7.554,True
10493,73,9.127,True
10494,68,9.127,True
10495,74,9.127,True
10496,74,9.127,True
10497,71,9.127,True
10498,73,9.127,True
10499,73,9.127,True
10500,74,9.127,True
10501,74,9.683,True
10502,76,9.683,True
10503,76,9.683,True
10504,73,5.566,True
10505,73,9.532,True
10506,69,9.532,True
10507,69,9.532,True
10508,69,9.532,True
10509,74,9.532,True
10510,69,9.532,True
10511,70,5.566,True
10512,70,5.566,True
10513,70,5.566,True
10514,68,9.139,True
10515,68,9.139,True
10516,67,9.139,True
10517,67,9.139,True
10518,67,9.139,True
10519,70,9.139,True
10520,74,9.139,True
10521,73,9.139,True
10522,69,9.139,True
10523,69,9.139,True
10524,69,9.139,True
10525,69,8.744,True
10526,70,8.744,True
10527,69,9.139,True
10528,69,9.139,True
10529,69,9.139,True
10530,69,9.139,True
10531,75,9.139,True
10532,75,9.139,True
10533,75,9.139,True
10534,76,8.393,True
10535,70,8.744,True
10536,70,8.744,True
10537,72,8.744,True
10538,74,8.397,True
10539,74,8.397,True
10540,72,8.397,True
10541,71,9.139,True
10542,71,9.139,True
10543,71,9.139,True
10544,73,9.139,True
10545,73,9.139,True
10546,69,9.139,True
10547,69,9.139,True
10548,69,9.139,True
10549,72,9.139,True
10550,70,9.139,True
10551,70,9.139,True
10552,70,9.139,True
10553,70,9.139,True
10554,70,9.139,True
10555,67,9.139,True
10556,68,9.139,True
10557,72,9.139,True
10558,73,9.139,True
10559,73,9.139,True
10560,73,9.139,True
10561,73,9.139,True
10562,72,9.139,True
10563,71,9.139,True
10564,70,9.139,True
10565,70,9.139,True
10566,70,9.139,True
10567,70,9.139,True
10568,72,9.139,True
10569,72,9.139,True
10570,72,8.236,True
10571,72,8.236,True
10572,72,9.139,True
10573,72,9.139,True
10574,72,9.139,True
10575,72,9.139,True
10576,72,9.139,True
10577,72,9.139,True
10578,70,9.139,True
10579,72,9.139,True
10580,74,9.139,True
10581,74,9.738,True
10582,74,9.139,True
10583,74,9.139,True
10584,74,9.139,True
10585,74,9.139,True
10586,73,9.139,True
10587,74,9.822,True
10588,75,9.822,True
10589,75,9.822,True
10590,75,9.569,True
10591,73,9.569,True
10592,73,9.569,True
10593,73,9.569,True
10594,73,9.822,True
10595,74,9.822,True
10596,72,8.879,True
10597,75,8.879,True
10598,75,8.879,True
10599,75,8.879,True
10600,75,8.879,True
10601,75,8.879,True
10602,75,8.879,True
10603,75,8.879,True
10604,75,8.879,True
10605,76,8.879,True
10606,76,8.879,True
10607,76,8.879,True
10608,76,8.879,True
10609,76,8.879,True
10610,76,8.073,True
10611,73,8.073,True
10612,73,8.073,True
10613,73,8.073,True
10614,75,9.915,True
10615,74,9.915,True
10616,74,9.915,True
10617,71,9.915,True
10618,74,9.915,True
10619,76,9.915,True
10620,76,9.915,True
10621,78,9.915,True
10622,79,9.915,True
10623,77,9.915,True
10624,75,9.915,True
10625,75,9.915,True
10626,73,9.915,True
10627,73,9.915,True
10628,74,9.915,True
10629,74,9.915,True
10630,73,9.915,True
10631,71,9.915,True
10632,71,6.037,True
10633,71,6.037,True
10634,71,7.7,True
10635,71,7.7,True
10636,72,7.992,True
10637,72,8.154,True
10638,72,8.154,True
10639,70,8.154,True
10640,69,8.154,True
10641,73,9.334,True
10642,73,9.334,True
10643,73,8.154,True
10644,71,9.952,True
10645,71,9.952,True
10646,71,9.952,True
10647,68,9.952,True
10648,68,9.952,True
10649,66,9.952,True
10650,68,9.952,True
10651,70,9.952,True
10652,70,9.952,True
10653,70,9.952,True
10654,70,9.952,True
10655,70,9.952,True
10656,69,9.952,True
10657,67,9.952,True
10658,67,6.87,True
10659,67,9.952,True
10660,69,9.877,True
10661,69,9.877,True
10662,67,9.952,True
10663,67,9.952,True
10664,67,9.952,True
10665,67,9.952,True
10666,64,9.952,True
10667,68,6.87,True
10668,68,6.87,True
10669,68,6.87,True
10670,68,6.87,True
10671,64,9.952,True
10672,64,9.952,True
10673,64,9.952,True
10674,64,9.952,True
10675,64,9.952,True
10676,69,9.952,True
10677,69,9.952,True
10678,69,9.952,True
10679,69,9.952,True
10680,69,9.952,True
10681,69,9.952,True
10682,69,9.952,True
10683,69,9.952,True
10684,69,9.952,True
10685,69,9.952,True
10686,69,9.952,True
10687,69,9.952,True
10688,69,9.952,True
10689,69,9.952,True
10690,69,9.952,True
10691,70,9.952,True
10692,67,9.952,True
10693,67,9.952,True
10694,67,9.952,True
10695,66,9.952,True
10696,66,9.952,True
10697,65,9.952,True
10698,62,9.952,True
10699,63,9.952,True
10700,63,9.952,True
10701,63,9.952,True
10702,63,9.952,True
10703,64,9.952,True
10704,64,9.952,True
10705,64,9.952,True
10706,64,9.952,True
10707,64,9.952,True
10708,64,9.952,True
10709,64,9.952,True
10710,64,9.952,True
10711,64,9.952,True
10712,64,9.952,True
10713,63,9.952,True
10714,65,7.579,True
10715,65,7.579,True
10716,67,5.9,True
10717,67,5.9,True
10718,64,5.611,True
10719,65,7.058,True
10720,61,5.611,True
10721,61,5.611,True
10722,61,5.611,True
10723,61,9.298,True
10724,61,9.298,True
10725,62,9.298,True
10726,62,9.298,True
10727,62,9.298,True
10728,62,9.298,True
10729,62,9.298,True
10730,62,9.298,True
10731,62,9.298,True
10732,62,8.749,True
10733,62,8.749,True
10734,62,8.749,True
10735,60,6.719,True
10736,60,6.719,True
10737,60,6.719,True
10738,62,6.884,True
10739,64,9.056,True
10740,64,9.056,True
10741,64,9.056,True
10742,64,9.056,True
10743,64,9.056,True
10744,64,9.056,True
10745,64,9.056,True
10746,64,9.056,True
10747,64,9.056,True
10748,64,9.056,True
10749,62,6.091,True
10750,62,6.091,True
10751,62,6.091,True
10752,62,6.091,True
10753,62,6.091,True
10754,64,6.848,True
10755,66,7.393,True
10756,66,7.393,True
10757,66,7.393,True
10758,69,7.393,True
10759,69,7.393,True
10760,69,7.393,True
10761,69,8.982,True
10762,68,8.982,True
10763,69,8.982,True
10764,67,8.982,True
10765,67,8.982,True
10766,68,9.001,True
10767,67,8.982,True
10768,68,8.143,True
10769,68,8.143,True
10770,68,8.143,True
10771,68,8.143,True
10772,68,8.143,True
10773,68,8.143,True
10774,68,8.143,True
10775,68,8.143,True
10776,70,8.143,True
10777,70,9.802,True
10778,70,9.802,True
10779,69,9.802,True
10780,69,9.802,True
10781,67,9.802,True
10782,67,9.802,True
10783,66,6.648,True
10784,66,6.648,True
10785,66,6.648,True
10786,66,6.648,True
10787,66,6.648,True
10788,67,6.091,True
10789,67,6.091,True
10790,65,6.091,True
10791,65,6.091,True
10792,68,9.001,True
10793,66,6.091,True
10794,66,6.091,True
10795,66,6.091,True
10796,65,6.091,True
10797,65,6.091,True
10798,65,6.091,True
10799,65,8.251,True
10800,65,6.091,True
10801,65,6.091,True
10802,68,6.091,True
10803,68,6.091,True
10804,68,6.091,True
10805,68,6.091,True
10806,69,6.091,True
10807,69,6.091,True
10808,69,6.091,True
10809,69,6.091,True
10810,69,9.675,True
10811,69,9.675,True
10812,65,9.675,True
10813,65,9.675,True
10814,65,9.675,True
10815,65,7.79,True
10816,65,7.79,True
10817,65,7.79,True
10818,65,7.79,True
10819,73,7.79,True
10820,73,7.79,True
10821,73,9.675,True
10822,75,9.675,True
10823,75,9.675,True
10824,70,9.675,True
10825,72,9.675,True
10826,71,9.675,True
10827,71,9.675,True
10828,69,9.675,True
10829,69,9.675,True
10830,71,9.675,True
10831,71,9.675,True
10832,71,9.675,True
10833,71,9.675,True
10834,71,9.675,True
10835,71,9.675,True
10836,66,9.675,True
10837,66,9.675,True
10838,66,9.675,True
10839,67,9.675,True
10840,67,9.675,True
10841,67,9.675,True
10842,67,9.675,True
10843,67,9.157,True
10844,67,9.157,True
10845,65,9.157,True
10846,65,9.157,True
10847,65,9.157,True
10848,71,9.157,True
10849,71,9.157,True
10850,65,9.157,True
10851,65,9.157,True
10852,66,9.157,True
10853,66,9.157,True
10854,68,9.157,True
10855,69,9.157,True
10856,68,9.157,True
10857,68,9.157,True
10858,68,9.157,True
10859,68,9.157,True
10860,68,9.157,True
10861,65,9.157,True
10862,65,9.157,True
10863,65,9.157,True
10864,65,9.157,True
10865,65,9.157,True
10866,65,9.157,True
10867,66,9.157,True
10868,66,9.157,True
10869,66,9.157,True
10870,66,9.157,True
10871,68,9.157,True
10872,68,9.157,True
10873,68,9.157,True
10874,68,9.157,True
10875,68,9.157,True
10876,68,9.157,True
10877,69,9.099,True
10878,69,9.099,True
10879,69,9.099,True
10880,69,9.099,True
10881,71,9.099,True
10882,71,9.099,True
10883,71,9.099,True
10884,70,9.157,True
10885,73,9.099,True
10886,69,9.099,True
10887,67,9.099,True
10888,67,9.099,True
10889,68,9.099,True
10890,68,9.099,True
10891,68,9.95,True
10892,70,9.95,True
10893,70,9.95,True
10894,70,9.95,True
10895,70,9.95,True
10896,70,9.95,True
10897,70,9.95,True
10898,74,9.95,True
10899,70,9.95,True
10900,70,9.95,True
10901,66,9.95,True
10902,66,9.95,True
10903,66,9.95,True
10904,63,9.95,True
10905,63,9.95,True
10906,63,9.95,True
10907,63,9.95,True
10908,64,8.694,True
10909,64,8.694,True
10910,64,8.694,True
10911,64,8.694,True
10912,63,9.935,True
10913,63,9.935,True
10914,64,9.935,True
10915,64,9.935,True
10916,62,9.935,True
10917,62,9.86,True
10918,62,9.86,True
10919,59,9.86,True
10920,63,8.696,True
10921,63,8.696,True
10922,63,8.696,True
10923,63,8.696,True
10924,60,8.696,True
10925,60,8.696,True
10926,60,8.696,True
10927,60,8.696,True
10928,60,8.696,True
10929,60,8.696,True
10930,60,8.696,True
10931,60,8.696,True
10932,60,8.696,True
10933,62,9.272,True
10934,62,9.272,True
10935,60,8.696,True
10936,62,8.694,True
10937,65,8.694,True
10938,65,8.694,True
10939,65,8.694,True
10940,65,8.694,True
10941,68,8.694,True
10942,65,8.694,True
10943,65,8.694,True
10944,65,8.694,True
10945,65,8.694,True
10946,66,8.694,True
10947,64,8.694,True
10948,65,8.694,True
10949,65,8.694,True
10950,63,8.694,True
10951,63,8.694,True
10952,63,8.694,True
10953,61,8.694,True
10954,65,8.694,True
10955,65,8.694,True
10956,66,6.773,True
10957,66,6.773,True
10958,65,6.773,True
10959,64,8.659,True
10960,64,9.931,True
10961,64,9.931,True
10962,64,9.931,True
10963,64,9.931,True
10964,64,9.931,True
10965,64,9.931,True
10966,64,9.931,True
10967,64,9.931,True
10968,64,9.931,True
10969,64,8.659,True
10970,67,9.95,True
10971,68,9.95,True
10972,68,9.95,True
10973,65,9.931,True
10974,65,9.931,True
10975,68,9.931,True
10976,72,9.948,True
10977,68,7.386,True
10978,68,6.773,True
10979,70,6.773,True
10980,70,8.628,True
10981,70,8.628,True
10982,66,9.601,True
10983,66,9.601,True
10984,66,9.601,True
10985,66,9.601,True
10986,63,6.773,True
10987,64,6.773,True
10988,63,6.773,True
10989,63,6.773,True
10990,62,6.773,True
10991,62,6.773,True
10992,62,6.773,True
10993,62,6.773,True
10994,63,8.1,True
10995,63,8.1,True
10996,63,8.1,True
10997,62,7.242,True
10998,62,7.242,True
10999,62,7.242,True
11000,63,7.242,True
11001,66,9.024,True
11002,66,9.024,True
11003,65,9.024,True
11004,65,9.024,True
11005,65,9.024,True
11006,63,6.773,True
11007,63,7.643,True
11008,61,7.643,True
11009,61,7.643,True
11010,63,7.643,True
11011,63,7.643,True
11012,63,7.643,True
11013,63,7.643,True
11014,63,7.643,True
11015,63,7.643,True
11016,62,7.713,True
11017,62,6.773,True
11018,62,6.773,True
11019,62,6.773,True
11020,63,7.386,True
11021,63,7.386,True
11022,65,6.773,True
11023,65,6.773,True
11024,66,6.773,True
11025,67,7.882,True
11026,67,7.882,True
11027,67,7.882,True
11028,67,8.651,True
11029,67,8.651,True
11030,67,8.651,True
11031,67,8.651,True
11032,67,8.651,True
11033,66,9.747,True
11034,65,8.816,True
11035,65,8.816,True
11036,65,8.816,True
11037,65,8.816,True
11038,64,9.163,True
11039,64,9.97,True
11040,63,9.97,True
11041,63,9.97,True
11042,67,9.97,True
11043,67,9.97,True
11044,67,9.97,True
11045,67,9.97,True
11046,67,9.97,True
11047,68,9.97,True
11048,74,9.284,True
11049,74,9.284,True
11050,74,9.284,True
11051,68,9.97,True
11052,68,9.97,True
11053,70,9.97,True
11054,70,9.97,True
11055,70,9.97,True
11056,70,9.97,True
11057,69,9.97,True
11058,70,9.97,True
11059,70,9.97,True
11060,70,9.97,True
11061,70,9.97,True
11062,65,9.97,True
11063,65,9.97,True
11064,65,9.97,True
11065,65,9.97,True
11066,65,9.97,True
11067,66,9.97,True
11068,66,9.97,True
11069,67,9.97,True
11070,67,9.97,True
11071,67,9.97,True
11072,67,9.97,True
11073,66,9.97,True
11074,65,9.97,True
11075,71,9.97,True
11076,71,9.97,True
11077,69,9.97,True
11078,65,9.97,True
11079,66,9.97,True
11080,66,9.97,True
11081,66,9.97,True
11082,66,9.97,True
11083,66,9.97,True
11084,66,9.97,True
11085,65,9.97,True
11086,65,9.97,True
11087,71,8.68,True
11088,65,9.97,True
11089,66,9.97,True
11090,65,9.97,True
11091,63,9.97,True
11092,63,9.97,True
11093,63,9.97,True
11094,65,9.97,True
11095,65,9.97,True
11096,67,7.724,True
11097,65,9.238,True
11098,67,7.724,True
11099,67,7.724,True
11100,67,9.567,True
11101,67,7.724,True
11102,69,7.45,True
11103,69,7.45,True
11104,69,7.45,True
11105,67,7.724,True
11106,63,8.013,True
11107,63,8.013,True
11108,63,8.013,True
11109,62,9.92,True
11110,59,8.013,True
11111,59,8.013,True
11112,59,8.013,True
11113,66,8.974,True
11114,66,8.974,True
11115,70,8.974,True
11116,70,8.974,True
11117,67,8.974,True
11118,71,8.974,True
11119,71,8.974,True
11120,73,8.974,True
11121,71,5.492,True
11122,70,6.091,True
11123,70,6.091,True
11124,68,7.79,True
11125,69,6.091,True
11126,69,6.091,True
11127,68,4.099,True
11128,68,4.099,True
11129,63,8.013,True
11130,63,8.013,True
11131,63,9.071,True
11132,61,9.675,True
11133,61,9.675,True
11134,61,9.675,True
11135,62,9.675,True
11136,64,9.675,True
11137,63,9.675,True
11138,63,9.675,True
11139,61,9.675,True
11140,61,9.675,True
11141,64,8.091,True
11142,64,8.091,True
11143,64,8.091,True
11144,64,8.091,True
11145,67,7.626,True
11146,67,7.626,True
11147,64,9.675,True
11148,64,9.675,True
11149,61,9.675,True
11150,61,9.675,True
11151,61,9.675,True
11152,61,9.675,True
11153,64,9.675,True
11154,64,9.675,True
11155,64,9.675,True
11156,63,9.675,True
11157,67,9.675,True
11158,63,9.675,True
11159,64,9.675,True
11160,64,9.675,True
11161,62,9.675,True
11162,62,9.675,True
11163,62,9.675,True
11164,62,9.675,True
11165,63,9.675,True
11166,63,9.675,True
11167,63,9.675,True
11168,63,9.675,True
11169,62,9.675,True
11170,65,7.626,True
11171,65,7.626,True
11172,65,7.626,True
11173,63,8.771,True
11174,63,7.267,True
11175,63,7.267,True
11176,63,7.267,True
11177,65,7.267,True
11178,65,7.267,True
11179,65,7.267,True
11180,65,7.267,True
11181,65,7.267,True
11182,65,7.267,True
11183,65,7.267,True
11184,65,7.267,True
11185,65,5.454,True
11186,65,5.454,True
11187,65,5.454,True
11188,65,5.454,True
11189,66,7.038,True
11190,66,7.038,True
11191,66,7.038,True
11192,66,7.038,True
11193,66,7.038,True
11194,63,7.038,True
11195,63,7.038,True
11196,64,7.806,True
11197,66,7.806,True
11198,66,7.806,True
11199,66,7.806,True
11200,66,7.806,True
11201,72,8.432,True
11202,72,8.432,True
11203,71,8.432,True
11204,71,8.432,True
11205,66,9.748,True
11206,66,9.748,True
11207,68,9.987,True
11208,66,9.987,True
11209,66,9.987,True
11210,66,9.987,True
11211,66,9.987,True
11212,66,9.987,True
11213,68,9.987,True
11214,68,9.987,True
11215,69,9.987,True
11216,67,9.987,True
11217,67,9.987,True
11218,67,9.987,True
11219,67,9.987,True
11220,67,9.987,True
11221,69,9.987,True
11222,66,9.987,True
11223,64,9.363,True
11224,64,9.363,True
11225,62,9.363,True
11226,62,9.363,True
11227,62,9.363,True
11228,62,9.363,True
11229,62,9.363,True
11230,63,9.363,True
11231,62,9.363,True
11232,62,9.363,True
11233,62,9.363,True
11234,63,9.363,True
11235,64,9.363,True
11236,64,9.363,True
11237,64,9.363,True
11238,63,9.363,True
11239,63,9.363,True
11240,63,9.363,True
11241,63,9.363,True
11242,63,9.363,True
11243,63,9.363,True
11244,63,9.363,True
11245,63,9.363,True
11246,63,9.363,True
11247,63,9.363,True
11248,63,9.363,True
11249,63,9.363,True
11250,63,9.363,True
11251,61,9.363,True
11252,61,9.363,True
11253,61,9.363,True
11254,61,9.363,True
11255,61,9.363,True
11256,61,9.363,True
11257,61,9.363,True
11258,61,9.363,True
11259,61,9.363,True
11260,61,9.363,True
11261,64,9.363,True
11262,64,9.363,True
11263,64,9.363,True
11264,68,9.363,True
11265,69,9.672,True
11266,69,9.672,True
11267,69,9.672,True
11268,71,9.672,True
11269,71,9.672,True
11270,71,9.672,True
11271,71,9.672,True
11272,69,9.672,True
11273,68,8.26,True
11274,68,8.26,True
11275,68,8.26,True
11276,68,8.26,True
11277,66,8.02,True
11278,66,7.523,True
11279,66,7.523,True
11280,64,7.523,True
11281,66,7.523,True
11282,66,7.523,True
11283,62,7.523,True
11284,61,8.66,True
11285,61,8.66,True
11286,61,8.66,True
11287,61,8.66,True
11288,64,8.66,True
11289,68,8.66,True
11290,69,8.842,True
11291,72,8.842,True
11292,76,7.988,True
11293,76,7.988,True
11294,76,7.988,True
11295,76,7.988,True
11296,74,7.967,True
11297,74,7.967,True
11298,73,7.967,True
11299,72,9.056,True
11300,72,9.056,True
11301,73,9.953,True
11302,71,9.953,True
11303,72,9.953,True
11304,76,9.953,True
11305,76,8.989,True
11306,76,8.294,True
11307,78,7.692,True
11308,75,6.529,True
11309,75,6.529,True
11310,75,6.529,True
11311,75,6.529,True
11312,75,6.529,True
11313,73,6.529,True
11314,73,6.529,True
11315,70,9.663,True
11316,71,9.663,True
11317,70,9.663,True
11318,70,9.663,True
11319,70,9.663,True
11320,70,9.663,True
11321,69,9.663,True
11322,71,9.663,True
11323,70,9.663,True
11324,69,5.939,True
11325,71,5.939,True
11326,72,5.939,True
11327,72,5.939,True
11328,70,5.939,True
11329,69,7.832,True
11330,68,7.832,True
11331,68,7.832,True
11332,70,5.939,True
11333,71,5.939,True
11334,72,5.939,True
11335,72,5.939,True
11336,74,5.939,True
11337,74,5.939,True
11338,74,5.939,True
11339,74,5.939,True
11340,72,5.939,True
11341,71,4.368,True
11342,71,4.368,True
11343,72,6.07,True
11344,72,6.07,True
11345,72,6.07,True
11346,72,8.771,True
11347,73,8.991,True
11348,73,8.991,True
11349,74,8.991,True
11350,73,8.991,True
11351,73,8.991,True
11352,73,8.991,True
11353,73,8.991,True
11354,73,8.991,True
11355,73,8.991,True
11356,70,8.991,True
11357,70,8.991,True
11358,71,8.771,True
11359,70,8.771,True
11360,71,8.771,True
11361,71,7.806,True
11362,73,7.806,True
11363,73,7.806,True
11364,72,7.806,True
11365,71,7.806,True
11366,76,7.806,True
11367,73,7.806,True
11368,73,7.806,True
11369,67,7.806,True
11370,67,7.806,True
11371,67,7.806,True
11372,67,7.732,True
11373,67,7.732,True
11374,67,7.732,True
11375,67,7.732,True
11376,72,7.732,True
11377,72,7.732,True
11378,72,9.951,True
11379,67,7.732,True
11380,66,7.732,True
11381,66,7.732,True
11382,64,6.506,True
11383,64,6.506,True
11384,62,5.607,True
11385,62,7.267,True
11386,62,7.267,True
11387,63,6.934,True
11388,63,6.934,True
11389,61,5.957,True
11390,61,7.267,True
11391,62,8.522,True
11392,64,8.522,True
11393,64,8.522,True
11394,65,7.377,True
11395,65,6.122,True
11396,66,9.391,True
11397,66,9.391,True
11398,69,6.506,True
11399,66,9.391,True
11400,66,9.391,True
11401,70,7.649,True
11402,70,7.649,True
11403,72,7.649,True
11404,72,7.649,True
11405,70,7.649,True
11406,70,7.649,True
11407,70,7.649,True
11408,70,7.649,True
11409,73,7.649,True
11410,73,7.649,True
11411,71,7.649,True
11412,71,9.309,True
11413,71,9.309,True
11414,71,9.309,True
11415,68,9.309,True
11416,69,9.309,True
11417,70,9.309,True
11418,69,9.309,True
11419,65,8.013,True
11420,65,8.511,True
11421,65,8.511,True
11422,65,8.511,True
11423,65,8.013,True
11424,66,8.013,True
11425,66,8.013,True
11426,66,9.892,True
11427,66,9.892,True
11428,66,9.892,True
11429,71,9.892,True
11430,69,9.892,True
11431,69,7.293,True
11432,69,7.293,True
11433,68,7.293,True
11434,70,9.53,True
11435,71,9.53,True
11436,71,9.53,True
11437,73,9.53,True
11438,73,9.53,True
11439,70,9.53,True
11440,70,9.53,True
11441,67,9.477,True
11442,67,9.477,True
11443,67,9.477,True
11444,65,9.477,True
11445,69,9.477,True
11446,69,9.477,True
11447,69,8.427,True
11448,69,8.427,True
11449,69,8.427,True
11450,70,8.771,True
11451,70,8.771,True
11452,70,8.771,True
11453,68,8.771,True
11454,68,8.771,True
11455,69,8.771,True
11456,70,7.888,True
11457,70,7.888,True
11458,69,7.888,True
11459,69,6.379,True
11460,69,6.379,True
11461,68,9.97,True
11462,68,9.97,True
11463,68,9.97,True
11464,67,8.771,True
11465,65,8.771,True
11466,65,8.771,True
11467,65,8.771,True
11468,65,8.771,True
11469,66,8.397,True
11470,66,8.397,True
11471,68,8.397,True
11472,66,8.397,True
11473,66,9.97,True
11474,62,9.97,True
11475,63,9.97,True
11476,62,8.771,True
11477,62,8.771,True
11478,62,8.771,True
11479,59,8.771,True
11480,59,8.771,True
11481,59,8.771,True
11482,59,8.771,True
11483,60,8.771,True
11484,59,8.013,True
11485,59,6.551,True
11486,59,6.551,True
11487,59,6.551,True
11488,59,8.744,True
11489,59,8.744,True
11490,59,9.939,True
11491,63,9.939,True
11492,65,9.939,True
11493,65,9.939,True
11494,65,9.939,True
11495,65,9.939,True
11496,65,9.939,True
11497,65,9.939,True
11498,67,9.939,True
11499,67,9.203,True
11500,68,9.203,True
11501,67,9.897,True
11502,64,9.203,True
11503,65,9.203,True
11504,67,7.528,True
11505,67,7.528,True
11506,66,8.744,True
11507,66,8.744,True
11508,67,8.744,True
11509,65,9.92,True
11510,65,9.92,True
11511,67,9.92,True
11512,67,9.939,True
11513,65,9.939,True
11514,64,9.939,True
11515,62,6.689,True
11516,62,6.689,True
11517,64,9.238,True
11518,61,9.238,True
11519,61,9.238,True
11520,59,9.97,True
11521,61,9.97,True
11522,63,9.97,True
11523,63,9.97,True
11524,63,9.97,True
11525,63,9.97,True
11526,63,9.97,True
11527,63,9.97,True
11528,62,9.97,True
11529,62,9.97,True
11530,62,9.97,True
11531,62,9.97,True
11532,62,9.97,True
11533,63,9.31,True
11534,63,9.31,True
11535,63,9.31,True
11536,63,9.31,True
11537,63,9.31,True
11538,63,9.31,True
11539,67,9.31,True
11540,63,9.31,True
11541,63,9.31,True
11542,63,9.31,True
11543,63,9.31,True
11544,63,9.31,True
11545,63,9.31,True
11546,63,9.31,True
11547,63,9.31,True
11548,63,9.31,True
11549,63,9.31,True
11550,63,9.31,True
11551,63,9.31,True
11552,63,9.31,True
11553,63,9.31,True
11554,63,9.31,True
11555,63,9.31,True
11556,63,9.31,True
11557,63,9.31,True
11558,65,9.31,True
11559,63,9.31,True
11560,65,9.31,True
11561,67,9.31,True
11562,65,9.31,True
11563,65,9.31,True
11564,65,9.31,True
11565,65,9.31,True
11566,65,5.643,True
11567,65,5.643,True
11568,65,5.643,True
11569,65,5.643,True
11570,67,4.92,True
11571,64,8.348,True
11572,64,8.348,True
11573,64,8.348,True
11574,65,9.231,True
11575,65,9.231,True
11576,65,9.231,True
11577,64,8.348,True
11578,62,8.348,True
11579,62,9.31,True
11580,62,9.31,True
11581,62,9.31,True
11582,62,9.31,True
11583,62,9.31,True
11584,64,9.31,True
11585,68,9.329,True
11586,68,9.329,True
11587,68,9.329,True
11588,68,9.329,True
11589,68,9.329,True
11590,68,9.329,True
11591,70,9.329,True
11592,70,9.329,True
11593,70,9.329,True
11594,66,6.169,True
11595,66,7.692,True
11596,66,7.692,True
11597,66,9.31,True
11598,66,9.31,True
11599,66,7.692,True
11600,70,7.692,True
11601,69,7.713,True
11602,71,7.713,True
11603,74,9.07,True
11604,75,9.07,True
11605,75,9.07,True
11606,76,9.07,True
11607,74,9.745,True
11608,74,9.07,True
11609,72,9.07,True
11610,71,7.004,True
11611,68,4.273,True
11612,69,6.14,True
11613,69,6.14,True
11614,69,6.14,True
11615,66,7.583,True
11616,65,7.812,True
11617,65,7.812,True
11618,65,7.812,True
11619,65,7.812,True
11620,66,7.812,True
11621,66,7.812,True
11622,66,7.812,True
11623,66,7.812,True
11624,66,7.812,True
11625,66,7.812,True
11626,66,7.812,True
11627,66,7.812,True
11628,66,7.812,True
11629,65,7.812,True
11630,65,7.812,True
11631,65,7.812,True
11632,68,7.895,True
11633,69,9.521,True
11634,68,7.895,True
11635,68,8.102,True
11636,70,8.102,True
11637,69,9.987,True
11638,69,9.987,True
11639,68,9.987,True
11640,70,9.987,True
11641,71,9.987,True
11642,68,9.987,True
11643,68,9.987,True
11644,68,9.987,True
11645,67,9.987,True
11646,64,9.987,True
11647,64,9.987,True
11648,64,9.987,True
11649,64,9.987,True
11650,68,9.987,True
11651,64,9.987,True
11652,64,9.987,True
11653,63,9.987,True
11654,63,9.987,True
11655,63,9.987,True
11656,63,9.987,True
11657,65,9.987,True
11658,65,9.987,True
11659,64,7.806,True
11660,64,7.806,True
11661,64,7.806,True
11662,64,7.806,True
11663,64,7.806,True
11664,63,9.899,True
11665,63,9.899,True
11666,63,9.899,True
11667,66,8.702,True
11668,64,6.954,True
11669,64,6.954,True
11670,64,6.954,True
11671,64,6.954,True
11672,64,6.954,True
11673,64,6.954,True
11674,64,6.954,True
11675,64,6.954,True
11676,64,6.954,True
11677,62,6.954,True
11678,63,7.136,True
11679,63,7.136,True
11680,63,7.136,True
11681,64,7.136,True
11682,63,7.136,True
11683,63,7.136,True
11684,66,7.136,True
11685,64,7.136,True
11686,63,9.899,True
11687,63,9.899,True
11688,63,9.899,True
11689,63,9.899,True
11690,68,9.899,True
11691,67,9.899,True
11692,70,6.424,True
11693,70,6.424,True
11694,73,6.424,True
11695,73,6.424,True
11696,73,6.424,True
11697,73,6.424,True
11698,73,6.424,True
11699,73,6.424,True
11700,73,6.424,True
11701,71,6.424,True
11702,72,9.951,True
11703,73,9.951,True
11704,73,9.951,True
11705,75,6.424,True
11706,74,6.4,True
11707,74,6.4,True
11708,74,8.37,True
11709,73,8.37,True
11710,74,8.37,True
11711,75,9.951,True
11712,69,9.951,True
11713,69,9.951,True
11714,65,9.951,True
11715,65,9.951,True
11716,65,9.951,True
11717,65,9.951,True
11718,65,9.951,True
11719,65,9.951,True
11720,63,9.951,True
11721,62,9.951,True
11722,62,9.951,True
11723,62,9.951,True
11724,62,9.951,True
11725,64,9.951,True
11726,63,9.278,True
11727,64,9.278,True
11728,65,9.951,True
11729,65,9.951,True
11730,65,9.951,True
11731,64,9.951,True
11732,62,9.951,True
11733,62,9.951,True
11734,62,9.951,True
11735,62,9.951,True
11736,63,9.951,True
11737,63,9.951,True
11738,63,9.951,True
11739,63,6.366,True
11740,63,6.366,True
11741,63,6.366,True
11742,63,6.366,True
11743,65,6.366,True
11744,63,6.366,True
11745,65,7.079,True
11746,62,6.366,True
11747,63,9.675,True
11748,63,9.675,True
11749,63,9.675,True
11750,63,9.675,True
11751,65,9.675,True
11752,64,6.366,True
11753,63,6.366,True
11754,63,6.366,True
11755,65,4.823,True
11756,65,5.069,True
11757,65,5.069,True
11758,70,5.069,True
11759,69,5.252,True
11760,69,5.252,True
11761,65,5.252,True
11762,65,5.252,True
11763,67,7.484,True
11764,67,7.484,True
11765,67,7.484,True
11766,67,7.484,True
11767,67,7.79,True
11768,67,7.79,True
11769,68,9.298,True
11770,68,9.298,True
11771,65,9.139,True
11772,65,9.139,True
11773,65,9.139,True
11774,65,9.139,True
11775,67,9.139,True
11776,67,9.139,True
11777,70,9.139,True
11778,70,9.139,True
11779,70,9.139,True
11780,73,9.367,True
11781,71,7.393,True
11782,73,7.831,True
11783,73,7.801,True
11784,73,7.801,True
11785,71,7.393,True
11786,71,9.951,True
11787,71,9.951,True
11788,71,9.951,True
11789,73,7.393,True
11790,72,9.759,True
11791,72,9.759,True
11792,69,7.414,True
11793,69,7.393,True
11794,67,8.37,True
11795,65,8.37,True
11796,65,8.37,True
11797,65,8.37,True
11798,68,8.37,True
11799,68,8.37,True
11800,68,8.37,True
11801,69,9.951,True
11802,69,9.951,True
11803,67,9.951,True
11804,69,9.951,True
11805,69,9.951,True
11806,67,9.951,True
11807,69,9.951,True
11808,69,9.951,True
11809,71,8.119,True
11810,73,9.759,True
11811,73,9.759,True
11812,73,9.759,True
11813,75,9.759,True
11814,74,8.119,True
11815,74,8.119,True
11816,76,9.017,True
11817,76,8.954,True
11818,76,8.954,True
11819,76,8.954,True
11820,73,8.954,True
11821,74,8.954,True
11822,74,6.819,True
11823,74,8.479,True
11824,74,8.479,True
11825,74,8.479,True
11826,73,7.896,True
11827,73,7.896,True
11828,73,7.896,True
11829,73,9.951,True
11830,70,9.951,True
11831,74,9.951,True
11832,70,9.951,True
11833,69,9.951,True
11834,68,9.951,True
11835,68,9.951,True
11836,68,9.951,True
11837,68,9.951,True
11838,68,9.951,True
11839,68,9.951,True
11840,68,9.951,True
11841,71,9.951,True
11842,68,9.951,True
11843,65,9.951,True
11844,66,9.951,True
11845,66,9.951,True
11846,66,9.951,True
11847,66,9.951,True
11848,66,9.951,True
11849,64,9.273,True
11850,64,9.273,True
11851,64,9.273,True
11852,66,8.954,True
11853,66,8.954,True
11854,66,8.954,True
11855,66,8.954,True
11856,66,8.954,True
11857,66,8.954,True
11858,65,8.954,True
11859,65,8.954,True
11860,67,8.954,True
11861,67,8.954,True
11862,67,8.954,True
11863,67,8.954,True
11864,67,8.954,True
11865,66,8.954,True
11866,66,8.954,True
11867,66,8.954,True
11868,70,6.065,True
11869,70,6.065,True
11870,70,6.065,True
11871,69,6.954,True
11872,69,9.062,True
11873,69,9.062,True
11874,70,9.062,True
11875,70,9.062,True
11876,66,9.062,True
11877,66,9.062,True
11878,66,9.062,True
11879,69,8.954,True
11880,69,8.954,True
11881,65,8.954,True
11882,65,8.954,True
11883,65,8.954,True
11884,65,8.954,True
11885,62,9.062,True
11886,62,9.062,True
11887,62,9.062,True
11888,62,9.062,True
11889,64,5.472,True
11890,64,5.472,True
11891,65,5.472,True
11892,61,5.472,True
11893,61,5.472,True
11894,61,5.472,True
11895,61,5.472,True
11896,63,7.038,True
11897,63,7.038,True
11898,63,7.038,True
11899,64,8.994,True
11900,64,8.994,True
11901,64,8.994,True
11902,62,8.994,True
11903,64,8.994,True
11904,65,8.994,True
11905,64,8.994,True
11906,64,8.994,True
11907,64,8.994,True
11908,64,8.994,True
11909,64,8.994,True
11910,65,8.994,True
11911,64,8.994,True
11912,64,8.994,True
11913,65,8.994,True
11914,65,8.994,True
11915,65,8.994,True
11916,66,8.02,True
11917,66,8.02,True
11918,65,8.02,True
11919,67,8.02,True
11920,66,8.02,True
11921,65,8.02,True
11922,67,6.954,True
11923,67,7.431,True
11924,67,6.954,True
11925,65,8.02,True
11926,65,8.02,True
11927,66,8.994,True
11928,66,8.994,True
11929,66,8.994,True
11930,65,8.994,True
11931,66,8.02,True
11932,69,8.02,True
11933,69,8.02,True
11934,69,8.02,True
11935,69,8.02,True
11936,69,8.02,True
11937,69,9.099,True
11938,69,9.099,True
11939,69,9.099,True
11940,69,9.099,True
11941,69,9.099,True
11942,68,9.099,True
11943,69,9.099,True
11944,67,9.099,True
11945,63,9.099,True
11946,67,9.099,True
11947,66,9.099,True
11948,68,9.099,True
11949,68,9.099,True
11950,66,9.099,True
11951,68,9.099,True
11952,67,9.099,True
11953,69,9.099,True
11954,72,9.099,True
11955,74,9.099,True
11956,74,9.099,True
11957,74,9.099,True
11958,74,9.099,True
11959,70,9.099,True
11960,70,9.099,True
11961,70,9.099,True
11962,67,9.099,True
11963,64,9.099,True
11964,67,8.02,True
11965,64,9.099,True
11966,66,9.099,True
11967,68,9.099,True
11968,68,9.099,True
11969,68,9.905,True
11970,68,7.393,True
11971,68,7.393,True
11972,70,7.892,True
11973,68,7.393,True
11974,68,7.393,True
11975,69,7.615,True
11976,68,8.069,True
11977,67,8.069,True
11978,68,9.156,True
11979,68,9.106,True
11980,68,9.106,True
11981,71,9.775,True
11982,75,9.775,True
11983,72,9.775,True
11984,72,9.775,True
11985,72,9.775,True
11986,67,9.601,True
11987,67,9.601,True
11988,69,9.601,True
11989,69,9.601,True
11990,69,9.601,True
11991,70,9.601,True
11992,68,9.601,True
11993,68,9.601,True
11994,68,9.601,True
11995,67,9.601,True
11996,67,9.601,True
11997,67,9.924,True
11998,71,9.924,True
11999,71,9.601,True
12000,71,9.601,True
12001,71,9.601,True
12002,71,9.601,True
12003,71,9.601,True
12004,71,9.601,True
12005,69,9.601,True
12006,73,9.601,True
12007,73,9.601,True
12008,70,9.601,True
12009,69,9.601,True
12010,70,9.601,True
12011,70,9.601,True
12012,68,9.601,True
12013,69,9.066,True
12014,69,9.066,True
12015,71,9.066,True
12016,68,9.066,True
12017,68,9.066,True
12018,66,9.066,True
12019,67,7.174,True
12020,67,9.663,True
12021,65,9.663,True
12022,65,9.663,True
12023,65,9.663,True
12024,65,9.663,True
12025,65,9.663,True
12026,66,9.663,True
12027,67,9.663,True
12028,65,9.897,True
12029,64,9.897,True
12030,67,9.897,True
12031,69,9.635,True
12032,69,9.635,True
12033,73,9.635,True
12034,70,9.663,True
12035,68,9.663,True
12036,68,9.635,True
12037,68,9.635,True
12038,68,9.635,True
12039,68,6.812,True
12040,71,8.991,True
12041,74,9.616,True
12042,73,9.616,True
12043,72,9.616,True
12044,76,9.616,True
12045,75,9.616,True
12046,73,9.616,True
12047,73,9.616,True
12048,73,9.616,True
12049,75,9.616,True
12050,72,7.999,True
12051,72,6.114,True
12052,72,6.114,True
12053,74,6.888,True
12054,72,9.635,True
12055,72,9.971,True
12056,72,9.971,True
12057,72,9.971,True
12058,73,9.971,True
12059,73,9.971,True
12060,73,9.971,True
12061,73,9.971,True
12062,74,9.971,True
12063,74,9.971,True
12064,73,9.971,True
12065,71,9.971,True
12066,71,9.971,True
12067,71,8.954,True
12068,73,7.735,True
12069,73,7.735,True
12070,73,7.735,True
12071,73,7.735,True
12072,71,8.954,True
12073,71,8.954,True
12074,71,8.954,True
12075,71,8.954,True
12076,71,9.085,True
12077,70,9.085,True
12078,79,9.085,True
12079,77,8.954,True
12080,74,8.954,True
12081,71,8.954,True
12082,71,8.954,True
12083,71,8.954,True
12084,72,8.954,True
12085,72,8.954,True
12086,74,8.954,True
12087,76,8.954,True
12088,77,9.051,True
12089,71,8.954,True
12090,71,8.954,True
12091,71,8.954,True
12092,72,8.694,True
12093,72,8.694,True
12094,72,8.694,True
12095,72,8.694,True
12096,72,8.694,True
12097,70,8.694,True
12098,71,8.694,True
12099,71,8.694,True
12100,71,8.694,True
12101,70,9.878,True
12102,70,9.878,True
12103,70,9.878,True
12104,70,9.878,True
12105,71,8.694,True
12106,72,8.694,True
12107,72,8.694,True
12108,72,8.694,True
12109,72,7.788,True
12110,72,7.788,True
12111,76,7.788,True
12112,76,7.788,True
12113,74,7.788,True
12114,74,7.788,True
12115,74,8.694,True
12116,74,8.694,True
12117,74,8.694,True
12118,72,8.694,True
12119,75,9.728,True
12120,74,9.728,True
12121,74,9.728,True
12122,74,9.728,True
12123,74,9.728,True
12124,74,9.728,True
12125,71,8.694,True
12126,71,8.694,True
12127,71,8.694,True
12128,71,8.694,True
12129,74,8.694,True
12130,74,8.694,True
12131,74,8.694,True
12132,74,8.694,True
12133,74,8.694,True
12134,75,8.694,True
12135,75,8.694,True
12136,75,9.601,True
12137,72,9.601,True
12138,71,9.67,True
12139,74,9.67,True
12140,69,9.67,True
12141,70,8.267,True
12142,67,8.267,True
12143,70,8.267,True
12144,70,8.267,True
12145,70,8.267,True
12146,70,9.91,True
12147,70,9.91,True
12148,70,9.91,True
12149,71,9.91,True
12150,71,9.91,True
12151,71,9.91,True
12152,71,9.91,True
12153,71,9.91,True
12154,73,9.91,True
12155,73,9.91,True
12156,73,9.91,True
12157,70,9.91,True
12158,70,9.91,True
12159,68,9.91,True
12160,68,9.91,True
12161,68,9.91,True
12162,68,9.91,True
12163,68,9.91,True
12164,68,9.91,True
12165,68,9.91,True
12166,68,9.91,True
12167,68,9.91,True
12168,69,9.91,True
12169,69,9.91,True
12170,67,9.91,True
12171,67,9.91,True
12172,67,9.91,True
12173,69,9.91,True
12174,69,9.91,True
12175,71,9.91,True
12176,75,9.67,True
12177,72,9.67,True
12178,72,9.67,True
12179,72,9.67,True
12180,72,9.67,True
12181,72,9.67,True
12182,72,9.67,True
12183,72,9.67,True
12184,72,9.67,True
12185,69,9.67,True
12186,69,9.67,True
12187,69,9.67,True
12188,70,9.67,True
12189,74,9.67,True
12190,74,9.67,True
12191,73,9.67,True
12192,71,9.67,True
12193,69,9.91,True
12194,69,9.91,True
12195,69,9.91,True
12196,69,9.91,True
12197,70,9.91,True
12198,70,9.91,True
12199,69,9.91,True
12200,69,9.67,True
12201,70,9.635,True
12202,68,9.635,True
12203,70,9.635,True
12204,71,9.635,True
12205,71,9.635,True
12206,73,9.635,True
12207,73,9.635,True
12208,73,9.635,True
12209,73,9.635,True
12210,74,9.635,True
12211,74,7.942,True
12212,71,7.942,True
12213,71,7.942,True
12214,71,7.942,True
12215,69,7.942,True
12216,69,8.19,True
12217,69,8.19,True
12218,72,8.778,True
12219,74,8.936,True
12220,76,8.936,True
12221,75,8.936,True
12222,75,8.936,True
12223,75,8.936,True
12224,75,8.936,True
12225,75,8.936,True
12226,75,8.936,True
12227,74,8.936,True
12228,72,9.601,True
12229,72,9.601,True
12230,72,9.601,True
12231,70,9.601,True
12232,70,9.601,True
12233,70,8.936,True
12234,70,8.936,True
12235,70,8.936,True
12236,73,8.936,True
12237,73,8.936,True
12238,73,8.936,True
12239,74,8.936,True
12240,73,8.936,True
12241,73,8.936,True
12242,73,8.936,True
12243,75,8.936,True
12244,76,8.725,True
12245,76,8.725,True
12246,73,9.97,True
12247,73,9.97,True
12248,72,9.97,True
12249,72,9.97,True
12250,68,9.97,True
12251,68,9.97,True
12252,67,9.97,True
12253,67,9.97,True
12254,67,9.97,True
12255,70,9.97,True
12256,67,9.97,True
12257,69,9.97,True
12258,69,9.97,True
12259,69,9.97,True
12260,69,9.97,True
12261,68,9.97,True
12262,68,9.97,True
12263,68,9.97,True
12264,70,9.97,True
12265,71,9.97,True
12266,73,9.97,True
12267,72,9.819,True
12268,72,9.819,True
12269,73,9.798,True
12270,72,8.231,True
12271,72,9.446,True
12272,72,9.446,True
12273,71,9.446,True
12274,71,9.446,True
12275,68,9.446,True
12276,68,9.446,True
12277,71,9.446,True
12278,68,9.446,True
12279,68,9.446,True
12280,68,9.446,True
12281,65,9.52,True
12282,62,9.446,True
12283,63,9.446,True
12284,62,8.771,True
12285,62,8.771,True
12286,62,8.771,True
12287,61,8.771,True
12288,65,8.091,True
12289,65,8.091,True
12290,66,7.999,True
12291,66,7.999,True
12292,66,7.999,True
12293,66,7.999,True
12294,68,7.999,True
12295,70,7.999,True
12296,70,7.999,True
12297,70,7.999,True
12298,70,7.999,True
12299,70,8.511,True
12300,67,8.511,True
12301,67,8.511,True
12302,67,8.511,True
12303,68,8.511,True
12304,68,8.511,True
12305,73,8.511,True
12306,69,8.511,True
12307,69,8.511,True
12308,65,8.511,True
12309,63,6.792,True
12310,64,5.37,True
12311,64,5.37,True
12312,64,5.37,True
12313,64,5.37,True
12314,64,5.37,True
12315,64,5.37,True
12316,65,8.035,True
12317,65,8.035,True
12318,64,8.744,True
12319,64,8.744,True
12320,64,8.744,True
12321,63,8.744,True
12322,65,8.013,True
12323,65,8.013,True
12324,65,8.013,True
12325,65,8.013,True
12326,65,8.013,True
12327,64,9.695,True
12328,64,9.695,True
12329,64,9.695,True
12330,64,9.695,True
12331,66,9.695,True
12332,64,9.695,True
12333,64,9.695,True
12334,63,9.695,True
12335,62,8.013,True
12336,63,8.659,True
12337,64,8.659,True
12338,64,8.659,True
12339,62,8.013,True
12340,61,9.367,True
12341,61,9.367,True
12342,61,9.367,True
12343,61,9.367,True
12344,61,9.367,True
12345,61,9.367,True
12346,61,9.367,True
12347,67,9.367,True
12348,67,9.367,True
12349,67,9.367,True
12350,67,9.367,True
12351,67,9.367,True
12352,67,9.367,True
12353,67,9.367,True
12354,67,9.367,True
12355,67,9.367,True
12356,70,9.367,True
12357,70,9.367,True
12358,70,9.367,True
12359,70,9.367,True
12360,66,9.367,True
12361,66,9.367,True
12362,66,9.367,True
12363,65,9.367,True
12364,65,9.367,True
12365,68,9.367,True
12366,68,9.367,True
12367,68,9.367,True
12368,67,9.367,True
12369,64,9.367,True
12370,64,9.367,True
12371,65,9.474,True
12372,65,9.474,True
12373,68,9.367,True
12374,66,7.806,True
12375,66,7.806,True
12376,63,9.474,True
12377,63,9.474,True
12378,65,7.806,True
12379,64,4.154,True
12380,64,4.154,True
12381,64,4.154,True
12382,65,5.071,True
12383,68,5.071,True
12384,64,6.332,True
12385,64,6.332,True
12386,64,6.332,True
12387,65,6.332,True
12388,65,6.332,True
12389,65,6.332,True
12390,64,7.806,True
12391,64,7.806,True
12392,64,7.806,True
12393,63,9.474,True
12394,65,9.474,True
12395,67,9.474,True
12396,67,9.474,True
12397,65,9.474,True
12398,65,9.474,True
12399,65,9.474,True
12400,65,9.939,True
12401,65,9.939,True
12402,66,9.939,True
12403,66,9.939,True
12404,66,9.939,True
12405,65,9.939,True
12406,64,9.939,True
12407,65,9.939,True
12408,65,9.939,True
12409,65,9.939,True
12410,67,9.939,True
12411,70,9.939,True
12412,70,9.939,True
12413,70,9.939,True
12414,68,9.939,True
12415,69,9.072,True
12416,68,9.939,True
12417,68,9.939,True
12418,68,9.939,True
12419,68,9.939,True
12420,68,9.939,True
12421,70,9.939,True
12422,69,9.939,True
12423,64,9.939,True
12424,64,9.939,True
12425,64,9.939,True
12426,65,9.939,True
12427,65,9.939,True
12428,63,9.939,True
12429,61,9.939,True
12430,62,9.939,True
12431,62,9.939,True
12432,62,9.939,True
12433,62,9.939,True
12434,66,9.939,True
12435,66,9.939,True
12436,66,9.939,True
12437,66,9.939,True
12438,66,9.939,True
12439,66,9.939,True
12440,62,9.939,True
12441,61,9.601,True
12442,62,9.939,True
12443,62,9.939,True
12444,62,9.939,True
12445,63,3.346,True
12446,63,3.346,True
12447,66,4.611,True
12448,66,4.611,True
12449,65,8.824,True
12450,65,8.824,True
12451,65,8.824,True
12452,66,5.921,True
12453,68,9.367,True
12454,70,8.764,True
12455,70,8.764,True
12456,68,9.367,True
12457,68,9.367,True
12458,68,9.367,True
12459,71,9.367,True
12460,71,9.367,True
12461,71,9.367,True
12462,70,9.367,True
12463,68,9.367,True
12464,66,9.367,True
12465,66,9.367,True
12466,66,9.367,True
12467,66,9.367,True
12468,66,9.367,True
12469,65,9.367,True
12470,65,9.367,True
12471,68,8.764,True
12472,68,7.038,True
12473,68,7.038,True
12474,68,7.038,True
12475,68,7.038,True
12476,69,7.267,True
12477,69,7.267,True
12478,69,8.994,True
12479,69,8.994,True
12480,69,8.994,True
12481,68,8.994,True
12482,68,8.83,True
12483,68,8.83,True
12484,68,8.83,True
12485,68,8.83,True
12486,68,7.038,True
12487,68,7.038,True
12488,72,7.038,True
12489,69,7.642,True
12490,72,8.988,True
12491,72,8.988,True
12492,72,8.988,True
12493,70,7.267,True
12494,72,7.267,True
12495,70,7.267,True
12496,70,7.267,True
12497,70,7.267,True
12498,70,7.267,True
12499,72,7.498,True
12500,71,7.498,True
12501,71,7.498,True
12502,71,7.498,True
12503,72,7.498,True
12504,74,8.916,True
12505,74,8.916,True
12506,74,8.916,True
12507,74,8.916,True
12508,74,8.916,True
12509,72,8.916,True
12510,72,9.226,True
12511,72,9.226,True
12512,72,9.911,True
12513,69,9.911,True
12514,69,9.911,True
12515,69,9.911,True
12516,69,9.911,True
12517,69,9.911,True
12518,69,9.911,True
12519,71,9.911,True
12520,71,9.911,True
12521,71,9.911,True
12522,71,9.911,True
12523,71,9.911,True
12524,71,9.911,True
12525,75,8.771,True
12526,73,8.771,True
12527,73,8.771,True
12528,73,8.771,True
12529,69,9.911,True
12530,69,9.911,True
12531,69,9.911,True
12532,69,9.911,True
12533,71,9.911,True
12534,71,9.911,True
12535,71,8.771,True
12536,68,8.989,True
12537,68,8.989,True
12538,68,8.989,True
12539,68,8.989,True
12540,70,8.771,True
12541,72,7.626,True
12542,72,7.626,True
12543,72,7.626,True
12544,73,7.626,True
12545,72,7.626,True
12546,72,7.626,True
12547,72,6.122,True
12548,66,8.013,True
12549,66,8.013,True
12550,66,8.013,True
12551,66,8.013,True
12552,73,8.133,True
12553,73,8.133,True
12554,74,8.251,True
12555,73,8.133,True
12556,72,8.133,True
12557,72,8.133,True
12558,72,8.133,True
12559,68,6.122,True
12560,66,6.122,True
12561,66,6.122,True
12562,66,8.013,True
12563,67,6.122,True
12564,66,6.923,True
12565,70,6.923,True
12566,70,6.923,True
12567,71,9.915,True
12568,71,9.915,True
12569,72,9.915,True
12570,70,9.915,True
12571,70,9.915,True
12572,67,9.915,True
12573,67,9.915,True
12574,67,9.915,True
12575,69,9.915,True
12576,69,9.915,True
12577,71,9.915,True
12578,67,9.915,True
12579,68,9.915,True
12580,68,9.915,True
12581,68,9.915,True
12582,68,9.915,True
12583,68,9.915,True
12584,68,9.915,True
12585,67,9.915,True
12586,67,9.915,True
12587,69,9.915,True
12588,69,4.883,True
12589,67,6.506,True
12590,67,7.454,True
12591,71,7.454,True
12592,71,9.915,True
12593,69,9.915,True
12594,69,9.915,True
12595,69,8.013,True
12596,67,9.91,True
12597,67,9.91,True
12598,67,9.91,True
12599,71,9.91,True
12600,73,9.91,True
12601,73,9.91,True
12602,73,9.91,True
12603,71,9.91,True
12604,72,9.91,True
12605,72,9.91,True
12606,70,9.91,True
12607,68,9.602,True
12608,68,9.602,True
12609,68,9.602,True
12610,68,9.602,True
12611,67,8.948,True
12612,68,9.446,True
12613,68,7.765,True
12614,65,8.05,True
12615,65,8.05,True
12616,66,8.427,True
12617,66,8.427,True
12618,66,8.427,True
12619,66,8.427,True
12620,66,8.427,True
12621,66,8.427,True
12622,66,8.427,True
12623,66,8.427,True
12624,66,8.427,True
12625,66,8.427,True
12626,66,8.427,True
12627,67,8.427,True
12628,70,8.427,True
12629,66,8.427,True
12630,66,8.427,True
12631,65,6.542,True
12632,64,9.182,True
12633,70,8.694,True
12634,69,7.834,True
12635,63,9.182,True
12636,64,9.182,True
12637,64,9.182,True
12638,64,9.182,True
12639,64,9.182,True
12640,65,6.942,True
12641,65,9.944,True
12642,65,9.944,True
12643,65,9.944,True
12644,65,9.944,True
12645,65,9.944,True
12646,65,9.944,True
12647,69,9.944,True
12648,71,7.339,True
12649,67,7.339,True
12650,70,7.339,True
12651,68,9.944,True
12652,68,9.944,True
12653,69,8.383,True
12654,69,8.383,True
12655,66,8.383,True
12656,69,9.798,True
12657,69,9.798,True
12658,70,9.798,True
12659,70,9.798,True
12660,70,9.798,True
12661,71,9.798,True
12662,71,9.798,True
12663,70,9.798,True
12664,68,9.798,True
12665,68,9.798,True
12666,62,9.798,True
12667,62,9.798,True
12668,62,9.798,True
12669,67,9.798,True
12670,69,9.798,True
12671,64,9.798,True
12672,64,9.798,True
12673,68,9.798,True
12674,69,9.798,True
12675,70,9.798,True
12676,69,9.798,True
12677,67,8.531,True
12678,67,8.531,True
12679,66,9.897,True
12680,66,9.897,True
12681,70,9.897,True
12682,66,9.897,True
12683,66,9.897,True
12684,66,8.24,True
12685,68,8.24,True
12686,69,6.808,True
12687,69,6.808,True
12688,69,6.808,True
12689,69,6.808,True
12690,68,8.694,True
12691,69,9.542,True
12692,69,9.542,True
12693,69,9.542,True
12694,69,9.542,True
12695,69,9.542,True
12696,69,9.542,True
12697,69,9.542,True
12698,72,9.542,True
12699,74,9.542,True
12700,74,9.542,True
12701,74,9.542,True
12702,74,9.542,True
12703,77,9.542,True
12704,76,9.542,True
12705,76,9.542,True
12706,74,7.177,True
12707,74,7.177,True
12708,72,7.177,True
12709,72,7.177,True
12710,72,7.177,True
12711,73,7.177,True
12712,73,9.815,True
12713,73,9.815,True
12714,71,6.423,True
12715,71,6.423,True
12716,69,8.382,True
12717,69,8.382,True
12718,69,8.382,True
12719,69,8.382,True
12720,69,8.382,True
12721,69,8.382,True
12722,69,8.382,True
12723,69,8.382,True
12724,69,8.382,True
12725,69,8.382,True
12726,69,8.382,True
12727,70,8.382,True
12728,69,8.744,True
12729,69,8.744,True
12730,69,8.744,True
12731,69,8.744,True
12732,69,8.744,True
12733,69,8.744,True
12734,70,8.744,True
12735,70,8.744,True
12736,75,9.223,True
12737,75,9.223,True
12738,75,9.223,True
12739,75,9.223,True
12740,73,9.223,True
12741,72,9.223,True
12742,72,9.223,True
12743,72,9.223,True
12744,72,9.223,True
12745,73,9.798,True
12746,73,9.798,True
12747,72,9.798,True
12748,75,9.223,True
12749,75,9.976,True
12750,75,9.976,True
12751,76,9.976,True
12752,76,9.976,True
12753,74,9.976,True
12754,74,9.976,True
12755,74,9.976,True
12756,74,9.976,True
12757,75,9.976,True
12758,75,9.976,True
12759,75,9.976,True
12760,74,9.976,True
12761,74,9.976,True
12762,74,9.854,True
12763,73,9.519,True
12764,73,9.519,True
12765,74,9.854,True
12766,74,9.854,True
12767,71,9.854,True
12768,71,9.854,True
12769,71,9.854,True
12770,71,9.854,True
12771,71,9.854,True
12772,70,9.854,True
12773,70,9.854,True
12774,70,9.854,True
12775,73,9.854,True
12776,69,9.854,True
12777,69,9.854,True
12778,69,9.854,True
12779,72,9.854,True
12780,71,9.854,True
12781,71,9.854,True
12782,71,9.854,True
12783,72,9.139,True
12784,72,9.139,True
12785,72,9.139,True
12786,70,9.139,True
12787,71,9.139,True
12788,71,9.139,True
12789,71,9.139,True
12790,71,9.139,True
12791,68,9.139,True
12792,68,9.139,True
12793,69,9.139,True
12794,69,9.139,True
12795,69,9.139,True
12796,70,9.139,True
12797,70,9.139,True
12798,70,9.139,True
12799,70,9.139,True
12800,72,9.139,True
12801,72,9.752,True
12802,72,9.752,True
12803,72,9.752,True
12804,72,9.752,True
12805,72,9.752,True
12806,72,9.752,True
12807,72,9.752,True
12808,72,9.752,True
12809,75,9.752,True
12810,75,9.752,True
12811,75,9.752,True
12812,75,9.752,True
12813,73,9.139,True
12814,71,9.139,True
12815,72,8.864,True
12816,71,8.864,True
12817,71,8.864,True
12818,70,9.915,True
12819,72,9.915,True
12820,72,9.915,True
12821,72,9.915,True
12822,72,9.915,True
12823,72,9.915,True
12824,70,9.915,True
12825,70,9.915,True
12826,70,9.915,True
12827,70,9.915,True
12828,70,9.915,True
12829,70,9.915,True
12830,70,9.915,True
12831,70,9.915,True
12832,73,9.978,True
12833,72,9.978,True
12834,70,9.915,True
12835,70,9.915,True
12836,70,9.915,True
12837,68,9.915,True
12838,71,9.915,True
12839,71,9.915,True
12840,71,9.915,True
12841,71,9.915,True
12842,71,9.915,True
12843,71,9.915,True
12844,71,9.915,True
12845,71,9.915,True
12846,71,9.915,True
12847,71,9.915,True
12848,71,9.915,True
12849,72,9.915,True
12850,66,9.915,True
12851,67,9.915,True
12852,68,9.915,True
12853,69,9.915,True
12854,68,9.915,True
12855,72,9.915,True
12856,71,9.915,True
12857,71,8.744,True
12858,71,8.744,True
12859,77,8.744,True
12860,71,8.744,True
12861,73,8.744,True
12862,71,8.744,True
12863,71,8.744,True
12864,71,8.744,True
12865,73,8.03,True
12866,73,8.03,True
12867,73,8.03,True
12868,71,8.03,True
12869,71,8.03,True
12870,71,8.03,True
12871,71,8.03,True
12872,71,8.158,True
12873,71,8.158,True
12874,72,7.486,True
12875,72,7.486,True
12876,73,7.486,True
12877,76,9.889,True
12878,76,9.889,True
12879,76,9.889,True
12880,77,7.486,True
12881,77,7.486,True
12882,77,7.486,True
12883,77,7.486,True
12884,77,8.584,True
12885,73,9.363,True
12886,73,9.363,True
12887,73,9.363,True
12888,71,9.363,True
12889,70,9.363,True
12890,70,9.363,True
12891,73,9.223,True
12892,78,9.223,True
12893,80,9.223,True
12894,75,9.223,True
12895,75,9.223,True
12896,73,7.648,True
12897,72,7.648,True
12898,72,7.648,True
12899,72,7.648,True
12900,74,9.339,True
12901,73,9.339,True
12902,72,9.339,True
12903,75,9.827,True
12904,75,9.827,True
12905,75,9.827,True
12906,75,9.827,True
12907,75,9.827,True
12908,77,9.827,True
12909,78,9.827,True
12910,78,9.827,True
12911,78,9.827,True
12912,78,9.827,True
12913,76,9.827,True
12914,76,9.827,True
12915,76,9.827,True
12916,76,9.827,True
12917,75,9.827,True
12918,75,9.827,True
12919,75,9.827,True
12920,75,9.827,True
12921,75,9.827,True
12922,74,9.827,True
12923,72,9.827,True
12924,72,9.827,True
12925,73,9.395,True
12926,74,8.683,True
12927,77,8.185,True
12928,77,8.185,True
12929,77,8.185,True
12930,72,8.01,True
12931,73,6.245,True
12932,73,6.335,True
12933,76,6.335,True
12934,76,6.335,True
12935,75,5.991,True
12936,75,5.991,True
12937,75,5.991,True
12938,72,5.991,True
12939,72,5.991,True
12940,72,5.991,True
12941,71,5.991,True
12942,71,5.991,True
12943,71,5.991,True
12944,73,6.919,True
12945,73,9.2,True
12946,73,9.2,True
12947,73,9.2,True
12948,73,6.919,True
12949,75,8.349,True
12950,73,8.507,True
12951,73,8.507,True
12952,73,8.507,True
12953,74,8.507,True
12954,77,8.507,True
12955,78,9.159,True
12956,78,9.159,True
12957,79,4.942,True
12958,77,6.327,True
12959,75,4.616,True
12960,75,4.616,True
12961,75,8.936,True
12962,75,8.936,True
12963,75,8.936,True
12964,75,8.936,True
12965,75,8.936,True
12966,75,8.936,True
12967,75,8.936,True
12968,77,5.495,True
12969,77,5.495,True
12970,73,5.495,True
12971,73,5.495,True
12972,73,5.495,True
12973,73,5.495,True
12974,76,7.144,True
12975,77,9.952,True
12976,80,9.952,True
12977,76,9.952,True
12978,75,5.986,True
12979,75,5.986,True
12980,74,5.986,True
12981,73,7.665,True
12982,73,7.665,True
12983,75,9.127,True
12984,76,9.127,True
12985,76,9.127,True
12986,76,9.127,True
12987,70,7.563,True
12988,70,7.563,True
12989,77,7.563,True
12990,77,7.563,True
12991,72,6.76,True
12992,72,6.76,True
12993,65,5.462,True
12994,67,5.462,True
12995,67,8.954,True
12996,67,8.954,True
12997,67,8.954,True
12998,67,8.954,True
12999,67,8.954,True
13000,67,8.954,True
13001,67,8.954,True
13002,67,8.954,True
13003,65,8.954,True
13004,65,8.954,True
13005,66,8.954,True
13006,66,8.954,True
13007,66,8.954,True
13008,70,8.954,True
13009,67,8.954,True
13010,68,8.954,True
13011,67,8.954,True
13012,67,8.954,True
13013,67,8.954,True
13014,67,8.954,True
13015,67,8.954,True
13016,67,8.954,True
13017,67,8.954,True
13018,67,8.954,True
13019,67,8.954,True
13020,67,8.954,True
13021,70,8.954,True
13022,70,8.954,True
13023,76,8.954,True
13024,79,8.531,True
13025,80,9.062,True
13026,80,8.531,True
13027,79,7.416,True
13028,75,7.211,True
13029,75,7.211,True
13030,78,8.849,True
13031,78,8.849,True
13032,73,8.849,True
13033,76,8.849,True
13034,72,8.849,True
13035,72,8.849,True
13036,69,8.849,True
13037,66,9.508,True
13038,70,9.508,True
13039,70,9.508,True
13040,70,9.508,True
13041,70,9.508,True
13042,70,9.508,True
13043,73,9.508,True
13044,71,9.508,True
13045,71,9.508,True
13046,67,9.508,True
13047,67,9.508,True
13048,67,9.508,True
13049,67,9.508,True
13050,67,9.508,True
13051,67,9.508,True
13052,67,9.508,True
13053,67,9.508,True
13054,69,9.508,True
13055,71,9.508,True
13056,71,9.508,True
13057,71,6.922,True
13058,73,6.922,True
13059,71,6.922,True
13060,69,4.877,True
13061,69,4.877,True
13062,69,4.877,True
13063,69,5.473,True
13064,69,5.359,True
13065,69,5.359,True
13066,69,5.359,True
13067,71,6.425,True
13068,71,6.425,True
13069,72,6.386,True
13070,74,5.359,True
13071,72,6.386,True
13072,72,6.386,True
13073,76,9.2,True
13074,78,9.2,True
13075,74,6.386,True
13076,73,8.629,True
13077,73,8.629,True
13078,73,8.629,True
13079,73,8.629,True
13080,74,6.386,True
13081,74,6.386,True
13082,75,7.402,True
13083,75,7.402,True
13084,75,7.402,True
13085,75,7.402,True
13086,73,9.062,True
13087,73,9.062,True
13088,71,9.062,True
13089,71,9.062,True
13090,70,9.062,True
13091,72,9.54,True
13092,72,9.54,True
13093,72,9.54,True
13094,71,9.062,True
13095,71,9.062,True
13096,71,9.062,True
13097,71,9.062,True
13098,71,9.062,True
13099,70,7.402,True
13100,69,6.386,True
13101,69,6.386,True
13102,69,6.386,True
13103,69,6.386,True
13104,69,6.386,True
13105,68,5.473,True
13106,68,5.473,True
13107,68,6.425,True
13108,69,8.563,True
13109,69,8.563,True
13110,76,8.563,True
13111,76,8.563,True
13112,78,9.334,True
13113,78,9.334,True
13114,78,9.334,True
13115,81,9.334,True
13116,76,9.334,True
13117,75,9.334,True
13118,75,9.334,True
13119,69,8.771,True
13120,71,8.771,True
13121,71,8.771,True
13122,71,8.771,True
13123,71,8.771,True
13124,73,8.771,True
13125,73,8.771,True
13126,73,9.869,True
13127,73,9.869,True
13128,73,9.869,True
13129,73,9.869,True
13130,66,8.771,True
13131,69,8.771,True
13132,69,8.771,True
13133,70,8.771,True
13134,70,8.771,True
13135,70,8.771,True
13136,70,8.771,True
13137,70,8.771,True
13138,69,9.685,True
13139,69,9.685,True
13140,70,9.685,True
13141,68,8.771,True
13142,73,8.771,True
13143,73,8.771,True
13144,74,8.771,True
13145,74,8.771,True
13146,74,8.771,True
13147,74,8.771,True
13148,73,7.721,True
13149,75,8.427,True
13150,75,8.427,True
13151,75,8.427,True
13152,73,8.427,True
13153,73,8.427,True
13154,73,8.041,True
13155,76,8.041,True
13156,76,8.041,True
13157,76,8.041,True
13158,71,8.041,True
13159,71,8.041,True
13160,71,8.041,True
13161,71,8.041,True
13162,71,8.041,True
13163,71,8.041,True
13164,71,8.041,True
13165,71,8.041,True
13166,71,8.041,True
13167,71,8.041,True
13168,71,8.041,True
13169,70,8.041,True
13170,70,8.041,True
13171,70,8.041,True
13172,70,8.041,True
13173,70,8.041,True
13174,70,8.041,True
13175,70,8.041,True
13176,68,7.573,True
13177,68,7.573,True
13178,68,7.573,True
13179,70,9.894,True
13180,69,9.894,True
13181,73,9.894,True
13182,73,9.894,True
13183,73,9.894,True
13184,73,9.894,True
13185,73,9.894,True
13186,73,9.894,True
13187,75,9.894,True
13188,75,9.894,True
13189,75,9.894,True
13190,73,9.894,True
13191,73,9.894,True
13192,73,9.894,True
13193,74,9.894,True
13194,70,9.894,True
13195,71,8.427,True
13196,75,8.427,True
13197,72,7.519,True
13198,70,8.954,True
13199,70,8.954,True
13200,65,8.954,True
13201,65,8.954,True
13202,67,8.991,True
13203,73,8.991,True
13204,75,8.991,True
13205,70,8.991,True
13206,70,8.991,True
13207,70,8.991,True
13208,70,8.991,True
13209,70,8.991,True
13210,70,8.991,True
13211,70,8.991,True
13212,71,8.991,True
13213,71,8.991,True
13214,71,8.991,True
13215,70,8.991,True
13216,70,8.991,True
13217,70,8.991,True
13218,70,9.997,True
13219,70,9.997,True
13220,70,9.997,True
13221,70,9.997,True
13222,70,9.997,True
13223,70,9.997,True
13224,69,9.997,True
13225,73,9.997,True
13226,73,9.997,True
13227,77,9.997,True
13228,77,9.997,True
13229,79,9.997,True
13230,78,9.936,True
13231,78,9.936,True
13232,77,9.936,True
13233,76,9.936,True
13234,76,9.936,True
13235,77,9.936,True
13236,74,9.936,True
13237,73,7.295,True
13238,73,7.295,True
13239,72,8.404,True
13240,74,4.829,True
13241,75,7.403,True
13242,77,8.975,True
13243,76,7.403,True
13244,78,7.942,True
13245,79,7.942,True
13246,79,7.942,True
13247,79,7.942,True
13248,81,7.942,True
13249,76,7.942,True
13250,76,7.942,True
13251,73,8.954,True
13252,76,9.528,True
13253,75,9.528,True
13254,72,9.528,True
13255,67,9.897,True
13256,67,9.897,True
13257,67,9.897,True
13258,67,9.897,True
13259,67,9.897,True
13260,67,9.897,True
13261,67,9.897,True
13262,69,9.91,True
13263,71,9.91,True
13264,71,9.91,True
13265,71,9.627,True
13266,75,9.627,True
13267,75,9.627,True
13268,74,9.787,True
13269,73,9.897,True
13270,72,9.897,True
13271,69,9.897,True
13272,69,9.897,True
13273,66,9.897,True
13274,66,9.897,True
13275,66,9.897,True
13276,63,9.897,True
13277,63,9.897,True
13278,66,8.954,True
13279,66,8.954,True
13280,67,8.954,True
13281,67,9.223,True
13282,67,9.223,True
13283,66,9.223,True
13284,68,9.223,True
13285,68,9.223,True
13286,66,9.223,True
13287,67,9.223,True
13288,67,8.954,True
13289,67,8.954,True
13290,67,8.954,True
13291,66,9.232,True
13292,66,9.232,True
13293,67,8.954,True
13294,67,8.954,True
13295,64,8.954,True
13296,64,8.954,True
13297,66,6.869,True
13298,66,6.869,True
13299,69,6.869,True
13300,69,6.869,True
13301,69,6.869,True
13302,69,6.869,True
13303,69,6.869,True
13304,69,6.869,True
13305,68,6.609,True
13306,64,6.609,True
13307,64,6.609,True
13308,66,8.02,True
13309,66,8.02,True
13310,66,8.02,True
13311,70,9.77,True
13312,70,9.77,True
13313,70,9.77,True
13314,72,9.77,True
13315,72,9.77,True
13316,71,8.02,True
13317,71,8.02,True
13318,71,8.02,True
13319,71,8.02,True
13320,71,8.02,True
13321,69,8.02,True
13322,69,8.02,True
13323,69,8.02,True
13324,68,8.02,True
13325,67,8.02,True
13326,67,8.02,True
13327,67,8.02,True
13328,66,8.227,True
13329,67,9.905,True
13330,67,9.905,True
13331,66,9.905,True
13332,66,9.905,True
13333,66,9.905,True
13334,67,9.905,True
13335,71,9.905,True
13336,70,9.874,True
13337,68,9.874,True
13338,68,9.874,True
13339,66,9.004,True
13340,66,9.004,True
13341,66,9.004,True
13342,66,9.004,True
13343,66,9.004,True
13344,66,9.004,True
13345,66,9.004,True
13346,68,9.004,True
13347,68,9.004,True
13348,68,9.004,True
13349,69,8.683,True
13350,71,8.683,True
13351,73,8.683,True
13352,72,8.683,True
13353,71,8.696,True
13354,69,8.696,True
13355,70,9.382,True
13356,75,9.382,True
13357,75,9.382,True
13358,69,9.382,True
13359,69,9.382,True
13360,70,9.382,True
13361,65,9.382,True
13362,65,9.382,True
13363,65,9.897,True
13364,68,9.382,True
13365,67,9.382,True
13366,69,9.382,True
13367,69,9.382,True
13368,66,9.897,True
13369,66,9.897,True
13370,66,9.897,True
13371,66,9.897,True
13372,66,9.897,True
13373,70,9.897,True
13374,70,9.897,True
13375,68,9.897,True
13376,69,9.897,True
13377,69,9.897,True
13378,69,9.897,True
13379,69,9.897,True
13380,69,9.897,True
13381,70,9.897,True
13382,65,9.897,True
13383,65,9.897,True
13384,65,9.897,True
13385,65,9.897,True
13386,70,9.897,True
13387,70,9.897,True
13388,65,9.897,True
13389,65,9.897,True
13390,62,9.897,True
13391,62,9.897,True
13392,62,9.897,True
13393,63,9.897,True
13394,65,9.897,True
13395,65,9.897,True
13396,65,9.897,True
13397,65,9.897,True
13398,63,9.897,True
13399,63,9.897,True
13400,67,9.897,True
13401,67,9.897,True
13402,67,9.897,True
13403,67,9.897,True
13404,68,9.897,True
13405,68,9.897,True
13406,66,9.897,True
13407,66,9.897,True
13408,66,9.897,True
13409,66,9.897,True
13410,66,9.897,True
13411,66,9.897,True
13412,66,9.897,True
13413,64,9.897,True
13414,64,9.897,True
13415,64,9.897,True
13416,64,9.897,True
13417,64,9.897,True
13418,64,9.897,True
13419,68,9.2,True
13420,67,8.819,True
13421,67,8.819,True
13422,67,8.819,True
13423,70,8.819,True
13424,66,8.819,True
13425,68,8.819,True
13426,68,8.819,True
13427,67,8.819,True
13428,68,7.812,True
13429,68,7.812,True
13430,71,7.812,True
13431,75,7.812,True
13432,75,7.812,True
13433,71,7.812,True
13434,75,6.037,True
13435,75,6.037,True
13436,75,6.037,True
13437,75,6.037,True
13438,75,6.037,True
13439,71,7.812,True
13440,71,7.812,True
13441,70,7.812,True
13442,71,6.524,True
13443,71,6.524,True
13444,71,6.524,True
13445,71,8.409,True
13446,67,8.409,True
13447,66,8.409,True
13448,66,8.409,True
13449,66,8.409,True
13450,67,8.409,True
13451,67,7.812,True
13452,67,7.812,True
13453,70,9.779,True
13454,70,9.779,True
13455,70,9.779,True
13456,70,9.779,True
13457,70,9.779,True
13458,70,9.779,True
13459,73,7.812,True
13460,73,8.819,True
13461,73,8.819,True
13462,73,8.819,True
13463,73,8.819,True
13464,73,8.819,True
13465,76,8.161,True
13466,73,8.161,True
13467,76,8.161,True
13468,73,7.45,True
13469,73,7.45,True
13470,71,7.45,True
13471,71,7.45,True
13472,72,7.511,True
13473,73,8.954,True
13474,73,8.954,True
13475,75,8.954,True
13476,76,8.954,True
13477,76,8.954,True
13478,73,8.954,True
13479,73,8.954,True
13480,73,8.954,True
13481,73,8.954,True
13482,73,8.954,True
13483,70,8.954,True
13484,72,8.954,True
13485,72,8.954,True
13486,72,8.954,True
13487,74,8.954,True
13488,74,8.954,True
13489,74,8.954,True
13490,76,8.954,True
13491,77,8.954,True
13492,77,8.954,True
13493,77,8.954,True
13494,77,8.954,True
13495,76,8.954,True
13496,76,8.954,True
13497,74,8.954,True
13498,75,7.763,True
13499,75,9.007,True
13500,75,9.007,True
13501,78,9.685,True
13502,78,9.685,True
13503,78,9.685,True
13504,78,9.685,True
13505,78,9.685,True
13506,75,9.685,True
13507,75,9.685,True
13508,78,9.685,True
13509,78,9.153,True
13510,75,9.153,True
13511,75,9.685,True
13512,74,9.47,True
13513,76,9.47,True
13514,77,9.153,True
13515,77,9.153,True
13516,77,9.153,True
13517,75,8.991,True
13518,75,8.991,True
13519,75,8.991,True
13520,76,8.991,True
13521,79,8.991,True
13522,79,8.991,True
13523,77,8.991,True
13524,80,8.991,True
13525,78,6.982,True
13526,78,8.477,True
13527,79,8.477,True
13528,79,8.477,True
13529,79,8.477,True
13530,83,8.174,True
13531,81,8.174,True
13532,79,6.985,True
13533,79,6.985,True
13534,82,6.985,True
13535,79,6.985,True
13536,80,7.256,True
13537,80,7.256,True
13538,80,7.751,True
13539,80,7.751,True
13540,80,7.751,True
13541,79,7.751,True
13542,79,9.885,True
13543,79,9.885,True
13544,78,9.885,True
13545,78,9.885,True
13546,78,9.885,True
13547,76,9.885,True
13548,76,9.885,True
13549,76,9.885,True
13550,76,9.885,True
13551,76,9.885,True
13552,77,9.885,True
13553,77,9.885,True
13554,74,9.512,True
13555,74,9.512,True
13556,74,9.512,True
13557,76,8.624,True
13558,79,7.421,True
13559,77,6.985,True
13560,76,4.389,True
13561,76,2.475,True
13562,77,4.643,True
13563,75,9.897,True
13564,75,9.897,True
13565,75,9.897,True
13566,73,9.897,True
13567,72,9.897,True
13568,72,9.897,True
13569,70,9.897,True
13570,68,9.897,True
13571,69,9.897,True
13572,68,9.897,True
13573,67,9.897,True
13574,70,8.954,True
13575,69,8.954,True
13576,68,8.954,True
13577,65,9.348,True
13578,65,9.348,True
13579,65,9.348,True
13580,65,9.348,True
13581,67,9.348,True
13582,67,9.348,True
13583,67,9.348,True
13584,70,9.348,True
13585,70,9.348,True
13586,70,8.413,True
13587,71,8.413,True
13588,71,8.413,True
13589,71,8.413,True
13590,71,8.413,True
13591,71,8.413,True
13592,72,9.59,True
13593,72,9.59,True
13594,72,9.59,True
13595,72,9.59,True
13596,71,9.59,True
13597,71,9.59,True
13598,71,9.59,True
13599,70,9.59,True
13600,71,9.59,True
13601,71,9.59,True
13602,71,9.59,True
13603,71,9.59,True
13604,72,9.297,True
13605,70,9.456,True
13606,70,9.456,True
13607,70,9.456,True
13608,70,9.297,True
13609,71,9.71,True
13610,71,9.71,True
13611,73,9.71,True
13612,73,9.71,True
13613,73,9.71,True
13614,74,9.71,True
13615,74,9.71,True
13616,74,9.71,True
13617,74,9.71,True
13618,72,9.71,True
13619,71,9.297,True
13620,70,8.923,True
13621,70,8.923,True
13622,70,8.923,True
13623,72,7.672,True
13624,72,7.672,True
13625,72,7.672,True
13626,70,7.672,True
13627,72,7.672,True
13628,73,6.542,True
13629,73,6.542,True
13630,73,6.542,True
13631,72,7.672,True
13632,74,9.683,True
13633,74,9.683,True
13634,74,9.683,True
13635,74,9.683,True
13636,74,9.683,True
13637,74,9.683,True
13638,74,9.683,True
13639,74,9.683,True
13640,74,9.683,True
13641,74,9.683,True
13642,74,9.683,True
13643,74,9.683,True
13644,72,8.923,True
13645,72,8.923,True
13646,70,8.923,True
13647,70,8.923,True
13648,70,8.923,True
13649,70,8.923,True
13650,71,6.935,True
13651,71,6.935,True
13652,71,6.935,True
13653,71,6.935,True
13654,70,8.923,True
13655,70,8.923,True
13656,70,8.923,True
13657,73,8.664,True
13658,73,8.664,True
13659,76,8.664,True
13660,76,8.664,True
13661,76,8.664,True
13662,75,8.268,True
13663,75,8.268,True
13664,76,9.79,True
13665,73,9.79,True
13666,71,9.79,True
13667,71,9.79,True
13668,72,9.79,True
13669,75,9.263,True
13670,74,9.263,True
13671,72,9.309,True
13672,72,8.075,True
13673,72,8.075,True
13674,71,8.075,True
13675,71,8.075,True
13676,71,9.309,True
13677,71,9.309,True
13678,71,9.309,True
13679,71,9.309,True
13680,71,9.309,True
13681,71,9.309,True
13682,71,9.309,True
13683,73,9.309,True
13684,73,9.309,True
13685,72,9.883,True
13686,73,9.951,True
13687,76,9.951,True
13688,78,9.951,True
13689,75,9.366,True
13690,73,9.366,True
13691,73,9.366,True
13692,73,9.366,True
13693,75,9.366,True
13694,72,9.309,True
13695,72,9.309,True
13696,72,9.309,True
13697,72,9.309,True
13698,72,9.309,True
13699,72,9.309,True
13700,72,9.309,True
13701,72,9.309,True
13702,73,9.309,True
13703,73,9.309,True
13704,73,9.309,True
13705,77,9.792,True
13706,77,9.792,True
13707,74,9.792,True
13708,70,8.629,True
13709,69,9.314,True
13710,69,9.314,True
13711,69,9.314,True
13712,69,9.314,True
13713,70,9.339,True
13714,69,9.339,True
13715,71,9.339,True
13716,71,9.339,True
13717,71,9.314,True
13718,71,9.339,True
13719,72,9.314,True
13720,71,8.676,True
13721,71,8.676,True
13722,71,8.676,True
13723,71,7.967,True
13724,71,7.967,True
13725,71,8.272,True
13726,71,8.272,True
13727,71,8.272,True
13728,71,8.272,True
13729,69,7.351,True
13730,69,7.351,True
13731,69,7.351,True
13732,69,7.351,True
13733,69,7.351,True
13734,70,7.3,True
13735,70,7.3,True
13736,70,7.3,True
13737,70,7.3,True
13738,67,7.3,True
13739,67,7.3,True
13740,69,9.127,True
13741,69,9.127,True
13742,71,9.446,True
13743,72,9.446,True
13744,70,9.446,True
13745,70,9.446,True
13746,68,7.999,True
13747,68,9.685,True
13748,68,9.685,True
13749,68,9.685,True
13750,69,9.685,True
13751,72,9.685,True
13752,72,9.685,True
13753,68,9.685,True
13754,71,9.685,True
13755,71,9.685,True
13756,71,9.685,True
13757,71,9.685,True
13758,69,9.685,True
13759,72,9.685,True
13760,69,9.685,True
13761,69,9.685,True
13762,68,9.685,True
13763,68,9.685,True
13764,68,9.685,True
13765,69,8.954,True
13766,69,8.954,True
13767,70,8.954,True
13768,70,8.954,True
13769,70,8.954,True
13770,70,8.954,True
13771,69,8.954,True
13772,70,8.954,True
13773,70,8.954,True
13774,70,8.954,True
13775,67,8.954,True
13776,67,8.954,True
13777,67,8.954,True
13778,67,8.954,True
13779,67,8.954,True
13780,67,8.954,True
13781,67,8.954,True
13782,67,8.954,True
13783,69,8.954,True
13784,68,8.954,True
13785,71,8.954,True
13786,71,8.954,True
13787,69,8.954,True
13788,69,8.954,True
13789,69,8.954,True
13790,69,8.954,True
13791,70,8.954,True
13792,70,8.954,True
13793,70,8.954,True
13794,67,8.954,True
13795,67,8.954,True
13796,66,9.08,True
13797,66,9.08,True
13798,66,9.08,True
13799,66,9.08,True
13800,66,9.08,True
13801,65,9.08,True
13802,68,9.08,True
13803,66,8.954,True
13804,66,8.954,True
13805,67,8.954,True
13806,67,8.954,True
13807,67,8.954,True
13808,67,8.954,True
13809,66,8.954,True
13810,67,8.954,True
13811,66,8.954,True
13812,68,7.812,True
13813,70,9.671,True
13814,69,9.671,True
13815,69,9.671,True
13816,70,9.671,True
13817,70,9.671,True
13818,69,9.671,True
13819,69,9.671,True
13820,66,9.897,True
13821,64,9.897,True
13822,63,9.897,True
13823,64,9.897,True
13824,65,9.897,True
13825,65,9.897,True
13826,64,9.897,True
13827,65,9.897,True
13828,70,9.897,True
13829,70,9.897,True
13830,69,9.897,True
13831,69,9.897,True
13832,69,9.897,True
13833,69,9.897,True
13834,72,9.897,True
13835,67,9.897,True
13836,71,9.897,True
13837,71,9.897,True
13838,71,9.897,True
13839,71,9.897,True
13840,69,9.897,True
13841,68,8.819,True
13842,68,8.819,True
13843,68,9.387,True
13844,68,9.387,True
13845,68,9.387,True
13846,70,9.387,True
13847,70,9.127,True
13848,71,8.819,True
13849,71,8.819,True
13850,70,8.819,True
13851,71,8.819,True
13852,71,8.819,True
13853,69,8.819,True
13854,69,8.819,True
13855,69,8.819,True
13856,69,8.819,True
13857,70,8.819,True
13858,70,8.819,True
13859,70,8.819,True
13860,70,8.819,True
13861,70,8.819,True
13862,71,8.744,True
13863,70,7.7,True
13864,70,7.7,True
13865,70,7.7,True
13866,69,7.7,True
13867,69,7.7,True
13868,66,7.7,True
13869,66,7.7,True
13870,66,7.7,True
13871,67,8.16,True
13872,67,8.16,True
13873,67,8.16,True
13874,67,8.16,True
13875,67,8.16,True
13876,69,8.16,True
13877,71,8.16,True
13878,70,8.16,True
13879,69,8.16,True
13880,69,8.16,True
13881,69,8.16,True
13882,68,8.16,True
13883,68,8.16,True
13884,68,8.16,True
13885,68,8.16,True
13886,70,8.73,True
13887,70,8.73,True
13888,69,8.73,True
13889,68,8.73,True
13890,66,9.197,True
13891,66,9.197,True
13892,65,9.897,True
13893,65,9.897,True
13894,65,9.897,True
13895,67,9.197,True
13896,67,9.197,True
13897,67,9.197,True
13898,67,9.197,True
13899,67,8.16,True
13900,67,8.16,True
13901,66,8.16,True
13902,66,8.16,True
13903,65,8.623,True
13904,65,8.623,True
13905,65,8.623,True
13906,67,8.623,True
13907,68,8.623,True
13908,69,8.623,True
13909,71,6.916,True
13910,69,7.155,True
13911,69,7.155,True
13912,69,7.155,True
13913,68,5.368,True
13914,71,5.368,True
13915,69,5.368,True
13916,69,5.368,True
13917,69,5.368,True
13918,66,5.368,True
13919,68,5.368,True
13920,70,5.368,True
13921,69,9.279,True
13922,70,9.279,True
13923,75,9.279,True
13924,75,9.279,True
13925,70,9.279,True
13926,70,9.279,True
13927,70,9.279,True
13928,69,9.279,True
13929,71,9.279,True
13930,73,9.279,True
13931,73,9.279,True
13932,73,9.279,True
13933,73,9.279,True
13934,74,9.279,True
13935,78,9.279,True
13936,81,9.279,True
13937,81,9.279,True
13938,81,9.279,True
13939,79,9.279,True
13940,76,9.279,True
13941,75,7.981,True
13942,73,7.981,True
13943,73,7.981,True
13944,73,7.981,True
13945,73,7.981,True
13946,75,7.981,True
13947,76,7.981,True
13948,77,7.981,True
13949,75,9.49,True
13950,72,7.981,True
13951,73,8.174,True
13952,73,8.174,True
13953,73,8.314,True
13954,73,8.314,True
13955,73,8.314,True
13956,73,8.314,True
13957,73,8.314,True
13958,72,8.314,True
13959,72,8.314,True
13960,73,7.981,True
13961,73,7.981,True
13962,72,8.923,True
13963,72,7.981,True
13964,73,9.535,True
13965,76,9.535,True
13966,77,9.535,True
13967,77,9.535,True
13968,77,9.535,True
13969,75,9.728,True
13970,73,9.535,True
13971,71,9.535,True
13972,70,9.571,True
13973,70,9.571,True
13974,70,9.787,True
13975,69,9.787,True
13976,69,9.787,True
13977,69,9.787,True
13978,69,9.787,True
13979,70,8.624,True
13980,73,8.624,True
13981,74,8.624,True
13982,74,8.624,True
13983,74,8.624,True
13984,74,8.624,True
13985,73,8.624,True
13986,73,8.624,True
13987,73,8.624,True
13988,73,8.624,True
13989,73,8.624,True
13990,76,8.624,True
13991,76,7.393,True
13992,76,7.393,True
13993,76,7.393,True
13994,73,6.985,True
13995,73,9.139,True
13996,73,9.139,True
13997,74,9.139,True
13998,74,9.139,True
13999,75,9.663,True
14000,75,9.663,True
14001,75,9.663,True
14002,75,9.663,True
14003,72,9.663,True
14004,75,9.663,True
14005,75,9.663,True
14006,75,9.663,True
14007,75,9.663,True
14008,75,9.663,True
14009,75,9.663,True
14010,72,9.663,True
14011,72,9.663,True
14012,72,9.663,True
14013,71,9.663,True
14014,71,9.663,True
14015,70,7.357,True
14016,76,7.357,True
14017,75,7.467,True
14018,78,7.357,True
14019,68,7.357,True
14020,68,7.357,True
14021,73,8.889,True
14022,73,8.889,True
14023,75,8.889,True
14024,75,6.362,True
14025,75,6.362,True
14026,75,6.362,True
14027,75,6.362,True
14028,75,6.362,True
14029,75,6.362,True
14030,75,6.362,True
14031,77,7.018,True
14032,74,6.362,True
14033,75,6.362,True
14034,76,6.362,True
14035,74,6.548,True
14036,72,6.566,True
14037,71,6.566,True
14038,71,6.566,True
14039,70,6.107,True
14040,70,6.107,True
14041,68,9.897,True
14042,70,6.719,True
14043,71,6.719,True
14044,73,6.719,True
14045,75,5.68,True
14046,71,9.935,True
14047,71,9.935,True
14048,71,9.935,True
14049,68,9.935,True
14050,72,9.935,True
14051,72,9.935,True
14052,72,9.935,True
14053,72,9.935,True
14054,72,9.935,True
14055,72,9.935,True
14056,73,9.935,True
14057,73,9.935,True
14058,70,9.935,True
14059,70,9.935,True
14060,68,8.771,True
14061,68,8.771,True
14062,68,8.771,True
14063,70,8.682,True
14064,71,9.3,True
14065,73,8.682,True
14066,73,8.682,True
14067,73,8.682,True
14068,76,8.085,True
14069,76,8.085,True
14070,77,7.095,True
14071,74,7.095,True
14072,73,9.314,True
14073,70,9.314,True
14074,70,8.682,True
14075,68,9.3,True
14076,68,9.3,True
14077,68,9.3,True
14078,68,9.3,True
14079,68,9.3,True
14080,73,9.3,True
14081,75,9.3,True
14082,74,9.3,True
14083,74,9.3,True
14084,72,9.3,True
14085,73,9.3,True
14086,68,9.3,True
14087,70,9.3,True
14088,67,9.3,True
14089,66,7.643,True
14090,66,7.643,True
14091,66,7.643,True
14092,69,9.971,True
14093,69,9.971,True
14094,70,9.971,True
14095,70,9.971,True
14096,70,9.971,True
14097,72,9.971,True
14098,73,9.971,True
14099,71,9.3,True
14100,71,9.3,True
14101,70,7.068,True
14102,70,7.068,True
14103,68,5.473,True
14104,71,9.007,True
14105,72,9.007,True
14106,72,9.007,True
14107,72,9.007,True
14108,71,9.007,True
14109,68,6.107,True
14110,68,6.107,True
14111,71,5.252,True
14112,69,4.436,True
14113,71,4.436,True
14114,71,4.436,True
14115,70,9.314,True
14116,70,9.314,True
14117,70,9.314,True
14118,70,9.314,True
14119,72,8.315,True
14120,72,8.315,True
14121,72,8.315,True
14122,72,8.315,True
14123,68,9.314,True
14124,68,9.314,True
14125,67,9.314,True
14126,72,9.314,True
14127,75,9.314,True
14128,75,9.314,True
14129,75,9.314,True
14130,75,9.314,True
14131,75,9.314,True
14132,75,9.314,True
14133,76,9.314,True
14134,76,9.314,True
14135,76,9.314,True
14136,75,9.314,True
14137,75,9.314,True
14138,75,9.314,True
14139,73,9.314,True
14140,73,9.314,True
14141,73,9.314,True
14142,75,9.314,True
14143,75,9.314,True
14144,74,9.314,True
14145,75,9.314,True
14146,80,9.688,True
14147,80,9.688,True
14148,81,9.413,True
14149,77,9.413,True
14150,77,9.413,True
14151,74,9.14,True
14152,75,9.14,True
14153,73,9.14,True
14154,73,9.14,True
14155,73,9.14,True
14156,69,9.601,True
14157,69,9.601,True
14158,69,9.601,True
14159,71,9.601,True
14160,71,9.601,True
14161,71,9.601,True
14162,72,9.601,True
14163,74,9.601,True
14164,74,9.601,True
14165,73,9.601,True
14166,73,9.601,True
14167,71,9.601,True
14168,70,9.601,True
14169,72,9.601,True
14170,72,9.601,True
14171,70,9.601,True
14172,70,9.601,True
14173,70,9.601,True
14174,70,9.601,True
14175,69,9.601,True
14176,69,9.601,True
14177,68,9.601,True
14178,68,9.601,True
14179,68,9.14,True
14180,68,9.242,True
14181,68,9.242,True
14182,73,9.242,True
14183,68,9.242,True
14184,68,9.242,True
14185,67,9.242,True
14186,67,9.242,True
14187,67,9.242,True
14188,70,9.242,True
14189,73,6.935,True
14190,73,6.935,True
14191,73,6.935,True
14192,73,6.935,True
14193,73,6.935,True
14194,75,9.935,True
14195,78,5.395,True
14196,77,5.395,True
14197,74,9.935,True
14198,74,9.935,True
14199,77,9.935,True
14200,77,9.935,True
14201,74,9.935,True
14202,74,9.935,True
14203,74,9.935,True
14204,74,9.935,True
14205,74,9.935,True
14206,74,9.935,True
14207,74,9.935,True
14208,76,9.935,True
14209,74,8.692,True
14210,74,8.692,True
14211,74,8.692,True
14212,74,8.692,True
14213,74,8.692,True
14214,74,8.692,True
14215,74,8.692,True
14216,72,8.692,True
14217,72,9.139,True
14218,74,9.139,True
14219,75,9.139,True
14220,75,8.764,True
14221,74,8.692,True
14222,74,8.692,True
14223,78,8.692,True
14224,78,8.692,True
14225,80,8.692,True
14226,80,8.692,True
14227,80,8.692,True
14228,80,8.692,True
14229,80,8.692,True
14230,80,8.692,True
14231,80,8.692,True
14232,80,8.692,True
14233,80,8.692,True
14234,79,8.692,True
14235,78,8.692,True
14236,78,8.692,True
14237,78,8.692,True
14238,75,6.551,True
14239,75,6.551,True
14240,75,6.551,True
14241,75,6.551,True
14242,75,6.551,True
14243,75,7.727,True
14244,74,8.764,True
14245,73,8.764,True
14246,75,8.764,True
14247,72,8.764,True
14248,72,8.764,True
14249,74,8.764,True
14250,73,9.139,True
14251,73,9.139,True
14252,73,9.139,True
14253,73,9.139,True
14254,73,9.139,True
14255,73,6.551,True
14256,73,7.38,True
14257,70,6.344,True
14258,73,6.344,True
14259,73,6.344,True
14260,75,7.888,True
14261,75,7.888,True
14262,76,7.888,True
14263,76,7.888,True
14264,76,7.981,True
14265,74,7.981,True
14266,74,7.981,True
14267,73,6.344,True
14268,73,6.344,True
14269,73,6.344,True
14270,71,6.344,True
14271,73,6.344,True
14272,71,6.344,True
14273,71,6.344,True
14274,71,6.424,True
14275,69,6.424,True
14276,69,6.424,True
14277,69,6.424,True
14278,69,6.424,True
14279,68,7.401,True
14280,70,7.038,True
14281,70,7.038,True
14282,67,8.35,True
14283,66,7.053,True
14284,68,7.038,True
14285,70,7.377,True
14286,70,7.377,True
14287,70,7.377,True
14288,69,8.659,True
14289,67,8.659,True
14290,65,8.659,True
14291,65,8.659,True
14292,65,8.659,True
14293,65,8.659,True
14294,67,9.5,True
14295,67,9.5,True
14296,67,9.5,True
14297,70,9.346,True
14298,70,9.346,True
14299,70,9.346,True
14300,70,9.346,True
14301,74,9.346,True
14302,73,9.346,True
14303,74,9.232,True
14304,74,9.232,True
14305,68,9.232,True
14306,70,9.232,True
14307,70,9.232,True
14308,72,9.232,True
14309,71,9.232,True
14310,71,9.232,True
14311,71,9.232,True
14312,71,9.232,True
14313,71,9.232,True
14314,70,9.232,True
14315,70,9.232,True
14316,71,9.232,True
14317,72,9.422,True
14318,72,9.422,True
14319,73,9.422,True
14320,78,9.422,True
14321,77,9.422,True
14322,74,9.422,True
14323,73,7.817,True
14324,73,7.817,True
14325,73,7.817,True
14326,73,7.817,True
14327,73,7.817,True
14328,72,8.347,True
14329,72,8.347,True
14330,72,8.347,True
14331,72,8.347,True
14332,73,8.347,True
14333,73,8.347,True
14334,74,8.347,True
14335,74,8.347,True
14336,73,8.347,True
14337,72,9.129,True
14338,72,9.129,True
14339,73,9.129,True
14340,73,9.129,True
14341,73,9.129,True
14342,70,9.129,True
14343,73,9.129,True
14344,73,9.129,True
14345,73,9.129,True
14346,74,9.874,True
14347,74,9.874,True
14348,74,9.874,True
14349,74,9.874,True
14350,73,9.129,True
14351,73,9.129,True
14352,70,9.129,True
14353,70,9.129,True
14354,75,9.129,True
14355,72,9.129,True
14356,76,9.129,True
14357,75,9.314,True
14358,73,9.314,True
14359,72,7.817,True
14360,73,8.217,True
14361,70,8.696,True
14362,70,8.696,True
14363,75,7.817,True
14364,75,9.806,True
14365,75,9.806,True
14366,75,9.806,True
14367,75,7.817,True
14368,74,7.817,True
14369,71,7.817,True
14370,68,7.36,True
14371,69,6.954,True
14372,66,6.954,True
14373,69,6.954,True
14374,68,6.954,True
14375,65,8.694,True
14376,64,8.694,True
14377,64,8.694,True
14378,63,8.694,True
14379,66,8.694,True
14380,66,8.694,True
14381,66,8.694,True
14382,66,8.694,True
14383,65,8.912,True
14384,65,8.912,True
14385,64,8.694,True
14386,64,8.694,True
14387,62,8.694,True
14388,62,8.694,True
14389,62,8.694,True
14390,62,8.694,True
14391,63,8.694,True
14392,63,8.694,True
14393,62,8.848,True
14394,62,8.848,True
14395,62,8.848,True
14396,62,8.848,True
14397,62,8.848,True
14398,62,8.848,True
14399,64,9.97,True
14400,64,9.97,True
14401,66,9.97,True
14402,66,9.97,True
14403,66,9.97,True
14404,64,8.848,True
14405,62,8.848,True
14406,62,8.848,True
14407,62,8.848,True
14408,62,8.848,True
14409,65,8.694,True
14410,65,7.643,True
14411,70,7.643,True
14412,70,7.643,True
14413,72,9.91,True
14414,72,9.91,True
14415,70,7.643,True
14416,70,7.643,True
14417,64,7.643,True
14418,61,8.848,True
14419,62,9.944,True
14420,62,9.944,True
14421,62,9.944,True
14422,67,9.944,True
14423,67,7.643,True
14424,67,7.643,True
14425,67,7.643,True
14426,67,9.944,True
14427,67,9.944,True
14428,68,7.643,True
14429,68,7.171,True
14430,68,7.171,True
14431,69,7.806,True
14432,69,7.806,True
14433,69,7.806,True
14434,71,7.806,True
14435,70,7.171,True
14436,66,6.609,True
14437,66,6.609,True
14438,66,6.609,True
14439,66,6.609,True
14440,66,6.609,True
14441,66,8.694,True
14442,69,8.694,True
14443,69,5.623,True
14444,69,5.623,True
14445,71,6.475,True
14446,71,9.927,True
14447,71,9.927,True
14448,71,9.927,True
14449,71,9.927,True
14450,71,9.927,True
14451,70,9.927,True
14452,67,7.943,True
14453,67,8.694,True
14454,70,9.927,True
14455,72,9.944,True
14456,72,9.944,True
14457,72,9.944,True
14458,72,9.944,True
14459,72,9.944,True
14460,72,9.944,True
14461,72,9.944,True
14462,73,9.944,True
14463,74,9.944,True
14464,74,9.944,True
14465,74,9.944,True
14466,73,3.233,True
14467,73,4.188,True
14468,73,4.188,True
14469,69,6.834,True
14470,69,8.694,True
14471,68,6.834,True
14472,68,6.834,True
14473,68,6.834,True
14474,68,6.834,True
14475,68,6.834,True
14476,68,6.834,True
14477,64,7.642,True
14478,64,7.642,True
14479,64,7.642,True
14480,64,7.642,True
14481,64,7.642,True
14482,64,7.642,True
14483,64,7.642,True
14484,64,8.696,True
14485,65,8.696,True
14486,64,8.696,True
14487,64,8.696,True
14488,67,8.696,True
14489,67,8.696,True
14490,67,8.696,True
14491,69,8.696,True
14492,69,8.696,True
14493,69,8.696,True
14494,69,8.696,True
14495,66,8.696,True
14496,66,8.696,True
14497,66,8.696,True
14498,66,8.696,True
14499,67,9.798,True
14500,68,9.798,True
14501,64,8.696,True
14502,64,8.696,True
14503,64,8.696,True
14504,66,8.696,True
14505,66,8.696,True
14506,70,7.148,True
14507,70,7.148,True
14508,71,9.798,True
14509,72,9.798,True
14510,70,9.798,True
14511,73,9.798,True
14512,73,9.798,True
14513,72,9.798,True
14514,72,9.798,True
14515,70,9.798,True
14516,70,9.798,True
14517,68,9.798,True
14518,68,9.798,True
14519,69,9.798,True
14520,73,9.798,True
14521,70,9.798,True
14522,66,9.798,True
14523,66,9.798,True
14524,66,9.798,True
14525,66,9.798,True
14526,69,9.798,True
14527,70,9.798,True
14528,73,9.798,True
14529,71,9.798,True
14530,71,9.798,True
14531,72,9.798,True
14532,70,9.798,True
14533,72,9.798,True
14534,72,9.798,True
14535,72,9.798,True
14536,72,9.798,True
14537,72,9.798,True
14538,77,9.798,True
14539,77,9.798,True
14540,78,9.798,True
14541,78,9.798,True
14542,78,9.798,True
14543,73,9.798,True
14544,72,9.798,True
14545,72,9.798,True
14546,72,9.798,True
14547,72,9.798,True
14548,72,9.798,True
14549,72,9.798,True
14550,72,9.798,True
14551,71,9.798,True
14552,75,9.798,True
14553,75,9.798,True
14554,75,9.798,True
14555,74,9.798,True
14556,74,9.798,True
14557,75,9.798,True
14558,75,9.798,True
14559,73,9.798,True
14560,73,9.798,True
14561,73,9.798,True
14562,73,9.633,True
14563,71,9.376,True
14564,71,9.376,True
14565,71,9.376,True
14566,73,9.376,True
14567,73,9.376,True
14568,73,9.376,True
14569,77,9.376,True
14570,73,9.376,True
14571,73,9.798,True
14572,73,9.798,True
14573,73,9.798,True
14574,73,9.798,True
14575,76,9.798,True
14576,75,9.798,True
14577,72,9.027,True
14578,72,9.027,True
14579,72,9.027,True
14580,72,9.027,True
14581,72,9.027,True
14582,71,9.027,True
14583,70,9.366,True
14584,70,9.366,True
14585,70,9.366,True
14586,70,9.366,True
14587,73,9.366,True
14588,73,9.366,True
14589,74,9.731,True
14590,74,9.731,True
14591,73,9.366,True
14592,73,9.366,True
14593,73,9.366,True
14594,76,9.258,True
14595,76,9.258,True
14596,76,9.258,True
14597,76,9.258,True
14598,75,8.954,True
14599,76,8.954,True
14600,76,8.954,True
14601,75,8.954,True
14602,76,8.954,True
14603,76,8.954,True
14604,73,8.954,True
14605,72,7.999,True
14606,72,7.999,True
14607,71,7.999,True
14608,71,7.999,True
14609,71,7.999,True
14610,71,7.999,True
14611,71,7.999,True
14612,72,7.999,True
14613,72,7.999,True
14614,73,7.999,True
14615,76,7.999,True
14616,75,8.771,True
14617,77,7.999,True
14618,74,8.305,True
14619,70,9.97,True
14620,70,9.97,True
14621,67,9.97,True
14622,68,9.97,True
14623,68,9.97,True
14624,67,9.97,True
14625,67,9.97,True
14626,68,8.305,True
14627,68,8.305,True
14628,69,8.305,True
14629,69,6.859,True
14630,68,6.859,True
14631,68,8.305,True
14632,68,9.027,True
14633,68,9.027,True
14634,68,9.027,True
14635,69,9.446,True
14636,71,9.446,True
14637,69,9.446,True
14638,69,9.446,True
14639,69,9.446,True
14640,69,9.446,True
14641,69,9.446,True
14642,69,9.446,True
14643,68,9.027,True
14644,68,9.027,True
14645,68,9.027,True
14646,68,9.027,True
14647,68,9.027,True
14648,68,9.027,True
14649,68,9.027,True
14650,68,9.027,True
14651,68,9.027,True
14652,68,9.027,True
14653,68,9.027,True
14654,68,9.027,True
14655,68,9.027,True
14656,68,9.027,True
14657,68,9.027,True
14658,68,9.027,True
14659,69,5.566,True
14660,69,5.566,True
14661,70,8.974,True
14662,72,8.974,True
14663,69,5.566,True
14664,70,7.722,True
14665,70,7.722,True
14666,68,7.722,True
14667,74,7.722,True
14668,73,7.722,True
14669,71,7.722,True
14670,71,7.722,True
14671,71,7.722,True
14672,71,7.722,True
14673,69,5.566,True
14674,69,8.744,True
14675,70,8.744,True
14676,71,8.744,True
14677,71,8.744,True
14678,68,8.744,True
14679,70,8.744,True
14680,70,8.744,True
14681,69,8.744,True
14682,69,8.744,True
14683,69,8.744,True
14684,69,8.744,True
14685,69,8.744,True
14686,67,8.744,True
14687,66,8.744,True
14688,68,8.744,True
14689,67,8.744,True
14690,68,8.744,True
14691,68,8.744,True
14692,68,8.744,True
14693,66,8.744,True
14694,69,9.981,True
14695,72,9.981,True
14696,72,9.08,True
14697,72,9.08,True
14698,74,8.744,True
14699,74,8.744,True
14700,74,8.744,True
14701,75,8.744,True
14702,72,8.744,True
14703,70,9.367,True
14704,70,9.367,True
14705,70,9.367,True
14706,70,9.367,True
14707,68,9.367,True
14708,68,9.367,True
14709,68,9.367,True
14710,68,9.367,True
14711,68,9.367,True
14712,68,9.367,True
14713,69,9.367,True
14714,69,9.367,True
14715,73,9.367,True
14716,74,9.367,True
14717,74,9.367,True
14718,74,9.367,True
14719,74,9.367,True
14720,73,9.367,True
14721,73,9.367,True
14722,73,9.367,True
14723,70,9.367,True
14724,69,9.367,True
14725,70,9.367,True
14726,70,9.367,True
14727,68,6.991,True
14728,68,6.991,True
14729,70,7.642,True
14730,69,7.642,True
14731,69,9.004,True
14732,71,9.795,True
14733,71,9.795,True
14734,71,9.795,True
14735,71,9.795,True
14736,71,9.795,True
14737,70,9.795,True
14738,73,9.795,True
14739,73,9.795,True
14740,77,9.795,True
14741,73,9.795,True
14742,76,9.795,True
14743,77,9.795,True
14744,75,9.795,True
14745,77,9.795,True
14746,77,9.795,True
14747,77,9.795,True
14748,76,7.257,True
14749,76,7.257,True
14750,76,7.257,True
14751,74,7.257,True
14752,70,6.522,True
14753,70,6.522,True
14754,70,6.522,True
14755,70,6.522,True
14756,72,6.868,True
14757,72,6.868,True
14758,72,6.868,True
14759,74,7.561,True
14760,74,6.868,True
14761,72,6.868,True
14762,71,7.342,True
14763,70,7.342,True
14764,70,7.342,True
14765,71,9.601,True
14766,71,9.601,True
14767,72,8.744,True
14768,72,8.744,True
14769,72,8.744,True
14770,72,8.744,True
14771,71,8.744,True
14772,71,8.744,True
14773,71,9.939,True
14774,71,8.446,True
14775,71,8.446,True
14776,71,8.446,True
14777,71,8.446,True
14778,70,9.601,True
14779,69,8.446,True
14780,67,8.141,True
14781,68,8.141,True
14782,65,9.935,True
14783,65,9.935,True
14784,63,9.935,True
14785,63,9.935,True
14786,63,9.935,True
14787,63,9.935,True
14788,63,9.935,True
14789,63,9.935,True
14790,63,9.935,True
14791,65,9.127,True
14792,65,9.127,True
14793,65,9.127,True
14794,65,9.97,True
14795,65,9.127,True
14796,65,7.044,True
14797,66,6.794,True
14798,67,6.794,True
14799,67,6.794,True
14800,67,6.794,True
14801,70,6.794,True
14802,67,6.794,True
14803,67,7.181,True
14804,67,7.181,True
14805,67,7.181,True
14806,67,8.527,True
14807,68,8.317,True
14808,68,8.317,True
14809,68,8.317,True
14810,69,4.907,True
14811,69,9.446,True
14812,69,9.446,True
14813,69,9.446,True
14814,67,9.446,True
14815,67,9.446,True
14816,67,7.108,True
14817,70,7.879,True
14818,70,7.879,True
14819,70,7.879,True
14820,70,7.879,True
14821,68,8.954,True
14822,68,8.954,True
14823,68,8.954,True
14824,68,8.954,True
14825,68,8.954,True
14826,68,8.954,True
14827,68,8.954,True
14828,68,8.954,True
14829,66,9.2,True
14830,68,9.2,True
14831,70,8.954,True
14832,73,8.954,True
14833,70,8.954,True
14834,73,9.861,True
14835,70,9.861,True
14836,70,9.861,True
14837,71,9.861,True
14838,72,9.861,True
14839,73,9.861,True
14840,73,9.861,True
14841,73,9.861,True
14842,72,9.861,True
14843,72,8.624,True
14844,73,8.37,True
14845,71,9.911,True
14846,72,9.911,True
14847,69,9.911,True
14848,71,7.108,True
14849,69,9.911,True
14850,69,9.911,True
14851,69,7.108,True
14852,69,7.108,True
14853,69,7.108,True
14854,70,7.108,True
14855,72,7.705,True
14856,72,7.705,True
14857,74,8.785,True
14858,74,8.785,True
14859,74,8.785,True
14860,72,8.785,True
14861,72,8.785,True
14862,72,7.108,True
14863,72,7.108,True
14864,72,7.108,True
14865,72,7.108,True
14866,71,7.108,True
14867,69,9.298,True
14868,69,9.298,True
14869,70,9.298,True
14870,70,9.298,True
14871,70,9.298,True
14872,71,9.298,True
14873,71,9.298,True
14874,71,9.298,True
14875,69,9.298,True
14876,69,9.298,True
14877,69,9.298,True
14878,69,9.298,True
14879,70,9.139,True
14880,69,9.139,True
14881,70,9.139,True
14882,70,9.139,True
14883,70,9.139,True
14884,70,9.139,True
14885,68,9.139,True
14886,68,9.139,True
14887,67,9.298,True
14888,67,9.298,True
14889,67,9.298,True
14890,67,9.298,True
14891,69,9.298,True
14892,67,9.298,True
14893,67,9.298,True
14894,65,9.298,True
14895,65,9.298,True
14896,65,9.298,True
14897,66,9.935,True
14898,64,9.298,True
14899,64,9.298,True
14900,64,9.298,True
14901,64,9.298,True
14902,64,9.298,True
14903,64,9.298,True
14904,66,8.507,True
14905,66,8.507,True
14906,66,8.507,True
14907,66,8.507,True
14908,66,8.507,True
14909,64,9.298,True
14910,64,9.298,True
14911,66,9.298,True
14912,66,9.298,True
14913,65,9.298,True
14914,64,9.298,True
14915,64,8.507,True
14916,62,8.507,True
14917,62,8.507,True
14918,62,8.507,True
14919,62,9.298,True
14920,62,9.298,True
14921,62,9.298,True
14922,62,9.298,True
14923,62,9.298,True
14924,65,9.298,True
14925,65,9.298,True
14926,68,9.298,True
14927,68,9.298,True
14928,68,9.298,True
14929,68,9.298,True
14930,68,9.298,True
14931,68,9.298,True
14932,68,9.298,True
14933,64,9.298,True
14934,64,9.298,True
14935,64,9.298,True
14936,64,9.298,True
14937,64,9.298,True
14938,64,9.298,True
14939,65,9.298,True
14940,65,9.298,True
14941,65,9.298,True
14942,65,9.298,True
14943,64,9.298,True
14944,64,9.298,True
14945,63,9.298,True
14946,67,9.682,True
14947,67,9.298,True
14948,67,9.298,True
14949,67,9.298,True
14950,68,7.098,True
14951,69,7.732,True
14952,69,7.732,True
14953,69,7.732,True
14954,70,7.732,True
14955,70,7.732,True
14956,69,7.732,True
14957,70,7.34,True
14958,68,6.792,True
14959,64,7.244,True
14960,64,7.244,True
14961,64,8.511,True
14962,64,8.511,True
14963,64,8.511,True
14964,64,8.511,True
14965,64,8.511,True
14966,64,8.511,True
14967,64,8.511,True
14968,64,8.511,True
14969,64,8.511,True
14970,67,8.771,True
14971,68,8.771,True
14972,68,8.771,True
14973,68,9.204,True
14974,68,9.204,True
14975,65,9.204,True
14976,69,9.452,True
14977,65,7.244,True
14978,65,7.244,True
14979,65,7.244,True
14980,65,7.244,True
14981,65,7.244,True
14982,65,7.244,True
14983,65,7.244,True
14984,65,7.244,True
14985,65,9.682,True
14986,65,9.682,True
14987,65,9.682,True
14988,65,9.682,True
14989,66,9.651,True
14990,66,9.651,True
14991,65,7.244,True
14992,67,7.244,True
14993,67,6.792,True
14994,67,6.792,True
14995,67,6.792,True
14996,67,5.285,True
14997,67,5.285,True
14998,68,7.469,True
14999,69,7.469,True
15000,70,7.469,True
15001,70,7.469,True
15002,70,7.469,True
15003,70,7.469,True
15004,70,7.469,True
15005,70,7.469,True
15006,69,7.469,True
15007,68,7.079,True
15008,68,7.079,True
15009,67,8.241,True
15010,67,8.241,True
15011,64,7.353,True
15012,64,7.353,True
15013,64,7.353,True
15014,64,7.353,True
15015,64,7.353,True
15016,64,7.353,True
15017,66,7.244,True
15018,66,7.244,True
15019,66,7.244,True
15020,66,7.244,True
15021,67,9.97,True
15022,67,9.97,True
15023,69,7.244,True
15024,70,7.747,True
15025,72,7.988,True
15026,70,7.244,True
15027,70,7.244,True
15028,70,7.244,True
15029,70,7.244,True
15030,70,7.244,True
15031,70,7.244,True
15032,70,7.244,True
15033,71,9.309,True
15034,70,9.309,True
15035,70,9.309,True
15036,70,9.309,True
15037,71,9.663,True
15038,71,9.663,True
15039,70,9.663,True
15040,69,9.204,True
15041,69,9.204,True
15042,69,9.204,True
15043,69,9.204,True
15044,69,9.204,True
15045,69,9.204,True
15046,69,9.204,True
15047,69,9.204,True
15048,69,9.204,True
15049,69,9.204,True
15050,69,9.204,True
15051,71,9.204,True
15052,70,7.806,True
15053,71,7.806,True
15054,69,7.922,True
15055,69,7.806,True
15056,70,7.806,True
15057,72,7.806,True
15058,72,7.806,True
15059,73,8.07,True
15060,72,8.07,True
15061,71,8.07,True
15062,71,8.07,True
15063,71,8.07,True
15064,71,8.07,True
15065,71,8.07,True
15066,71,7.342,True
15067,70,7.818,True
15068,71,7.342,True
15069,71,7.342,True
15070,71,7.342,True
15071,69,6.876,True
15072,71,6.302,True
15073,71,6.302,True
15074,71,6.302,True
15075,71,6.302,True
15076,72,9.663,True
15077,72,9.663,True
15078,69,9.663,True
15079,69,9.663,True
15080,69,9.663,True
15081,71,9.663,True
15082,70,9.663,True
15083,70,9.663,True
15084,70,9.663,True
15085,71,9.663,True
15086,71,9.663,True
15087,71,9.663,True
15088,69,9.663,True
15089,68,8.989,True
15090,70,8.989,True
15091,71,8.989,True
15092,69,8.989,True
15093,69,8.989,True
15094,71,8.989,True
15095,67,8.989,True
15096,65,8.989,True
15097,65,8.989,True
15098,65,8.989,True
15099,65,8.989,True
15100,65,8.511,True
15101,65,8.989,True
15102,64,8.511,True
15103,64,8.511,True
15104,64,8.511,True
15105,64,8.511,True
15106,67,8.511,True
15107,66,7.45,True
15108,66,7.45,True
15109,66,7.45,True
15110,70,8.413,True
15111,70,8.413,True
15112,67,8.413,True
15113,69,8.413,True
15114,70,8.413,True
15115,70,8.413,True
15116,70,8.413,True
15117,72,8.413,True
15118,73,8.413,True
15119,78,8.931,True
15120,77,8.931,True
15121,73,8.931,True
15122,73,8.931,True
15123,73,8.931,True
15124,72,8.931,True
15125,72,8.931,True
15126,69,8.931,True
15127,69,8.931,True
15128,70,8.931,True
15129,70,8.931,True
15130,70,8.931,True
15131,71,8.931,True
15132,70,8.931,True
15133,70,8.931,True
15134,70,8.931,True
15135,70,8.931,True
15136,70,8.931,True
15137,67,7.113,True
15138,65,7.882,True
15139,65,7.882,True
15140,65,7.882,True
15141,65,7.882,True
15142,65,7.882,True
15143,65,7.882,True
15144,65,7.882,True
15145,65,7.882,True
15146,65,9.004,True
15147,68,8.135,True
15148,69,8.013,True
15149,69,8.013,True
15150,70,8.013,True
15151,71,7.882,True
15152,70,7.882,True
15153,73,9.314,True
15154,73,9.314,True
15155,73,9.314,True
15156,73,9.314,True
15157,73,9.314,True
15158,73,9.314,True
15159,70,9.314,True
15160,74,6.747,True
15161,76,9.147,True
15162,77,9.147,True
15163,74,9.147,True
15164,74,9.147,True
15165,74,9.147,True
15166,74,9.147,True
15167,74,9.147,True
15168,74,9.147,True
15169,74,9.147,True
15170,72,9.147,True
15171,72,9.147,True
15172,72,9.147,True
15173,73,7.63,True
15174,75,8.637,True
15175,73,8.637,True
15176,73,8.637,True
15177,71,7.63,True
15178,67,7.63,True
15179,69,7.63,True
15180,69,7.63,True
15181,71,7.63,True
15182,72,7.63,True
15183,76,7.63,True
15184,76,7.63,True
15185,75,7.63,True
15186,73,7.155,True
15187,73,7.155,True
15188,72,5.269,True
15189,72,5.269,True
15190,72,4.363,True
15191,72,4.363,True
15192,72,8.624,True
15193,71,8.624,True
15194,70,8.624,True
15195,70,8.624,True
15196,72,6.249,True
15197,72,6.249,True
15198,72,5.671,True
15199,72,5.671,True
15200,69,7.523,True
15201,69,7.523,True
15202,69,7.523,True
15203,72,6.033,True
15204,72,6.033,True
15205,70,6.942,True
15206,68,8.624,True
15207,70,8.624,True
15208,70,8.744,True
15209,69,8.744,True
15210,72,8.744,True
15211,72,8.744,True
15212,72,8.744,True
15213,70,8.624,True
15214,74,8.624,True
15215,74,8.624,True
15216,74,8.624,True
15217,74,8.624,True
15218,75,7.916,True
15219,75,7.916,True
15220,75,7.916,True
15221,75,7.916,True
15222,75,7.916,True
15223,72,8.696,True
15224,69,8.696,True
15225,71,9.012,True
15226,72,9.012,True
15227,72,9.012,True
15228,72,9.012,True
15229,72,9.012,True
15230,72,9.012,True
15231,71,8.696,True
15232,71,8.696,True
15233,68,8.696,True
15234,69,9.382,True
15235,69,9.382,True
15236,66,9.382,True
15237,66,9.897,True
15238,66,9.897,True
15239,66,9.897,True
15240,67,9.382,True
15241,70,9.382,True
15242,69,9.897,True
15243,69,9.897,True
15244,69,9.897,True
15245,71,9.897,True
15246,67,9.897,True
15247,69,9.897,True
15248,65,9.897,True
15249,64,9.897,True
15250,65,9.897,True
15251,66,9.897,True
15252,67,9.897,True
15253,67,9.897,True
15254,69,9.635,True
15255,69,9.635,True
15256,70,9.635,True
15257,69,9.635,True
15258,69,9.635,True
15259,72,9.635,True
15260,72,9.635,True
15261,72,9.635,True
15262,78,9.635,True
15263,77,9.357,True
15264,77,9.357,True
15265,74,9.357,True
15266,76,9.357,True
15267,76,9.357,True
15268,75,7.92,True
15269,74,9.66,True
15270,73,8.954,True
15271,73,8.954,True
15272,79,8.954,True
15273,80,7.377,True
15274,77,9.675,True
15275,71,9.675,True
15276,68,9.675,True
15277,68,9.675,True
15278,70,9.675,True
15279,70,9.675,True
15280,70,9.675,True
15281,70,9.675,True
15282,70,9.675,True
15283,70,9.675,True
15284,69,9.675,True
15285,69,9.675,True
15286,69,9.675,True
15287,69,9.675,True
15288,69,9.675,True
15289,69,9.675,True
15290,69,9.675,True
15291,71,9.675,True
15292,71,9.675,True
15293,72,9.893,True
15294,68,9.893,True
15295,69,9.893,True
15296,64,9.675,True
15297,68,9.675,True
15298,68,9.675,True
15299,67,9.675,True
15300,67,9.675,True
15301,67,9.675,True
15302,67,9.675,True
15303,67,9.675,True
15304,66,9.935,True
15305,66,9.935,True
15306,66,9.935,True
15307,66,9.935,True
15308,66,9.935,True
15309,66,9.935,True
15310,66,9.935,True
15311,67,9.675,True
15312,66,9.675,True
15313,68,9.675,True
15314,70,9.675,True
15315,70,9.675,True
15316,70,9.675,True
15317,70,9.675,True
15318,70,9.675,True
15319,70,9.675,True
15320,70,9.675,True
15321,70,9.675,True
15322,69,9.675,True
15323,69,9.675,True
15324,72,9.675,True
15325,72,9.675,True
15326,72,9.675,True
15327,72,9.675,True
15328,72,9.675,True
15329,72,9.675,True
15330,72,9.675,True
15331,74,9.675,True
15332,74,9.675,True
15333,74,9.675,True
15334,79,6.283,True
15335,79,6.283,True
15336,79,6.283,True
15337,77,6.283,True
15338,77,6.283,True
15339,77,6.283,True
15340,79,6.111,True
15341,81,5.35,True
15342,79,5.065,True
15343,79,5.065,True
15344,81,6.593,True
15345,83,7.009,True
15346,82,7.891,True
15347,80,7.891,True
15348,81,8.994,True
15349,81,8.994,True
15350,80,7.891,True
15351,80,7.891,True
15352,80,7.891,True
15353,80,7.891,True
15354,80,7.891,True
15355,77,9.219,True
15356,76,8.493,True
15357,79,8.493,True
15358,79,8.493,True
15359,81,8.493,True
15360,77,8.493,True
15361,73,7.891,True
15362,72,8.954,True
15363,72,9.806,True
15364,70,9.806,True
15365,73,8.727,True
15366,71,8.727,True
15367,70,5.466,True
15368,66,8.954,True
15369,68,8.954,True
15370,68,8.954,True
15371,70,8.954,True
15372,70,8.954,True
15373,69,8.954,True
15374,66,8.954,True
15375,65,8.954,True
15376,63,8.954,True
15377,63,8.954,True
15378,66,8.954,True
15379,67,8.954,True
15380,67,8.954,True
15381,69,8.954,True
15382,69,8.954,True
15383,67,8.954,True
15384,65,8.954,True
15385,65,8.954,True
15386,69,7.699,True
15387,72,9.298,True
15388,70,9.298,True
15389,70,9.298,True
15390,70,9.298,True
15391,69,9.298,True
15392,66,7.244,True
15393,66,7.244,True
15394,68,7.244,True
15395,68,7.244,True
15396,68,7.244,True
15397,68,7.244,True
15398,64,6.603,True
15399,64,6.603,True
15400,64,6.603,True
15401,68,9.915,True
15402,68,9.915,True
15403,68,7.649,True
15404,62,6.603,True
15405,62,6.603,True
15406,62,6.603,True
15407,64,6.603,True
15408,64,6.603,True
15409,64,6.603,True
15410,68,8.507,True
15411,67,8.725,True
15412,68,8.507,True
15413,68,8.507,True
15414,68,8.507,True
15415,68,8.507,True
15416,68,8.507,True
15417,68,8.507,True
15418,70,8.507,True
15419,70,8.507,True
15420,70,8.507,True
15421,69,8.507,True
15422,73,8.507,True
15423,75,8.507,True
15424,75,8.507,True
15425,75,8.507,True
15426,70,7.699,True
15427,70,7.699,True
15428,70,7.699,True
15429,69,7.699,True
15430,72,7.699,True
15431,72,7.699,True
15432,72,9.833,True
15433,74,9.833,True
15434,74,9.833,True
15435,73,9.833,True
15436,73,9.833,True
15437,75,9.833,True
15438,73,9.833,True
15439,70,9.833,True
15440,70,9.833,True
15441,70,9.833,True
15442,73,9.833,True
15443,73,9.833,True
15444,73,9.833,True
15445,73,9.833,True
15446,73,9.833,True
15447,73,9.833,True
15448,71,9.833,True
15449,71,9.833,True
15450,68,9.833,True
15451,68,9.833,True
15452,70,9.919,True
15453,70,9.919,True
15454,70,9.919,True
15455,70,9.919,True
15456,70,9.919,True
15457,68,9.833,True
15458,68,9.944,True
15459,68,9.944,True
15460,68,9.944,True
15461,68,9.944,True
15462,68,9.944,True
15463,71,9.634,True
15464,71,9.634,True
15465,73,9.91,True
15466,71,9.91,True
15467,68,9.944,True
15468,70,9.944,True
15469,73,9.91,True
15470,70,9.944,True
15471,70,9.944,True
15472,73,9.944,True
15473,74,9.944,True
15474,74,9.944,True
15475,75,9.072,True
15476,75,9.072,True
15477,72,9.766,True
15478,73,9.52,True
15479,72,9.52,True
15480,71,9.52,True
15481,70,9.52,True
15482,68,9.52,True
15483,70,9.52,True
15484,70,9.52,True
15485,73,9.52,True
15486,73,9.52,True
15487,73,9.52,True
15488,73,9.52,True
15489,71,9.52,True
15490,71,9.52,True
15491,71,9.52,True
15492,71,9.52,True
15493,71,9.52,True
15494,71,9.52,True
15495,71,9.52,True
15496,71,9.52,True
15497,72,9.223,True
15498,72,9.223,True
15499,71,9.223,True
15500,69,8.397,True
15501,69,9.004,True
15502,69,9.004,True
15503,67,9.357,True
15504,67,9.357,True
15505,67,9.357,True
15506,67,9.357,True
15507,70,9.357,True
15508,70,9.357,True
15509,70,9.357,True
15510,72,9.357,True
15511,74,9.357,True
15512,74,9.357,True
15513,74,9.357,True
15514,74,9.357,True
15515,74,9.357,True
15516,74,9.357,True
15517,71,9.357,True
15518,71,9.357,True
15519,74,9.357,True
15520,71,9.627,True
15521,72,9.357,True
15522,72,9.357,True
15523,70,8.193,True
15524,70,8.193,True
15525,65,8.696,True
15526,65,8.696,True
15527,68,8.696,True
15528,70,8.548,True
15529,70,8.548,True
15530,70,8.548,True
15531,72,8.548,True
15532,72,8.548,True
15533,70,8.548,True
15534,68,9.027,True
15535,68,9.027,True
15536,68,9.027,True
15537,66,9.027,True
15538,68,5.921,True
15539,68,5.921,True
15540,68,5.921,True
15541,68,5.921,True
15542,68,5.921,True
15543,66,5.921,True
15544,66,5.921,True
15545,66,5.921,True
15546,65,9.14,True
15547,65,9.14,True
15548,66,9.14,True
15549,68,8.684,True
15550,66,5.921,True
15551,65,6.902,True
15552,65,6.902,True
15553,65,6.902,True
15554,62,8.696,True
15555,63,8.696,True
15556,63,8.696,True
15557,63,8.696,True
15558,63,8.696,True
15559,63,8.848,True
15560,65,8.848,True
15561,65,8.848,True
15562,65,8.848,True
15563,68,6.947,True
15564,67,7.267,True
15565,67,7.267,True
15566,67,7.267,True
15567,67,7.267,True
15568,67,7.267,True
15569,67,7.267,True
15570,68,7.267,True
15571,68,7.267,True
15572,68,7.267,True
15573,68,7.267,True
15574,69,7.267,True
15575,72,7.267,True
15576,69,7.267,True
15577,69,7.267,True
15578,70,7.267,True
15579,74,7.267,True
15580,74,7.267,True
15581,70,7.267,True
15582,68,7.267,True
15583,68,7.267,True
15584,68,7.407,True
15585,68,7.407,True
15586,68,7.407,True
15587,68,7.407,True
15588,70,8.427,True
15589,70,8.427,True
15590,68,7.806,True
15591,70,7.806,True
15592,71,7.806,True
15593,71,7.721,True
15594,71,7.721,True
15595,70,7.721,True
15596,72,7.724,True
15597,71,7.724,True
15598,70,9.163,True
15599,71,7.724,True
15600,70,7.724,True
15601,68,7.681,True
15602,68,7.681,True
15603,68,7.681,True
15604,68,7.681,True
15605,71,7.782,True
15606,71,7.782,True
15607,71,7.782,True
15608,70,7.681,True
15609,70,7.681,True
15610,70,7.681,True
15611,70,8.511,True
15612,70,7.681,True
15613,72,7.724,True
15614,73,7.782,True
15615,73,7.782,True
15616,73,7.782,True
15617,73,7.782,True
15618,69,7.724,True
15619,69,7.724,True
15620,69,7.724,True
15621,69,7.724,True
15622,69,7.724,True
15623,69,7.724,True
15624,68,7.724,True
15625,68,7.724,True
15626,70,7.724,True
15627,67,7.724,True
15628,67,7.724,True
15629,67,7.724,True
15630,69,7.724,True
15631,69,7.724,True
15632,70,9.303,True
15633,70,9.303,True
15634,69,9.363,True
15635,69,9.363,True
15636,69,9.363,True
15637,69,9.363,True
15638,69,9.363,True
15639,69,9.363,True
15640,69,9.363,True
15641,69,9.363,True
15642,69,9.363,True
15643,66,9.363,True
15644,66,9.363,True
15645,66,9.363,True
15646,67,9.303,True
15647,67,9.303,True
15648,71,9.303,True
15649,71,9.303,True
15650,69,8.694,True
15651,69,8.694,True
15652,69,8.694,True
15653,69,8.694,True
15654,69,8.694,True
15655,71,8.694,True
15656,71,8.694,True
15657,71,8.694,True
15658,71,8.694,True
15659,71,8.694,True
15660,71,8.694,True
15661,70,8.694,True
15662,70,8.694,True
15663,69,8.694,True
15664,69,8.694,True
15665,69,8.694,True
15666,69,8.694,True
15667,69,8.694,True
15668,68,8.777,True
15669,68,8.777,True
15670,68,8.777,True
15671,69,8.694,True
15672,69,8.694,True
15673,69,8.694,True
15674,69,8.694,True
15675,69,7.267,True
15676,69,7.267,True
15677,69,8.777,True
15678,69,8.777,True
15679,68,7.679,True
15680,68,7.679,True
15681,68,7.679,True
15682,73,7.7,True
15683,74,7.7,True
15684,73,7.7,True
15685,74,7.7,True
15686,73,7.7,True
15687,72,7.267,True
15688,72,7.267,True
15689,72,7.267,True
15690,71,7.267,True
15691,70,7.267,True
15692,68,8.777,True
15693,68,8.777,True
15694,69,8.777,True
15695,69,8.777,True
15696,71,8.777,True
15697,69,8.777,True
15698,65,8.511,True
15699,65,7.267,True
15700,65,8.348,True
15701,71,7.267,True
15702,71,8.694,True
15703,67,9.394,True
15704,67,8.694,True
15705,66,8.694,True
15706,68,9.53,True
15707,68,9.53,True
15708,68,9.53,True
15709,66,8.694,True
15710,66,8.694,True
15711,64,8.694,True
15712,63,8.694,True
15713,63,8.694,True
15714,63,8.694,True
15715,63,8.694,True
15716,63,8.694,True
15717,63,8.694,True
15718,63,8.694,True
15719,66,8.694,True
15720,69,8.694,True
15721,69,8.694,True
15722,69,7.267,True
15723,69,7.267,True
15724,69,7.267,True
15725,69,9.396,True
15726,69,9.396,True
15727,69,9.396,True
15728,69,9.396,True
15729,69,9.396,True
15730,69,7.267,True
15731,68,7.267,True
15732,68,7.267,True
15733,68,7.267,True
15734,68,7.267,True
15735,68,7.267,True
15736,66,7.267,True
15737,71,7.267,True
15738,71,8.694,True
15739,71,8.694,True
15740,70,8.694,True
15741,67,8.694,True
15742,67,8.694,True
15743,66,8.694,True
15744,66,9.685,True
15745,69,8.694,True
15746,66,8.694,True
15747,67,8.694,True
15748,67,8.694,True
15749,67,8.694,True
15750,67,8.694,True
15751,67,8.694,True
15752,66,8.694,True
15753,66,8.694,True
15754,66,6.808,True
15755,66,6.808,True
15756,66,6.808,True
15757,68,6.808,True
15758,70,6.808,True
15759,67,9.238,True
15760,67,9.238,True
15761,66,9.238,True
15762,66,9.238,True
15763,66,9.238,True
15764,65,9.238,True
15765,65,9.238,True
15766,68,8.694,True
15767,69,8.694,True
15768,69,8.694,True
15769,71,9.303,True
15770,71,9.303,True
15771,70,9.303,True
15772,70,9.303,True
15773,70,9.303,True
15774,70,9.303,True
15775,70,9.303,True
15776,68,9.303,True
15777,68,9.303,True
15778,68,9.303,True
15779,69,9.547,True
15780,68,7.806,True
15781,71,7.806,True
15782,68,9.474,True
15783,68,9.474,True
15784,70,8.665,True
15785,70,7.806,True
15786,70,7.888,True
15787,70,7.806,True
15788,73,7.806,True
15789,69,9.97,True
15790,68,9.97,True
15791,66,9.97,True
15792,66,9.97,True
15793,67,9.97,True
15794,67,9.97,True
15795,63,9.97,True
15796,63,9.97,True
15797,62,9.97,True
15798,63,9.97,True
15799,63,9.97,True
15800,64,9.97,True
15801,64,9.97,True
15802,64,9.97,True
15803,64,9.97,True
15804,64,9.97,True
15805,64,9.97,True
15806,64,9.97,True
15807,63,9.97,True
15808,63,9.97,True
15809,63,9.97,True
15810,65,9.97,True
15811,65,9.97,True
15812,65,9.97,True
15813,69,9.97,True
15814,65,9.97,True
15815,65,9.97,True
15816,65,9.97,True
15817,65,7.724,True
15818,65,7.724,True
15819,65,7.724,True
15820,65,7.724,True
15821,65,7.724,True
15822,67,7.724,True
15823,66,7.724,True
15824,67,7.724,True
15825,66,7.724,True
15826,66,7.724,True
15827,66,7.724,True
15828,66,7.724,True
15829,66,7.724,True
15830,65,7.724,True
15831,65,7.724,True
15832,65,7.724,True
15833,66,7.356,True
15834,66,7.356,True
15835,65,7.356,True
15836,66,7.356,True
15837,71,8.729,True
15838,71,8.729,True
15839,66,7.356,True
15840,67,7.267,True
15841,70,7.267,True
15842,70,7.267,True
15843,70,7.267,True
15844,69,7.267,True
15845,70,7.267,True
15846,73,9.422,True
15847,73,9.422,True
15848,70,9.97,True
15849,71,9.97,True
15850,70,9.97,True
15851,70,9.97,True
15852,70,9.97,True
15853,70,9.97,True
15854,70,9.97,True
15855,70,9.97,True
15856,69,9.97,True
15857,71,9.97,True
15858,70,8.262,True
15859,71,6.506,True
15860,71,6.506,True
15861,69,6.506,True
15862,69,6.506,True
15863,70,6.506,True
15864,70,6.506,True
15865,70,6.506,True
15866,72,8.714,True
15867,70,3.907,True
15868,70,3.907,True
15869,69,7.314,True
15870,69,7.314,True
15871,70,9.2,True
15872,70,9.2,True
15873,71,9.506,True
15874,70,9.506,True
15875,70,9.506,True
15876,73,9.506,True
15877,73,9.506,True
15878,77,9.506,True
15879,73,9.506,True
15880,74,9.506,True
15881,73,9.663,True
15882,73,9.663,True
15883,73,9.663,True
15884,70,9.663,True
15885,71,9.663,True
15886,70,9.674,True
15887,77,9.674,True
15888,77,9.674,True
15889,77,9.674,True
15890,78,9.674,True
15891,78,9.674,True
15892,71,9.674,True
15893,71,9.798,True
15894,71,9.798,True
15895,69,9.674,True
15896,69,9.674,True
15897,69,9.674,True
15898,69,9.674,True
15899,67,9.674,True
15900,68,9.674,True
15901,68,9.674,True
15902,68,9.674,True
15903,69,9.663,True
15904,70,8.976,True
15905,70,8.976,True
15906,70,8.976,True
15907,70,8.976,True
15908,70,8.976,True
15909,70,8.976,True
15910,71,8.976,True
15911,71,8.976,True
15912,71,8.976,True
15913,72,8.976,True
15914,72,8.976,True
15915,73,8.511,True
15916,71,9.748,True
15917,71,9.748,True
15918,70,9.748,True
15919,68,6.702,True
15920,68,6.702,True
15921,64,6.702,True
15922,64,6.702,True
15923,64,6.702,True
15924,63,6.702,True
15925,63,6.702,True
15926,63,6.702,True
15927,64,6.702,True
15928,64,6.702,True
15929,64,6.702,True
15930,64,6.702,True
15931,63,6.702,True
15932,67,6.702,True
15933,67,6.702,True
15934,67,6.702,True
15935,67,6.702,True
15936,68,6.702,True
15937,68,6.702,True
15938,68,6.702,True
15939,68,6.702,True
15940,68,6.702,True
15941,68,8.836,True
15942,73,9.802,True
15943,73,9.802,True
15944,73,9.802,True
15945,73,9.802,True
15946,72,9.802,True
15947,72,9.802,True
15948,71,9.802,True
15949,71,9.802,True
15950,71,9.802,True
15951,68,9.802,True
15952,68,9.802,True
15953,70,9.802,True
15954,69,9.675,True
15955,69,9.675,True
15956,69,9.675,True
15957,69,9.675,True
15958,69,9.675,True
15959,69,9.675,True
15960,69,9.675,True
15961,70,9.675,True
15962,67,9.675,True
15963,69,9.675,True
15964,69,9.675,True
15965,70,9.675,True
15966,73,7.892,True
15967,73,7.892,True
15968,72,7.892,True
15969,72,7.892,True
15970,74,7.892,True
15971,74,6.921,True
15972,71,6.698,True
15973,71,6.698,True
15974,70,6.698,True
15975,70,6.698,True
15976,70,6.698,True
15977,70,6.698,True
15978,70,7.229,True
15979,67,9.675,True
15980,65,9.675,True
15981,67,9.675,True
15982,68,9.675,True
15983,67,9.675,True
15984,67,9.675,True
15985,65,9.675,True
15986,65,9.675,True
15987,62,9.675,True
15988,63,9.675,True
15989,63,9.675,True
15990,63,9.675,True
15991,68,9.675,True
15992,68,9.675,True
15993,68,9.675,True
15994,68,9.675,True
15995,67,9.675,True
15996,68,9.675,True
15997,69,9.675,True
15998,68,9.675,True
15999,68,9.675,True
16000,67,9.675,True
16001,66,9.675,True
16002,66,9.675,True
16003,66,9.675,True
16004,66,9.675,True
16005,66,9.675,True
16006,66,9.675,True
16007,65,9.675,True
16008,65,9.675,True
16009,62,9.675,True
16010,62,9.675,True
16011,62,9.675,True
16012,63,9.675,True
16013,63,9.675,True
16014,63,9.675,True
16015,63,9.675,True
16016,64,9.675,True
16017,64,9.675,True
16018,64,9.675,True
16019,67,9.675,True
16020,68,9.675,True
16021,70,9.915,True
16022,69,9.915,True
16023,70,9.915,True
16024,72,9.915,True
16025,71,9.915,True
16026,71,9.915,True
16027,80,9.915,True
16028,79,9.915,True
16029,79,9.915,True
16030,71,9.915,True
16031,71,9.915,True
16032,70,7.681,True
16033,70,7.681,True
16034,70,7.681,True
16035,65,7.681,True
16036,69,7.681,True
16037,70,7.681,True
16038,68,7.681,True
16039,69,9.675,True
16040,72,9.675,True
16041,72,9.675,True
16042,71,9.675,True
16043,71,9.675,True
16044,71,9.675,True
16045,71,9.675,True
16046,71,9.675,True
16047,73,9.675,True
16048,75,9.675,True
16049,75,9.675,True
16050,75,9.675,True
16051,75,9.675,True
16052,73,9.675,True
16053,71,9.675,True
16054,71,9.675,True
16055,71,9.675,True
16056,71,9.675,True
16057,71,9.675,True
16058,71,9.675,True
16059,71,9.675,True
16060,71,9.675,True
16061,71,9.675,True
16062,71,9.675,True
16063,71,9.675,True
16064,71,9.675,True
16065,72,9.675,True
16066,70,9.675,True
16067,70,9.675,True
16068,70,9.675,True
16069,67,9.675,True
16070,67,9.675,True
16071,67,9.675,True
16072,69,9.675,True
16073,69,9.675,True
16074,69,9.675,True
16075,67,9.675,True
16076,65,9.897,True
16077,65,9.897,True
16078,65,9.897,True
16079,65,9.897,True
16080,65,9.897,True
16081,67,9.897,True
16082,67,9.897,True
16083,68,9.675,True
16084,71,9.675,True
16085,71,9.675,True
16086,71,9.675,True
16087,71,9.675,True
16088,76,9.675,True
16089,76,9.675,True
16090,76,9.675,True
16091,76,9.675,True
16092,76,9.675,True
16093,76,6.208,True
16094,76,6.208,True
16095,74,7.659,True
16096,76,7.659,True
16097,79,9.577,True
16098,78,9.577,True
16099,78,9.577,True
16100,78,9.577,True
16101,78,9.577,True
16102,75,7.659,True
16103,76,7.659,True
16104,75,7.659,True
16105,75,7.659,True
16106,75,7.659,True
16107,76,7.659,True
16108,76,7.659,True
16109,76,7.659,True
16110,76,7.659,True
16111,76,7.659,True
16112,76,7.659,True
16113,76,7.659,True
16114,76,7.659,True
16115,76,9.675,True
16116,75,9.675,True
16117,74,9.675,True
16118,71,9.675,True
16119,71,9.675,True
16120,71,9.675,True
16121,69,9.675,True
16122,71,9.675,True
16123,72,9.675,True
16124,74,9.675,True
16125,74,9.675,True
16126,74,9.675,True
16127,74,9.675,True
16128,72,9.675,True
16129,72,9.675,True
16130,72,9.675,True
16131,72,9.675,True
16132,74,9.675,True
16133,74,9.675,True
16134,74,9.675,True
16135,75,9.675,True
16136,77,9.675,True
16137,76,9.675,True
16138,76,9.675,True
16139,73,9.893,True
16140,73,9.893,True
16141,72,9.675,True
16142,73,9.675,True
16143,76,9.675,True
16144,76,9.675,True
16145,70,9.675,True
16146,70,9.675,True
16147,70,9.675,True
16148,70,9.675,True
16149,69,9.675,True
16150,69,9.675,True
16151,69,9.675,True
16152,69,9.675,True
16153,69,9.675,True
16154,70,9.675,True
16155,70,9.675,True
16156,70,9.675,True
16157,70,9.675,True
16158,69,9.675,True
16159,69,9.675,True
16160,67,9.675,True
16161,67,9.675,True
16162,70,9.675,True
16163,71,9.675,True
16164,71,9.675,True
16165,72,9.675,True
16166,71,9.675,True
16167,71,9.675,True
16168,71,9.675,True
16169,71,9.675,True
16170,71,9.675,True
16171,71,9.675,True
16172,71,9.675,True
16173,71,9.675,True
16174,69,9.675,True
16175,69,9.675,True
16176,69,9.675,True
16177,69,9.675,True
16178,70,9.675,True
16179,70,9.675,True
16180,70,9.675,True
16181,73,9.675,True
16182,76,9.675,True
16183,76,9.675,True
16184,76,9.675,True
16185,76,9.675,True
16186,76,9.675,True
16187,76,9.675,True
16188,77,9.675,True
16189,74,9.675,True
16190,74,9.675,True
16191,74,9.675,True
16192,76,9.675,True
16193,76,9.675,True
16194,76,9.675,True
16195,76,9.675,True
16196,75,9.675,True
16197,69,9.798,True
16198,69,9.798,True
16199,69,9.798,True
16200,69,9.798,True
16201,68,9.675,True
16202,68,9.675,True
16203,69,9.675,True
16204,69,9.675,True
16205,69,9.675,True
16206,69,9.675,True
16207,69,9.675,True
16208,69,9.675,True
16209,68,9.675,True
16210,69,9.798,True
16211,69,9.798,True
16212,69,9.798,True
16213,69,9.798,True
16214,69,9.798,True
16215,69,9.798,True
16216,68,9.675,True
16217,68,9.675,True
16218,68,9.675,True
16219,68,9.675,True
16220,69,9.675,True
16221,69,9.574,True
16222,69,9.574,True
16223,68,9.574,True
16224,68,9.574,True
16225,68,9.574,True
16226,70,9.574,True
16227,68,9.574,True
16228,68,9.574,True
16229,68,9.574,True
16230,68,9.574,True
16231,69,9.574,True
16232,71,9.574,True
16233,72,9.574,True
16234,66,9.574,True
16235,65,9.574,True
16236,69,9.574,True
16237,70,9.574,True
16238,70,9.574,True
16239,69,9.574,True
16240,69,9.574,True
16241,69,9.574,True
16242,71,9.574,True
16243,69,9.97,True
16244,70,9.97,True
16245,70,9.97,True
16246,70,9.97,True
16247,70,9.97,True
16248,70,9.97,True
16249,70,9.97,True
16250,70,9.97,True
16251,70,9.97,True
16252,71,9.97,True
16253,71,9.97,True
16254,71,9.97,True
16255,71,9.97,True
16256,71,9.97,True
16257,72,9.798,True
16258,72,9.798,True
16259,73,9.798,True
16260,72,9.798,True
16261,72,9.798,True
16262,71,9.97,True
16263,71,9.97,True
16264,70,9.97,True
16265,70,9.97,True
16266,69,9.97,True
16267,69,9.97,True
16268,69,9.97,True
16269,68,9.97,True
16270,71,9.97,True
16271,72,9.97,True
16272,73,9.574,True
16273,73,9.574,True
16274,73,9.574,True
16275,73,9.617,True
16276,74,9.574,True
16277,74,9.574,True
16278,72,9.574,True
16279,72,9.574,True
16280,73,7.754,True
16281,73,7.754,True
16282,75,7.754,True
16283,76,7.992,True
16284,76,7.992,True
16285,77,9.062,True
16286,79,7.754,True
16287,77,7.754,True
16288,77,7.643,True
16289,77,7.57,True
16290,75,7.57,True
16291,75,9.279,True
16292,75,9.279,True
16293,75,9.279,True
16294,75,9.279,True
16295,77,9.279,True
16296,77,9.279,True
16297,75,9.279,True
16298,79,9.279,True
16299,80,9.574,True
16300,80,9.574,True
16301,78,9.574,True
16302,78,9.574,True
16303,78,9.574,True
16304,78,9.574,True
16305,77,9.574,True
16306,79,9.574,True
16307,79,9.907,True
16308,80,9.907,True
16309,80,8.826,True
16310,75,9.738,True
16311,75,9.738,True
16312,75,9.738,True
16313,75,9.738,True
16314,75,9.738,True
16315,75,9.738,True
16316,74,7.57,True
16317,74,9.601,True
16318,74,9.601,True
16319,74,7.57,True
16320,74,7.57,True
16321,74,7.57,True
16322,74,9.477,True
16323,74,9.477,True
16324,74,9.477,True
16325,75,9.477,True
16326,73,9.477,True
16327,73,9.477,True
16328,73,7.57,True
16329,73,7.57,True
16330,73,8.624,True
16331,73,8.624,True
16332,73,9.815,True
16333,73,9.815,True
16334,76,9.815,True
16335,73,9.815,True
16336,73,9.815,True
16337,73,9.815,True
16338,74,9.815,True
16339,74,9.815,True
16340,73,9.815,True
16341,73,9.815,True
16342,72,6.737,True
16343,72,7.783,True
16344,73,7.783,True
16345,73,6.737,True
16346,73,8.397,True
16347,76,6.069,True
16348,77,6.069,True
16349,76,9.541,True
16350,76,9.541,True
16351,74,9.541,True
16352,76,6.493,True
16353,76,6.493,True
16354,76,6.493,True
16355,76,6.493,True
16356,76,6.493,True
16357,75,7.534,True
16358,76,6.493,True
16359,77,6.493,True
16360,74,6.493,True
16361,75,6.037,True
16362,75,6.037,True
16363,76,6.741,True
16364,76,6.741,True
16365,77,6.741,True
16366,76,6.741,True
16367,77,6.741,True
16368,75,8.429,True
16369,75,8.429,True
16370,75,8.429,True
16371,75,8.429,True
16372,74,8.429,True
16373,74,8.429,True
16374,74,8.429,True
16375,74,8.429,True
16376,74,8.429,True
16377,74,8.429,True
16378,74,8.429,True
16379,76,8.429,True
16380,76,8.429,True
16381,74,8.429,True
16382,75,6.273,True
16383,77,7.879,True
16384,76,7.879,True
16385,76,7.879,True
16386,77,9.04,True
16387,77,9.04,True
16388,77,9.04,True
16389,84,9.57,True
16390,84,9.57,True
16391,84,9.888,True
16392,83,9.888,True
16393,83,9.888,True
16394,83,9.57,True
16395,83,9.888,True
16396,81,9.888,True
16397,81,9.888,True
16398,80,9.888,True
16399,70,9.888,True
16400,74,9.888,True
16401,74,9.888,True
16402,73,9.86,True
16403,74,9.888,True
16404,74,9.888,True
16405,70,9.888,True
16406,70,9.86,True
16407,70,9.04,True
16408,71,9.04,True
16409,71,9.04,True
16410,71,9.04,True
16411,71,9.04,True
16412,71,9.04,True
16413,74,8.758,True
16414,75,8.758,True
16415,73,9.124,True
16416,73,9.124,True
16417,73,9.124,True
16418,73,9.124,True
16419,72,9.124,True
16420,72,9.124,True
16421,72,9.124,True
16422,72,9.124,True
16423,73,9.124,True
16424,74,8.758,True
16425,73,8.758,True
16426,76,8.758,True
16427,71,8.758,True
16428,71,8.758,True
16429,71,8.758,True
16430,71,8.758,True
16431,71,8.758,True
16432,70,9.477,True
16433,73,9.477,True
16434,73,9.477,True
16435,73,9.477,True
16436,71,9.477,True
16437,71,9.477,True
16438,71,9.477,True
16439,71,9.477,True
16440,71,9.477,True
16441,71,9.477,True
16442,71,9.477,True
16443,71,9.477,True
16444,71,9.477,True
16445,71,9.477,True
16446,71,9.477,True
16447,71,9.477,True
16448,69,9.477,True
16449,69,9.477,True
16450,69,9.477,True
16451,69,9.477,True
16452,69,9.477,True
16453,69,9.477,True
16454,68,9.477,True
16455,68,9.477,True
16456,68,9.798,True
16457,67,9.798,True
16458,67,9.798,True
16459,67,9.798,True
16460,70,8.923,True
16461,72,9.66,True
16462,73,8.923,True
16463,73,8.923,True
16464,75,8.923,True
16465,77,9.798,True
16466,78,9.798,True
16467,78,9.798,True
16468,76,9.798,True
16469,75,9.798,True
16470,72,6.411,True
16471,72,6.411,True
16472,72,6.411,True
16473,74,6.67,True
16474,74,6.67,True
16475,74,6.67,True
16476,74,6.67,True
16477,71,8.409,True
16478,71,8.409,True
16479,72,8.409,True
16480,70,8.409,True
16481,67,8.409,True
16482,67,6.524,True
16483,67,6.524,True
16484,68,8.272,True
16485,70,9.883,True
16486,68,9.883,True
16487,67,9.883,True
16488,67,9.883,True
16489,67,9.883,True
16490,67,9.883,True
16491,67,9.883,True
16492,66,9.883,True
16493,68,6.326,True
16494,66,6.411,True
16495,66,6.411,True
16496,68,7.987,True
16497,68,7.987,True
16498,67,6.411,True
16499,70,6.411,True
16500,70,8.195,True
16501,70,8.195,True
16502,68,8.195,True
16503,69,9.299,True
16504,69,9.299,True
16505,69,7.03,True
16506,65,7.03,True
16507,65,7.03,True
16508,64,7.03,True
16509,66,7.967,True
16510,66,7.967,True
16511,66,7.967,True
16512,66,7.967,True
16513,70,7.03,True
16514,70,7.03,True
16515,70,7.03,True
16516,70,7.03,True
16517,70,7.03,True
16518,70,7.03,True
16519,70,7.03,True
16520,73,7.03,True
16521,77,7.03,True
16522,75,7.03,True
16523,72,8.154,True
16524,70,9.352,True
16525,73,9.352,True
16526,73,9.352,True
16527,70,9.352,True
16528,70,9.352,True
16529,72,9.352,True
16530,73,9.352,True
16531,70,8.155,True
16532,72,8.786,True
16533,69,8.155,True
16534,69,8.155,True
16535,69,8.155,True
16536,70,8.155,True
16537,69,8.583,True
16538,69,8.583,True
16539,68,8.583,True
16540,68,8.583,True
16541,68,8.583,True
16542,69,8.583,True
16543,70,8.583,True
16544,69,8.583,True
16545,69,8.583,True
16546,72,8.583,True
16547,72,8.583,True
16548,72,8.583,True
16549,73,8.583,True
16550,73,8.583,True
16551,73,8.583,True
16552,73,8.583,True
16553,75,8.583,True
16554,75,9.03,True
16555,75,9.256,True
16556,72,9.256,True
16557,72,9.256,True
16558,75,9.887,True
16559,75,9.887,True
16560,75,9.887,True
16561,73,9.887,True
16562,71,9.887,True
16563,71,9.887,True
16564,73,8.433,True
16565,77,7.358,True
16566,77,7.358,True
16567,73,8.433,True
16568,73,8.433,True
16569,73,8.433,True
16570,76,4.179,True
16571,73,5.392,True
16572,73,5.392,True
16573,76,5.392,True
16574,76,5.392,True
16575,76,6.511,True
16576,78,6.511,True
16577,75,6.511,True
16578,72,6.511,True
16579,72,6.511,True
16580,70,6.411,True
16581,70,6.411,True
16582,70,6.411,True
16583,69,7.267,True
16584,69,6.411,True
16585,69,6.411,True
16586,69,6.411,True
16587,69,6.411,True
16588,71,6.411,True
16589,69,6.411,True
16590,69,6.411,True
16591,69,6.411,True
16592,69,6.411,True
16593,70,7.806,True
16594,70,7.806,True
16595,70,7.806,True
16596,70,7.806,True
16597,70,7.806,True
16598,69,7.267,True
16599,68,9.685,True
16600,68,9.685,True
16601,69,9.685,True
16602,69,9.685,True
16603,69,9.685,True
16604,69,9.685,True
16605,69,9.685,True
16606,72,9.685,True
16607,73,5.782,True
16608,77,8.983,True
16609,77,8.983,True
16610,77,9.367,True
16611,77,9.367,True
16612,75,9.367,True
16613,74,9.367,True
16614,75,9.367,True
16615,75,9.367,True
16616,75,9.367,True
16617,75,9.367,True
16618,77,9.367,True
16619,77,9.367,True
16620,77,9.367,True
16621,77,9.367,True
16622,77,9.367,True
16623,73,9.895,True
16624,70,9.895,True
16625,70,9.895,True
16626,70,9.895,True
16627,74,9.895,True
16628,74,9.895,True
16629,74,9.895,True
16630,76,9.895,True
16631,75,7.713,True
16632,71,7.713,True
16633,71,7.713,True
16634,73,7.967,True
16635,73,7.967,True
16636,73,7.967,True
16637,73,7.967,True
16638,73,7.967,True
16639,75,9.072,True
16640,75,9.072,True
16641,74,9.072,True
16642,74,9.072,True
16643,74,9.072,True
16644,73,9.072,True
16645,74,9.072,True
16646,76,9.072,True
16647,71,8.682,True
16648,71,8.682,True
16649,71,8.682,True
16650,70,8.682,True
16651,70,8.682,True
16652,70,8.682,True
16653,74,8.682,True
16654,74,8.682,True
16655,74,9.04,True
16656,76,8.682,True
16657,77,8.682,True
16658,74,8.682,True
16659,74,9.04,True
16660,74,9.04,True
16661,74,8.682,True
16662,74,8.682,True
16663,73,8.682,True
16664,74,8.682,True
16665,74,8.682,True
16666,73,8.682,True
16667,74,8.682,True
16668,76,9.279,True
16669,74,8.682,True
16670,73,9.962,True
16671,72,9.962,True
16672,72,8.682,True
16673,72,8.682,True
16674,71,9.521,True
16675,71,9.521,True
16676,71,9.671,True
16677,71,9.671,True
16678,71,9.671,True
16679,72,9.671,True
16680,73,7.643,True
16681,76,7.643,True
16682,76,7.643,True
16683,76,7.643,True
16684,76,7.643,True
16685,75,7.845,True
16686,75,7.845,True
16687,75,7.845,True
16688,78,7.845,True
16689,78,7.845,True
16690,78,7.845,True
16691,76,7.845,True
16692,76,9.505,True
16693,78,8.153,True
16694,75,8.153,True
16695,75,8.153,True
16696,75,8.153,True
16697,75,8.153,True
16698,75,8.153,True
16699,75,8.153,True
16700,75,8.153,True
16701,78,9.146,True
16702,77,9.146,True
16703,77,9.201,True
16704,77,9.201,True
16705,75,9.594,True
16706,75,9.594,True
16707,74,9.594,True
16708,77,9.594,True
16709,77,9.594,True
16710,76,9.594,True
16711,76,9.594,True
16712,77,9.594,True
16713,77,9.394,True
16714,77,9.394,True
16715,77,9.394,True
16716,77,9.394,True
16717,77,9.394,True
16718,77,8.534,True
16719,78,8.534,True
16720,79,8.534,True
16721,79,8.307,True
16722,79,8.307,True
16723,79,8.307,True
16724,78,7.721,True
16725,81,7.99,True
16726,83,7.792,True
16727,81,7.721,True
16728,81,7.721,True
16729,81,7.721,True
16730,78,7.721,True
16731,78,7.721,True
16732,79,9.056,True
16733,79,9.056,True
16734,79,9.056,True
16735,77,9.056,True
16736,78,9.056,True
16737,76,9.056,True
16738,76,9.056,True
16739,75,9.056,True
16740,75,9.056,True
16741,77,9.056,True
16742,74,9.056,True
16743,74,9.056,True
16744,74,7.861,True
16745,74,7.861,True
16746,77,7.861,True
16747,79,7.861,True
16748,75,7.861,True
16749,75,7.861,True
16750,75,7.861,True
16751,76,7.72,True
16752,75,7.861,True
16753,74,7.861,True
16754,74,7.861,True
16755,72,9.056,True
16756,72,9.056,True
16757,71,9.056,True
16758,70,6.954,True
16759,71,8.652,True
16760,73,6.954,True
16761,73,6.954,True
16762,73,5.611,True
16763,70,5.611,True
16764,70,4.318,True
16765,71,9.675,True
16766,71,9.675,True
16767,75,9.675,True
16768,75,9.675,True
16769,73,9.675,True
16770,73,9.675,True
16771,72,9.675,True
16772,72,9.675,True
16773,72,9.675,True
16774,74,9.675,True
16775,72,9.675,True
16776,73,9.675,True
16777,73,9.675,True
16778,73,9.675,True
16779,69,9.675,True
16780,71,9.675,True
16781,71,9.675,True
16782,69,9.675,True
16783,69,9.675,True
16784,69,9.675,True
16785,68,9.675,True
16786,68,9.675,True
16787,68,9.675,True
16788,67,9.675,True
16789,67,9.418,True
16790,68,9.418,True
16791,67,9.643,True
16792,66,9.418,True
16793,67,9.418,True
16794,66,9.418,True
16795,68,9.883,True
16796,68,9.883,True
16797,68,9.883,True
16798,68,9.883,True
16799,68,9.883,True
16800,68,9.883,True
16801,68,9.883,True
16802,68,9.883,True
16803,69,9.883,True
16804,70,9.883,True
16805,70,9.883,True
16806,73,9.883,True
16807,71,7.82,True
16808,68,9.418,True
16809,70,9.883,True
16810,70,9.883,True
16811,70,9.883,True
16812,70,9.883,True
16813,70,9.883,True
16814,73,9.883,True
16815,73,9.883,True
16816,73,9.883,True
16817,70,9.883,True
16818,70,9.883,True
16819,70,9.883,True
16820,74,9.883,True
16821,73,9.883,True
16822,69,9.883,True
16823,69,9.883,True
16824,72,9.418,True
16825,72,9.418,True
16826,71,9.418,True
16827,71,9.418,True
16828,72,9.418,True
16829,72,9.418,True
16830,72,9.418,True
16831,68,9.418,True
16832,68,9.418,True
16833,68,9.418,True
16834,68,9.418,True
16835,69,9.056,True
16836,70,9.056,True
16837,69,9.418,True
16838,69,9.418,True
16839,69,9.418,True
16840,69,9.418,True
16841,69,9.056,True
16842,70,9.114,True
16843,70,9.114,True
16844,67,9.114,True
16845,67,9.114,True
16846,69,8.659,True
16847,71,9.26,True
16848,69,9.26,True
16849,68,9.26,True
16850,70,9.26,True
16851,69,8.921,True
16852,69,8.921,True
16853,70,8.921,True
16854,72,8.921,True
16855,74,7.49,True
16856,76,7.49,True
16857,77,9.91,True
16858,77,9.91,True
16859,76,9.91,True
16860,76,9.91,True
16861,76,9.91,True
16862,75,7.807,True
16863,75,7.807,True
16864,75,7.807,True
16865,75,7.807,True
16866,75,7.807,True
16867,75,7.807,True
16868,75,7.807,True
16869,77,7.807,True
16870,77,7.807,True
16871,77,7.807,True
16872,75,7.807,True
16873,73,7.147,True
16874,73,7.147,True
16875,74,9.26,True
16876,74,9.26,True
16877,73,9.26,True
16878,73,9.26,True
16879,71,9.26,True
16880,70,9.26,True
16881,71,9.26,True
16882,71,9.26,True
16883,71,9.26,True
16884,71,9.26,True
16885,70,9.26,True
16886,70,9.427,True
16887,70,9.427,True
16888,70,9.427,True
16889,70,9.427,True
16890,70,9.427,True
16891,70,9.427,True
16892,70,9.427,True
16893,73,9.427,True
16894,73,9.427,True
16895,73,9.427,True
16896,74,9.427,True
16897,73,9.427,True
16898,73,9.427,True
16899,73,9.427,True
16900,73,9.427,True
16901,73,9.427,True
16902,74,9.427,True
16903,74,8.75,True
16904,76,8.183,True
16905,76,8.183,True
16906,76,8.183,True
16907,76,8.183,True
16908,76,8.838,True
16909,77,9.035,True
16910,74,8.747,True
16911,74,8.747,True
16912,78,8.747,True
16913,77,7.358,True
16914,76,7.358,True
16915,72,7.358,True
16916,76,7.52,True
16917,74,9.298,True
16918,75,8.725,True
16919,71,8.725,True
16920,71,8.725,True
16921,72,8.725,True
16922,72,8.725,True
16923,74,8.725,True
16924,73,9.298,True
16925,73,9.298,True
16926,75,9.298,True
16927,76,9.26,True
16928,76,9.26,True
16929,76,9.26,True
16930,76,9.26,True
16931,79,9.26,True
16932,79,9.26,True
16933,79,9.26,True
16934,77,9.26,True
16935,77,9.26,True
16936,77,9.26,True
16937,75,9.26,True
16938,74,9.26,True
16939,71,9.26,True
16940,71,9.26,True
16941,73,9.26,True
16942,72,9.26,True
16943,72,9.26,True
16944,75,9.26,True
16945,75,9.26,True
16946,75,9.26,True
16947,75,9.26,True
16948,75,9.26,True
16949,75,9.26,True
16950,76,9.26,True
16951,78,5.939,True
16952,80,4.678,True
16953,79,9.797,True
16954,76,9.797,True
16955,76,9.797,True
16956,76,9.797,True
16957,77,9.797,True
16958,74,9.797,True
16959,74,9.797,True
16960,74,9.797,True
16961,72,9.635,True
16962,72,9.635,True
16963,72,9.157,True
16964,72,9.157,True
16965,70,9.157,True
16966,70,9.157,True
16967,70,9.157,True
16968,70,9.635,True
16969,70,9.635,True
16970,68,9.635,True
16971,68,9.635,True
16972,70,9.635,True
16973,70,9.635,True
16974,70,9.745,True
16975,70,9.675,True
16976,70,9.675,True
16977,70,9.675,True
16978,70,9.675,True
16979,70,9.675,True
16980,70,9.675,True
16981,70,9.675,True
16982,70,7.833,True
16983,71,7.833,True
16984,72,7.812,True
16985,75,8.131,True
16986,72,7.812,True
16987,72,7.812,True
16988,72,7.812,True
16989,74,7.812,True
16990,72,7.812,True
16991,72,7.812,True
16992,72,7.812,True
16993,73,9.956,True
16994,76,7.812,True
16995,74,6.509,True
16996,70,9.47,True
16997,69,9.47,True
16998,69,9.47,True
16999,71,7.585,True
17000,69,9.47,True
17001,71,9.47,True
17002,71,9.47,True
17003,71,9.47,True
17004,71,9.47,True
17005,72,9.47,True
17006,72,9.47,True
17007,72,9.47,True
17008,72,9.47,True
17009,72,8.205,True
17010,72,8.205,True
17011,72,8.205,True
17012,71,8.205,True
17013,72,8.205,True
17014,72,8.205,True
17015,71,8.205,True
17016,71,8.205,True
17017,71,8.205,True
17018,71,8.205,True
17019,71,8.205,True
17020,71,8.205,True
17021,71,8.205,True
17022,71,8.205,True
17023,70,6.253,True
17024,71,6.253,True
17025,74,6.253,True
17026,74,6.551,True
17027,74,6.551,True
17028,74,6.551,True
17029,75,8.991,True
17030,74,9.716,True
17031,74,9.716,True
17032,73,9.47,True
17033,73,9.47,True
17034,72,9.47,True
17035,70,9.535,True
17036,70,9.535,True
17037,68,9.535,True
17038,68,9.535,True
17039,69,9.535,True
17040,69,9.535,True
17041,69,9.535,True
17042,68,9.535,True
17043,68,9.535,True
17044,68,9.535,True
17045,68,9.535,True
17046,70,6.888,True
17047,70,6.888,True
17048,72,8.205,True
17049,67,7.814,True
17050,68,8.771,True
17051,69,8.771,True
17052,69,8.771,True
17053,68,8.771,True
17054,68,8.771,True
17055,71,8.771,True
17056,68,8.771,True
17057,69,8.771,True
17058,69,8.771,True
17059,71,8.94,True
17060,71,8.94,True
17061,69,8.771,True
17062,69,8.771,True
17063,69,8.771,True
17064,69,9.663,True
17065,71,9.663,True
17066,71,9.663,True
17067,73,9.663,True
17068,74,9.663,True
17069,73,9.663,True
17070,73,9.84,True
17071,74,9.84,True
17072,74,9.84,True
17073,75,9.84,True
17074,75,9.84,True
17075,75,9.84,True
17076,75,9.84,True
17077,75,9.84,True
17078,75,9.84,True
17079,74,9.84,True
17080,75,9.905,True
17081,75,9.905,True
17082,71,9.935,True
17083,71,9.935,True
17084,71,9.935,True
17085,71,9.935,True
17086,71,9.935,True
17087,71,9.935,True
17088,71,9.935,True
17089,71,9.935,True
17090,75,9.905,True
17091,71,9.905,True
17092,70,9.905,True
17093,70,9.905,True
17094,70,9.905,True
17095,77,9.905,True
17096,77,9.905,True
17097,77,9.905,True
17098,78,9.905,True
17099,76,9.905,True
17100,73,9.905,True
17101,72,9.663,True
17102,72,9.663,True
17103,72,9.663,True
17104,74,9.663,True
17105,74,9.663,True
17106,74,9.663,True
17107,74,9.663,True
17108,74,9.663,True
17109,74,9.663,True
17110,74,8.603,True
17111,74,8.603,True
17112,73,9.798,True
17113,72,9.798,True
17114,72,9.798,True
17115,72,9.798,True
17116,72,9.798,True
17117,70,9.798,True
17118,70,9.798,True
17119,71,9.798,True
17120,69,9.798,True
17121,70,9.798,True
17122,70,9.798,True
17123,70,9.798,True
17124,76,9.203,True
17125,76,9.488,True
17126,76,9.488,True
17127,70,9.798,True
17128,68,9.798,True
17129,69,9.798,True
17130,69,9.798,True
17131,69,9.798,True
17132,69,9.798,True
17133,69,9.446,True
17134,69,9.446,True
17135,69,9.446,True
17136,74,9.446,True
17137,74,9.446,True
17138,73,9.446,True
17139,74,9.446,True
17140,72,9.446,True
17141,69,9.446,True
17142,69,9.446,True
17143,69,9.446,True
17144,69,9.446,True
17145,69,9.446,True
17146,69,9.446,True
17147,71,9.446,True
17148,70,8.609,True
17149,69,8.609,True
17150,69,8.609,True
17151,72,9.808,True
17152,72,9.808,True
17153,73,9.808,True
17154,73,9.808,True
17155,73,9.808,True
17156,74,8.764,True
17157,71,8.764,True
17158,71,8.764,True
17159,71,8.764,True
17160,72,9.95,True
17161,72,9.95,True
17162,69,9.95,True
17163,72,8.609,True
17164,71,7.451,True
17165,70,7.451,True
17166,71,7.451,True
17167,71,7.451,True
17168,71,5.986,True
17169,71,5.986,True
17170,69,7.358,True
17171,69,7.358,True
17172,69,7.358,True
17173,68,6.14,True
17174,69,9.446,True
17175,69,9.446,True
17176,69,9.446,True
17177,70,9.446,True
17178,70,9.446,True
17179,70,9.446,True
17180,70,9.446,True
17181,69,9.446,True
17182,69,9.446,True
17183,68,9.446,True
17184,68,9.446,True
17185,68,9.446,True
17186,65,9.446,True
17187,67,8.085,True
17188,67,8.085,True
17189,68,6.477,True
17190,69,6.14,True
17191,69,6.14,True
17192,71,6.14,True
17193,71,7.261,True
17194,71,7.261,True
17195,70,7.261,True
17196,78,7.261,True
17197,78,7.261,True
17198,73,6.477,True
17199,76,6.477,True
17200,76,6.477,True
17201,77,7.493,True
17202,77,7.493,True
17203,74,7.493,True
17204,74,7.493,True
17205,73,6.477,True
17206,71,8.305,True
17207,71,8.305,True
17208,73,6.14,True
17209,73,6.411,True
17210,73,6.411,True
17211,73,6.411,True
17212,66,6.411,True
17213,66,6.411,True
17214,66,6.411,True
17215,65,6.411,True
17216,65,6.411,True
17217,64,9.672,True
17218,64,9.672,True
17219,64,9.672,True
17220,64,9.672,True
17221,64,9.672,True
17222,66,6.14,True
17223,64,6.14,True
17224,66,6.14,True
17225,65,8.305,True
17226,65,8.305,True
17227,65,8.305,True
17228,67,7.267,True
17229,68,8.854,True
17230,66,8.854,True
17231,66,8.854,True
17232,66,8.854,True
17233,68,8.854,True
17234,68,8.854,True
17235,68,8.854,True
17236,68,8.854,True
17237,68,8.854,True
17238,67,8.305,True
17239,67,8.305,True
17240,67,8.305,True
17241,67,8.305,True
17242,71,8.305,True
17243,71,8.305,True
17244,71,8.305,True
17245,67,8.305,True
17246,68,8.305,True
17247,68,8.305,True
17248,68,8.305,True
17249,69,7.817,True
17250,69,7.817,True
17251,69,7.817,True
17252,69,7.817,True
17253,69,7.817,True
17254,69,7.817,True
17255,67,6.14,True
17256,67,6.14,True
17257,67,6.14,True
17258,67,6.14,True
17259,65,6.14,True
17260,65,6.14,True
17261,65,6.14,True
17262,65,6.14,True
17263,65,6.14,True
17264,65,6.14,True
17265,65,6.14,True
17266,65,6.411,True
17267,64,6.411,True
17268,64,6.411,True
17269,64,6.411,True
17270,64,6.411,True
17271,64,6.411,True
17272,64,6.411,True
17273,64,6.411,True
17274,64,6.411,True
17275,64,6.411,True
17276,64,8.131,True
17277,66,8.131,True
17278,64,8.131,True
17279,67,8.131,True
17280,67,8.131,True
17281,69,8.131,True
17282,69,8.131,True
17283,69,8.131,True
17284,67,8.131,True
17285,68,9.298,True
17286,67,8.131,True
17287,67,8.131,True
17288,67,8.131,True
17289,67,8.131,True
17290,67,8.131,True
17291,73,8.131,True
17292,73,8.131,True
17293,73,8.131,True
17294,73,8.131,True
17295,67,8.131,True
17296,67,8.131,True
17297,67,8.131,True
17298,67,8.131,True
17299,67,8.131,True
17300,67,8.131,True
17301,67,8.131,True
17302,64,8.131,True
17303,64,8.131,True
17304,64,8.131,True
17305,64,8.131,True
17306,66,8.131,True
17307,67,8.131,True
17308,70,8.131,True
17309,71,8.131,True
17310,72,7.726,True
17311,71,8.131,True
17312,71,8.131,True
17313,71,8.131,True
17314,71,8.131,True
17315,72,8.131,True
17316,70,8.131,True
17317,67,9.446,True
17318,67,9.446,True
17319,69,8.131,True
17320,68,9.675,True
17321,69,9.675,True
17322,66,9.663,True
17323,66,9.663,True
17324,66,9.663,True
17325,64,9.663,True
17326,64,9.663,True
17327,66,9.663,True
17328,68,8.583,True
17329,66,8.583,True
17330,65,8.583,True
17331,66,7.52,True
17332,66,7.52,True
17333,66,7.52,True
17334,67,7.52,True
17335,67,7.52,True
17336,67,7.52,True
17337,67,7.52,True
17338,67,7.52,True
17339,70,9.637,True
17340,69,9.637,True
17341,69,9.637,True
17342,69,9.637,True
17343,68,6.927,True
17344,68,6.927,True
17345,68,6.927,True
17346,68,6.927,True
17347,68,6.927,True
17348,68,7.469,True
17349,68,7.469,True
17350,68,7.469,True
17351,68,7.469,True
17352,68,7.469,True
17353,72,9.923,True
17354,71,8.433,True
17355,71,8.433,True
17356,71,8.433,True
17357,69,7.469,True
17358,69,7.469,True
17359,69,7.469,True
17360,72,7.469,True
17361,72,6.934,True
17362,72,9.035,True
17363,70,9.38,True
17364,71,9.38,True
17365,71,9.38,True
17366,74,9.831,True
17367,70,9.831,True
17368,70,9.831,True
17369,72,9.831,True
17370,72,9.831,True
17371,72,9.831,True
17372,73,9.831,True
17373,73,9.831,True
17374,71,9.831,True
17375,72,8.354,True
17376,72,6.703,True
17377,72,6.703,True
17378,69,7.268,True
17379,70,9.798,True
17380,70,9.798,True
17381,70,9.798,True
17382,70,9.798,True
17383,70,9.798,True
17384,70,9.798,True
17385,74,9.798,True
17386,74,9.798,True
17387,76,9.798,True
17388,76,9.798,True
17389,77,9.798,True
17390,77,9.798,True
17391,77,9.798,True
17392,78,9.798,True
17393,77,9.798,True
17394,76,9.798,True
17395,76,9.798,True
17396,77,9.798,True
17397,77,9.798,True
17398,76,9.798,True
17399,76,9.798,True
17400,76,9.798,True
17401,76,9.798,True
17402,76,9.798,True
17403,76,9.798,True
17404,76,9.798,True
17405,76,9.798,True
17406,76,9.798,True
17407,76,9.798,True
17408,76,9.798,True
17409,76,9.798,True
17410,76,9.798,True
17411,76,9.798,True
17412,76,9.798,True
17413,76,9.798,True
17414,74,9.139,True
17415,74,9.056,True
17416,74,9.056,True
17417,74,9.056,True
17418,74,9.056,True
17419,73,9.943,True
17420,70,9.943,True
17421,70,9.943,True
17422,69,9.943,True
17423,73,9.943,True
17424,74,9.533,True
17425,74,9.533,True
17426,70,6.274,True
17427,70,6.274,True
17428,70,6.274,True
17429,72,6.274,True
17430,72,6.274,True
17431,72,6.274,True
17432,72,6.274,True
17433,72,6.274,True
17434,71,7.136,True
17435,71,7.136,True
17436,71,7.136,True
17437,70,8.075,True
17438,68,6.274,True
17439,68,6.274,True
17440,68,6.274,True
17441,68,8.005,True
17442,68,6.274,True
17443,68,6.274,True
17444,68,8.005,True
17445,68,8.005,True
17446,68,8.005,True
17447,68,8.005,True
17448,69,8.845,True
17449,69,8.845,True
17450,69,8.845,True
17451,70,8.845,True
17452,69,9.663,True
17453,69,9.663,True
17454,69,9.663,True
17455,69,9.663,True
17456,69,9.663,True
17457,69,9.663,True
17458,69,9.663,True
17459,65,9.663,True
17460,67,9.663,True
17461,67,9.663,True
17462,69,9.663,True
17463,72,9.663,True
17464,72,9.663,True
17465,73,9.663,True
17466,73,9.663,True
17467,70,9.663,True
17468,69,9.663,True
17469,69,9.663,True
17470,69,9.663,True
17471,72,9.663,True
17472,69,9.663,True
17473,67,9.663,True
17474,67,9.663,True
17475,67,9.663,True
17476,67,9.663,True
17477,67,9.663,True
17478,67,9.663,True
17479,68,9.663,True
17480,69,9.663,True
17481,70,9.663,True
17482,70,9.663,True
17483,70,9.663,True
17484,69,9.663,True
17485,69,9.663,True
17486,70,9.663,True
17487,69,9.822,True
17488,69,9.822,True
17489,69,9.822,True
17490,69,9.822,True
17491,69,9.663,True
17492,66,9.663,True
17493,66,9.663,True
17494,66,9.663,True
17495,66,9.663,True
17496,65,9.663,True
17497,65,9.663,True
17498,65,9.663,True
17499,65,9.663,True
17500,67,9.663,True
17501,67,9.663,True
17502,67,9.663,True
17503,69,9.663,True
17504,70,7.681,True
17505,70,7.681,True
17506,71,7.056,True
17507,69,8.694,True
17508,69,8.694,True
17509,69,8.694,True
17510,69,8.694,True
17511,69,8.694,True
17512,68,8.694,True
17513,69,8.694,True
17514,69,8.694,True
17515,71,8.785,True
17516,74,8.785,True
17517,74,8.785,True
17518,74,8.785,True
17519,74,8.785,True
17520,74,8.785,True
17521,74,8.785,True
17522,74,8.785,True
17523,73,9.263,True
17524,73,9.263,True
17525,72,9.746,True
17526,72,9.263,True
17527,71,9.573,True
17528,67,9.573,True
17529,67,9.573,True
17530,67,9.573,True
17531,67,9.573,True
17532,70,9.815,True
17533,70,9.815,True
17534,70,9.815,True
17535,70,9.815,True
17536,69,9.36,True
17537,70,9.263,True
17538,70,9.263,True
17539,70,9.263,True
17540,70,9.263,True
17541,70,9.263,True
17542,68,8.624,True
17543,68,8.624,True
17544,68,8.624,True
17545,68,8.624,True
17546,68,8.624,True
17547,68,8.624,True
17548,66,8.624,True
17549,66,8.624,True
17550,67,9.815,True
17551,67,9.815,True
17552,68,9.815,True
17553,66,9.815,True
17554,70,9.815,True
17555,71,9.815,True
17556,72,9.815,True
17557,68,9.815,True
17558,68,8.624,True
17559,68,9.535,True
17560,69,9.535,True
17561,69,9.535,True
17562,69,8.397,True
17563,69,8.397,True
17564,70,9.027,True
17565,71,9.027,True
17566,71,9.027,True
17567,70,9.027,True
17568,70,9.027,True
17569,69,9.897,True
17570,72,9.897,True
17571,69,9.897,True
17572,69,9.897,True
17573,71,9.897,True
17574,70,9.897,True
17575,70,9.897,True
17576,64,9.935,True
17577,63,9.935,True
17578,63,9.935,True
17579,64,9.897,True
17580,65,9.897,True
17581,66,6.773,True
17582,67,6.773,True
17583,67,6.773,True
17584,67,6.773,True
17585,67,8.694,True
17586,67,7.154,True
17587,67,7.154,True
17588,72,7.154,True
17589,75,7.154,True
17590,74,7.154,True
17591,73,9.835,True
17592,71,9.835,True
17593,68,9.835,True
17594,68,9.835,True
17595,68,9.835,True
17596,70,9.835,True
17597,70,9.835,True
17598,72,9.835,True
17599,68,8.694,True
17600,68,8.694,True
17601,64,8.694,True
17602,64,8.694,True
17603,66,9.163,True
17604,66,8.694,True
17605,70,8.694,True
17606,74,8.659,True
17607,74,8.659,True
17608,74,8.43,True
17609,72,8.744,True
17610,72,8.43,True
17611,77,8.785,True
17612,77,8.785,True
17613,77,8.785,True
17614,72,8.43,True
17615,72,7.643,True
17616,71,7.643,True
17617,65,7.643,True
17618,65,7.643,True
17619,72,7.643,True
17620,65,7.643,True
17621,65,7.643,True
17622,65,7.643,True
17623,66,7.643,True
17624,66,7.643,True
17625,66,7.643,True
17626,73,7.643,True
17627,69,9.418,True
17628,69,9.418,True
17629,67,9.86,True
17630,72,9.418,True
17631,72,9.418,True
17632,72,9.675,True
17633,70,9.675,True
17634,66,9.675,True
17635,65,9.675,True
17636,64,9.675,True
17637,64,9.675,True
17638,64,9.675,True
17639,64,9.675,True
17640,66,9.675,True
17641,66,9.675,True
17642,66,9.675,True
17643,66,9.675,True
17644,67,9.675,True
17645,67,9.675,True
17646,67,9.675,True
17647,65,9.675,True
17648,65,9.675,True
17649,66,9.675,True
17650,65,9.897,True
17651,66,9.897,True
17652,67,9.675,True
17653,66,9.897,True
17654,64,9.897,True
17655,65,9.943,True
17656,65,9.943,True
17657,68,9.897,True
17658,68,9.897,True
17659,64,9.897,True
17660,64,9.897,True
17661,64,9.897,True
17662,64,9.897,True
17663,64,9.897,True
17664,65,9.897,True
17665,65,9.675,True
17666,66,7.357,True
17667,66,7.357,True
17668,65,7.357,True
17669,66,7.357,True
17670,66,7.357,True
17671,67,8.561,True
17672,67,8.561,True
17673,67,8.561,True
17674,67,8.561,True
17675,67,7.79,True
17676,70,7.79,True
17677,70,7.79,True
17678,71,9.412,True
17679,71,6.773,True
17680,69,8.339,True
17681,69,8.339,True
17682,69,8.339,True
17683,69,8.339,True
17684,70,9.016,True
17685,67,9.016,True
17686,66,9.418,True
17687,66,9.418,True
17688,69,6.849,True
17689,69,6.849,True
17690,67,7.386,True
17691,67,7.386,True
17692,64,9.418,True
17693,64,9.418,True
17694,65,9.418,True
17695,66,9.418,True
17696,66,9.418,True
17697,68,9.418,True
17698,67,9.418,True
17699,67,9.418,True
17700,68,9.418,True
17701,66,9.418,True
17702,66,9.418,True
17703,66,9.418,True
17704,66,9.418,True
17705,66,9.418,True
17706,64,9.418,True
17707,64,9.418,True
17708,66,6.773,True
17709,64,9.418,True
17710,64,9.418,True
17711,65,9.418,True
17712,65,9.418,True
17713,66,9.418,True
17714,65,9.418,True
17715,66,8.442,True
17716,67,8.659,True
17717,64,8.659,True
17718,63,9.418,True
17719,66,9.418,True
17720,66,9.418,True
17721,67,8.659,True
17722,66,9.418,True
17723,67,9.418,True
17724,63,9.418,True
17725,64,9.418,True
17726,64,9.418,True
17727,62,9.418,True
17728,62,9.418,True
17729,63,9.418,True
17730,63,9.418,True
17731,65,9.418,True
17732,65,9.418,True
17733,65,9.418,True
17734,65,9.418,True
17735,65,9.418,True
17736,62,9.418,True
17737,62,9.418,True
17738,63,9.897,True
17739,66,9.897,True
17740,70,9.897,True
17741,70,9.897,True
17742,69,9.897,True
17743,69,9.897,True
17744,70,9.897,True
17745,69,9.897,True
17746,69,9.897,True
17747,72,9.897,True
17748,70,9.897,True
17749,70,9.897,True
17750,70,9.897,True
17751,70,9.897,True
17752,70,9.897,True
17753,70,9.897,True
17754,71,9.897,True
17755,73,9.897,True
17756,74,8.427,True
17757,74,8.427,True
17758,74,8.427,True
17759,74,8.427,True
17760,73,8.427,True
17761,73,8.427,True
17762,73,8.427,True
17763,69,7.479,True
17764,69,9.139,True
17765,69,9.139,True
17766,67,9.139,True
17767,67,9.139,True
17768,67,9.139,True
17769,67,9.535,True
17770,70,9.535,True
17771,70,9.535,True
17772,70,9.535,True
17773,71,7.855,True
17774,71,7.855,True
17775,71,7.855,True
17776,71,7.855,True
17777,68,7.479,True
17778,71,7.479,True
17779,70,8.174,True
17780,68,8.174,True
17781,68,8.174,True
17782,66,8.174,True
17783,67,9.232,True
17784,67,9.232,True
17785,67,9.232,True
17786,67,9.232,True
17787,67,9.232,True
17788,67,9.232,True
17789,67,9.232,True
17790,67,9.232,True
17791,69,9.232,True
17792,69,9.232,True
17793,65,7.154,True
17794,65,7.154,True
17795,65,7.154,True
17796,65,7.154,True
17797,65,8.659,True
17798,66,8.659,True
17799,65,9.9,True
17800,65,9.9,True
17801,65,9.9,True
17802,64,9.9,True
17803,61,9.9,True
17804,62,9.9,True
17805,62,9.9,True
17806,62,9.9,True
17807,63,9.9,True
17808,63,9.9,True
17809,63,9.9,True
17810,62,9.9,True
17811,62,9.9,True
17812,61,9.95,True
17813,61,9.95,True
17814,64,9.95,True
17815,65,9.95,True
17816,65,9.601,True
17817,67,9.748,True
17818,67,9.95,True
17819,67,9.95,True
17820,66,9.95,True
17821,66,9.95,True
17822,66,9.95,True
17823,66,9.95,True
17824,66,9.95,True
17825,66,9.95,True
17826,72,9.95,True
17827,72,9.95,True
17828,72,9.95,True
17829,69,9.95,True
17830,65,9.95,True
17831,65,9.95,True
17832,65,9.95,True
17833,69,9.95,True
17834,70,9.95,True
17835,68,9.95,True
17836,68,9.95,True
17837,69,9.95,True
17838,69,9.95,True
17839,69,9.95,True
17840,69,9.95,True
17841,73,9.95,True
17842,73,9.95,True
17843,74,9.95,True
17844,74,9.95,True
17845,76,9.95,True
17846,75,9.198,True
17847,74,8.694,True
17848,74,8.725,True
17849,75,8.725,True
17850,75,8.725,True
17851,72,9.605,True
17852,71,8.725,True
17853,71,8.725,True
17854,72,9.605,True
17855,72,9.605,True
17856,72,9.605,True
17857,73,9.605,True
17858,74,9.605,True
17859,73,9.605,True
17860,73,9.605,True
17861,75,9.361,True
17862,75,9.361,True
17863,75,9.361,True
17864,71,7.262,True
17865,71,7.262,True
17866,71,7.262,True
17867,70,8.694,True
17868,70,8.694,True
17869,73,8.694,True
17870,72,8.694,True
17871,70,9.053,True
17872,73,8.694,True
17873,73,8.694,True
17874,73,8.694,True
17875,73,8.694,True
17876,75,8.694,True
17877,76,8.694,True
17878,77,8.414,True
17879,77,8.414,True
17880,77,8.414,True
17881,77,8.414,True
17882,77,8.414,True
17883,77,8.414,True
17884,77,8.414,True
17885,74,8.414,True
17886,74,8.725,True
17887,74,9.752,True
17888,74,9.752,True
17889,74,9.752,True
17890,77,9.752,True
17891,77,9.752,True
17892,77,9.752,True
17893,77,9.752,True
17894,77,9.752,True
17895,77,9.752,True
17896,73,9.752,True
17897,73,9.752,True
17898,73,9.752,True
17899,70,8.725,True
17900,70,8.725,True
17901,70,8.725,True
17902,73,8.725,True
17903,73,8.725,True
17904,76,8.725,True
17905,76,8.725,True
17906,74,9.001,True
17907,71,9.001,True
17908,71,9.001,True
17909,71,9.001,True
17910,71,8.725,True
17911,71,5.252,True
17912,71,5.321,True
17913,73,5.252,True
17914,76,5.252,True
17915,76,8.725,True
17916,73,8.725,True
17917,73,5.252,True
17918,73,5.252,True
17919,71,5.321,True
17920,73,6.302,True
17921,72,6.302,True
17922,72,6.302,True
17923,72,6.302,True
17924,74,7.953,True
17925,72,7.953,True
17926,75,6.028,True
17927,74,8.1,True
17928,74,8.1,True
17929,74,8.725,True
17930,74,8.725,True
17931,74,8.725,True
17932,77,8.725,True
17933,77,8.725,True
17934,78,8.725,True
17935,78,8.725,True
17936,78,8.725,True
17937,76,8.725,True
17938,76,8.725,True
17939,76,8.725,True
17940,76,8.725,True
17941,76,8.725,True
17942,76,8.725,True
17943,76,8.725,True
17944,76,8.725,True
17945,76,8.725,True
17946,76,8.725,True
17947,76,8.725,True
17948,75,8.725,True
17949,77,8.205,True
17950,77,8.205,True
17951,75,8.205,True
17952,73,8.205,True
17953,73,8.205,True
17954,73,8.205,True
17955,72,8.205,True
17956,73,9.672,True
17957,71,9.672,True
17958,71,9.672,True
17959,71,9.672,True
17960,72,9.792,True
17961,72,9.792,True
17962,69,9.672,True
17963,68,9.672,True
17964,68,9.672,True
17965,71,9.672,True
17966,71,9.672,True
17967,68,9.672,True
17968,70,9.672,True
17969,71,9.672,True
17970,73,9.672,True
17971,73,9.672,True
17972,75,9.672,True
17973,75,9.672,True
17974,75,9.672,True
17975,73,9.672,True
17976,73,9.672,True
17977,75,5.199,True
17978,75,5.199,True
17979,73,8.397,True
17980,70,8.397,True
17981,68,8.397,True
17982,68,8.397,True
17983,68,8.397,True
17984,68,8.397,True
17985,72,8.397,True
17986,73,8.397,True
17987,72,8.397,True
17988,72,8.397,True
17989,72,8.397,True
17990,72,8.397,True
17991,69,8.397,True
17992,69,8.397,True
17993,69,8.397,True
17994,69,7.166,True
17995,71,8.941,True
17996,71,8.941,True
17997,71,8.941,True
17998,68,8.941,True
17999,68,8.941,True
18000,69,5.243,True
18001,69,5.243,True
18002,69,5.243,True
18003,68,7.484,True
18004,68,8.02,True
18005,68,8.02,True
18006,68,8.941,True
18007,69,8.941,True
18008,69,8.941,True
18009,69,9.663,True
18010,69,8.941,True
18011,69,8.941,True
18012,69,9.663,True
18013,65,9.798,True
18014,65,9.798,True
18015,65,9.798,True
18016,67,9.798,True
18017,67,9.798,True
18018,71,9.663,True
18019,69,9.663,True
18020,69,9.663,True
18021,69,9.663,True
18022,69,9.663,True
18023,69,9.663,True
18024,71,9.663,True
18025,71,9.663,True
18026,71,9.663,True
18027,71,9.663,True
18028,74,9.663,True
18029,71,9.663,True
18030,71,9.663,True
18031,69,9.663,True
18032,70,9.663,True
18033,72,9.663,True
18034,72,9.663,True
18035,72,9.663,True
18036,73,9.663,True
18037,74,9.663,True
18038,74,9.663,True
18039,75,9.663,True
18040,73,9.663,True
18041,73,9.663,True
18042,72,9.663,True
18043,72,9.663,True
18044,72,9.309,True
18045,74,8.521,True
18046,78,8.521,True
18047,74,8.521,True
18048,74,8.521,True
18049,76,8.521,True
18050,79,8.521,True
18051,79,8.521,True
18052,79,8.521,True
18053,79,8.521,True
18054,82,8.521,True
18055,79,9.883,True
18056,80,9.883,True
18057,71,9.883,True
18058,71,9.883,True
18059,74,8.785,True
18060,74,8.785,True
18061,71,9.663,True
18062,71,9.663,True
18063,71,9.663,True
18064,71,7.52,True
18065,74,7.263,True
18066,74,7.263,True
18067,74,7.263,True
18068,71,7.52,True
18069,71,7.52,True
18070,71,7.52,True
18071,71,7.52,True
18072,68,7.52,True
18073,68,7.52,True
18074,71,9.691,True
18075,68,7.52,True
18076,68,7.52,True
18077,68,7.52,True
18078,68,7.52,True
18079,70,7.52,True
18080,70,7.52,True
18081,70,7.52,True
18082,69,7.52,True
18083,69,7.52,True
18084,70,7.52,True
18085,69,7.52,True
18086,69,7.52,True
18087,70,7.52,True
18088,70,7.52,True
18089,70,7.52,True
18090,68,7.52,True
18091,68,7.52,True
18092,68,7.52,True
18093,68,7.52,True
18094,70,7.52,True
18095,70,7.52,True
18096,78,8.443,True
18097,74,8.443,True
18098,74,8.443,True
18099,66,7.52,True
18100,66,9.663,True
18101,67,9.663,True
18102,67,9.663,True
18103,67,9.663,True
18104,67,9.663,True
18105,67,9.663,True
18106,67,9.663,True
18107,67,9.663,True
18108,67,9.663,True
18109,67,9.663,True
18110,76,9.699,True
18111,67,9.663,True
18112,68,9.351,True
18113,68,9.351,True
18114,68,9.663,True
18115,68,9.351,True
18116,69,9.351,True
18117,69,9.351,True
18118,71,9.987,True
18119,71,9.987,True
18120,71,9.351,True
18121,71,9.351,True
18122,69,7.067,True
18123,69,7.067,True
18124,69,7.067,True
18125,69,7.067,True
18126,69,7.067,True
18127,69,7.067,True
18128,69,7.067,True
18129,69,8.584,True
18130,68,7.681,True
18131,68,6.954,True
18132,69,8.584,True
18133,69,8.357,True
18134,69,8.357,True
18135,68,8.357,True
18136,71,8.357,True
18137,71,8.357,True
18138,71,8.357,True
18139,73,8.877,True
18140,69,8.357,True
18141,69,8.357,True
18142,73,8.357,True
18143,71,8.357,True
18144,71,8.357,True
18145,69,6.302,True
18146,70,4.823,True
18147,70,4.823,True
18148,70,4.823,True
18149,70,4.823,True
18150,70,9.299,True
18151,70,9.299,True
18152,70,9.299,True
18153,70,9.299,True
18154,67,9.299,True
18155,67,9.299,True
18156,66,9.299,True
18157,63,7.806,True
18158,63,7.806,True
18159,64,7.806,True
18160,64,7.806,True
18161,64,6.689,True
18162,64,8.348,True
18163,62,9.367,True
18164,63,9.367,True
18165,62,9.367,True
18166,62,9.367,True
18167,62,9.367,True
18168,63,8.348,True
18169,62,9.367,True
18170,62,9.367,True
18171,67,9.367,True
18172,67,9.367,True
18173,67,9.367,True
18174,67,9.367,True
18175,67,9.367,True
18176,67,9.367,True
18177,67,9.367,True
18178,62,9.367,True
18179,62,9.367,True
18180,62,9.367,True
18181,63,9.367,True
18182,65,9.367,True
18183,65,9.367,True
18184,65,9.367,True
18185,64,9.367,True
18186,65,9.367,True
18187,67,9.367,True
18188,67,9.367,True
18189,67,9.367,True
18190,65,7.806,True
18191,65,9.883,True
18192,65,9.883,True
18193,65,9.883,True
18194,67,9.883,True
18195,67,9.883,True
18196,73,9.883,True
18197,73,9.883,True
18198,69,9.883,True
18199,67,7.806,True
18200,67,7.806,True
18201,61,7.806,True
18202,64,7.806,True
18203,64,7.806,True
18204,64,7.806,True
18205,64,7.806,True
18206,64,7.806,True
18207,64,7.806,True
18208,61,7.806,True
18209,61,5.921,True
18210,61,5.921,True
18211,66,5.921,True
18212,67,8.225,True
18213,67,8.225,True
18214,69,8.225,True
18215,64,8.225,True
18216,64,8.225,True
18217,64,8.225,True
18218,65,8.225,True
18219,68,8.225,True
18220,68,8.225,True
18221,68,8.225,True
18222,68,8.225,True
18223,67,7.806,True
18224,65,7.806,True
18225,66,9.072,True
18226,63,7.806,True
18227,64,7.806,True
18228,65,7.806,True
18229,65,7.806,True
18230,65,7.806,True
18231,65,7.806,True
18232,65,7.806,True
18233,65,7.806,True
18234,65,7.806,True
18235,65,7.806,True
18236,64,7.769,True
18237,64,7.769,True
18238,64,7.769,True
18239,69,5.921,True
18240,69,5.921,True
18241,64,7.769,True
18242,62,5.921,True
18243,63,7.806,True
18244,63,7.806,True
18245,63,7.806,True
18246,63,7.806,True
18247,63,7.806,True
18248,63,7.806,True
18249,64,7.806,True
18250,64,7.806,True
18251,64,7.806,True
18252,64,7.806,True
18253,64,7.806,True
18254,64,7.806,True
18255,64,7.806,True
18256,64,7.806,True
18257,64,7.806,True
18258,64,7.806,True
18259,63,7.806,True
18260,64,7.806,True
18261,64,7.806,True
18262,64,7.806,True
18263,62,9.773,True
18264,62,9.773,True
18265,62,9.773,True
18266,62,9.773,True
18267,62,7.806,True
18268,62,7.806,True
18269,62,8.694,True
18270,62,8.694,True
18271,62,8.694,True
18272,62,8.694,True
18273,62,8.694,True
18274,62,8.694,True
18275,62,8.694,True
18276,62,8.694,True
18277,62,8.694,True
18278,66,9.458,True
18279,66,9.458,True
18280,65,9.458,True
18281,66,9.458,True
18282,66,9.458,True
18283,66,9.458,True
18284,66,9.458,True
18285,66,9.458,True
18286,63,9.363,True
18287,63,9.363,True
18288,63,9.363,True
18289,63,9.363,True
18290,64,9.363,True
18291,70,9.737,True
18292,70,9.737,True
18293,70,9.737,True
18294,71,9.737,True
18295,71,9.737,True
18296,71,9.737,True
18297,74,9.737,True
18298,74,9.737,True
18299,75,9.75,True
18300,74,8.37,True
18301,74,6.236,True
18302,74,6.236,True
18303,74,8.725,True
18304,71,8.976,True
18305,73,9.737,True
18306,73,9.737,True
18307,73,9.737,True
18308,72,9.737,True
18309,72,9.737,True
18310,72,9.737,True
18311,72,9.737,True
18312,73,9.496,True
18313,73,9.496,True
18314,73,9.496,True
18315,73,9.496,True
18316,73,9.496,True
18317,73,9.496,True
18318,73,9.496,True
18319,73,9.496,True
18320,73,9.496,True
18321,73,9.496,True
18322,70,7.538,True
18323,70,7.538,True
18324,70,7.538,True
18325,65,6.954,True
18326,65,6.702,True
18327,65,6.702,True
18328,65,6.702,True
18329,63,9.731,True
18330,63,9.731,True
18331,63,9.731,True
18332,63,9.731,True
18333,63,9.731,True
18334,62,9.731,True
18335,62,9.731,True
18336,64,9.731,True
18337,64,9.731,True
18338,62,9.394,True
18339,62,9.394,True
18340,62,9.394,True
18341,60,9.394,True
18342,62,9.394,True
18343,62,9.394,True
18344,62,9.394,True
18345,59,9.394,True
18346,59,9.394,True
18347,59,9.394,True
18348,59,9.394,True
18349,65,9.394,True
18350,67,9.153,True
18351,63,9.153,True
18352,62,9.153,True
18353,62,9.153,True
18354,62,9.153,True
18355,62,9.153,True
18356,62,9.153,True
18357,62,9.153,True
18358,63,9.004,True
18359,61,9.004,True
18360,61,9.004,True
18361,61,9.004,True
18362,61,9.004,True
18363,69,9.965,True
18364,68,9.965,True
18365,61,9.004,True
18366,61,9.004,True
18367,61,9.004,True
18368,61,9.004,True
18369,63,7.998,True
18370,64,8.78,True
18371,64,8.78,True
18372,66,8.78,True
18373,66,8.78,True
18374,64,9.363,True
18375,64,9.363,True
18376,67,8.78,True
18377,67,8.78,True
18378,66,8.78,True
18379,63,8.78,True
18380,64,8.78,True
18381,64,8.78,True
18382,64,8.78,True
18383,64,8.78,True
18384,64,8.78,True
18385,64,8.78,True
18386,64,8.78,True
18387,64,8.78,True
18388,64,8.78,True
18389,63,8.78,True
18390,63,8.78,True
18391,63,8.78,True
18392,63,8.78,True
18393,63,8.78,True
18394,63,8.78,True
18395,63,8.78,True
18396,63,8.78,True
18397,63,8.78,True
18398,63,8.78,True
18399,63,8.78,True
18400,63,8.78,True
18401,63,8.78,True
18402,63,8.78,True
18403,63,8.78,True
18404,63,8.78,True
18405,63,8.78,True
18406,63,8.78,True
18407,63,8.78,True
18408,63,8.78,True
18409,69,9.436,True
18410,73,9.436,True
18411,70,9.436,True
18412,70,9.436,True
18413,70,9.436,True
18414,70,9.436,True
18415,70,9.436,True
18416,69,9.436,True
18417,69,9.436,True
18418,68,9.436,True
18419,68,9.436,True
18420,68,9.436,True
18421,68,9.436,True
18422,69,9.436,True
18423,69,9.436,True
18424,69,9.436,True
18425,69,9.436,True
18426,69,9.436,True
18427,71,9.436,True
18428,69,7.726,True
18429,69,7.726,True
18430,70,9.535,True
18431,70,9.535,True
18432,70,9.535,True
18433,67,9.535,True
18434,65,9.535,True
18435,65,9.535,True
18436,65,7.726,True
18437,65,7.726,True
18438,66,7.726,True
18439,67,7.726,True
18440,67,7.038,True
18441,67,7.038,True
18442,67,7.038,True
18443,67,7.038,True
18444,67,7.038,True
18445,67,7.038,True
18446,64,7.038,True
18447,64,7.721,True
18448,64,7.721,True
18449,64,7.721,True
18450,64,7.038,True
18451,64,7.038,True
18452,64,7.038,True
18453,64,7.721,True
18454,64,7.038,True
18455,64,7.038,True
18456,65,7.038,True
18457,65,7.038,True
18458,66,7.038,True
18459,67,9.556,True
18460,67,9.556,True
18461,67,9.556,True
18462,67,9.556,True
18463,67,7.038,True
18464,67,7.038,True
18465,65,7.038,True
18466,65,7.038,True
18467,70,7.494,True
18468,68,9.363,True
18469,68,9.363,True
18470,68,9.363,True
18471,63,9.363,True
18472,63,9.363,True
18473,62,9.363,True
18474,62,9.363,True
18475,62,9.363,True
18476,62,9.363,True
18477,62,9.363,True
18478,69,9.952,True
18479,62,9.363,True
18480,62,9.363,True
18481,62,9.363,True
18482,62,9.363,True
18483,62,9.363,True
18484,62,9.363,True
18485,62,9.363,True
18486,62,9.363,True
18487,62,9.363,True
18488,68,8.744,True
18489,69,9.822,True
18490,69,9.822,True
18491,69,9.822,True
18492,69,9.822,True
18493,69,9.822,True
18494,69,9.822,True
18495,68,9.822,True
18496,68,9.822,True
18497,66,9.004,True
18498,66,9.004,True
18499,66,9.004,True
18500,66,9.004,True
18501,66,9.004,True
18502,69,9.004,True
18503,69,9.004,True
18504,69,9.004,True
18505,71,9.004,True
18506,73,9.004,True
18507,73,9.004,True
18508,69,9.004,True
18509,67,9.004,True
18510,67,9.004,True
18511,63,9.004,True
18512,61,9.004,True
18513,61,9.004,True
18514,61,9.004,True
18515,61,9.004,True
18516,61,9.004,True
18517,61,9.004,True
18518,60,9.363,True
18519,60,9.363,True
18520,60,9.363,True
18521,60,9.363,True
18522,60,9.363,True
18523,60,9.363,True
18524,60,9.363,True
18525,60,9.363,True
18526,61,9.363,True
18527,60,9.363,True
18528,60,9.363,True
18529,60,9.363,True
18530,60,9.363,True
18531,60,9.363,True
18532,60,9.363,True
18533,60,9.363,True
18534,60,9.363,True
18535,60,9.363,True
18536,62,9.004,True
18537,62,9.004,True
18538,61,9.004,True
18539,61,9.004,True
18540,63,9.004,True
18541,63,9.004,True
18542,65,9.004,True
18543,67,7.454,True
18544,67,7.454,True
18545,65,9.004,True
18546,64,9.004,True
18547,64,9.004,True
18548,64,9.004,True
18549,65,9.004,True
18550,65,9.004,True
18551,69,9.004,True
18552,69,9.004,True
18553,69,9.004,True
18554,69,9.004,True
18555,71,9.731,True
18556,70,6.744,True
18557,71,6.744,True
18558,67,7.473,True
18559,67,7.473,True
18560,67,7.473,True
18561,67,7.473,True
18562,70,6.314,True
18563,70,6.314,True
18564,68,4.627,True
18565,68,8.744,True
18566,67,9.004,True
18567,66,9.004,True
18568,67,9.822,True
18569,64,9.822,True
18570,64,9.822,True
18571,62,9.004,True
18572,63,8.744,True
18573,63,8.013,True
18574,65,9.822,True
18575,65,9.822,True
18576,65,9.822,True
18577,65,9.822,True
18578,67,8.013,True
18579,66,9.004,True
18580,66,9.784,True
18581,66,9.784,True
18582,67,9.004,True
18583,67,9.004,True
18584,67,9.004,True
18585,66,9.004,True
18586,66,9.004,True
18587,64,9.268,True
18588,64,9.268,True
18589,64,9.268,True
18590,64,9.268,True
18591,64,9.268,True
18592,64,9.268,True
18593,64,9.268,True
18594,64,9.268,True
18595,64,9.268,True
18596,64,9.268,True
18597,64,9.268,True
18598,68,9.268,True
18599,68,9.268,True
18600,68,9.268,True
18601,68,9.268,True
18602,68,9.268,True
18603,67,9.268,True
18604,67,9.268,True
18605,67,9.268,True
18606,67,9.268,True
18607,67,9.268,True
18608,67,9.268,True
18609,63,9.268,True
18610,63,9.268,True
18611,65,7.038,True
18612,65,6.36,True
18613,68,6.928,True
18614,68,6.928,True
18615,67,6.928,True
18616,67,6.928,True
18617,64,6.36,True
18618,64,6.36,True
18619,64,6.36,True
18620,67,8.761,True
18621,67,8.761,True
18622,65,8.761,True
18623,65,8.761,True
18624,64,9.396,True
18625,64,9.748,True
18626,67,9.259,True
18627,67,9.259,True
18628,67,9.259,True
18629,68,9.259,True
18630,65,9.867,True
18631,65,9.748,True
18632,65,9.748,True
18633,65,9.748,True
18634,65,9.748,True
18635,68,9.259,True
18636,67,9.743,True
18637,67,9.743,True
18638,67,9.743,True
18639,67,9.743,True
18640,69,9.743,True
18641,69,9.743,True
18642,69,9.743,True
18643,69,9.743,True
18644,69,9.743,True
18645,68,9.743,True
18646,68,9.456,True
18647,68,9.456,True
18648,68,9.456,True
18649,69,9.663,True
18650,67,9.663,True
18651,67,9.663,True
18652,67,9.663,True
18653,67,9.663,True
18654,67,9.663,True
18655,67,9.663,True
18656,68,9.663,True
18657,68,9.663,True
18658,68,9.663,True
18659,68,9.663,True
18660,66,9.663,True
18661,66,9.663,True
18662,66,9.663,True
18663,65,9.675,True
18664,65,9.675,True
18665,66,9.663,True
18666,65,9.743,True
18667,64,9.743,True
18668,64,9.743,True
18669,64,9.743,True
18670,63,9.663,True
18671,63,9.663,True
18672,65,9.663,True
18673,65,9.663,True
18674,65,9.663,True
18675,65,9.663,True
18676,65,9.663,True
18677,65,9.663,True
18678,65,9.663,True
18679,65,9.663,True
18680,63,9.663,True
18681,64,9.663,True
18682,64,9.663,True
18683,64,9.663,True
18684,66,9.663,True
18685,69,9.663,True
18686,69,9.04,True
18687,69,9.04,True
18688,67,9.04,True
18689,67,9.04,True
18690,67,9.04,True
18691,65,9.04,True
18692,65,9.04,True
18693,65,9.04,True
18694,67,9.04,True
18695,67,9.04,True
18696,67,9.04,True
18697,67,9.04,True
18698,64,6.948,True
18699,64,9.139,True
18700,64,9.139,True
18701,64,9.139,True
18702,63,9.139,True
18703,63,9.139,True
18704,64,7.205,True
18705,64,7.205,True
18706,64,7.205,True
18707,65,7.205,True
18708,67,6.091,True
18709,67,6.091,True
18710,69,7.805,True
18711,72,7.805,True
18712,72,7.805,True
18713,72,7.805,True
18714,69,7.805,True
18715,69,7.805,True
18716,70,7.805,True
18717,70,7.805,True
18718,71,7.805,True
18719,71,7.805,True
18720,71,7.805,True
18721,71,7.805,True
18722,69,7.805,True
18723,69,7.805,True
18724,69,7.805,True
18725,69,7.805,True
18726,69,7.805,True
18727,69,7.805,True
18728,67,6.524,True
18729,67,6.524,True
18730,67,6.524,True
18731,67,6.524,True
18732,65,9.139,True
18733,67,9.139,True
18734,67,9.139,True
18735,69,9.139,True
18736,69,9.139,True
18737,72,6.091,True
18738,72,6.091,True
18739,72,6.091,True
18740,72,6.091,True
18741,73,9.489,True
18742,71,9.489,True
18743,71,9.489,True
18744,71,9.489,True
18745,71,9.489,True
18746,71,9.489,True
18747,71,9.489,True
18748,71,9.489,True
18749,71,9.489,True
18750,70,6.091,True
18751,70,6.091,True
18752,70,6.091,True
18753,70,6.091,True
18754,70,6.091,True
18755,70,6.091,True
18756,70,6.948,True
18757,68,6.948,True
18758,67,9.951,True
18759,67,9.951,True
18760,67,9.951,True
18761,67,9.951,True
18762,67,9.951,True
18763,67,9.951,True
18764,67,9.951,True
18765,68,9.951,True
18766,68,9.951,True
18767,68,9.951,True
18768,68,9.951,True
18769,68,9.951,True
18770,68,9.951,True
18771,68,9.951,True
18772,68,9.951,True
18773,68,9.951,True
18774,68,9.951,True
18775,68,9.951,True
18776,68,6.524,True
18777,71,6.366,True
18778,70,6.827,True
18779,70,8.944,True
18780,71,8.944,True
18781,70,6.366,True
18782,70,6.366,True
18783,70,6.366,True
18784,71,8.944,True
18785,70,6.366,True
18786,71,8.944,True
18787,70,6.366,True
18788,70,9.422,True
18789,70,9.422,True
18790,70,9.422,True
18791,71,9.422,True
18792,71,9.422,True
18793,71,9.422,True
18794,71,9.422,True
18795,71,9.422,True
18796,71,9.422,True
18797,71,9.422,True
18798,71,9.422,True
18799,71,9.422,True
18800,71,9.422,True
18801,71,9.422,True
18802,71,9.422,True
18803,71,9.422,True
18804,72,9.422,True
18805,72,9.422,True
18806,72,9.422,True
18807,72,9.422,True
18808,72,9.422,True
18809,71,8.886,True
18810,71,8.886,True
18811,72,8.886,True
18812,75,8.886,True
18813,75,8.886,True
18814,74,8.767,True
18815,74,8.767,True
18816,71,8.767,True
18817,72,8.944,True
18818,70,8.944,True
18819,71,9.278,True
18820,68,9.278,True
18821,68,9.278,True
18822,68,9.278,True
18823,68,9.278,True
18824,68,9.278,True
18825,68,9.278,True
18826,68,9.278,True
18827,70,9.278,True
18828,70,9.278,True
18829,70,9.278,True
18830,70,9.278,True
18831,71,9.278,True
18832,70,9.278,True
18833,72,9.278,True
18834,72,9.278,True
18835,69,9.209,True
18836,70,8.758,True
18837,71,8.758,True
18838,70,8.758,True
18839,71,8.601,True
18840,71,8.601,True
18841,73,8.601,True
18842,73,8.601,True
18843,73,8.601,True
18844,73,8.601,True
18845,73,8.601,True
18846,76,8.601,True
18847,74,9.159,True
18848,75,8.601,True
18849,75,8.601,True
18850,77,8.601,True
18851,77,8.601,True
18852,77,8.601,True
18853,79,8.601,True
18854,78,8.601,True
18855,78,8.601,True
18856,76,8.601,True
18857,74,8.601,True
18858,74,8.601,True
18859,74,8.601,True
18860,70,7.999,True
18861,68,7.999,True
18862,68,7.999,True
18863,68,7.999,True
18864,68,7.999,True
18865,68,7.999,True
18866,68,7.999,True
18867,68,7.999,True
18868,68,7.999,True
18869,68,7.999,True
18870,71,7.999,True
18871,71,7.999,True
18872,72,7.891,True
18873,72,6.935,True
18874,72,6.935,True
18875,72,6.935,True
18876,72,6.935,True
18877,71,6.935,True
18878,71,6.935,True
18879,71,6.935,True
18880,72,7.911,True
18881,72,7.911,True
18882,72,7.911,True
18883,72,7.911,True
18884,72,7.911,True
18885,69,6.927,True
18886,69,6.927,True
18887,68,6.927,True
18888,68,6.927,True
18889,68,6.927,True
18890,68,6.927,True
18891,69,9.514,True
18892,70,6.927,True
18893,70,6.927,True
18894,69,8.172,True
18895,69,8.172,True
18896,70,8.172,True
18897,69,8.172,True
18898,69,8.172,True
18899,68,8.172,True
18900,67,8.172,True
18901,67,8.172,True
18902,67,8.172,True
18903,67,7.579,True
18904,68,6.927,True
18905,69,8.558,True
18906,69,8.558,True
18907,69,8.558,True
18908,69,9.324,True
18909,69,9.324,True
18910,68,9.815,True
18911,68,9.815,True
18912,71,9.815,True
18913,71,9.815,True
18914,71,9.815,True
18915,71,9.815,True
18916,71,9.815,True
18917,71,9.815,True
18918,75,9.815,True
18919,67,9.815,True
18920,69,9.815,True
18921,69,9.815,True
18922,69,9.815,True
18923,69,9.815,True
18924,73,9.815,True
18925,73,7.176,True
18926,72,7.176,True
18927,73,7.176,True
18928,71,6.737,True
18929,68,6.737,True
18930,68,6.737,True
18931,68,8.305,True
18932,69,7.154,True
18933,69,7.154,True
18934,69,9.04,True
18935,70,9.248,True
18936,70,9.248,True
18937,71,9.248,True
18938,71,9.248,True
18939,71,9.248,True
18940,71,9.248,True
18941,72,9.04,True
18942,72,7.267,True
18943,72,7.267,True
18944,72,7.267,True
18945,72,7.267,True
18946,72,7.267,True
18947,72,7.083,True
18948,72,7.083,True
18949,72,7.083,True
18950,73,8.852,True
18951,73,8.852,True
18952,75,8.852,True
18953,75,8.852,True
18954,75,8.144,True
18955,75,8.144,True
18956,77,7.651,True
18957,77,7.651,True
18958,79,7.651,True
18959,77,7.651,True
18960,81,9.567,True
18961,80,9.315,True
18962,80,9.315,True
18963,80,9.315,True
18964,80,9.315,True
18965,81,7.651,True
18966,81,8.01,True
18967,80,8.01,True
18968,80,8.01,True
18969,75,8.01,True
18970,75,8.01,True
18971,76,7.444,True
18972,76,7.679,True
18973,76,7.679,True
18974,78,7.679,True
18975,79,7.444,True
18976,79,7.444,True
18977,79,7.444,True
18978,79,7.444,True
18979,79,7.444,True
18980,79,8.907,True
18981,78,8.907,True
18982,78,8.907,True
18983,73,8.907,True
18984,73,8.907,True
18985,73,8.907,True
18986,72,8.907,True
18987,74,8.907,True
18988,74,8.907,True
18989,74,9.663,True
18990,74,9.663,True
18991,74,9.663,True
18992,74,9.663,True
18993,74,9.663,True
18994,75,9.663,True
18995,79,8.907,True
18996,77,8.907,True
18997,77,8.907,True
18998,78,8.907,True
18999,78,8.907,True
19000,78,8.907,True
19001,78,8.907,True
19002,76,8.907,True
19003,77,7.056,True
19004,76,6.985,True
19005,76,6.985,True
19006,76,6.985,True
19007,74,6.985,True
19008,72,6.985,True
19009,72,6.985,True
19010,73,7.056,True
19011,74,7.056,True
19012,73,7.679,True
19013,72,7.679,True
19014,72,7.679,True
19015,73,7.679,True
19016,73,7.679,True
19017,73,8.719,True
19018,75,8.719,True
19019,74,7.385,True
19020,71,8.154,True
19021,71,8.154,True
19022,70,8.154,True
19023,71,8.154,True
19024,71,8.154,True
19025,72,8.154,True
19026,72,8.154,True
19027,73,7.385,True
19028,73,7.385,True
19029,73,7.385,True
19030,72,8.204,True
19031,72,8.204,True
19032,72,8.204,True
19033,72,7.385,True
19034,77,7.385,True
19035,79,7.385,True
19036,73,9.86,True
19037,75,9.86,True
19038,75,9.86,True
19039,75,9.86,True
19040,73,9.86,True
19041,73,9.86,True
19042,73,9.86,True
19043,73,9.86,True
19044,73,7.385,True
19045,73,7.385,True
19046,75,7.385,True
19047,75,7.385,True
19048,75,7.385,True
19049,79,7.385,True
19050,77,8.697,True
19051,77,8.697,True
19052,76,8.697,True
19053,76,8.697,True
19054,76,9.143,True
19055,72,9.143,True
19056,72,9.143,True
19057,74,9.944,True
19058,75,9.983,True
19059,74,9.944,True
19060,77,9.944,True
19061,77,9.944,True
19062,77,9.944,True
19063,75,9.944,True
19064,75,9.944,True
19065,75,9.944,True
19066,73,9.944,True
19067,68,8.154,True
19068,70,9.099,True
19069,71,9.099,True
19070,71,9.099,True
19071,68,9.806,True
19072,70,9.806,True
19073,69,9.806,True
19074,69,9.806,True
19075,69,9.099,True
19076,69,9.099,True
19077,69,9.099,True
19078,69,8.954,True
19079,71,8.954,True
19080,71,8.954,True
19081,71,8.954,True
19082,70,9.965,True
19083,70,9.965,True
19084,70,9.965,True
19085,70,9.965,True
19086,70,9.965,True
19087,69,8.954,True
19088,69,8.954,True
19089,69,8.954,True
19090,69,8.954,True
19091,69,8.954,True
19092,69,8.954,True
19093,69,8.954,True
19094,71,8.954,True
19095,70,8.954,True
19096,70,8.954,True
19097,69,8.954,True
19098,69,8.954,True
19099,68,8.954,True
19100,68,8.954,True
19101,69,8.954,True
19102,69,9.019,True
19103,69,8.954,True
19104,70,8.954,True
19105,70,8.954,True
19106,70,8.954,True
19107,70,8.954,True
19108,70,8.954,True
19109,70,8.954,True
19110,70,8.954,True
19111,69,8.954,True
19112,69,8.954,True
19113,71,8.954,True
19114,72,9.731,True
19115,75,9.731,True
19116,75,8.954,True
19117,73,8.954,True
19118,77,8.37,True
19119,76,8.741,True
19120,74,8.741,True
19121,74,8.741,True
19122,73,8.37,True
19123,70,8.37,True
19124,72,8.37,True
19125,72,8.37,True
19126,71,7.999,True
19127,68,8.954,True
19128,70,8.954,True
19129,70,8.954,True
19130,72,9.149,True
19131,69,9.149,True
19132,67,8.954,True
19133,67,8.954,True
19134,67,8.954,True
19135,67,8.954,True
19136,70,8.26,True
19137,68,8.624,True
19138,68,8.624,True
19139,65,8.954,True
19140,65,8.954,True
19141,65,8.954,True
19142,65,8.954,True
19143,69,8.954,True
19144,69,8.954,True
19145,68,8.954,True
19146,68,8.954,True
19147,68,8.954,True
19148,68,8.954,True
19149,69,9.277,True
19150,69,9.277,True
19151,70,9.277,True
19152,70,9.277,True
19153,70,9.277,True
19154,70,9.277,True
19155,74,9.742,True
19156,74,9.742,True
19157,75,9.742,True
19158,75,9.742,True
19159,74,9.666,True
19160,74,9.666,True
19161,74,9.666,True
19162,71,8.954,True
19163,73,8.954,True
19164,70,9.2,True
19165,69,9.2,True
19166,69,9.2,True
19167,69,9.2,True
19168,70,8.954,True
19169,71,9.298,True
19170,71,9.298,True
19171,71,9.298,True
19172,71,9.298,True
19173,71,9.298,True
19174,69,9.298,True
19175,73,9.298,True
19176,72,8.954,True
19177,72,8.954,True
19178,70,9.535,True
19179,70,9.535,True
19180,70,9.535,True
19181,75,9.535,True
19182,74,9.535,True
19183,73,9.535,True
19184,76,9.535,True
19185,76,7.875,True
19186,76,7.875,True
19187,73,9.693,True
19188,67,9.693,True
19189,67,9.693,True
19190,67,9.693,True
19191,67,9.693,True
19192,67,9.693,True
19193,68,9.693,True
19194,67,9.897,True
19195,67,9.897,True
19196,65,9.897,True
19197,66,8.954,True
19198,67,7.688,True
19199,69,7.234,True
19200,68,7.234,True
19201,63,7.713,True
19202,65,7.713,True
19203,65,7.713,True
19204,65,7.713,True
19205,66,8.694,True
19206,66,8.694,True
19207,66,8.694,True
19208,67,8.694,True
19209,68,8.694,True
19210,69,7.713,True
19211,69,7.713,True
19212,68,7.713,True
19213,66,7.713,True
19214,67,9.634,True
19215,67,9.634,True
19216,69,9.634,True
19217,67,9.897,True
19218,69,9.897,True
19219,71,9.897,True
19220,69,9.897,True
19221,70,9.634,True
19222,73,9.634,True
19223,73,9.634,True
19224,68,7.351,True
19225,67,9.159,True
19226,65,9.159,True
19227,65,9.159,True
19228,67,9.159,True
19229,66,9.159,True
19230,66,9.159,True
19231,66,9.159,True
19232,67,4.425,True
19233,64,6.683,True
19234,64,6.683,True
19235,64,6.683,True
19236,64,6.683,True
19237,64,6.683,True
19238,64,6.683,True
19239,63,9.897,True
19240,63,9.897,True
19241,65,9.897,True
19242,65,9.897,True
19243,68,9.422,True
19244,68,9.422,True
19245,70,9.422,True
19246,71,9.422,True
19247,72,9.263,True
19248,70,9.263,True
19249,70,9.263,True
19250,70,9.263,True
19251,68,9.263,True
19252,68,9.263,True
19253,68,9.263,True
19254,68,9.263,True
19255,67,9.263,True
19256,67,9.263,True
19257,70,9.263,True
19258,71,9.446,True
19259,71,9.446,True
19260,73,9.263,True
19261,73,9.263,True
19262,71,8.793,True
19263,71,8.793,True
19264,70,9.47,True
19265,70,9.675,True
19266,71,9.47,True
19267,67,9.47,True
19268,68,9.47,True
19269,68,9.47,True
19270,64,9.663,True
19271,66,9.47,True
19272,65,9.47,True
19273,65,9.47,True
19274,65,9.47,True
19275,65,9.47,True
19276,66,9.027,True
19277,66,9.027,True
19278,66,9.027,True
19279,65,9.47,True
19280,65,9.47,True
19281,66,9.532,True
19282,66,9.532,True
19283,66,9.532,True
19284,64,9.663,True
19285,64,9.663,True
19286,64,9.663,True
19287,64,9.663,True
19288,66,9.663,True
19289,66,9.663,True
19290,64,9.663,True
19291,63,9.663,True
19292,62,9.745,True
19293,62,9.745,True
19294,64,9.745,True
19295,64,9.745,True
19296,64,9.745,True
19297,65,9.745,True
19298,65,9.745,True
19299,65,9.745,True
19300,65,9.745,True
19301,65,9.745,True
19302,64,9.745,True
19303,65,9.745,True
19304,65,9.31,True
19305,65,9.31,True
19306,65,9.31,True
19307,65,9.31,True
19308,65,9.31,True
19309,65,9.31,True
19310,65,9.31,True
19311,63,9.31,True
19312,64,9.31,True
19313,63,9.31,True
19314,63,9.31,True
19315,63,9.31,True
19316,63,9.31,True
19317,63,9.31,True
19318,63,9.31,True
19319,63,9.745,True
19320,63,9.31,True
19321,63,9.31,True
19322,63,9.31,True
19323,63,9.31,True
19324,63,9.31,True
19325,64,9.31,True
19326,64,9.31,True
19327,64,9.31,True
19328,66,9.027,True
19329,70,9.027,True
19330,69,9.027,True
19331,67,9.027,True
19332,67,9.027,True
19333,69,8.196,True
19334,71,7.817,True
19335,69,9.31,True
19336,66,9.971,True
19337,66,9.971,True
19338,66,9.971,True
19339,66,9.971,True
19340,68,9.971,True
19341,66,9.971,True
19342,66,9.971,True
19343,64,9.971,True
19344,65,9.971,True
19345,65,9.971,True
19346,66,9.971,True
19347,64,9.31,True
19348,63,9.31,True
19349,66,9.382,True
19350,66,9.382,True
19351,66,9.382,True
19352,66,9.382,True
19353,67,9.382,True
19354,67,9.382,True
19355,67,9.382,True
19356,65,9.382,True
19357,66,9.31,True
19358,68,9.31,True
19359,68,9.31,True
19360,68,9.31,True
19361,68,9.31,True
19362,68,9.31,True
19363,68,9.31,True
19364,68,9.31,True
19365,71,9.31,True
19366,70,8.778,True
19367,70,8.778,True
19368,68,8.696,True
19369,67,8.696,True
19370,67,8.696,True
19371,66,8.696,True
19372,66,8.696,True
19373,67,7.351,True
19374,69,7.351,True
19375,63,7.812,True
19376,66,8.912,True
19377,70,8.912,True
19378,72,8.912,True
19379,72,8.912,True
19380,71,8.273,True
19381,74,8.273,True
19382,71,9.015,True
19383,71,9.015,True
19384,71,9.015,True
19385,71,9.015,True
19386,72,7.45,True
19387,72,7.45,True
19388,69,7.45,True
19389,69,7.45,True
19390,70,8.624,True
19391,70,8.624,True
19392,69,7.45,True
19393,69,9.015,True
19394,73,9.015,True
19395,73,9.015,True
19396,72,9.015,True
19397,72,8.725,True
19398,74,9.243,True
19399,76,9.243,True
19400,76,9.243,True
19401,74,9.243,True
19402,74,9.243,True
19403,74,8.634,True
19404,74,8.634,True
19405,74,8.634,True
19406,69,9.601,True
19407,67,9.601,True
19408,67,9.601,True
19409,67,9.601,True
19410,67,9.601,True
19411,68,9.601,True
19412,68,9.601,True
19413,69,9.601,True
19414,69,9.601,True
19415,69,9.601,True
19416,67,9.768,True
19417,67,9.768,True
19418,68,9.768,True
19419,68,6.626,True
19420,64,6.626,True
19421,65,7.829,True
19422,65,7.829,True
19423,65,7.829,True
19424,71,9.376,True
19425,71,9.376,True
19426,71,9.376,True
19427,70,9.376,True
19428,71,9.376,True
19429,71,9.376,True
19430,71,9.376,True
19431,70,9.768,True
19432,72,5.5,True
19433,70,6.265,True
19434,73,4.724,True
19435,73,4.724,True
19436,73,4.724,True
19437,73,4.724,True
19438,73,4.724,True
19439,71,5.071,True
19440,71,5.071,True
19441,72,5.921,True
19442,67,5.921,True
19443,67,5.921,True
19444,67,8.349,True
19445,68,8.349,True
19446,65,9.768,True
19447,65,9.768,True
19448,65,9.768,True
19449,64,7.724,True
19450,62,9.182,True
19451,62,9.182,True
19452,62,9.182,True
19453,62,9.182,True
19454,63,7.724,True
19455,63,7.724,True
19456,64,7.724,True
19457,64,7.724,True
19458,68,7.724,True
19459,68,7.724,True
19460,68,7.724,True
19461,71,7.724,True
19462,72,7.242,True
19463,72,7.242,True
19464,72,7.242,True
19465,72,7.242,True
19466,70,7.242,True
19467,69,7.806,True
19468,69,7.806,True
19469,69,7.806,True
19470,69,7.806,True
19471,71,8.321,True
19472,69,7.806,True
19473,69,7.806,True
19474,69,7.806,True
19475,69,7.806,True
19476,69,7.806,True
19477,65,9.897,True
19478,66,9.897,True
19479,66,9.897,True
19480,66,9.897,True
19481,66,9.897,True
19482,68,9.897,True
19483,68,9.897,True
19484,68,9.897,True
19485,68,9.897,True
19486,66,9.897,True
19487,69,9.897,True
19488,69,9.897,True
19489,69,9.897,True
19490,66,9.897,True
19491,66,9.897,True
19492,66,9.897,True
19493,66,9.897,True
19494,68,9.897,True
19495,67,9.897,True
19496,67,9.897,True
19497,67,9.897,True
19498,67,9.897,True
19499,67,9.897,True
19500,67,5.921,True
19501,67,5.921,True
19502,67,5.921,True
19503,68,6.641,True
19504,68,7.52,True
19505,69,7.985,True
19506,70,7.52,True
19507,72,7.52,True
19508,72,7.52,True
19509,72,7.52,True
19510,72,7.52,True
19511,70,7.987,True
19512,70,7.987,True
19513,72,8.211,True
19514,72,8.211,True
19515,68,8.211,True
19516,69,8.211,True
19517,69,6.592,True
19518,69,7.671,True
19519,69,7.671,True
19520,69,7.671,True
19521,69,7.671,True
19522,68,7.52,True
19523,67,7.52,True
19524,67,7.52,True
19525,67,7.52,True
19526,68,7.52,True
19527,69,7.52,True
19528,68,7.52,True
19529,68,7.935,True
19530,68,7.935,True
19531,68,7.935,True
19532,68,7.935,True
19533,68,7.935,True
19534,69,9.618,True
19535,70,9.618,True
19536,72,9.618,True
19537,72,9.618,True
19538,72,9.618,True
19539,72,9.618,True
19540,72,9.618,True
19541,72,9.618,True
19542,72,9.618,True
19543,72,9.618,True
19544,69,9.933,True
19545,74,9.933,True
19546,74,9.933,True
19547,74,9.933,True
19548,74,8.377,True
19549,74,8.377,True
19550,74,8.377,True
19551,74,8.377,True
19552,75,8.377,True
19553,75,8.377,True
19554,74,9.591,True
19555,75,9.591,True
19556,75,9.591,True
19557,74,9.591,True
19558,74,9.591,True
19559,74,9.591,True
19560,75,8.428,True
19561,70,7.987,True
19562,69,7.987,True
19563,69,7.987,True
19564,69,7.987,True
19565,68,7.987,True
19566,72,6.04,True
19567,72,6.04,True
19568,72,6.04,True
19569,72,6.04,True
19570,72,6.04,True
19571,69,6.04,True
19572,70,7.671,True
19573,71,8.907,True
19574,73,7.671,True
19575,73,7.671,True
19576,73,7.7,True
19577,74,7.7,True
19578,74,7.7,True
19579,73,7.7,True
19580,71,8.907,True
19581,75,8.907,True
19582,75,8.907,True
19583,75,8.907,True
19584,71,8.907,True
19585,72,8.907,True
19586,72,8.907,True
19587,72,8.907,True
19588,72,8.907,True
19589,72,8.907,True
19590,71,7.671,True
19591,71,7.671,True
19592,71,7.671,True
19593,70,7.549,True
19594,70,9.691,True
19595,70,9.691,True
19596,70,7.096,True
19597,71,7.103,True
19598,74,7.256,True
19599,73,7.256,True
19600,73,6.627,True
19601,73,6.627,True
19602,72,5.637,True
19603,72,5.637,True
19604,72,5.818,True
19605,73,5.818,True
19606,73,5.818,True
19607,73,5.818,True
19608,73,5.818,True
19609,73,5.818,True
19610,71,5.818,True
19611,71,5.818,True
19612,71,5.818,True
19613,70,5.818,True
19614,72,8.288,True
19615,72,8.288,True
19616,72,8.288,True
19617,72,8.288,True
19618,72,8.288,True
19619,72,8.288,True
19620,74,8.288,True
19621,74,8.288,True
19622,75,7.444,True
19623,75,7.444,True
19624,75,7.444,True
19625,75,7.444,True
19626,73,7.444,True
19627,73,7.444,True
19628,75,7.444,True
19629,75,7.444,True
19630,74,7.087,True
19631,71,7.192,True
19632,72,6.375,True
19633,70,6.375,True
19634,69,6.477,True
19635,69,8.317,True
19636,69,8.317,True
19637,69,8.317,True
19638,70,8.317,True
19639,70,8.317,True
19640,70,8.317,True
19641,69,8.317,True
19642,69,8.317,True
19643,71,9.342,True
19644,67,9.342,True
19645,66,9.342,True
19646,66,9.342,True
19647,66,9.342,True
19648,66,9.342,True
19649,67,9.528,True
19650,67,9.528,True
19651,67,9.528,True
19652,67,9.528,True
19653,67,9.528,True
19654,67,9.528,True
19655,71,9.528,True
19656,71,9.528,True
19657,71,9.528,True
19658,71,9.528,True
19659,71,9.528,True
19660,67,9.528,True
19661,65,9.528,True
19662,65,9.528,True
19663,65,9.528,True
19664,67,9.528,True
19665,67,9.528,True
19666,69,9.255,True
19667,69,9.255,True
19668,71,9.303,True
19669,72,9.303,True
19670,74,9.255,True
19671,76,9.342,True
19672,77,9.255,True
19673,78,9.255,True
19674,78,9.255,True
19675,78,9.255,True
19676,79,9.255,True
19677,78,9.663,True
19678,78,9.663,True
19679,78,9.663,True
19680,76,9.663,True
19681,76,9.663,True
19682,76,9.663,True
19683,76,9.663,True
19684,73,9.784,True
19685,73,9.255,True
19686,72,9.255,True
19687,72,9.446,True
19688,72,9.255,True
19689,72,9.255,True
19690,72,9.255,True
19691,72,9.342,True
19692,70,9.97,True
19693,67,9.97,True
19694,64,9.97,True
19695,64,9.97,True
19696,64,9.97,True
19697,64,6.114,True
19698,67,6.114,True
19699,70,6.114,True
19700,68,6.617,True
19701,71,6.617,True
19702,70,8.764,True
19703,69,8.764,True
19704,69,8.764,True
19705,69,8.764,True
19706,70,8.525,True
19707,69,8.525,True
19708,69,5.283,True
19709,67,9.897,True
19710,70,9.897,True
19711,71,9.897,True
19712,68,9.897,True
19713,70,9.897,True
19714,70,9.897,True
19715,70,9.897,True
19716,72,9.897,True
19717,72,9.897,True
19718,71,9.897,True
19719,71,9.897,True
19720,71,9.897,True
19721,68,9.897,True
19722,65,9.897,True
19723,64,9.897,True
19724,64,9.897,True
19725,65,9.663,True
19726,65,9.663,True
19727,65,9.663,True
19728,65,9.663,True
19729,66,9.663,True
19730,67,9.663,True
19731,66,9.663,True
19732,64,9.663,True
19733,64,9.663,True
19734,64,9.663,True
19735,70,9.663,True
19736,70,9.663,True
19737,64,9.663,True
19738,63,9.663,True
19739,67,9.663,True
19740,66,9.663,True
19741,65,9.663,True
19742,70,8.854,True
19743,70,8.854,True
19744,67,8.317,True
19745,67,8.317,True
19746,62,9.446,True
19747,62,9.446,True
19748,64,9.835,True
19749,64,9.835,True
19750,64,9.835,True
19751,67,9.835,True
19752,67,9.835,True
19753,67,9.835,True
19754,67,9.835,True
19755,67,9.835,True
19756,69,9.835,True
19757,69,9.835,True
19758,67,9.835,True
19759,67,9.835,True
19760,67,9.835,True
19761,64,9.835,True
19762,63,9.446,True
19763,63,9.446,True
19764,64,9.446,True
19765,64,9.446,True
19766,64,9.446,True
19767,64,9.446,True
19768,64,9.446,True
19769,64,9.446,True
19770,66,9.446,True
19771,66,9.446,True
19772,68,9.446,True
19773,68,9.446,True
19774,71,9.506,True
19775,71,9.506,True
19776,68,9.506,True
19777,68,9.446,True
19778,69,9.446,True
19779,70,8.907,True
19780,70,8.907,True
19781,70,8.907,True
19782,70,8.907,True
19783,73,8.907,True
19784,72,8.907,True
19785,69,8.907,True
19786,69,8.907,True
19787,67,8.907,True
19788,67,8.907,True
19789,67,8.907,True
19790,68,8.147,True
19791,68,8.147,True
19792,68,8.147,True
19793,69,7.777,True
19794,69,7.777,True
19795,67,7.777,True
19796,69,8.305,True
19797,69,8.305,True
19798,68,7.777,True
19799,71,7.777,True
19800,69,9.663,True
19801,69,9.663,True
19802,67,9.663,True
19803,68,9.663,True
19804,65,9.663,True
19805,63,9.663,True
19806,63,9.663,True
19807,63,8.272,True
19808,64,6.387,True
19809,64,6.387,True
19810,64,9.663,True
19811,64,9.663,True
19812,64,9.663,True
19813,71,9.663,True
19814,64,9.663,True
19815,64,9.663,True
19816,65,7.777,True
19817,64,7.777,True
19818,65,8.907,True
19819,65,8.907,True
19820,65,8.907,True
19821,65,8.907,True
19822,65,8.907,True
19823,70,8.907,True
19824,68,8.907,True
19825,68,8.907,True
19826,68,8.907,True
19827,71,8.907,True
19828,73,8.907,True
19829,73,8.907,True
19830,72,8.771,True
19831,73,7.777,True
19832,73,7.777,True
19833,74,9.056,True
19834,73,9.056,True
19835,70,9.056,True
19836,69,9.056,True
19837,69,9.056,True
19838,70,9.056,True
19839,70,9.056,True
19840,69,9.651,True
19841,69,9.651,True
19842,71,9.356,True
19843,71,9.356,True
19844,73,9.309,True
19845,73,9.056,True
19846,73,9.056,True
19847,73,9.056,True
19848,73,9.056,True
19849,72,7.649,True
19850,72,5.939,True
19851,72,9.675,True
19852,74,9.675,True
19853,74,9.675,True
19854,74,9.675,True
19855,74,9.675,True
19856,74,9.675,True
19857,74,9.675,True
19858,72,9.675,True
19859,72,9.675,True
19860,72,9.675,True
19861,72,9.675,True
19862,72,9.675,True
19863,72,9.675,True
19864,72,9.675,True
19865,72,9.675,True
19866,72,9.675,True
19867,72,9.675,True
19868,71,9.675,True
19869,70,9.675,True
19870,72,9.675,True
19871,76,9.675,True
19872,76,9.675,True
19873,76,9.675,True
19874,74,9.675,True
19875,75,9.675,True
19876,75,9.675,True
19877,77,9.675,True
19878,75,9.675,True
19879,75,9.675,True
19880,77,9.675,True
19881,77,9.675,True
19882,77,9.675,True
19883,78,9.675,True
19884,81,8.673,True
19885,78,8.673,True
19886,78,8.804,True
19887,78,8.673,True
19888,78,8.673,True
19889,77,8.673,True
19890,77,8.673,True
19891,77,8.673,True
19892,77,8.673,True
19893,77,8.673,True
19894,77,8.673,True
19895,77,8.673,True
19896,77,8.673,True
19897,77,8.673,True
19898,76,8.673,True
19899,73,8.673,True
19900,75,8.673,True
19901,75,8.673,True
19902,75,8.673,True
19903,75,8.673,True
19904,73,8.673,True
19905,73,8.673,True
19906,72,8.673,True
19907,72,8.673,True
19908,69,8.673,True
19909,72,9.238,True
19910,72,9.238,True
19911,72,9.238,True
19912,72,9.238,True
19913,72,9.238,True
19914,74,8.804,True
19915,74,8.804,True
19916,74,8.804,True
19917,74,8.804,True
19918,74,8.804,True
19919,74,8.804,True
19920,74,8.804,True
19921,74,8.804,True
19922,74,8.804,True
19923,74,8.804,True
19924,76,8.804,True
19925,76,8.804,True
19926,77,8.804,True
19927,75,8.804,True
19928,75,8.804,True
19929,75,8.804,True
19930,74,8.27,True
19931,74,8.27,True
19932,73,8.27,True
19933,73,8.27,True
19934,78,8.27,True
19935,78,8.27,True
19936,78,8.27,True
19937,78,8.27,True
19938,78,7.572,True
19939,75,7.572,True
19940,73,7.572,True
19941,73,7.572,True
19942,72,8.427,True
19943,72,8.427,True
19944,73,7.888,True
19945,75,7.892,True
19946,75,7.892,True
19947,75,7.892,True
19948,75,8.084,True
19949,75,8.448,True
19950,74,8.448,True
19951,72,8.427,True
19952,72,8.427,True
19953,74,8.427,True
19954,74,8.427,True
19955,70,8.427,True
19956,70,8.427,True
19957,70,8.427,True
19958,70,8.427,True
19959,70,8.427,True
19960,70,8.648,True
19961,70,8.648,True
19962,71,8.648,True
19963,71,8.648,True
19964,73,8.648,True
19965,74,8.648,True
19966,75,7.888,True
19967,74,9.997,True
19968,74,9.997,True
19969,74,9.997,True
19970,74,9.997,True
19971,72,9.997,True
19972,70,7.888,True
19973,69,8.744,True
19974,69,8.744,True
19975,69,8.744,True
19976,69,8.744,True
19977,68,8.744,True
19978,68,8.744,True
19979,66,8.744,True
19980,68,8.744,True
19981,66,8.744,True
19982,66,8.744,True
19983,66,8.744,True
19984,64,8.744,True
19985,68,8.744,True
19986,68,8.744,True
19987,70,9.31,True
19988,66,9.31,True
19989,66,9.31,True
19990,66,9.31,True
19991,66,9.31,True
19992,66,9.31,True
19993,66,9.31,True
19994,71,9.31,True
19995,69,9.31,True
19996,69,9.31,True
19997,66,9.731,True
19998,67,9.521,True
19999,67,9.521,True
20000,67,9.521,True
20001,67,9.521,True
20002,67,9.521,True
20003,67,9.521,True
20004,67,9.521,True
20005,67,9.521,True
20006,67,9.521,True
20007,69,9.521,True
20008,69,9.521,True
20009,69,9.521,True
20010,71,7.351,True
20011,74,7.351,True
20012,74,7.351,True
20013,75,7.351,True
20014,76,7.351,True
20015,75,9.446,True
20016,75,9.446,True
20017,74,9.446,True
20018,74,9.446,True
20019,74,9.446,True
20020,74,9.446,True
20021,73,9.446,True
20022,73,9.446,True
20023,73,9.446,True
20024,73,9.446,True
20025,73,9.446,True
20026,73,9.446,True
20027,72,9.446,True
20028,72,9.446,True
20029,73,9.446,True
20030,69,9.446,True
20031,70,9.446,True
20032,70,9.446,True
20033,71,9.446,True
20034,71,9.446,True
20035,70,7.41,True
20036,70,7.41,True
20037,70,7.41,True
20038,70,7.267,True
20039,69,9.413,True
20040,69,9.413,True
20041,69,9.413,True
20042,69,9.413,True
20043,69,9.413,True
20044,67,9.413,True
20045,67,9.413,True
20046,65,9.413,True
20047,65,9.413,True
20048,67,9.413,True
20049,67,9.413,True
20050,67,9.413,True
20051,67,9.413,True
20052,66,9.897,True
20053,66,9.897,True
20054,66,9.897,True
20055,65,9.897,True
20056,65,9.897,True
20057,65,9.897,True
20058,66,9.897,True
20059,66,9.897,True
20060,66,9.897,True
20061,66,9.897,True
20062,65,9.897,True
20063,65,9.897,True
20064,65,9.897,True
20065,67,9.897,True
20066,67,9.897,True
20067,67,9.897,True
20068,70,9.413,True
20069,68,8.954,True
20070,68,8.954,True
20071,65,8.954,True
20072,65,8.954,True
20073,65,8.954,True
20074,65,8.954,True
20075,65,8.954,True
20076,67,8.954,True
20077,64,8.954,True
20078,63,8.954,True
20079,65,7.482,True
20080,65,7.482,True
20081,66,7.482,True
20082,63,9.099,True
20083,63,9.099,True
20084,63,9.099,True
20085,63,9.099,True
20086,63,9.099,True
20087,63,9.099,True
20088,63,9.099,True
20089,67,9.099,True
20090,67,9.099,True
20091,66,9.099,True
20092,66,9.099,True
20093,67,7.855,True
20094,68,7.855,True
20095,66,8.764,True
20096,65,9.099,True
20097,65,9.099,True
20098,67,9.624,True
20099,69,9.624,True
20100,67,9.624,True
20101,64,9.099,True
20102,64,9.099,True
20103,64,9.099,True
20104,64,9.099,True
20105,65,9.099,True
20106,65,9.099,True
20107,64,9.099,True
20108,64,9.099,True
20109,64,9.099,True
20110,64,9.099,True
20111,64,9.099,True
20112,64,9.099,True
20113,64,9.099,True
20114,64,9.099,True
20115,64,9.099,True
20116,67,9.099,True
20117,67,9.099,True
20118,67,9.099,True
20119,69,9.099,True
20120,72,8.764,True
20121,72,8.764,True
20122,71,8.764,True
20123,71,8.764,True
20124,74,8.162,True
20125,74,8.162,True
20126,74,8.162,True
20127,74,8.162,True
20128,71,8.764,True
20129,71,8.764,True
20130,68,9.099,True
20131,67,9.099,True
20132,67,9.099,True
20133,67,9.099,True
20134,67,9.099,True
20135,67,8.764,True
20136,67,8.764,True
20137,67,8.764,True
20138,67,8.764,True
20139,67,8.764,True
20140,67,8.764,True
20141,67,8.764,True
20142,64,8.764,True
20143,64,8.764,True
20144,64,8.764,True
20145,64,8.764,True
20146,64,8.764,True
20147,64,8.764,True
20148,64,8.764,True
20149,64,8.764,True
20150,64,8.764,True
20151,64,8.764,True
20152,65,8.764,True
20153,65,8.764,True
20154,65,8.764,True
20155,65,8.764,True
20156,66,8.764,True
20157,66,8.764,True
20158,66,8.764,True
20159,66,8.764,True
20160,64,8.764,True
20161,64,8.764,True
20162,64,8.764,True
20163,65,8.162,True
20164,65,8.162,True
20165,65,8.162,True
20166,65,8.162,True
20167,69,7.171,True
20168,70,8.694,True
20169,69,9.099,True
20170,64,9.099,True
20171,64,9.099,True
20172,65,9.099,True
20173,65,9.099,True
20174,65,9.099,True
20175,65,9.099,True
20176,65,9.099,True
20177,65,9.099,True
20178,65,9.099,True
20179,66,8.694,True
20180,66,8.694,True
20181,70,8.694,True
20182,70,8.694,True
20183,70,8.694,True
20184,72,8.694,True
20185,72,8.694,True
20186,72,8.694,True
20187,70,8.694,True
20188,68,8.694,True
20189,68,8.694,True
20190,71,9.424,True
20191,71,9.424,True
20192,71,9.424,True
20193,69,8.694,True
20194,67,8.694,True
20195,66,8.694,True
20196,66,8.694,True
20197,68,8.694,True
20198,67,8.694,True
20199,67,8.694,True
20200,67,8.694,True
20201,71,8.694,True
20202,67,8.694,True
20203,67,8.694,True
20204,67,8.694,True
20205,67,8.694,True
20206,67,8.694,True
20207,65,8.694,True
20208,63,8.694,True
20209,62,8.694,True
20210,62,8.694,True
20211,62,8.694,True
20212,62,8.694,True
20213,62,8.694,True
20214,63,6.719,True
20215,63,6.719,True
20216,63,6.719,True
20217,64,6.719,True
20218,64,6.719,True
20219,64,6.719,True
20220,64,6.719,True
20221,63,6.609,True
20222,63,6.609,True
20223,64,6.954,True
20224,67,6.954,True
20225,67,6.954,True
20226,66,6.609,True
20227,66,6.609,True
20228,66,6.609,True
20229,67,6.927,True
20230,67,6.927,True
20231,66,6.609,True
20232,66,6.609,True
20233,66,9.61,True
20234,66,9.61,True
20235,66,9.61,True
20236,66,9.61,True
20237,66,9.61,True
20238,66,9.61,True
20239,66,9.61,True
20240,66,6.609,True
20241,68,8.17,True
20242,67,8.17,True
20243,67,8.764,True
20244,67,8.764,True
20245,67,8.17,True
20246,67,8.17,True
20247,65,7.056,True
20248,65,7.056,True
20249,66,6.609,True
20250,73,6.609,True
20251,72,7.171,True
20252,66,6.609,True
20253,66,6.609,True
20254,66,6.609,True
20255,66,6.609,True
20256,66,7.155,True
20257,66,7.155,True
20258,66,7.155,True
20259,67,7.155,True
20260,68,6.609,True
20261,68,6.609,True
20262,68,6.609,True
20263,68,6.609,True
20264,69,8.536,True
20265,69,8.536,True
20266,69,8.536,True
20267,71,6.609,True
20268,71,6.609,True
20269,68,9.314,True
20270,67,8.954,True
20271,67,8.954,True
20272,67,8.954,True
20273,67,8.954,True
20274,67,8.954,True
20275,66,8.954,True
20276,66,8.954,True
20277,66,8.954,True
20278,66,8.954,True
20279,67,7.896,True
20280,67,8.764,True
20281,66,8.764,True
20282,65,8.764,True
20283,64,9.004,True
20284,64,9.004,True
20285,66,9.004,True
20286,66,9.004,True
20287,64,9.004,True
20288,64,9.004,True
20289,64,9.004,True
20290,64,9.004,True
20291,64,9.004,True
20292,64,9.004,True
20293,62,9.004,True
20294,62,9.004,True
20295,64,9.004,True
20296,66,9.004,True
20297,64,9.004,True
20298,64,9.004,True
20299,64,9.004,True
20300,66,9.004,True
20301,68,9.004,True
20302,68,9.004,True
20303,68,9.004,True
20304,64,9.004,True
20305,64,9.004,True
20306,64,9.004,True
20307,65,9.004,True
20308,67,7.642,True
20309,65,6.607,True
20310,65,6.607,True
20311,65,6.607,True
20312,65,6.607,True
20313,65,6.607,True
20314,65,6.607,True
20315,66,5.069,True
20316,66,5.069,True
20317,64,4.171,True
20318,64,4.171,True
20319,62,6.927,True
20320,60,5.381,True
20321,60,5.381,True
20322,60,5.381,True
20323,60,6.551,True
20324,60,6.551,True
20325,61,6.551,True
20326,61,5.381,True
20327,60,9.601,True
20328,60,9.601,True
20329,60,9.601,True
20330,62,5.381,True
20331,62,5.381,True
20332,62,5.381,True
20333,62,5.381,True
20334,62,5.381,True
20335,61,5.381,True
20336,61,5.381,True
20337,63,5.069,True
20338,63,5.069,True
20339,61,5.381,True
20340,62,5.381,True
20341,65,3.346,True
20342,66,9.31,True
20343,66,9.31,True
20344,68,9.31,True
20345,68,9.31,True
20346,68,9.31,True
20347,67,9.31,True
20348,67,9.31,True
20349,67,9.31,True
20350,65,9.31,True
20351,64,9.31,True
20352,63,9.31,True
20353,61,9.31,True
20354,61,9.31,True
20355,61,9.31,True
20356,61,9.31,True
20357,61,9.31,True
20358,61,9.31,True
20359,62,9.31,True
20360,62,9.31,True
20361,63,9.31,True
20362,63,9.31,True
20363,67,9.31,True
20364,65,9.367,True
20365,63,9.367,True
20366,63,9.367,True
20367,63,9.367,True
20368,64,9.367,True
20369,69,9.367,True
20370,69,9.367,True
20371,71,7.806,True
20372,70,9.31,True
20373,66,9.31,True
20374,68,9.655,True
20375,68,9.655,True
20376,68,9.655,True
20377,66,9.31,True
20378,67,6.683,True
20379,67,6.683,True
20380,66,6.683,True
20381,66,6.683,True
20382,66,6.683,True
20383,69,6.683,True
20384,69,6.683,True
20385,68,9.73,True
20386,68,9.73,True
20387,68,9.73,True
20388,68,9.73,True
20389,68,9.73,True
20390,68,9.73,True
20391,68,9.73,True
20392,71,7.111,True
20393,70,6.134,True
20394,70,6.134,True
20395,67,6.134,True
20396,67,6.134,True
20397,67,6.134,True
20398,67,9.232,True
20399,67,9.232,True
20400,67,9.232,True
20401,67,9.232,True
20402,67,9.232,True
20403,67,9.232,True
20404,69,7.549,True
20405,70,7.647,True
20406,71,9.532,True
20407,71,9.532,True
20408,71,9.532,True
20409,71,9.532,True
20410,75,9.532,True
20411,75,9.532,True
20412,75,9.532,True
20413,76,9.532,True
20414,74,9.17,True
20415,74,9.17,True
20416,71,9.17,True
20417,71,7.552,True
20418,72,7.647,True
20419,72,7.647,True
20420,69,7.647,True
20421,70,7.647,True
20422,70,7.647,True
20423,70,7.647,True
20424,72,7.647,True
20425,75,7.647,True
20426,75,7.647,True
20427,75,7.647,True
20428,75,7.647,True
20429,73,7.647,True
20430,71,7.647,True
20431,73,7.647,True
20432,73,7.647,True
20433,73,7.647,True
20434,78,7.036,True
20435,77,7.036,True
20436,74,7.679,True
20437,73,7.679,True
20438,70,7.679,True
20439,70,7.679,True
20440,70,7.679,True
20441,73,7.679,True
20442,73,7.679,True
20443,71,8.1,True
20444,68,8.397,True
20445,68,8.397,True
20446,68,8.397,True
20447,68,8.397,True
20448,68,8.397,True
20449,66,8.397,True
20450,66,8.397,True
20451,66,8.397,True
20452,65,9.745,True
20453,65,9.745,True
20454,65,9.745,True
20455,65,9.745,True
20456,65,9.745,True
20457,67,9.745,True
20458,65,9.663,True
20459,65,9.663,True
20460,63,9.663,True
20461,69,9.663,True
20462,70,9.566,True
20463,70,9.566,True
20464,74,9.566,True
20465,72,9.775,True
20466,71,9.775,True
20467,72,9.775,True
20468,67,9.775,True
20469,66,9.775,True
20470,67,9.775,True
20471,67,9.775,True
20472,67,9.775,True
20473,67,9.775,True
20474,65,9.775,True
20475,66,9.775,True
20476,66,9.775,True
20477,65,9.775,True
20478,66,9.775,True
20479,66,9.775,True
20480,68,9.775,True
20481,68,9.775,True
20482,68,9.775,True
20483,68,9.775,True
20484,68,9.775,True
20485,68,9.775,True
20486,69,9.775,True
20487,67,9.775,True
20488,67,9.775,True
20489,67,9.775,True
20490,68,9.775,True
20491,71,9.775,True
20492,72,9.775,True
20493,72,9.775,True
20494,72,9.775,True
20495,72,9.775,True
20496,72,9.775,True
20497,72,9.775,True
20498,75,9.663,True
20499,72,9.775,True
20500,66,9.775,True
20501,66,9.775,True
20502,67,9.775,True
20503,65,9.775,True
20504,65,9.775,True
20505,65,9.775,True
20506,65,9.775,True
20507,67,9.663,True
20508,67,9.663,True
20509,67,9.663,True
20510,67,9.296,True
20511,65,9.775,True
20512,67,9.775,True
20513,67,9.775,True
20514,67,9.775,True
20515,69,9.775,True
20516,67,9.775,True
20517,67,9.775,True
20518,70,9.663,True
20519,72,9.663,True
20520,72,9.663,True
20521,71,9.663,True
20522,72,9.663,True
20523,71,9.663,True
20524,71,9.663,True
20525,69,9.663,True
20526,71,9.663,True
20527,71,9.663,True
20528,71,9.663,True
20529,72,9.663,True
20530,74,9.663,True
20531,75,9.663,True
20532,73,9.663,True
20533,72,9.663,True
20534,72,9.682,True
20535,71,9.682,True
20536,71,9.682,True
20537,71,9.682,True
20538,68,9.775,True
20539,69,9.775,True
20540,68,9.775,True
20541,68,9.775,True
20542,68,9.775,True
20543,68,9.775,True
20544,68,9.775,True
20545,68,9.775,True
20546,73,9.775,True
20547,71,9.775,True
20548,66,9.775,True
20549,66,9.775,True
20550,66,9.775,True
20551,66,9.775,True
20552,66,9.775,True
20553,66,9.775,True
20554,66,9.775,True
20555,66,9.775,True
20556,66,9.775,True
20557,66,9.775,True
20558,65,9.775,True
20559,65,9.775,True
20560,65,9.775,True
20561,65,9.775,True
20562,65,9.775,True
20563,65,9.775,True
20564,68,9.31,True
20565,68,9.31,True
20566,68,9.31,True
20567,70,8.314,True
20568,70,8.314,True
20569,70,8.314,True
20570,73,8.314,True
20571,73,8.314,True
20572,76,9.651,True
20573,75,9.651,True
20574,75,9.651,True
20575,75,9.651,True
20576,73,9.651,True
20577,73,9.651,True
20578,73,9.651,True
20579,73,9.651,True
20580,73,9.651,True
20581,71,9.651,True
20582,71,9.651,True
20583,71,9.651,True
20584,71,9.651,True
20585,71,9.651,True
20586,71,9.651,True
20587,72,9.651,True
20588,72,9.651,True
20589,72,9.651,True
20590,72,9.651,True
20591,71,9.651,True
20592,73,9.674,True
20593,73,9.674,True
20594,70,9.674,True
20595,68,9.651,True
20596,68,9.651,True
20597,67,9.651,True
20598,68,9.31,True
20599,68,9.31,True
20600,68,9.31,True
20601,68,9.31,True
20602,68,9.31,True
20603,71,9.31,True
20604,67,9.601,True
20605,67,9.601,True
20606,68,9.601,True
20607,68,9.601,True
20608,68,9.601,True
20609,68,9.601,True
20610,68,9.601,True
20611,68,9.775,True
20612,71,9.601,True
20613,71,9.601,True
20614,68,9.601,True
20615,68,9.601,True
20616,68,9.601,True
20617,68,9.601,True
20618,68,9.601,True
20619,69,9.601,True
20620,68,9.601,True
20621,68,9.601,True
20622,69,9.601,True
20623,69,9.601,True
20624,71,9.601,True
20625,70,9.601,True
20626,70,9.601,True
20627,70,9.601,True
20628,68,9.601,True
20629,68,9.601,True
20630,68,9.601,True
20631,71,9.601,True
20632,68,9.601,True
20633,69,9.601,True
20634,72,9.601,True
20635,72,9.601,True
20636,72,9.775,True
20637,71,9.775,True
20638,74,9.775,True
20639,72,9.775,True
20640,71,9.775,True
20641,70,9.775,True
20642,68,9.775,True
20643,68,9.775,True
20644,68,9.775,True
20645,68,8.154,True
20646,68,8.154,True
20647,69,8.154,True
20648,69,8.154,True
20649,69,8.154,True
20650,72,6.641,True
20651,72,8.791,True
20652,72,8.791,True
20653,77,6.641,True
20654,77,6.641,True
20655,76,6.641,True
20656,74,8.53,True
20657,74,8.53,True
20658,74,6.641,True
20659,74,6.641,True
20660,70,6.641,True
20661,74,6.641,True
20662,74,6.641,True
20663,75,6.829,True
20664,75,6.829,True
20665,75,6.829,True
20666,76,8.527,True
20667,78,8.527,True
20668,77,8.48,True
20669,77,8.48,True
20670,76,7.987,True
20671,75,5.781,True
20672,75,5.781,True
20673,75,5.781,True
20674,74,5.38,True
20675,77,5.38,True
20676,77,5.38,True
20677,77,5.38,True
20678,77,5.38,True
20679,77,5.38,True
20680,76,8.347,True
20681,76,8.347,True
20682,76,8.347,True
20683,77,8.347,True
20684,75,8.347,True
20685,73,8.347,True
20686,73,9.203,True
20687,74,9.153,True
20688,74,9.153,True
20689,74,9.153,True
20690,74,9.153,True
20691,72,9.153,True
20692,70,9.935,True
20693,70,9.935,True
20694,70,9.935,True
20695,67,9.935,True
20696,67,9.935,True
20697,67,9.935,True
20698,67,9.935,True
20699,67,9.935,True
20700,70,9.153,True
20701,73,8.78,True
20702,73,9.043,True
20703,70,9.935,True
20704,70,9.935,True
20705,70,9.935,True
20706,70,9.935,True
20707,72,8.78,True
20708,72,8.78,True
20709,72,7.18,True
20710,72,7.18,True
20711,72,9.935,True
20712,74,9.935,True
20713,76,9.935,True
20714,71,9.935,True
20715,71,9.935,True
20716,72,9.935,True
20717,72,9.935,True
20718,72,9.935,True
20719,72,9.935,True
20720,72,9.935,True
20721,72,9.249,True
20722,72,9.249,True
20723,72,9.249,True
20724,72,9.249,True
20725,72,9.249,True
20726,72,9.249,True
20727,72,9.249,True
20728,70,9.249,True
20729,73,8.989,True
20730,71,8.989,True
20731,71,9.951,True
20732,71,9.951,True
20733,69,9.951,True
20734,69,9.951,True
20735,68,9.951,True
20736,68,9.951,True
20737,68,9.951,True
20738,67,9.951,True
20739,66,9.159,True
20740,66,9.159,True
20741,68,9.159,True
20742,68,9.159,True
20743,68,9.159,True
20744,70,9.159,True
20745,70,9.159,True
20746,68,9.159,True
20747,66,9.159,True
20748,65,9.159,True
20749,66,9.159,True
20750,66,9.159,True
20751,67,9.951,True
20752,66,9.139,True
20753,67,9.139,True
20754,67,9.139,True
20755,67,9.139,True
20756,67,9.139,True
20757,66,9.139,True
20758,66,9.139,True
20759,70,9.678,True
20760,70,9.678,True
20761,70,9.678,True
20762,70,9.678,True
20763,66,9.139,True
20764,66,9.139,True
20765,66,9.139,True
20766,63,9.139,True
20767,63,9.139,True
20768,63,9.139,True
20769,66,9.139,True
20770,68,8.02,True
20771,68,8.02,True
20772,68,8.02,True
20773,68,8.02,True
20774,67,8.02,True
20775,71,8.02,True
20776,71,8.02,True
20777,69,8.02,True
20778,69,8.02,True
20779,69,8.02,True
20780,69,8.02,True
20781,69,8.02,True
20782,69,9.139,True
20783,69,9.139,True
20784,67,9.139,True
20785,68,9.51,True
20786,67,9.51,True
20787,67,9.798,True
20788,67,9.798,True
20789,67,9.798,True
20790,67,9.798,True
20791,66,9.139,True
20792,68,9.367,True
20793,69,9.367,True
20794,69,9.367,True
20795,69,9.367,True
20796,71,8.02,True
20797,69,8.02,True
20798,68,5.921,True
20799,68,5.921,True
20800,69,6.938,True
20801,69,6.938,True
20802,68,5.921,True
20803,71,9.297,True
20804,71,9.297,True
20805,71,9.297,True
20806,70,9.297,True
20807,70,9.297,True
20808,70,9.297,True
20809,70,9.297,True
20810,73,9.297,True
20811,75,9.643,True
20812,73,9.643,True
20813,74,9.297,True
20814,74,9.297,True
20815,73,9.297,True
20816,73,9.297,True
20817,73,9.297,True
20818,74,8.584,True
20819,72,6.502,True
20820,70,6.985,True
20821,69,5.398,True
20822,66,8.409,True
20823,66,8.409,True
20824,66,8.409,True
20825,66,8.409,True
20826,66,8.409,True
20827,67,8.409,True
20828,68,8.409,True
20829,66,8.409,True
20830,66,8.409,True
20831,66,8.409,True
20832,65,8.409,True
20833,65,7.451,True
20834,65,7.451,True
20835,63,7.451,True
20836,62,9.139,True
20837,62,9.139,True
20838,62,9.139,True
20839,62,9.139,True
20840,62,9.139,True
20841,62,9.139,True
20842,62,9.139,True
20843,62,9.139,True
20844,62,9.139,True
20845,62,9.139,True
20846,62,9.139,True
20847,62,9.139,True
20848,62,9.139,True
20849,62,9.139,True
20850,62,9.139,True
20851,66,9.139,True
20852,62,9.139,True
20853,62,9.139,True
20854,66,9.139,True
20855,70,9.139,True
20856,66,9.139,True
20857,66,9.139,True
20858,66,9.139,True
20859,65,9.139,True
20860,66,8.409,True
20861,66,9.951,True
20862,66,9.951,True
20863,66,9.951,True
20864,66,9.951,True
20865,68,9.951,True
20866,68,9.951,True
20867,66,9.951,True
20868,65,9.139,True
20869,65,9.139,True
20870,65,9.139,True
20871,65,9.139,True
20872,65,9.139,True
20873,65,9.139,True
20874,65,9.139,True
20875,64,9.139,True
20876,64,9.139,True
20877,63,9.139,True
20878,63,9.139,True
20879,63,9.139,True
20880,63,9.139,True
20881,63,9.139,True
20882,65,9.139,True
20883,63,9.139,True
20884,63,9.139,True
20885,63,9.139,True
20886,64,9.139,True
20887,68,8.409,True
20888,68,8.409,True
20889,69,8.409,True
20890,69,8.155,True
20891,73,8.155,True
20892,73,8.155,True
20893,72,7.527,True
20894,69,7.527,True
20895,69,7.527,True
20896,65,7.451,True
20897,64,7.451,True
20898,66,7.451,True
20899,66,7.451,True
20900,64,7.451,True
20901,64,7.451,True
20902,64,7.451,True
20903,64,7.451,True
20904,64,8.409,True
20905,63,8.409,True
20906,63,8.409,True
20907,65,9.081,True
20908,65,9.081,True
20909,65,9.081,True
20910,65,9.081,True
20911,67,6.123,True
20912,67,6.123,True
20913,70,9.693,True
20914,71,7.807,True
20915,70,9.693,True
20916,69,9.693,True
20917,67,9.693,True
20918,67,9.693,True
20919,67,9.693,True
20920,71,9.708,True
20921,68,9.708,True
20922,68,9.708,True
20923,68,9.708,True
20924,69,9.708,True
20925,69,9.708,True
20926,69,9.708,True
20927,69,9.708,True
20928,69,9.708,True
20929,72,9.708,True
20930,72,9.708,True
20931,72,9.394,True
20932,72,9.394,True
20933,72,9.883,True
20934,70,9.883,True
20935,70,9.883,True
20936,70,9.883,True
20937,70,9.883,True
20938,76,9.883,True
20939,70,9.883,True
20940,69,9.883,True
20941,69,9.883,True
20942,69,9.883,True
20943,69,9.883,True
20944,69,9.883,True
20945,71,9.883,True
20946,70,9.899,True
20947,71,9.883,True
20948,71,9.883,True
20949,71,9.883,True
20950,71,9.883,True
20951,71,9.883,True
20952,70,9.358,True
20953,70,9.358,True
20954,70,9.358,True
20955,70,9.358,True
20956,68,9.693,True
20957,70,9.693,True
20958,70,9.693,True
20959,68,9.693,True
20960,68,9.693,True
20961,68,9.358,True
20962,67,9.358,True
20963,67,9.358,True
20964,67,9.358,True
20965,67,9.358,True
20966,73,9.358,True
20967,73,9.358,True
20968,73,9.358,True
20969,71,7.581,True
20970,71,7.581,True
20971,72,7.581,True
20972,70,6.018,True
20973,71,9.883,True
20974,71,9.883,True
20975,73,9.883,True
20976,73,9.883,True
20977,73,9.883,True
20978,71,9.883,True
20979,72,9.883,True
20980,71,9.883,True
20981,72,9.883,True
20982,72,9.883,True
20983,72,9.883,True
20984,70,9.674,True
20985,70,9.674,True
20986,68,9.674,True
20987,68,9.674,True
20988,68,9.674,True
20989,68,9.674,True
20990,68,9.674,True
20991,72,9.674,True
20992,72,9.674,True
20993,70,9.33,True
20994,70,9.33,True
20995,67,9.33,True
20996,67,9.33,True
20997,67,9.33,True
20998,67,9.33,True
20999,66,7.351,True
21000,68,7.351,True
21001,68,7.351,True
21002,68,7.351,True
21003,68,7.351,True
21004,68,7.351,True
21005,66,8.831,True
21006,69,8.831,True
21007,69,8.831,True
21008,69,8.831,True
21009,69,8.831,True
21010,69,8.831,True
21011,69,8.831,True
21012,70,8.831,True
21013,70,8.822,True
21014,72,6.609,True
21015,75,8.633,True
21016,74,8.633,True
21017,74,8.633,True
21018,74,8.633,True
21019,74,8.633,True
21020,70,8.633,True
21021,70,8.633,True
21022,70,8.131,True
21023,73,8.131,True
21024,73,8.131,True
21025,73,8.131,True
21026,73,8.131,True
21027,73,8.131,True
21028,70,6.624,True
21029,69,6.624,True
21030,69,6.624,True
21031,69,6.624,True
21032,67,6.624,True
21033,67,6.624,True
21034,67,6.624,True
21035,67,6.609,True
21036,67,6.609,True
21037,67,6.609,True
21038,67,4.724,True
21039,67,4.724,True
21040,67,4.724,True
21041,67,4.724,True
21042,66,4.724,True
21043,66,4.724,True
21044,66,4.724,True
21045,66,4.724,True
21046,68,5.265,True
21047,68,6.609,True
21048,68,6.609,True
21049,68,6.609,True
21050,68,6.609,True
21051,74,6.998,True
21052,75,8.073,True
21053,73,8.073,True
21054,72,6.998,True
21055,72,6.998,True
21056,72,6.998,True
21057,72,6.998,True
21058,72,6.998,True
21059,72,6.998,True
21060,72,6.998,True
21061,72,6.998,True
21062,71,6.624,True
21063,74,6.624,True
21064,74,6.624,True
21065,75,8.073,True
21066,79,8.073,True
21067,79,8.073,True
21068,79,8.073,True
21069,79,8.073,True
21070,79,8.073,True
21071,79,8.073,True
21072,79,8.073,True
21073,79,8.073,True
21074,79,8.073,True
21075,77,8.314,True
21076,77,8.073,True
21077,74,8.073,True
21078,74,8.073,True
21079,73,8.073,True
21080,73,8.073,True
21081,73,8.073,True
21082,73,8.073,True
21083,70,8.073,True
21084,70,8.073,True
21085,72,8.073,True
21086,70,8.073,True
21087,70,8.073,True
21088,70,8.073,True
21089,70,8.073,True
21090,70,8.073,True
21091,68,8.073,True
21092,69,8.073,True
21093,69,8.073,True
21094,69,8.073,True
21095,66,8.073,True
21096,66,8.073,True
21097,68,8.073,True
21098,68,8.073,True
21099,67,7.643,True
21100,66,7.643,True
21101,66,7.643,True
21102,68,7.572,True
21103,66,7.572,True
21104,67,7.572,True
21105,67,7.572,True
21106,67,7.572,True
21107,65,7.643,True
21108,65,7.643,True
21109,65,7.643,True
21110,64,7.643,True
21111,66,8.154,True
21112,66,8.154,True
21113,66,7.643,True
21114,66,7.643,True
21115,66,7.643,True
21116,66,7.643,True
21117,68,8.073,True
21118,66,7.643,True
21119,67,7.643,True
21120,67,7.643,True
21121,68,9.883,True
21122,69,9.883,True
21123,67,9.883,True
21124,67,9.883,True
21125,67,9.883,True
21126,67,9.883,True
21127,68,9.883,True
21128,68,9.883,True
21129,67,9.883,True
21130,67,9.883,True
21131,67,9.883,True
21132,66,6.091,True
21133,67,6.091,True
21134,66,6.091,True
21135,64,6.927,True
21136,66,9.474,True
21137,66,9.474,True
21138,66,9.474,True
21139,66,9.474,True
21140,66,9.474,True
21141,66,9.474,True
21142,67,9.474,True
21143,63,9.474,True
21144,63,9.474,True
21145,66,9.474,True
21146,63,9.474,True
21147,63,9.474,True
21148,65,9.474,True
21149,65,9.474,True
21150,63,9.474,True
21151,63,9.474,True
21152,63,9.474,True
21153,63,9.474,True
21154,63,9.474,True
21155,65,7.451,True
21156,63,9.474,True
21157,66,8.685,True
21158,67,7.451,True
21159,67,7.451,True
21160,67,7.451,True
21161,67,7.451,True
21162,67,7.451,True
21163,67,8.623,True
21164,70,9.915,True
21165,70,9.915,True
21166,70,9.915,True
21167,70,9.915,True
21168,70,9.915,True
21169,70,9.997,True
21170,69,6.927,True
21171,69,6.927,True
21172,71,6.444,True
21173,69,5.566,True
21174,69,5.566,True
21175,73,8.785,True
21176,73,8.785,True
21177,71,8.785,True
21178,71,8.785,True
21179,71,8.785,True
21180,72,8.785,True
21181,72,8.785,True
21182,72,8.785,True
21183,70,9.685,True
21184,68,9.685,True
21185,67,7.353,True
21186,67,7.353,True
21187,67,7.353,True
21188,67,7.353,True
21189,69,7.353,True
21190,67,7.353,True
21191,67,7.353,True
21192,67,7.353,True
21193,66,7.353,True
21194,67,7.353,True
21195,66,9.238,True
21196,70,9.238,True
21197,72,7.819,True
21198,72,7.819,True
21199,68,7.451,True
21200,67,7.451,True
21201,69,7.038,True
21202,69,7.178,True
21203,69,7.178,True
21204,69,7.178,True
21205,69,7.178,True
21206,69,7.178,True
21207,66,7.178,True
21208,65,7.52,True
21209,65,7.52,True
21210,65,7.52,True
21211,65,7.52,True
21212,65,7.52,True
21213,65,7.038,True
21214,65,7.038,True
21215,66,7.038,True
21216,66,7.038,True
21217,66,7.038,True
21218,67,9.298,True
21219,66,7.038,True
21220,66,7.038,True
21221,66,7.038,True
21222,72,8.199,True
21223,72,8.199,True
21224,71,9.033,True
21225,70,9.033,True
21226,70,8.199,True
21227,67,9.298,True
21228,68,8.669,True
21229,68,8.669,True
21230,68,8.669,True
21231,70,8.669,True
21232,70,8.669,True
21233,70,8.669,True
21234,70,8.669,True
21235,70,8.669,True
21236,70,8.669,True
21237,67,9.446,True
21238,67,9.446,True
21239,68,9.446,True
21240,67,9.446,True
21241,67,9.446,True
21242,67,9.446,True
21243,67,9.446,True
21244,72,9.446,True
21245,72,9.446,True
21246,72,9.446,True
21247,72,9.446,True
21248,71,9.298,True
21249,71,9.298,True
21250,70,9.298,True
21251,69,9.298,True
21252,67,9.298,True
21253,68,9.298,True
21254,68,9.298,True
21255,68,9.298,True
21256,69,9.298,True
21257,73,9.656,True
21258,72,9.656,True
21259,72,9.656,True
21260,72,9.663,True
21261,72,9.663,True
21262,68,9.663,True
21263,67,9.663,True
21264,67,9.663,True
21265,67,9.663,True
21266,66,9.663,True
21267,66,9.663,True
21268,66,9.663,True
21269,66,9.663,True
21270,70,9.663,True
21271,70,9.663,True
21272,69,9.663,True
21273,69,9.663,True
21274,66,9.663,True
21275,66,9.663,True
21276,66,9.663,True
21277,62,9.663,True
21278,63,9.663,True
21279,63,9.663,True
21280,67,9.663,True
21281,67,9.663,True
21282,67,9.663,True
21283,71,9.302,True
21284,69,9.38,True
21285,69,9.38,True
21286,69,9.056,True
21287,65,9.663,True
21288,65,9.663,True
21289,65,9.663,True
21290,65,9.663,True
21291,64,9.663,True
21292,64,9.663,True
21293,66,9.663,True
21294,66,9.663,True
21295,65,9.663,True
21296,65,9.663,True
21297,64,9.663,True
21298,66,9.663,True
21299,66,9.663,True
21300,64,9.663,True
21301,64,9.663,True
21302,64,9.663,True
21303,64,9.663,True
21304,64,9.663,True
21305,64,9.663,True
21306,70,8.267,True
21307,64,9.663,True
21308,64,9.663,True
21309,61,9.663,True
21310,61,9.663,True
21311,61,9.663,True
21312,64,9.663,True
21313,66,9.663,True
21314,66,9.663,True
21315,66,9.663,True
21316,66,9.663,True
21317,63,9.663,True
21318,63,9.663,True
21319,63,9.663,True
21320,66,9.663,True
21321,64,9.663,True
21322,67,9.675,True
21323,67,6.607,True
21324,68,9.298,True
21325,70,9.298,True
21326,70,9.298,True
21327,68,9.477,True
21328,66,9.477,True
21329,64,9.477,True
21330,64,9.477,True
21331,65,9.477,True
21332,65,9.477,True
21333,65,9.477,True
21334,65,9.477,True
21335,65,9.477,True
21336,65,9.477,True
21337,64,9.477,True
21338,64,9.477,True
21339,64,9.477,True
21340,64,9.477,True
21341,64,9.477,True
21342,64,9.477,True
21343,64,9.477,True
21344,64,9.477,True
21345,64,9.477,True
21346,64,9.477,True
21347,64,9.477,True
21348,64,9.477,True
21349,64,9.477,True
21350,64,9.477,True
21351,64,9.477,True
21352,65,9.477,True
21353,65,9.477,True
21354,67,9.477,True
21355,67,9.477,True
21356,67,9.477,True
21357,72,9.298,True
21358,72,9.298,True
21359,72,9.298,True
21360,69,9.748,True
21361,70,9.748,True
21362,70,9.748,True
21363,70,9.748,True
21364,69,9.748,True
21365,70,9.748,True
21366,68,9.748,True
21367,66,9.477,True
21368,65,9.477,True
21369,66,9.477,True
21370,66,9.477,True
21371,66,9.477,True
21372,66,9.477,True
21373,64,9.663,True
21374,66,9.663,True
21375,72,9.663,True
21376,73,9.663,True
21377,73,9.663,True
21378,73,9.663,True
21379,73,9.663,True
21380,73,9.663,True
21381,67,9.663,True
21382,67,9.663,True
21383,67,9.663,True
21384,70,9.746,True
21385,70,9.746,True
21386,71,9.663,True
21387,73,9.663,True
21388,71,9.663,True
21389,71,9.663,True
21390,71,9.663,True
21391,71,9.663,True
21392,71,9.663,True
21393,73,5.782,True
21394,74,5.537,True
21395,73,8.317,True
21396,73,8.317,True
21397,73,8.317,True
21398,73,8.317,True
21399,70,9.381,True
21400,70,9.381,True
21401,72,9.939,True
21402,74,9.939,True
21403,74,9.939,True
21404,75,9.492,True
21405,75,9.492,True
21406,74,9.939,True
21407,75,9.939,True
21408,73,9.939,True
21409,74,9.939,True
21410,74,9.939,True
21411,74,9.939,True
21412,74,9.939,True
21413,74,9.939,True
21414,74,9.939,True
21415,78,9.939,True
21416,74,9.939,True
21417,74,9.939,True
21418,75,9.939,True
21419,74,9.939,True
21420,76,9.786,True
21421,75,9.786,True
21422,74,9.786,True
21423,74,9.786,True
21424,76,9.786,True
21425,74,6.902,True
21426,75,6.902,True
21427,75,9.6,True
21428,73,8.53,True
21429,73,8.53,True
21430,73,9.302,True
21431,73,9.302,True
21432,73,9.302,True
21433,72,9.302,True
21434,72,9.302,True
21435,72,9.302,True
21436,72,9.302,True
21437,73,6.902,True
21438,73,6.902,True
21439,73,6.902,True
21440,73,6.902,True
21441,67,6.902,True
21442,68,6.934,True
21443,67,6.934,True
21444,67,6.934,True
21445,64,6.934,True
21446,67,9.007,True
21447,67,9.007,True
21448,69,9.007,True
21449,69,9.007,True
21450,69,9.007,True
21451,67,9.007,True
21452,66,9.007,True
21453,66,9.007,True
21454,66,9.007,True
21455,65,5.537,True
21456,65,5.175,True
21457,65,5.175,True
21458,63,9.911,True
21459,63,9.911,True
21460,63,9.911,True
21461,65,9.911,True
21462,65,9.223,True
21463,65,9.223,True
21464,67,4.907,True
21465,66,4.907,True
21466,66,4.907,True
21467,66,4.907,True
21468,65,6.366,True
21469,67,8.136,True
21470,67,8.136,True
21471,67,8.136,True
21472,68,6.366,True
21473,65,6.366,True
21474,65,5.175,True
21475,65,5.175,True
21476,65,5.175,True
21477,68,9.056,True
21478,68,9.056,True
21479,68,9.056,True
21480,67,9.056,True
21481,65,7.267,True
21482,65,7.267,True
21483,66,7.267,True
21484,66,7.267,True
21485,66,7.267,True
21486,65,7.267,True
21487,65,7.267,True
21488,65,7.267,True
21489,64,8.002,True
21490,64,8.002,True
21491,70,9.856,True
21492,71,9.86,True
21493,71,9.86,True
21494,71,9.856,True
21495,71,9.856,True
21496,71,9.856,True
21497,71,9.856,True
21498,71,9.856,True
21499,71,9.856,True
21500,71,9.856,True
21501,70,9.856,True
21502,71,9.856,True
21503,71,9.856,True
21504,71,9.856,True
21505,72,9.856,True
21506,72,9.856,True
21507,76,9.663,True
21508,77,9.663,True
21509,78,9.663,True
21510,78,9.663,True
21511,77,8.511,True
21512,77,8.511,True
21513,77,8.511,True
21514,76,8.511,True
21515,76,8.511,True
21516,74,7.267,True
21517,74,7.267,True
21518,76,8.511,True
21519,76,8.511,True
21520,76,8.511,True
21521,72,5.921,True
21522,72,7.267,True
21523,75,8.923,True
21524,72,7.267,True
21525,72,9.027,True
21526,72,9.027,True
21527,72,9.027,True
21528,73,8.967,True
21529,73,7.806,True
21530,75,7.267,True
21531,75,7.267,True
21532,75,7.267,True
21533,73,8.415,True
21534,69,7.267,True
21535,65,7.267,True
21536,65,7.267,True
21537,65,7.267,True
21538,66,7.267,True
21539,66,7.267,True
21540,66,7.256,True
21541,66,7.256,True
21542,66,7.256,True
21543,70,8.487,True
21544,70,5.921,True
21545,69,6.794,True
21546,67,9.26,True
21547,67,7.86,True
21548,74,7.808,True
21549,67,7.86,True
21550,67,7.86,True
21551,67,7.86,True
21552,67,7.86,True
21553,70,8.156,True
21554,74,8.156,True
21555,74,8.156,True
21556,75,8.156,True
21557,75,8.156,True
21558,75,8.156,True
21559,72,7.86,True
21560,68,7.351,True
21561,70,7.351,True
21562,70,7.351,True
21563,67,8.073,True
21564,67,8.073,True
21565,67,8.073,True
21566,68,5.921,True
21567,68,5.921,True
21568,68,5.921,True
21569,68,5.921,True
21570,67,6.241,True
21571,71,8.397,True
21572,71,8.397,True
21573,71,8.397,True
21574,69,8.511,True
21575,69,8.511,True
21576,72,8.511,True
21577,69,8.511,True
21578,69,8.511,True
21579,69,8.511,True
21580,65,8.511,True
21581,65,8.511,True
21582,65,8.511,True
21583,65,8.511,True
21584,65,8.511,True
21585,65,8.511,True
21586,65,8.511,True
21587,65,8.511,True
21588,65,8.511,True
21589,68,8.511,True
21590,68,8.511,True
21591,68,8.511,True
21592,68,8.511,True
21593,69,8.511,True
21594,69,8.511,True
21595,66,8.511,True
21596,66,9.477,True
21597,66,9.477,True
21598,69,9.477,True
21599,69,9.477,True
21600,66,9.477,True
21601,66,9.477,True
21602,66,9.477,True
21603,66,9.477,True
21604,71,9.987,True
21605,70,9.987,True
21606,68,9.987,True
21607,72,9.987,True
21608,72,9.987,True
21609,72,9.987,True
21610,71,9.477,True
21611,72,9.477,True
21612,72,9.477,True
21613,74,8.397,True
21614,72,8.397,True
21615,72,8.397,True
21616,72,8.397,True
21617,72,8.397,True
21618,72,7.343,True
21619,72,7.343,True
21620,72,7.166,True
21621,72,7.166,True
21622,71,6.902,True
21623,72,7.891,True
21624,72,7.891,True
21625,73,8.397,True
21626,73,8.397,True
21627,73,8.397,True
21628,73,8.397,True
21629,72,8.397,True
21630,69,8.397,True
21631,69,9.223,True
21632,70,8.397,True
21633,70,8.397,True
21634,70,8.397,True
21635,69,7.891,True
21636,69,7.891,True
21637,69,7.891,True
21638,69,7.891,True
21639,69,6.64,True
21640,69,6.64,True
21641,69,6.64,True
21642,68,6.702,True
21643,68,6.702,True
21644,67,6.702,True
21645,70,8.205,True
21646,72,8.205,True
21647,72,8.205,True
21648,70,8.205,True
21649,70,8.205,True
21650,71,8.205,True
21651,71,8.205,True
21652,70,8.205,True
21653,70,8.205,True
21654,66,9.798,True
21655,68,6.718,True
21656,68,8.397,True
21657,70,6.062,True
21658,70,6.062,True
21659,66,9.798,True
21660,67,9.798,True
21661,68,9.798,True
21662,65,9.798,True
21663,65,9.798,True
21664,66,9.798,True
21665,66,9.798,True
21666,66,9.798,True
21667,66,9.798,True
21668,65,9.798,True
21669,65,9.798,True
21670,65,9.798,True
21671,72,9.798,True
21672,72,9.798,True
21673,73,9.798,True
21674,73,9.798,True
21675,73,9.798,True
21676,69,9.798,True
21677,69,9.798,True
21678,69,9.798,True
21679,68,9.798,True
21680,68,9.798,True
21681,66,6.954,True
21682,66,6.493,True
21683,67,8.744,True
21684,67,8.744,True
21685,70,8.744,True
21686,69,7.491,True
21687,69,7.491,True
21688,71,7.491,True
21689,70,9.71,True
21690,70,9.71,True
21691,70,9.71,True
21692,71,7.614,True
21693,71,7.614,True
21694,71,7.614,True
21695,71,8.465,True
21696,70,8.465,True
21697,69,8.465,True
21698,69,8.465,True
21699,71,8.465,True
21700,72,5.402,True
21701,72,5.402,True
21702,70,3.722,True
21703,70,6.773,True
21704,70,6.773,True
21705,70,3.722,True
21706,70,3.722,True
21707,70,3.722,True
21708,71,3.722,True
21709,69,3.722,True
21710,74,5.517,True
21711,72,5.517,True
21712,72,5.517,True
21713,73,5.9,True
21714,73,5.9,True
21715,75,6.495,True
21716,73,5.9,True
21717,72,5.9,True
21718,72,5.9,True
21719,72,9.31,True
21720,71,9.31,True
21721,72,9.31,True
21722,71,9.31,True
21723,69,9.897,True
21724,72,9.31,True
21725,71,9.31,True
21726,72,9.31,True
21727,72,9.31,True
21728,73,7.256,True
21729,73,7.256,True
21730,73,9.988,True
21731,71,9.988,True
21732,68,9.988,True
21733,68,9.988,True
21734,68,9.988,True
21735,65,9.988,True
21736,65,9.988,True
21737,73,9.988,True
21738,72,9.988,True
21739,73,9.31,True
21740,71,9.31,True
21741,71,9.31,True
21742,70,9.31,True
21743,67,9.78,True
21744,68,9.78,True
21745,68,9.31,True
21746,68,9.31,True
21747,72,7.44,True
21748,72,7.44,True
21749,68,9.31,True
21750,65,9.31,True
21751,67,9.31,True
21752,67,9.31,True
21753,65,9.748,True
21754,66,9.748,True
21755,69,9.748,True
21756,70,9.748,True
21757,69,9.748,True
21758,72,9.748,True
21759,71,8.251,True
21760,68,8.251,True
21761,68,8.251,True
21762,68,8.251,True
21763,67,9.899,True
21764,67,9.899,True
21765,67,9.899,True
21766,70,9.899,True
21767,70,9.899,True
21768,71,8.251,True
21769,70,8.578,True
21770,70,8.578,True
21771,69,8.251,True
21772,74,8.736,True
21773,73,8.736,True
21774,74,8.736,True
21775,77,8.736,True
21776,77,8.736,True
21777,77,8.736,True
21778,76,8.736,True
21779,76,8.736,True
21780,76,8.736,True
21781,76,8.736,True
21782,73,8.736,True
21783,73,8.736,True
21784,74,8.736,True
21785,75,7.79,True
21786,75,7.79,True
21787,79,7.79,True
21788,78,9.675,True
21789,78,9.675,True
21790,79,9.675,True
21791,78,9.675,True
21792,78,9.675,True
21793,78,9.675,True
21794,73,9.675,True
21795,71,9.675,True
21796,71,9.675,True
21797,68,9.675,True
21798,68,9.675,True
21799,70,9.675,True
21800,71,9.675,True
21801,69,9.675,True
21802,69,9.675,True
21803,69,9.675,True
21804,69,9.675,True
21805,68,9.675,True
21806,71,9.675,True
21807,74,9.675,True
21808,74,9.675,True
21809,75,9.675,True
21810,77,9.476,True
21811,76,6.985,True
21812,76,6.985,True
21813,79,9.542,True
21814,80,9.542,True
21815,79,9.542,True
21816,79,9.542,True
21817,79,9.542,True
21818,79,9.542,True
21819,78,9.542,True
21820,78,9.542,True
21821,79,9.542,True
21822,79,9.542,True
21823,77,9.542,True
21824,77,9.542,True
21825,78,9.542,True
21826,78,9.542,True
21827,78,9.542,True
21828,75,9.542,True
21829,75,9.542,True
21830,76,9.542,True
21831,75,6.985,True
21832,75,6.985,True
21833,75,6.985,True
21834,74,6.985,True
21835,74,6.985,True
21836,76,6.985,True
21837,81,6.985,True
21838,77,6.985,True
21839,77,6.985,True
21840,76,6.985,True
21841,71,6.985,True
21842,71,6.985,True
21843,72,9.663,True
21844,73,9.663,True
21845,75,6.985,True
21846,73,9.663,True
21847,73,9.663,True
21848,73,9.663,True
21849,73,9.663,True
21850,73,9.663,True
21851,70,7.056,True
21852,71,7.056,True
21853,70,9.535,True
21854,74,9.535,True
21855,74,9.535,True
21856,72,9.535,True
21857,72,9.535,True
21858,72,9.535,True
21859,72,9.535,True
21860,72,9.535,True
21861,72,9.535,True
21862,72,9.535,True
21863,69,8.319,True
21864,67,8.954,True
21865,67,8.954,True
21866,67,8.954,True
21867,67,8.954,True
21868,67,8.954,True
21869,67,8.954,True
21870,67,8.954,True
21871,67,8.954,True
21872,68,8.954,True
21873,68,8.954,True
21874,67,8.954,True
21875,67,8.954,True
21876,67,8.954,True
21877,67,8.954,True
21878,68,8.954,True
21879,71,8.204,True
21880,71,8.204,True
21881,71,8.204,True
21882,71,8.204,True
21883,71,8.204,True
21884,71,8.204,True
21885,71,8.204,True
21886,70,8.954,True
21887,70,8.954,True
21888,71,8.954,True
21889,68,8.954,True
21890,70,8.204,True
21891,70,8.204,True
21892,69,9.314,True
21893,69,9.314,True
21894,69,9.314,True
21895,70,6.609,True
21896,70,7.943,True
21897,67,7.943,True
21898,67,7.943,True
21899,67,7.943,True
21900,67,7.943,True
21901,72,7.461,True
21902,74,6.037,True
21903,70,6.037,True
21904,69,6.683,True
21905,67,6.683,True
21906,66,6.683,True
21907,68,7.614,True
21908,68,7.614,True
21909,68,7.614,True
21910,66,6.683,True
21911,68,5.582,True
21912,68,5.582,True
21913,69,7.165,True
21914,69,9.535,True
21915,68,9.535,True
21916,68,9.535,True
21917,68,9.535,True
21918,68,9.535,True
21919,66,9.535,True
21920,66,6.609,True
21921,68,8.349,True
21922,66,8.349,True
21923,66,8.349,True
21924,66,8.349,True
21925,66,8.349,True
21926,64,7.832,True
21927,64,7.832,True
21928,64,7.832,True
21929,66,9.95,True
21930,66,9.95,True
21931,66,9.95,True
21932,66,8.744,True
21933,68,9.637,True
21934,68,9.637,True
21935,68,9.637,True
21936,68,9.637,True
21937,69,9.637,True
21938,69,9.637,True
21939,72,9.637,True
21940,72,9.637,True
21941,72,9.637,True
21942,72,9.637,True
21943,70,9.637,True
21944,70,9.637,True
21945,73,7.832,True
21946,73,7.832,True
21947,73,7.832,True
21948,73,9.649,True
21949,71,9.649,True
21950,71,9.649,True
21951,71,7.832,True
21952,69,7.832,True
21953,69,9.649,True
21954,69,9.649,True
21955,69,8.791,True
21956,68,8.791,True
21957,66,8.791,True
21958,67,8.791,True
21959,69,6.609,True
21960,69,6.609,True
21961,70,8.962,True
21962,70,8.962,True
21963,74,7.572,True
21964,73,7.877,True
21965,73,7.877,True
21966,73,7.877,True
21967,73,7.877,True
21968,68,7.572,True
21969,68,7.572,True
21970,71,9.013,True
21971,71,9.013,True
21972,71,9.013,True
21973,71,9.013,True
21974,71,9.013,True
21975,71,9.013,True
21976,71,9.013,True
21977,72,8.683,True
21978,72,8.683,True
21979,72,8.683,True
21980,71,8.683,True
21981,70,8.683,True
21982,69,8.683,True
21983,69,8.683,True
21984,71,8.486,True
21985,71,8.486,True
21986,72,8.486,True
21987,71,8.486,True
21988,71,8.486,True
21989,71,8.486,True
21990,71,8.486,True
21991,69,6.609,True
21992,71,6.609,True
21993,72,7.643,True
21994,72,7.643,True
21995,71,6.609,True
21996,71,6.609,True
21997,69,6.609,True
21998,67,6.609,True
21999,70,6.609,True
22000,71,6.609,True
22001,71,6.609,True
22002,70,6.609,True
22003,71,6.806,True
22004,69,7.882,True
22005,69,7.882,True
22006,69,8.349,True
22007,68,8.349,True
22008,67,8.349,True
22009,69,8.349,True
22010,69,8.349,True
22011,69,8.349,True
22012,69,8.349,True
22013,68,9.223,True
22014,68,9.223,True
22015,68,9.223,True
22016,68,9.223,True
22017,68,9.223,True
22018,66,9.223,True
22019,66,9.223,True
22020,67,9.223,True
22021,67,9.223,True
22022,67,9.223,True
22023,67,9.357,True
22024,67,9.357,True
22025,67,9.357,True
22026,67,9.357,True
22027,67,9.357,True
22028,67,9.357,True
22029,67,9.357,True
22030,67,9.357,True
22031,65,9.357,True
22032,65,9.357,True
22033,66,8.954,True
22034,66,8.954,True
22035,68,8.954,True
22036,69,8.954,True
22037,73,7.877,True
22038,74,7.877,True
22039,78,9.304,True
22040,85,9.304,True
22041,85,9.304,True
22042,80,9.304,True
22043,78,7.351,True
22044,75,7.351,True
22045,73,7.351,True
22046,75,7.351,True
22047,75,7.351,True
22048,72,7.351,True
22049,72,7.351,True
22050,73,7.147,True
22051,73,7.147,True
22052,73,7.147,True
22053,73,8.511,True
22054,73,8.511,True
22055,73,8.511,True
22056,73,8.511,True
22057,73,8.511,True
22058,73,8.511,True
22059,73,8.511,True
22060,72,7.147,True
22061,72,7.147,True
22062,65,8.954,True
22063,65,8.954,True
22064,64,8.954,True
22065,64,8.954,True
22066,65,8.954,True
22067,69,7.807,True
22068,65,8.954,True
22069,68,8.954,True
22070,68,8.954,True
22071,65,8.954,True
22072,65,8.954,True
22073,65,8.954,True
22074,66,8.954,True
22075,66,8.954,True
22076,68,9.099,True
22077,68,9.099,True
22078,68,9.099,True
22079,66,9.099,True
22080,68,9.099,True
22081,66,9.099,True
22082,66,9.099,True
22083,67,9.099,True
22084,67,9.099,True
22085,67,9.099,True
22086,70,9.004,True
22087,70,8.954,True
22088,70,8.954,True
22089,70,8.954,True
22090,70,8.954,True
22091,70,8.954,True
22092,70,8.954,True
22093,70,8.954,True
22094,69,8.954,True
22095,69,8.954,True
22096,67,8.954,True
22097,67,8.954,True
22098,67,8.954,True
22099,67,8.954,True
22100,66,8.954,True
22101,68,9.031,True
22102,68,9.031,True
22103,68,9.031,True
22104,68,9.031,True
22105,68,9.031,True
22106,68,9.031,True
22107,68,9.031,True
22108,68,8.954,True
22109,66,8.954,True
22110,66,8.954,True
22111,66,8.954,True
22112,69,8.954,True
22113,69,8.954,True
22114,68,9.747,True
22115,68,9.747,True
22116,68,9.747,True
22117,68,9.747,True
22118,68,9.747,True
22119,68,9.747,True
22120,68,9.747,True
22121,68,9.747,True
22122,66,9.747,True
22123,66,9.747,True
22124,66,9.747,True
22125,66,9.747,True
22126,66,9.747,True
22127,66,9.747,True
22128,66,9.747,True
22129,66,9.747,True
22130,66,9.747,True
22131,66,9.747,True
22132,64,8.954,True
22133,64,8.954,True
22134,67,7.353,True
22135,64,8.954,True
22136,64,8.954,True
22137,64,8.954,True
22138,65,9.528,True
22139,65,9.528,True
22140,65,9.528,True
22141,68,9.528,True
22142,68,9.528,True
22143,68,9.528,True
22144,68,9.528,True
22145,68,9.528,True
22146,69,9.528,True
22147,69,9.528,True
22148,69,9.528,True
22149,69,9.528,True
22150,69,9.528,True
22151,66,9.601,True
22152,66,9.528,True
22153,66,9.528,True
22154,66,9.528,True
22155,66,9.528,True
22156,66,9.528,True
22157,66,9.528,True
22158,66,9.528,True
22159,66,9.528,True
22160,66,9.528,True
22161,66,9.528,True
22162,66,9.528,True
22163,66,9.528,True
22164,66,9.528,True
22165,66,9.528,True
22166,65,9.528,True
22167,65,9.528,True
22168,66,9.528,True
22169,69,9.528,True
22170,69,9.528,True
22171,68,8.954,True
22172,67,9.777,True
22173,67,9.777,True
22174,67,9.777,True
22175,65,9.777,True
22176,67,9.777,True
22177,67,9.777,True
22178,68,9.298,True
22179,68,9.298,True
22180,68,9.298,True
22181,68,9.298,True
22182,68,9.298,True
22183,66,9.298,True
22184,66,9.298,True
22185,66,9.298,True
22186,66,9.298,True
22187,66,9.298,True
22188,66,9.298,True
22189,65,9.298,True
22190,65,9.298,True
22191,65,9.298,True
22192,70,9.298,True
22193,70,9.298,True
22194,73,9.298,True
22195,76,9.298,True
22196,75,9.298,True
22197,75,9.298,True
22198,75,9.298,True
22199,73,9.298,True
22200,75,9.67,True
22201,76,9.67,True
22202,73,9.67,True
22203,73,9.67,True
22204,73,9.67,True
22205,73,9.67,True
22206,71,9.298,True
22207,73,9.298,True
22208,73,9.298,True
22209,74,9.298,True
22210,74,9.298,True
22211,74,9.298,True
22212,74,9.298,True
22213,70,9.298,True
22214,70,9.298,True
22215,70,7.817,True
22216,74,9.181,True
22217,75,9.181,True
22218,79,9.249,True
22219,77,9.249,True
22220,77,9.883,True
22221,75,9.883,True
22222,75,9.883,True
22223,75,9.883,True
22224,69,9.883,True
22225,69,9.883,True
22226,69,9.883,True
22227,69,9.883,True
22228,69,9.883,True
22229,69,9.883,True
22230,69,9.883,True
22231,67,9.883,True
22232,68,9.883,True
22233,68,9.883,True
22234,68,9.883,True
22235,68,9.883,True
22236,68,9.883,True
22237,68,9.883,True
22238,68,9.883,True
22239,68,9.883,True
22240,69,9.883,True
22241,69,9.883,True
22242,69,9.883,True
22243,69,9.883,True
22244,71,9.883,True
22245,72,9.883,True
22246,69,9.883,True
22247,69,9.883,True
22248,69,9.883,True
22249,69,9.883,True
22250,69,9.883,True
22251,66,9.883,True
22252,69,9.883,True
22253,69,9.883,True
22254,73,9.883,True
22255,73,9.883,True
22256,71,9.883,True
22257,71,9.883,True
22258,71,9.883,True
22259,72,9.883,True
22260,72,9.883,True
22261,72,9.883,True
22262,71,8.75,True
22263,73,8.75,True
22264,73,8.75,True
22265,75,8.75,True
22266,73,8.75,True
22267,71,8.048,True
22268,71,8.048,True
22269,71,8.048,True
22270,71,8.048,True
22271,71,8.048,True
22272,74,9.013,True
22273,71,8.048,True
22274,71,8.048,True
22275,69,8.675,True
22276,69,8.675,True
22277,69,8.675,True
22278,71,7.74,True
22279,71,7.74,True
22280,71,7.74,True
22281,71,7.74,True
22282,71,7.74,True
22283,72,7.74,True
22284,71,7.74,True
22285,71,9.675,True
22286,71,9.675,True
22287,67,9.675,True
22288,68,9.768,True
22289,68,9.768,True
22290,71,9.768,True
22291,71,9.768,True
22292,69,7.74,True
22293,69,7.74,True
22294,69,7.74,True
22295,69,7.74,True
22296,68,7.74,True
22297,62,7.74,True
22298,63,8.696,True
22299,63,8.696,True
22300,64,8.696,True
22301,64,8.696,True
22302,64,8.696,True
22303,68,8.696,True
22304,70,8.696,True
22305,69,8.696,True
22306,69,8.696,True
22307,68,8.696,True
22308,68,8.696,True
22309,67,8.696,True
22310,67,8.696,True
22311,70,9.376,True
22312,71,9.944,True
22313,71,9.944,True
22314,71,9.944,True
22315,71,9.944,True
22316,75,9.617,True
22317,75,9.617,True
22318,75,9.617,True
22319,74,9.506,True
22320,73,7.988,True
22321,73,7.988,True
22322,72,7.988,True
22323,72,7.988,True
22324,72,7.988,True
22325,71,7.988,True
22326,71,7.988,True
22327,71,7.988,True
22328,73,7.988,True
22329,71,7.988,True
22330,71,7.988,True
22331,72,7.988,True
22332,72,7.988,True
22333,73,8.208,True
22334,72,8.208,True
22335,72,8.208,True
22336,73,8.208,True
22337,75,7.988,True
22338,75,7.988,True
22339,73,7.988,True
22340,73,7.988,True
22341,74,7.988,True
22342,72,9.624,True
22343,72,9.624,True
22344,72,9.624,True
22345,70,9.624,True
22346,70,9.624,True
22347,70,9.624,True
22348,70,9.624,True
22349,69,7.988,True
22350,69,7.988,True
22351,71,9.376,True
22352,68,7.414,True
22353,65,7.763,True
22354,65,7.763,True
22355,65,7.763,True
22356,65,7.763,True
22357,65,7.763,True
22358,65,7.763,True
22359,71,6.14,True
22360,71,6.14,True
22361,65,6.14,True
22362,65,6.14,True
22363,66,6.689,True
22364,66,6.689,True
22365,67,7.807,True
22366,72,7.807,True
22367,70,6.954,True
22368,70,6.954,True
22369,71,6.954,True
22370,66,8.348,True
22371,66,8.348,True
22372,66,8.348,True
22373,66,8.348,True
22374,66,8.348,True
22375,66,8.348,True
22376,66,8.348,True
22377,66,8.348,True
22378,66,8.348,True
22379,66,8.348,True
22380,66,8.348,True
22381,65,8.348,True
22382,65,8.348,True
22383,65,8.348,True
22384,61,8.348,True
22385,61,8.348,True
22386,61,8.348,True
22387,61,8.348,True
22388,61,8.348,True
22389,61,8.348,True
22390,61,8.348,True
22391,63,8.348,True
22392,63,8.348,True
22393,63,8.348,True
22394,63,8.348,True
22395,67,8.348,True
22396,67,8.348,True
22397,65,8.694,True
22398,65,8.694,True
22399,65,8.694,True
22400,65,8.694,True
22401,65,8.694,True
22402,65,8.694,True
22403,64,8.694,True
22404,66,8.694,True
22405,66,8.694,True
22406,71,8.694,True
22407,71,8.694,True
22408,71,8.694,True
22409,71,8.694,True
22410,72,8.694,True
22411,72,8.694,True
22412,69,9.955,True
22413,66,9.955,True
22414,66,9.955,True
22415,66,9.394,True
22416,64,9.394,True
22417,62,8.694,True
22418,61,8.694,True
22419,61,8.694,True
22420,61,8.694,True
22421,61,8.694,True
22422,61,8.694,True
22423,61,8.694,True
22424,61,8.694,True
22425,61,8.694,True
22426,61,8.694,True
22427,61,8.694,True
22428,61,8.694,True
22429,61,8.694,True
22430,61,8.694,True
22431,61,8.694,True
22432,63,8.694,True
22433,63,8.694,True
22434,65,8.694,True
22435,71,9.2,True
22436,72,9.2,True
22437,72,9.2,True
22438,72,9.2,True
22439,72,9.2,True
22440,69,8.694,True
22441,72,8.659,True
22442,69,8.694,True
22443,69,8.694,True
22444,66,8.694,True
22445,63,8.694,True
22446,63,8.694,True
22447,64,8.694,True
22448,64,8.694,True
22449,64,8.694,True
22450,64,8.694,True
22451,64,8.694,True
22452,65,8.694,True
22453,65,8.694,True
22454,64,8.694,True
22455,67,8.659,True
22456,67,8.659,True
22457,67,8.659,True
22458,68,7.721,True
22459,65,8.694,True
22460,64,8.694,True
22461,63,8.694,True
22462,63,8.694,True
22463,64,8.694,True
22464,64,8.694,True
22465,66,8.694,True
22466,68,8.694,True
22467,68,8.694,True
22468,68,8.694,True
22469,68,8.694,True
22470,66,9.899,True
22471,66,9.899,True
22472,66,9.899,True
22473,66,9.899,True
22474,64,9.899,True
22475,64,9.899,True
22476,64,9.899,True
22477,64,9.278,True
22478,65,9.278,True
22479,64,9.278,True
22480,64,9.278,True
22481,64,9.278,True
22482,64,9.278,True
22483,64,9.278,True
22484,64,9.278,True
22485,64,9.278,True
22486,64,9.278,True
22487,64,9.278,True
22488,64,9.278,True
22489,64,9.278,True
22490,65,9.278,True
22491,65,9.278,True
22492,65,9.278,True
22493,68,9.278,True
22494,69,9.278,True
22495,71,9.278,True
22496,71,9.278,True
22497,71,9.278,True
22498,71,9.278,True
22499,69,9.278,True
22500,69,9.278,True
22501,69,9.278,True
22502,69,9.278,True
22503,69,9.278,True
22504,69,9.278,True
22505,69,9.278,True
22506,69,9.278,True
22507,70,9.278,True
22508,70,9.278,True
22509,65,9.278,True
22510,70,9.278,True
22511,70,9.278,True
22512,70,9.278,True
22513,70,9.278,True
22514,69,9.278,True
22515,69,9.278,True
22516,69,9.278,True
22517,70,9.278,True
22518,70,9.278,True
22519,70,9.278,True
22520,70,9.278,True
22521,70,9.278,True
22522,73,9.278,True
22523,73,9.278,True
22524,73,9.278,True
22525,73,9.278,True
22526,73,9.278,True
22527,73,9.278,True
22528,68,9.278,True
22529,68,9.278,True
22530,69,7.393,True
22531,69,7.393,True
22532,70,7.393,True
22533,70,7.393,True
22534,73,7.393,True
22535,73,7.393,True
22536,72,7.393,True
22537,71,7.393,True
22538,70,8.694,True
22539,70,8.694,True
22540,70,8.694,True
22541,70,8.694,True
22542,69,8.694,True
22543,69,8.694,True
22544,69,8.694,True
22545,68,8.954,True
22546,68,8.954,True
22547,67,9.099,True
22548,67,9.099,True
22549,68,9.899,True
22550,70,9.899,True
22551,72,9.899,True
22552,72,9.099,True
22553,72,9.099,True
22554,71,9.099,True
22555,71,9.099,True
22556,67,9.099,True
22557,69,9.099,True
22558,69,9.099,True
22559,69,9.099,True
22560,72,9.099,True
22561,71,9.099,True
22562,71,9.099,True
22563,71,9.099,True
22564,72,9.099,True
22565,71,9.099,True
22566,70,9.099,True
22567,70,9.099,True
22568,70,9.099,True
22569,71,9.214,True
22570,72,9.214,True
22571,71,9.214,True
22572,69,6.257,True
22573,69,6.257,True
22574,68,7.212,True
22575,68,7.212,True
22576,68,7.212,True
22577,68,8.224,True
22578,68,8.24,True
22579,68,8.24,True
22580,68,8.24,True
22581,68,8.24,True
22582,68,8.24,True
22583,69,7.421,True
22584,71,8.603,True
22585,71,8.603,True
22586,71,8.603,True
22587,71,8.603,True
22588,69,9.627,True
22589,69,9.627,True
22590,69,9.627,True
22591,70,8.603,True
22592,69,8.603,True
22593,67,6.201,True
22594,67,6.774,True
22595,67,6.774,True
22596,67,6.774,True
22597,69,7.403,True
22598,69,7.403,True
22599,68,7.403,True
22600,68,7.403,True
22601,67,8.694,True
22602,67,8.694,True
22603,68,8.694,True
22604,68,8.694,True
22605,68,8.694,True
22606,68,8.694,True
22607,66,8.694,True
22608,65,8.694,True
22609,65,8.694,True
22610,65,8.694,True
22611,67,8.694,True
22612,67,8.694,True
22613,67,8.694,True
22614,67,8.694,True
22615,69,8.694,True
22616,69,8.694,True
22617,67,8.694,True
22618,67,8.694,True
22619,67,8.694,True
22620,65,9.897,True
22621,66,9.897,True
22622,66,9.897,True
22623,66,9.897,True
22624,67,6.808,True
22625,67,6.808,True
22626,67,6.859,True
22627,66,8.694,True
22628,66,8.694,True
22629,66,8.694,True
22630,64,8.694,True
22631,64,8.694,True
22632,64,8.694,True
22633,65,8.694,True
22634,65,8.694,True
22635,65,9.775,True
22636,65,9.775,True
22637,65,9.775,True
22638,66,8.694,True
22639,69,8.848,True
22640,69,8.848,True
22641,69,8.848,True
22642,66,8.694,True
22643,66,8.694,True
22644,66,8.694,True
22645,66,8.694,True
22646,66,8.694,True
22647,66,8.694,True
22648,66,8.694,True
22649,68,8.694,True
22650,68,8.694,True
22651,71,8.694,True
22652,73,9.61,True
22653,70,9.61,True
22654,68,9.61,True
22655,71,9.61,True
22656,70,9.61,True
22657,69,9.61,True
22658,69,9.61,True
22659,67,9.61,True
22660,66,7.777,True
22661,66,7.777,True
22662,66,7.777,True
22663,65,8.317,True
22664,65,8.317,True
22665,65,8.317,True
22666,65,8.317,True
22667,65,8.317,True
22668,69,8.317,True
22669,69,8.317,True
22670,67,8.317,True
22671,67,8.317,True
22672,67,8.317,True
22673,68,8.317,True
22674,68,8.317,True
22675,68,8.317,True
22676,68,8.317,True
22677,66,9.601,True
22678,66,9.601,True
22679,67,9.601,True
22680,67,9.601,True
22681,67,9.601,True
22682,69,9.601,True
22683,69,9.601,True
22684,69,9.601,True
22685,71,9.601,True
22686,71,9.601,True
22687,69,9.601,True
22688,69,9.601,True
22689,69,9.601,True
22690,69,9.601,True
22691,69,9.601,True
22692,68,9.601,True
22693,70,9.004,True
22694,70,9.004,True
22695,70,9.004,True
22696,69,9.004,True
22697,72,9.004,True
22698,72,9.663,True
22699,72,9.663,True
22700,72,9.663,True
22701,72,9.663,True
22702,67,9.663,True
22703,70,9.004,True
22704,70,9.004,True
22705,74,8.785,True
22706,77,8.785,True
22707,79,9.454,True
22708,75,9.004,True
22709,75,9.004,True
22710,73,9.004,True
22711,72,9.004,True
22712,73,9.004,True
22713,72,9.004,True
22714,72,9.004,True
22715,74,9.004,True
22716,76,9.004,True
22717,76,9.004,True
22718,76,9.004,True
22719,74,9.004,True
22720,74,9.004,True
22721,75,9.004,True
22722,75,9.004,True
22723,75,9.004,True
22724,74,8.694,True
22725,78,8.694,True
22726,76,8.694,True
22727,79,7.949,True
22728,79,7.949,True
22729,77,9.633,True
22730,77,9.633,True
22731,77,9.633,True
22732,76,9.633,True
22733,76,9.633,True
22734,77,9.633,True
22735,74,9.633,True
22736,72,9.633,True
22737,70,9.521,True
22738,70,9.521,True
22739,70,9.521,True
22740,70,9.521,True
22741,70,9.521,True
22742,69,9.521,True
22743,72,9.521,True
22744,72,9.521,True
22745,76,9.521,True
22746,76,9.521,True
22747,77,9.521,True
22748,77,9.521,True
22749,77,9.521,True
22750,77,9.521,True
22751,77,9.521,True
22752,77,9.521,True
22753,77,9.521,True
22754,77,9.521,True
22755,76,9.521,True
22756,76,9.521,True
22757,76,9.521,True
22758,75,9.731,True
22759,75,9.731,True
22760,75,9.731,True
22761,75,9.731,True
22762,75,9.731,True
22763,76,9.521,True
22764,71,9.521,True
22765,71,9.521,True
22766,71,9.521,True
22767,71,9.521,True
22768,71,9.521,True
22769,71,9.521,True
22770,69,9.521,True
22771,69,9.521,True
22772,69,9.521,True
22773,69,9.521,True
22774,71,9.521,True
22775,71,9.521,True
22776,69,9.521,True
22777,69,9.521,True
22778,69,9.521,True
22779,71,9.712,True
22780,71,9.712,True
22781,71,9.712,True
22782,68,6.115,True
22783,66,9.539,True
22784,66,9.539,True
22785,68,6.115,True
22786,68,6.115,True
22787,69,5.956,True
22788,69,5.956,True
22789,68,6.115,True
22790,68,6.115,True
22791,69,7.681,True
22792,69,7.681,True
22793,71,8.948,True
22794,69,7.681,True
22795,69,7.681,True
22796,69,7.681,True
22797,68,7.681,True
22798,72,9.382,True
22799,71,9.382,True
22800,74,9.382,True
22801,74,9.382,True
22802,69,9.539,True
22803,66,9.539,True
22804,66,9.539,True
22805,66,9.539,True
22806,67,9.583,True
22807,67,9.583,True
22808,67,9.685,True
22809,69,9.685,True
22810,69,9.685,True
22811,69,9.685,True
22812,69,9.685,True
22813,70,9.685,True
22814,68,9.685,True
22815,68,9.685,True
22816,66,9.685,True
22817,66,9.685,True
22818,67,9.685,True
22819,68,9.685,True
22820,67,9.685,True
22821,68,9.685,True
22822,68,9.685,True
22823,68,9.685,True
22824,68,9.685,True
22825,68,9.583,True
22826,68,9.583,True
22827,68,9.583,True
22828,68,9.583,True
22829,68,9.583,True
22830,70,9.583,True
22831,70,9.583,True
22832,69,9.583,True
22833,70,9.583,True
22834,69,9.583,True
22835,71,9.688,True
22836,67,9.583,True
22837,68,9.583,True
22838,68,9.583,True
22839,68,9.583,True
22840,67,9.583,True
22841,66,8.659,True
22842,66,8.659,True
22843,66,8.659,True
22844,66,8.659,True
22845,66,8.659,True
22846,71,9.779,True
22847,66,8.659,True
22848,66,8.659,True
22849,68,8.659,True
22850,66,8.659,True
22851,65,8.659,True
22852,67,8.659,True
22853,68,9.512,True
22854,68,9.512,True
22855,69,9.512,True
22856,72,9.688,True
22857,72,9.688,True
22858,72,9.688,True
22859,72,9.688,True
22860,72,9.688,True
22861,72,9.688,True
22862,68,8.659,True
22863,68,8.659,True
22864,69,9.693,True
22865,69,9.693,True
22866,71,9.693,True
22867,70,9.693,True
22868,68,9.693,True
22869,68,9.693,True
22870,70,9.693,True
22871,70,9.693,True
22872,71,9.693,True
22873,70,9.693,True
22874,70,9.693,True
22875,70,9.693,True
22876,68,9.693,True
22877,74,9.693,True
22878,74,9.693,True
22879,74,9.693,True
22880,74,9.299,True
22881,68,9.299,True
22882,68,9.299,True
22883,69,9.299,True
22884,69,9.299,True
22885,69,9.299,True
22886,69,9.299,True
22887,69,9.299,True
22888,69,9.294,True
22889,69,9.294,True
22890,70,9.583,True
22891,71,9.583,True
22892,71,9.583,True
22893,71,9.583,True
22894,71,9.583,True
22895,70,9.583,True
22896,70,9.583,True
22897,70,9.583,True
22898,70,9.583,True
22899,70,9.583,True
22900,70,9.583,True
22901,67,8.381,True
22902,70,9.583,True
22903,70,8.381,True
22904,69,7.579,True
22905,69,9.97,True
22906,69,9.97,True
22907,69,9.97,True
22908,73,9.97,True
22909,73,9.97,True
22910,73,9.97,True
22911,75,9.583,True
22912,73,9.97,True
22913,73,9.97,True
22914,73,9.97,True
22915,73,9.97,True
22916,73,9.97,True
22917,73,9.97,True
22918,73,9.97,True
22919,73,9.97,True
22920,69,9.97,True
22921,68,9.97,True
22922,68,9.97,True
22923,70,9.97,True
22924,70,9.97,True
22925,70,9.97,True
22926,70,9.97,True
22927,70,9.97,True
22928,69,9.97,True
22929,69,9.97,True
22930,69,9.97,True
22931,72,9.97,True
22932,72,9.97,True
22933,72,9.97,True
22934,71,9.97,True
22935,71,9.97,True
22936,71,9.97,True
22937,71,8.731,True
22938,69,9.685,True
22939,69,9.685,True
22940,69,9.685,True
22941,70,9.685,True
22942,70,9.685,True
22943,70,9.685,True
22944,71,8.272,True
22945,71,8.272,True
22946,71,8.272,True
22947,70,9.541,True
22948,70,9.541,True
22949,70,9.541,True
22950,71,9.541,True
22951,71,9.541,True
22952,71,9.541,True
22953,71,9.541,True
22954,71,9.541,True
22955,73,9.541,True
22956,73,9.987,True
22957,72,9.987,True
22958,73,9.987,True
22959,73,9.987,True
22960,71,9.987,True
22961,71,9.987,True
22962,70,9.987,True
22963,70,9.987,True
22964,75,9.987,True
22965,77,9.987,True
22966,78,9.987,True
22967,78,9.987,True
22968,76,9.987,True
22969,76,9.987,True
22970,73,9.987,True
22971,73,9.987,True
22972,74,9.987,True
22973,72,8.836,True
22974,72,8.836,True
22975,72,8.836,True
22976,70,9.601,True
22977,66,9.601,True
22978,66,9.601,True
22979,65,9.601,True
22980,65,9.601,True
22981,63,9.601,True
22982,63,9.601,True
22983,65,7.647,True
22984,67,7.806,True
22985,65,7.647,True
22986,66,7.647,True
22987,67,7.647,True
22988,67,7.647,True
22989,67,8.675,True
22990,67,8.675,True
22991,68,8.675,True
22992,68,8.675,True
22993,68,8.675,True
22994,67,9.159,True
22995,68,9.159,True
22996,70,9.159,True
22997,66,9.163,True
22998,66,9.232,True
22999,65,9.232,True
23000,66,9.159,True
23001,65,9.675,True
23002,65,9.675,True
23003,65,9.675,True
23004,65,9.675,True
23005,65,9.675,True
23006,65,9.675,True
23007,65,9.675,True
23008,65,9.675,True
23009,64,9.675,True
23010,63,9.675,True
23011,63,9.675,True
23012,67,9.675,True
23013,67,9.675,True
23014,67,9.675,True
23015,62,9.675,True
23016,62,9.675,True
23017,62,9.675,True
23018,64,9.675,True
23019,64,9.675,True
23020,64,9.675,True
23021,64,9.675,True
23022,66,9.675,True
23023,66,9.675,True
23024,66,9.675,True
23025,66,9.675,True
23026,66,9.886,True
23027,66,9.886,True
23028,67,9.675,True
23029,67,9.675,True
23030,67,9.675,True
23031,67,9.675,True
23032,67,9.675,True
23033,67,9.675,True
23034,68,9.675,True
23035,68,9.675,True
23036,68,9.675,True
23037,71,9.159,True
23038,71,9.159,True
23039,71,9.159,True
23040,69,9.159,True
23041,70,9.661,True
23042,70,9.661,True
23043,70,9.661,True
23044,70,9.661,True
23045,70,9.661,True
23046,68,9.661,True
23047,67,9.159,True
23048,67,9.159,True
23049,67,9.159,True
23050,68,9.159,True
23051,66,9.159,True
23052,63,9.159,True
23053,65,9.159,True
23054,66,9.183,True
23055,68,9.183,True
23056,68,9.183,True
23057,68,9.183,True
23058,69,9.183,True
23059,69,9.889,True
23060,69,9.889,True
23061,69,9.889,True
23062,69,9.889,True
23063,69,9.889,True
23064,69,9.889,True
23065,69,9.889,True
23066,69,9.889,True
23067,69,9.889,True
23068,69,9.889,True
23069,69,9.889,True
23070,69,9.889,True
23071,69,9.889,True
23072,68,9.889,True
23073,70,9.889,True
23074,69,6.76,True
23075,70,6.14,True
23076,70,6.14,True
23077,73,7.154,True
23078,70,8.665,True
23079,69,7.154,True
23080,69,7.154,True
23081,69,7.154,True
23082,68,9.897,True
23083,68,9.897,True
23084,68,9.897,True
23085,68,9.897,True
23086,68,9.897,True
23087,68,9.897,True
23088,68,9.897,True
23089,68,9.897,True
23090,66,9.897,True
23091,69,8.786,True
23092,65,8.786,True
23093,64,6.755,True
23094,64,6.755,True
23095,64,6.755,True
23096,64,6.755,True
23097,64,6.755,True
23098,66,7.892,True
23099,66,7.892,True
23100,67,7.892,True
23101,67,9.139,True
23102,67,9.139,True
23103,63,9.139,True
23104,65,9.91,True
23105,65,9.91,True
23106,65,9.91,True
23107,65,9.91,True
23108,65,9.91,True
23109,68,7.597,True
23110,68,8.023,True
23111,70,8.023,True
23112,71,8.023,True
23113,77,7.285,True
23114,77,7.285,True
23115,77,7.285,True
23116,77,7.285,True
23117,77,7.285,True
23118,77,7.285,True
23119,71,8.023,True
23120,71,8.023,True
23121,71,7.985,True
23122,71,7.985,True
23123,71,7.985,True
23124,71,7.985,True
23125,70,8.836,True
23126,70,7.895,True
23127,70,7.895,True
23128,74,7.517,True
23129,74,7.517,True
23130,75,9.965,True
23131,75,9.965,True
23132,75,9.965,True
23133,75,9.965,True
23134,68,9.965,True
23135,69,8.659,True
23136,65,8.659,True
23137,66,8.659,True
23138,66,8.659,True
23139,65,8.659,True
23140,65,8.659,True
23141,63,8.659,True
23142,64,6.773,True
23143,64,6.773,True
23144,65,6.773,True
23145,65,6.773,True
23146,67,8.907,True
23147,67,6.14,True
23148,67,6.14,True
23149,66,6.14,True
23150,64,6.14,True
23151,67,6.902,True
23152,67,6.902,True
23153,67,6.902,True
23154,67,6.902,True
23155,67,6.902,True
23156,67,6.902,True
23157,67,6.902,True
23158,66,7.681,True
23159,66,7.681,True
23160,68,8.431,True
23161,69,8.431,True
23162,68,8.431,True
23163,67,8.431,True
23164,67,8.431,True
23165,65,8.954,True
23166,63,9.062,True
23167,63,9.062,True
23168,63,9.062,True
23169,63,9.062,True
23170,63,9.062,True
23171,64,9.062,True
23172,64,9.062,True
23173,64,9.062,True
23174,64,9.062,True
23175,64,9.062,True
23176,64,9.062,True
23177,64,9.062,True
23178,64,9.062,True
23179,64,9.062,True
23180,64,9.062,True
23181,64,9.062,True
23182,64,9.062,True
23183,64,9.062,True
23184,64,9.062,True
23185,64,9.062,True
23186,66,8.954,True
23187,66,8.954,True
23188,66,8.954,True
23189,66,8.954,True
23190,67,8.954,True
23191,66,8.954,True
23192,66,8.954,True
23193,66,8.954,True
23194,66,8.954,True
23195,66,8.954,True
23196,66,8.954,True
23197,66,8.954,True
23198,66,8.954,True
23199,66,8.954,True
23200,70,7.763,True
23201,70,7.763,True
23202,66,8.954,True
23203,66,8.954,True
23204,66,8.954,True
23205,70,8.954,True
23206,66,8.954,True
23207,70,8.954,True
23208,72,8.954,True
23209,73,8.954,True
23210,73,8.954,True
23211,77,8.954,True
23212,75,8.954,True
23213,77,8.954,True
23214,75,9.062,True
23215,72,9.062,True
23216,72,9.062,True
23217,72,9.062,True
23218,79,9.201,True
23219,79,9.201,True
23220,79,9.201,True
23221,79,9.201,True
23222,79,9.201,True
23223,79,9.201,True
23224,79,9.201,True
23225,79,9.201,True
23226,78,9.201,True
23227,75,9.201,True
23228,75,9.201,True
23229,75,9.201,True
23230,75,9.201,True
23231,75,9.201,True
23232,75,9.201,True
23233,72,9.201,True
23234,72,9.201,True
23235,72,9.201,True
23236,72,9.201,True
23237,72,9.201,True
23238,72,9.201,True
23239,72,9.201,True
23240,74,9.201,True
23241,74,9.201,True
23242,77,9.201,True
23243,75,9.201,True
23244,75,9.201,True
23245,76,9.201,True
23246,80,9.201,True
23247,80,9.201,True
23248,78,9.201,True
23249,78,9.201,True
23250,78,9.201,True
23251,74,9.201,True
23252,73,9.201,True
23253,74,9.08,True
23254,74,9.08,True
23255,75,9.963,True
23256,73,8.487,True
23257,73,8.487,True
23258,73,8.487,True
23259,70,8.487,True
23260,70,8.487,True
23261,70,8.487,True
23262,69,7.807,True
23263,69,7.807,True
23264,71,7.807,True
23265,71,7.807,True
23266,69,9.238,True
23267,69,7.807,True
23268,72,7.807,True
23269,72,7.807,True
23270,72,7.807,True
23271,73,7.807,True
23272,72,9.163,True
23273,73,9.163,True
23274,70,9.163,True
23275,69,9.163,True
23276,69,9.163,True
23277,69,9.163,True
23278,71,9.163,True
23279,71,9.163,True
23280,71,9.163,True
23281,73,9.163,True
23282,74,9.163,True
23283,74,8.347,True
23284,76,8.664,True
23285,76,8.664,True
23286,75,9.099,True
23287,75,9.099,True
23288,75,9.099,True
23289,75,9.099,True
23290,74,7.855,True
23291,74,7.855,True
23292,76,7.817,True
23293,74,7.817,True
23294,78,8.32,True
23295,78,8.32,True
23296,77,8.32,True
23297,79,8.32,True
23298,78,8.32,True
23299,75,7.817,True
23300,71,7.817,True
23301,72,7.817,True
23302,72,7.817,True
23303,72,7.817,True
23304,72,7.817,True
23305,72,7.817,True
23306,69,7.358,True
23307,69,7.358,True
23308,69,7.358,True
23309,69,7.358,True
23310,70,7.358,True
23311,71,7.358,True
23312,71,7.358,True
23313,71,7.358,True
23314,71,7.358,True
23315,72,8.393,True
23316,72,9.464,True
23317,71,9.464,True
23318,71,8.393,True
23319,74,8.393,True
23320,72,8.393,True
23321,72,6.609,True
23322,73,6.609,True
23323,71,6.609,True
23324,73,6.609,True
23325,73,7.314,True
23326,76,7.643,True
23327,77,9.342,True
23328,77,9.342,True
23329,73,9.342,True
23330,74,9.342,True
23331,73,9.342,True
23332,73,9.342,True
23333,74,9.342,True
23334,73,9.342,True
23335,69,9.223,True
23336,69,9.223,True
23337,67,8.154,True
23338,68,8.154,True
23339,67,8.154,True
23340,67,8.154,True
23341,68,8.154,True
23342,67,8.154,True
23343,68,8.154,True
23344,68,8.154,True
23345,68,8.154,True
23346,66,8.154,True
23347,66,8.154,True
23348,66,8.154,True
23349,66,8.154,True
23350,68,6.609,True
23351,69,7.614,True
23352,69,7.614,True
23353,68,7.614,True
23354,71,7.614,True
23355,69,9.666,True
23356,66,7.614,True
23357,66,7.614,True
23358,65,6.592,True
23359,62,7.713,True
23360,64,7.713,True
23361,64,7.713,True
23362,64,7.713,True
23363,63,8.533,True
23364,63,8.533,True
23365,63,8.533,True
23366,64,8.533,True
23367,64,8.533,True
23368,64,8.533,True
23369,63,7.643,True
23370,64,8.147,True
23371,64,8.147,True
23372,64,8.147,True
23373,64,8.147,True
23374,65,8.147,True
23375,65,8.147,True
23376,65,8.147,True
23377,65,8.147,True
23378,66,8.147,True
23379,64,8.147,True
23380,67,7.643,True
23381,67,7.643,True
23382,68,7.643,True
23383,69,9.32,True
23384,69,9.32,True
23385,68,7.643,True
23386,67,7.643,True
23387,64,8.147,True
23388,67,8.822,True
23389,69,8.822,True
23390,69,8.822,True
23391,67,8.822,True
23392,67,8.822,True
23393,65,8.822,True
23394,66,8.696,True
23395,66,8.696,True
23396,66,8.696,True
23397,66,8.696,True
23398,70,8.696,True
23399,70,8.696,True
23400,72,7.953,True
23401,72,7.953,True
23402,74,7.181,True
23403,74,7.181,True
23404,74,7.181,True
23405,74,7.181,True
23406,74,7.181,True
23407,78,9.88,True
23408,78,9.88,True
23409,78,9.88,True
23410,78,9.88,True
23411,73,9.88,True
23412,73,9.88,True
23413,73,9.88,True
23414,73,9.88,True
23415,73,9.88,True
23416,70,9.88,True
23417,70,9.88,True
23418,71,9.88,True
23419,70,9.88,True
23420,70,9.88,True
23421,68,9.88,True
23422,66,8.822,True
23423,66,8.822,True
23424,66,8.822,True
23425,66,8.822,True
23426,66,8.822,True
23427,66,8.822,True
23428,63,6.737,True
23429,63,6.737,True
23430,64,6.522,True
23431,64,6.522,True
23432,64,6.522,True
23433,64,6.522,True
23434,64,6.522,True
23435,64,6.522,True
23436,64,6.522,True
23437,64,6.522,True
23438,63,9.31,True
23439,63,9.31,True
23440,63,9.31,True
23441,63,9.31,True
23442,63,9.31,True
23443,63,9.31,True
23444,63,9.31,True
23445,63,9.31,True
23446,63,9.31,True
23447,63,9.31,True
23448,65,6.942,True
23449,65,6.942,True
23450,66,8.05,True
23451,66,8.05,True
23452,66,8.05,True
23453,66,8.05,True
23454,66,8.05,True
23455,70,7.351,True
23456,66,8.05,True
23457,66,8.05,True
23458,66,8.05,True
23459,67,8.05,True
23460,66,8.05,True
23461,68,9.387,True
23462,67,9.387,True
23463,68,9.387,True
23464,68,9.387,True
23465,68,9.387,True
23466,68,9.387,True
23467,68,9.387,True
23468,70,8.875,True
23469,70,8.875,True
23470,70,8.875,True
23471,71,8.981,True
23472,72,8.981,True
23473,71,8.981,True
23474,71,8.981,True
23475,73,8.57,True
23476,75,8.57,True
23477,75,8.57,True
23478,75,8.57,True
23479,72,8.57,True
23480,75,8.57,True
23481,72,6.522,True
23482,70,6.522,True
23483,70,6.522,True
23484,72,6.522,True
23485,72,6.522,True
23486,73,6.522,True
23487,73,6.522,True
23488,71,6.522,True
23489,71,6.522,True
23490,71,5.921,True
23491,70,5.921,True
23492,69,8.16,True
23493,69,8.16,True
23494,69,8.16,True
23495,71,9.66,True
23496,73,8.249,True
23497,73,8.249,True
23498,73,8.249,True
23499,69,8.249,True
23500,68,8.249,True
23501,65,9.935,True
23502,65,9.935,True
23503,63,9.935,True
23504,63,9.935,True
23505,63,8.33,True
23506,63,8.694,True
23507,62,8.694,True
23508,62,8.694,True
23509,62,8.694,True
23510,62,8.694,True
23511,64,8.694,True
23512,64,8.694,True
23513,66,8.694,True
23514,65,8.694,True
23515,65,8.694,True
23516,63,8.694,True
23517,65,8.694,True
23518,65,8.694,True
23519,63,8.694,True
23520,62,8.694,True
23521,63,8.694,True
23522,63,8.694,True
23523,63,8.694,True
23524,64,9.808,True
23525,64,9.808,True
23526,64,9.808,True
23527,62,8.694,True
23528,62,8.694,True
23529,62,8.694,True
23530,62,8.694,True
23531,62,6.954,True
23532,69,6.954,True
23533,69,6.954,True
23534,69,6.954,True
23535,69,9.163,True
23536,68,9.724,True
23537,68,9.724,True
23538,69,9.163,True
23539,68,9.724,True
23540,69,6.773,True
23541,69,6.773,True
23542,69,6.773,True
23543,69,6.773,True
23544,66,6.773,True
23545,66,6.773,True
23546,67,6.773,True
23547,66,9.139,True
23548,66,9.139,True
23549,67,6.773,True
23550,67,6.773,True
23551,66,8.659,True
23552,67,8.659,True
23553,70,8.659,True
23554,71,8.659,True
23555,68,8.659,True
23556,67,9.139,True
23557,67,9.139,True
23558,67,9.139,True
23559,67,9.139,True
23560,66,9.139,True
23561,66,9.139,True
23562,66,9.139,True
23563,67,9.139,True
23564,67,9.139,True
23565,67,9.139,True
23566,67,9.139,True
23567,70,9.367,True
23568,69,9.367,True
23569,71,9.367,True
23570,71,9.367,True
23571,71,9.367,True
23572,70,9.367,True
23573,70,9.367,True
23574,67,9.139,True
23575,67,9.139,True
23576,67,9.139,True
23577,69,9.139,True
23578,71,9.139,True
23579,73,9.139,True
23580,73,9.139,True
23581,70,9.139,True
23582,68,9.139,True
23583,71,9.139,True
23584,71,9.139,True
23585,73,9.139,True
23586,73,9.139,True
23587,73,9.139,True
23588,73,9.139,True
23589,75,9.139,True
23590,73,9.139,True
23591,72,8.859,True
23592,72,8.859,True
23593,73,8.859,True
23594,73,8.859,True
23595,73,8.859,True
23596,76,8.859,True
23597,75,9.163,True
23598,73,9.163,True
23599,73,9.163,True
23600,73,9.163,True
23601,75,9.65,True
23602,75,9.675,True
23603,77,9.675,True
23604,77,9.675,True
23605,77,9.675,True
23606,77,9.675,True
23607,77,9.675,True
23608,75,9.675,True
23609,75,9.675,True
23610,70,9.675,True
23611,67,9.675,True
23612,67,9.675,True
23613,64,9.675,True
23614,63,9.675,True
23615,66,9.675,True
23616,66,9.675,True
23617,67,9.675,True
23618,66,9.675,True
23619,66,9.675,True
23620,63,9.675,True
23621,63,9.675,True
23622,63,9.675,True
23623,66,9.675,True
23624,69,9.675,True
23625,69,9.675,True
23626,72,9.675,True
23627,72,9.675,True
23628,69,9.675,True
23629,69,9.675,True
23630,69,9.675,True
23631,69,9.675,True
23632,66,9.948,True
23633,68,9.675,True
23634,68,9.675,True
23635,66,9.675,True
23636,67,9.675,True
23637,72,9.045,True
23638,73,9.045,True
23639,70,9.045,True
23640,72,9.045,True
23641,70,9.354,True
23642,70,9.354,True
23643,70,9.354,True
23644,69,9.045,True
23645,69,9.045,True
23646,66,6.386,True
23647,66,6.386,True
23648,69,9.045,True
23649,69,9.045,True
23650,69,9.045,True
23651,69,9.045,True
23652,69,9.045,True
23653,69,9.045,True
23654,66,9.418,True
23655,66,6.386,True
23656,68,6.04,True
23657,68,6.04,True
23658,68,6.04,True
23659,68,6.04,True
23660,68,6.018,True
23661,69,5.369,True
23662,69,5.369,True
23663,69,5.369,True
23664,67,6.386,True
23665,67,6.386,True
23666,67,6.386,True
23667,68,6.567,True
23668,71,6.567,True
23669,71,6.386,True
23670,73,7.892,True
23671,71,6.386,True
23672,69,6.386,True
23673,66,6.14,True
23674,66,6.14,True
23675,64,9.675,True
23676,67,9.675,True
23677,69,9.675,True
23678,67,9.675,True
23679,66,9.675,True
23680,66,9.675,True
23681,66,9.675,True
23682,66,9.675,True
23683,66,9.675,True
23684,66,9.675,True
23685,66,9.675,True
23686,66,9.675,True
23687,66,9.675,True
23688,66,9.675,True
23689,65,9.675,True
23690,65,9.675,True
23691,65,9.675,True
23692,65,9.675,True
23693,66,9.675,True
23694,71,9.675,True
23695,71,9.675,True
23696,71,9.675,True
23697,71,9.675,True
23698,70,9.675,True
23699,67,9.675,True
23700,67,9.675,True
23701,67,9.675,True
23702,68,9.675,True
23703,68,9.675,True
23704,70,9.675,True
23705,70,9.675,True
23706,68,9.675,True
23707,68,9.675,True
23708,66,9.675,True
23709,65,9.675,True
23710,66,9.675,True
23711,66,9.675,True
23712,66,9.675,True
23713,70,7.337,True
23714,70,7.337,True
23715,70,7.337,True
23716,68,7.763,True
23717,68,7.763,True
23718,70,7.579,True
23719,69,8.998,True
23720,69,8.998,True
23721,65,9.675,True
23722,65,9.675,True
23723,68,9.675,True
23724,68,9.675,True
23725,64,9.675,True
23726,62,9.675,True
23727,62,9.675,True
23728,64,9.675,True
23729,64,9.675,True
23730,64,9.675,True
23731,64,9.675,True
23732,64,9.675,True
23733,64,9.675,True
23734,65,9.675,True
23735,68,9.675,True
23736,68,9.675,True
23737,68,9.675,True
23738,68,9.675,True
23739,68,9.675,True
23740,68,9.675,True
23741,68,9.675,True
23742,68,9.675,True
23743,66,9.675,True
23744,64,9.675,True
23745,67,9.675,True
23746,66,9.675,True
23747,66,9.675,True
23748,63,9.675,True
23749,66,9.675,True
23750,65,9.675,True
23751,68,9.955,True
23752,68,9.675,True
23753,68,9.675,True
23754,65,9.675,True
23755,65,9.675,True
23756,65,9.675,True
23757,65,9.675,True
23758,65,9.675,True
23759,65,9.675,True
23760,65,9.675,True
23761,65,9.675,True
23762,65,9.675,True
23763,65,9.675,True
23764,65,9.675,True
23765,65,9.675,True
23766,66,9.675,True
23767,67,9.675,True
23768,65,9.675,True
23769,66,9.675,True
23770,66,9.675,True
23771,63,9.675,True
23772,66,9.685,True
23773,66,9.685,True
23774,63,9.675,True
23775,64,9.856,True
23776,64,9.856,True
23777,63,6.773,True
23778,63,6.773,True
23779,62,6.773,True
23780,62,6.773,True
23781,62,6.773,True
23782,62,6.773,True
23783,62,6.773,True
23784,62,9.9,True
23785,67,9.9,True
23786,68,9.9,True
23787,68,9.9,True
23788,70,9.843,True
23789,67,9.843,True
23790,62,5.593,True
23791,62,5.593,True
23792,62,5.593,True
23793,62,8.694,True
23794,62,8.694,True
23795,61,8.694,True
23796,61,8.694,True
23797,61,8.694,True
23798,61,8.694,True
23799,60,8.694,True
23800,60,8.694,True
23801,60,8.694,True
23802,66,8.736,True
23803,60,8.694,True
23804,62,8.694,True
23805,62,8.694,True
23806,62,8.694,True
23807,62,9.367,True
23808,63,8.764,True
23809,63,8.764,True
23810,63,8.764,True
23811,63,8.764,True
23812,62,9.367,True
23813,63,9.367,True
23814,63,9.367,True
23815,67,9.367,True
23816,63,9.367,True
23817,63,9.367,True
23818,67,9.367,True
23819,67,9.367,True
23820,65,8.694,True
23821,65,8.694,True
23822,65,8.694,True
23823,66,7.806,True
23824,65,7.806,True
23825,66,6.947,True
23826,66,6.947,True
23827,67,6.947,True
23828,67,6.947,True
23829,66,6.947,True
23830,66,6.947,True
23831,70,6.947,True
23832,69,5.37,True
23833,69,5.37,True
23834,65,5.071,True
23835,65,5.071,True
23836,65,5.071,True
23837,65,7.724,True
23838,65,7.724,True
23839,65,7.724,True
23840,67,7.724,True
23841,67,7.724,True
23842,65,7.724,True
23843,65,7.724,True
23844,64,7.724,True
23845,63,9.474,True
23846,65,9.474,True
23847,66,9.474,True
23848,64,9.474,True
23849,70,9.474,True
23850,72,9.474,True
23851,72,9.474,True
23852,66,9.474,True
23853,66,9.724,True
23854,68,9.827,True
23855,68,9.827,True
23856,67,9.827,True
23857,67,9.827,True
23858,66,9.827,True
23859,67,9.827,True
23860,67,9.827,True
23861,67,9.827,True
23862,67,9.827,True
23863,67,9.827,True
23864,66,9.833,True
23865,66,9.833,True
23866,66,9.833,True
23867,66,9.833,True
23868,66,9.833,True
23869,66,9.833,True
23870,66,9.833,True
23871,66,9.833,True
23872,66,9.833,True
23873,66,9.833,True
23874,66,9.833,True
23875,66,9.833,True
23876,66,9.833,True
23877,66,9.248,True
23878,66,9.248,True
23879,66,8.632,True
23880,66,8.632,True
23881,66,8.632,True
23882,66,8.632,True
23883,65,7.806,True
23884,66,7.818,True
23885,65,7.818,True
23886,67,9.987,True
23887,67,8.102,True
23888,67,8.102,True
23889,67,9.987,True
23890,67,9.987,True
23891,68,9.987,True
23892,75,9.987,True
23893,75,9.987,True
23894,68,9.987,True
23895,68,9.477,True
23896,68,9.477,True
23897,68,9.477,True
23898,67,9.477,True
23899,67,8.836,True
23900,67,8.836,True
23901,66,9.724,True
23902,66,9.724,True
23903,71,8.836,True
23904,70,9.16,True
23905,69,9.16,True
23906,72,9.16,True
23907,72,9.16,True
23908,73,9.16,True
23909,69,9.724,True
23910,69,9.724,True
23911,69,6.719,True
23912,69,6.719,True
23913,75,8.829,True
23914,70,7.948,True
23915,70,7.948,True
23916,67,9.298,True
23917,68,9.298,True
23918,71,9.298,True
23919,68,9.298,True
23920,68,9.298,True
23921,67,9.298,True
23922,65,9.418,True
23923,65,9.418,True
23924,65,9.418,True
23925,64,9.418,True
23926,64,9.418,True
23927,64,9.418,True
23928,65,9.418,True
23929,67,9.298,True
23930,67,9.298,True
23931,67,9.298,True
23932,67,9.298,True
23933,67,9.298,True
23934,69,9.298,True
23935,66,9.298,True
23936,66,9.298,True
23937,66,9.298,True
23938,66,9.298,True
23939,66,9.298,True
23940,66,9.298,True
23941,68,9.298,True
23942,68,9.298,True
23943,68,9.298,True
23944,68,9.418,True
23945,68,9.418,True
23946,68,9.418,True
23947,68,9.418,True
23948,66,9.418,True
23949,66,9.418,True
23950,68,9.418,True
23951,68,9.418,True
23952,73,9.418,True
23953,76,9.924,True
23954,76,9.924,True
23955,76,9.924,True
23956,75,9.924,True
23957,75,9.924,True
23958,71,9.688,True
23959,71,9.688,True
23960,72,9.688,True
23961,72,9.688,True
23962,73,9.688,True
23963,73,9.688,True
23964,74,9.418,True
23965,75,9.418,True
23966,74,9.763,True
23967,74,9.763,True
23968,70,9.675,True
23969,70,9.675,True
23970,71,8.595,True
23971,69,8.595,True
23972,64,7.038,True
23973,64,8.749,True
23974,64,8.749,True
23975,64,8.749,True
23976,64,8.749,True
23977,64,8.749,True
23978,64,8.749,True
23979,66,8.749,True
23980,64,7.038,True
23981,64,7.038,True
23982,64,7.038,True
23983,64,7.038,True
23984,64,7.038,True
23985,64,7.038,True
23986,64,7.038,True
23987,64,7.038,True
23988,65,7.038,True
23989,64,7.038,True
23990,63,7.038,True
23991,63,7.038,True
23992,63,7.038,True
23993,64,7.038,True
23994,64,7.038,True
23995,64,7.038,True
23996,64,7.038,True
23997,64,7.038,True
23998,63,9.298,True
23999,65,9.756,True
24000,65,9.756,True
24001,64,9.756,True
24002,64,9.756,True
24003,65,9.756,True
24004,64,9.675,True
24005,62,9.675,True
24006,64,9.675,True
24007,66,9.675,True
24008,66,9.675,True
24009,66,9.675,True
24010,66,9.675,True
24011,66,9.675,True
24012,66,9.675,True
24013,66,9.675,True
24014,67,9.675,True
24015,69,9.675,True
24016,69,9.675,True
24017,69,9.675,True
24018,69,9.675,True
24019,69,9.675,True
24020,72,6.091,True
24021,68,6.091,True
24022,67,6.091,True
24023,67,6.091,True
24024,67,6.091,True
24025,67,6.091,True
24026,67,6.091,True
24027,68,6.091,True
24028,68,6.091,True
24029,68,6.091,True
24030,69,8.455,True
24031,67,8.455,True
24032,67,8.455,True
24033,67,8.455,True
24034,67,8.455,True
24035,67,8.455,True
24036,67,8.455,True
24037,67,8.455,True
24038,66,8.455,True
24039,66,8.455,True
24040,66,8.455,True
24041,71,8.455,True
24042,71,8.455,True
24043,72,8.455,True
24044,72,8.455,True
24045,68,8.53,True
24046,68,8.53,True
24047,71,8.53,True
24048,71,8.53,True
24049,67,8.119,True
24050,67,8.119,True
24051,67,8.119,True
24052,64,3.346,True
24053,67,8.655,True
24054,67,8.655,True
24055,67,6.683,True
24056,69,3.636,True
24057,69,3.636,True
24058,71,9.672,True
24059,71,9.672,True
24060,71,9.672,True
24061,70,9.672,True
24062,70,9.672,True
24063,69,9.672,True
24064,69,9.672,True
24065,69,9.672,True
24066,69,9.672,True
24067,69,9.672,True
24068,69,9.672,True
24069,69,9.672,True
24070,69,9.672,True
24071,69,9.672,True
24072,70,9.329,True
24073,69,9.329,True
24074,69,9.329,True
24075,69,9.329,True
24076,71,9.714,True
24077,71,9.714,True
24078,70,9.714,True
24079,70,9.714,True
24080,71,9.714,True
24081,71,9.714,True
24082,71,9.714,True
24083,71,9.714,True
24084,71,9.714,True
24085,71,9.714,True
24086,71,8.055,True
24087,70,9.672,True
24088,70,9.672,True
24089,70,9.672,True
24090,70,9.672,True
24091,67,7.74,True
24092,67,7.74,True
24093,67,7.74,True
24094,67,7.74,True
24095,68,9.625,True
24096,71,9.625,True
24097,71,9.625,True
24098,74,9.625,True
24099,73,9.625,True
24100,73,9.625,True
24101,69,9.625,True
24102,67,9.625,True
24103,67,9.625,True
24104,67,9.625,True
24105,67,9.625,True
24106,68,9.625,True
24107,68,9.625,True
24108,69,9.57,True
24109,69,7.852,True
24110,69,7.852,True
24111,69,7.852,True
24112,69,7.852,True
24113,70,8.71,True
24114,74,9.722,True
24115,73,9.722,True
24116,73,9.722,True
24117,73,9.722,True
24118,73,9.722,True
24119,73,9.722,True
24120,73,9.722,True
24121,73,9.722,True
24122,72,9.722,True
24123,68,5.582,True
24124,65,7.451,True
24125,66,7.451,True
24126,69,7.74,True
24127,69,7.74,True
24128,67,9.897,True
24129,67,9.897,True
24130,67,9.897,True
24131,68,9.897,True
24132,69,9.897,True
24133,69,9.897,True
24134,69,9.897,True
24135,68,9.897,True
24136,69,5.582,True
24137,70,7.983,True
24138,72,7.983,True
24139,68,7.451,True
24140,68,7.451,True
24141,68,7.451,True
24142,68,7.451,True
24143,68,7.451,True
24144,69,8.247,True
24145,69,8.247,True
24146,69,8.247,True
24147,73,8.247,True
24148,73,8.247,True
24149,73,8.247,True
24150,73,8.247,True
24151,66,8.247,True
24152,66,8.247,True
24153,69,8.247,True
24154,69,8.247,True
24155,69,8.247,True
24156,69,8.154,True
24157,69,8.154,True
24158,69,8.154,True
24159,69,8.154,True
24160,68,8.154,True
24161,69,9.771,True
24162,67,9.771,True
24163,67,9.771,True
24164,67,9.771,True
24165,67,9.771,True
24166,67,9.771,True
24167,65,7.561,True
24168,65,7.561,True
24169,65,7.561,True
24170,65,7.561,True
24171,65,7.561,True
24172,67,7.561,True
24173,64,7.561,True
24174,68,9.981,True
24175,64,8.694,True
24176,64,8.694,True
24177,64,8.694,True
24178,64,8.694,True
24179,64,8.694,True
24180,64,7.206,True
24181,64,7.206,True
24182,64,7.206,True
24183,64,7.206,True
24184,64,7.206,True
24185,64,7.206,True
24186,64,7.206,True
24187,64,9.456,True
24188,64,9.456,True
24189,64,9.456,True
24190,65,9.456,True
24191,66,8.694,True
24192,66,8.694,True
24193,66,8.694,True
24194,65,7.056,True
24195,65,7.056,True
24196,65,7.056,True
24197,65,7.488,True
24198,66,7.078,True
24199,66,6.359,True
24200,66,6.359,True
24201,64,6.359,True
24202,64,6.359,True
24203,64,6.359,True
24204,64,6.359,True
24205,64,7.451,True
24206,64,7.451,True
24207,66,8.1,True
24208,68,8.1,True
24209,69,9.685,True
24210,69,9.685,True
24211,68,9.685,True
24212,68,9.685,True
24213,68,9.685,True
24214,68,9.685,True
24215,68,9.685,True
24216,68,9.685,True
24217,68,9.685,True
24218,68,9.685,True
24219,71,8.1,True
24220,70,8.1,True
24221,70,8.1,True
24222,71,8.1,True
24223,66,9.685,True
24224,66,9.685,True
24225,68,8.1,True
24226,71,8.1,True
24227,71,8.1,True
24228,71,8.1,True
24229,71,8.1,True
24230,71,8.1,True
24231,71,8.1,True
24232,69,8.1,True
24233,69,8.1,True
24234,69,8.1,True
24235,71,8.1,True
24236,71,8.1,True
24237,70,8.1,True
24238,70,8.1,True
24239,70,8.1,True
24240,71,8.1,True
24241,66,8.1,True
24242,66,8.1,True
24243,65,8.1,True
24244,65,8.1,True
24245,65,8.1,True
24246,65,8.1,True
24247,67,9.685,True
24248,68,8.1,True
24249,65,8.1,True
24250,65,8.1,True
24251,65,8.1,True
24252,64,8.1,True
24253,64,8.1,True
24254,64,8.1,True
24255,68,8.192,True
24256,71,8.192,True
24257,74,8.192,True
24258,74,8.192,True
24259,74,8.192,True
24260,71,6.755,True
24261,71,6.755,True
24262,68,8.1,True
24263,72,8.1,True
24264,72,8.1,True
24265,72,8.1,True
24266,75,7.999,True
24267,73,7.999,True
24268,70,7.999,True
24269,69,8.247,True
24270,69,8.247,True
24271,69,8.247,True
24272,69,8.247,True
24273,71,8.744,True
24274,70,8.247,True
24275,68,7.999,True
24276,68,7.999,True
24277,71,7.999,True
24278,71,7.999,True
24279,70,9.456,True
24280,70,9.456,True
24281,69,9.456,True
24282,69,9.456,True
24283,69,9.456,True
24284,69,9.456,True
24285,69,9.456,True
24286,69,9.456,True
24287,69,9.456,True
24288,69,9.456,True
24289,69,8.694,True
24290,71,8.744,True
24291,71,8.744,True
24292,73,8.744,True
24293,73,8.744,True
24294,73,8.744,True
24295,73,8.744,True
24296,73,8.744,True
24297,69,9.897,True
24298,70,9.897,True
24299,75,9.039,True
24300,75,9.039,True
24301,75,9.039,True
24302,75,9.039,True
24303,74,9.039,True
24304,74,8.744,True
24305,74,8.744,True
24306,74,8.744,True
24307,77,8.744,True
24308,77,8.744,True
24309,77,8.161,True
24310,75,8.161,True
24311,77,8.336,True
24312,76,8.336,True
24313,76,8.336,True
24314,76,8.336,True
24315,76,8.336,True
24316,76,8.336,True
24317,74,8.336,True
24318,74,8.336,True
24319,74,8.336,True
24320,71,8.247,True
24321,71,7.242,True
24322,72,7.242,True
24323,71,7.242,True
24324,72,7.242,True
24325,71,7.242,True
24326,71,7.242,True
24327,71,7.242,True
24328,68,7.999,True
24329,68,7.999,True
24330,69,7.999,True
24331,69,7.999,True
24332,69,7.999,True
24333,66,8.696,True
24334,66,8.696,True
24335,66,8.696,True
24336,68,8.696,True
24337,68,8.696,True
24338,68,8.696,True
24339,68,8.696,True
24340,72,7.999,True
24341,72,7.999,True
24342,72,7.999,True
24343,71,7.999,True
24344,71,7.999,True
24345,71,7.999,True
24346,73,7.999,True
24347,67,8.696,True
24348,67,8.696,True
24349,67,8.696,True
24350,67,8.696,True
24351,67,8.696,True
24352,69,9.541,True
24353,66,9.541,True
24354,67,9.541,True
24355,68,9.541,True
24356,69,9.72,True
24357,69,9.72,True
24358,68,9.72,True
24359,68,9.72,True
24360,68,9.72,True
24361,67,8.722,True
24362,67,8.722,True
24363,69,9.948,True
24364,69,9.948,True
24365,69,9.948,True
24366,73,9.948,True
24367,73,9.101,True
24368,73,9.101,True
24369,67,9.101,True
24370,70,9.699,True
24371,70,9.699,True
24372,70,9.699,True
24373,71,9.101,True
24374,69,9.693,True
24375,73,9.745,True
24376,72,9.745,True
24377,71,9.745,True
24378,74,9.745,True
24379,73,9.883,True
24380,71,9.883,True
24381,69,9.693,True
24382,69,9.693,True
24383,69,9.693,True
24384,69,9.693,True
24385,69,9.693,True
24386,69,9.693,True
24387,68,9.693,True
24388,70,9.693,True
24389,70,9.693,True
24390,70,9.693,True
24391,70,9.693,True
24392,70,9.693,True
24393,69,9.693,True
24394,71,9.693,True
24395,71,9.693,True
24396,69,9.693,True
24397,69,9.693,True
24398,70,7.242,True
24399,69,7.242,True
24400,68,9.693,True
24401,67,9.693,True
24402,68,9.693,True
24403,68,9.693,True
24404,68,9.693,True
24405,68,9.693,True
24406,64,9.693,True
24407,64,9.693,True
24408,64,9.693,True
24409,64,9.693,True
24410,65,9.693,True
24411,65,9.693,True
24412,70,9.693,True
24413,71,9.693,True
24414,71,9.693,True
24415,73,9.693,True
24416,77,8.819,True
24417,78,8.819,True
24418,77,8.819,True
24419,77,8.819,True
24420,74,8.819,True
24421,72,8.954,True
24422,72,8.954,True
24423,72,8.954,True
24424,72,8.954,True
24425,72,8.954,True
24426,72,9.062,True
24427,72,9.062,True
24428,70,9.062,True
24429,70,9.062,True
24430,70,9.062,True
24431,72,7.999,True
24432,75,9.387,True
24433,75,9.387,True
24434,75,9.387,True
24435,75,9.387,True
24436,75,9.387,True
24437,75,9.387,True
24438,75,9.387,True
24439,73,6.543,True
24440,73,6.543,True
24441,73,6.543,True
24442,73,6.543,True
24443,73,6.543,True
24444,71,6.543,True
24445,75,6.543,True
24446,73,6.543,True
24447,71,8.954,True
24448,71,8.954,True
24449,71,8.954,True
24450,71,8.954,True
24451,71,8.954,True
24452,72,8.954,True
24453,73,9.099,True
24454,74,8.954,True
24455,75,8.954,True
24456,75,8.954,True
24457,74,8.954,True
24458,74,8.954,True
24459,74,8.954,True
24460,74,8.954,True
24461,74,8.954,True
24462,75,7.358,True
24463,74,8.954,True
24464,72,8.954,True
24465,71,8.954,True
24466,69,8.954,True
24467,69,8.954,True
24468,69,8.954,True
24469,69,8.954,True
24470,68,8.954,True
24471,68,8.954,True
24472,68,8.954,True
24473,68,9.617,True
24474,68,9.617,True
24475,68,9.617,True
24476,68,8.954,True
24477,68,8.954,True
24478,68,8.954,True
24479,68,8.954,True
24480,68,8.954,True
24481,67,8.954,True
24482,67,8.954,True
24483,69,8.954,True
24484,69,8.954,True
24485,67,8.954,True
24486,67,8.954,True
24487,67,8.954,True
24488,67,8.954,True
24489,70,8.954,True
24490,71,8.954,True
24491,70,8.954,True
24492,70,8.954,True
24493,70,8.954,True
24494,70,8.954,True
24495,70,8.954,True
24496,70,8.954,True
24497,69,8.954,True
24498,69,8.954,True
24499,69,8.954,True
24500,69,8.954,True
24501,70,8.954,True
24502,70,8.954,True
24503,70,8.954,True
24504,70,8.954,True
24505,70,8.954,True
24506,70,8.954,True
24507,70,8.954,True
24508,70,8.954,True
24509,70,8.954,True
24510,72,8.954,True
24511,72,8.954,True
24512,72,8.954,True
24513,73,9.415,True
24514,72,8.954,True
24515,72,8.954,True
24516,72,8.954,True
24517,72,8.954,True
24518,73,8.954,True
24519,69,9.015,True
24520,69,9.015,True
24521,68,9.015,True
24522,69,9.015,True
24523,70,9.685,True
24524,70,9.685,True
24525,70,9.685,True
24526,69,9.685,True
24527,69,9.685,True
24528,67,9.685,True
24529,67,9.685,True
24530,67,9.685,True
24531,66,9.685,True
24532,66,9.685,True
24533,69,9.685,True
24534,69,9.685,True
24535,71,9.685,True
24536,66,9.685,True
24537,66,9.685,True
24538,66,9.685,True
24539,66,9.685,True
24540,65,9.685,True
24541,67,9.685,True
24542,67,9.685,True
24543,67,9.685,True
24544,67,9.685,True
24545,67,9.685,True
24546,67,9.685,True
24547,65,9.685,True
24548,65,9.685,True
24549,67,9.685,True
24550,67,9.685,True
24551,67,9.685,True
24552,65,9.685,True
24553,68,8.819,True
24554,68,8.819,True
24555,68,8.819,True
24556,68,8.819,True
24557,68,8.819,True
24558,65,9.685,True
24559,65,9.685,True
24560,65,9.685,True
24561,65,9.685,True
24562,70,9.685,True
24563,70,9.685,True
24564,70,9.685,True
24565,70,9.685,True
24566,71,9.685,True
24567,74,9.685,True
24568,74,9.685,True
24569,75,6.779,True
24570,75,6.544,True
24571,74,6.544,True
24572,73,9.685,True
24573,76,8.195,True
24574,76,8.195,True
24575,76,8.195,True
24576,74,8.195,True
24577,74,8.195,True
24578,76,8.195,True
24579,76,8.195,True
24580,76,8.777,True
24581,76,8.777,True
24582,78,9.427,True
24583,77,9.427,True
24584,77,9.427,True
24585,77,9.427,True
24586,79,9.427,True
24587,79,9.427,True
24588,81,8.162,True
24589,79,8.162,True
24590,79,8.162,True
24591,75,8.162,True
24592,77,8.162,True
24593,77,8.162,True
24594,77,8.162,True
24595,77,8.162,True
24596,77,8.162,True
24597,77,8.162,True
24598,77,8.162,True
24599,77,8.162,True
24600,77,8.162,True
24601,77,8.162,True
24602,77,8.162,True
24603,78,8.162,True
24604,78,8.162,True
24605,78,8.162,True
24606,78,8.162,True
24607,77,8.129,True
24608,75,8.308,True
24609,75,8.308,True
24610,75,8.308,True
24611,76,8.129,True
24612,77,8.129,True
24613,77,9.791,True
24614,77,9.791,True
24615,79,9.791,True
24616,80,8.864,True
24617,80,8.864,True
24618,81,8.864,True
24619,80,8.864,True
24620,80,8.864,True
24621,80,9.078,True
24622,75,9.685,True
24623,75,9.685,True
24624,75,9.685,True
24625,74,9.685,True
24626,76,9.685,True
24627,71,9.685,True
24628,74,9.685,True
24629,74,9.685,True
24630,74,9.685,True
24631,74,9.685,True
24632,74,9.685,True
24633,74,9.685,True
24634,71,9.685,True
24635,71,9.685,True
24636,71,9.685,True
24637,71,9.685,True
24638,72,9.685,True
24639,73,8.865,True
24640,73,8.865,True
24641,70,9.663,True
24642,69,9.663,True
24643,68,9.663,True
24644,66,9.952,True
24645,66,9.952,True
24646,66,9.952,True
24647,66,9.952,True
24648,66,9.952,True
24649,66,9.663,True
24650,66,9.663,True
24651,65,9.663,True
24652,65,9.663,True
24653,65,9.663,True
24654,65,9.663,True
24655,65,9.663,True
24656,66,9.663,True
24657,68,9.663,True
24658,68,9.663,True
24659,68,9.663,True
24660,69,9.663,True
24661,69,9.663,True
24662,69,9.663,True
24663,69,9.663,True
24664,65,9.663,True
24665,65,9.663,True
24666,63,9.663,True
24667,63,9.663,True
24668,63,9.663,True
24669,66,9.663,True
24670,66,9.663,True
24671,65,9.663,True
24672,65,9.663,True
24673,66,9.663,True
24674,66,9.663,True
24675,65,9.663,True
24676,67,9.663,True
24677,67,9.663,True
24678,68,9.663,True
24679,68,9.663,True
24680,70,9.663,True
24681,70,9.663,True
24682,69,9.663,True
24683,69,9.663,True
24684,67,9.91,True
24685,67,9.91,True
24686,67,9.91,True
24687,70,9.91,True
24688,70,9.91,True
24689,70,9.91,True
24690,72,9.91,True
24691,71,9.91,True
24692,71,9.91,True
24693,68,9.91,True
24694,68,9.663,True
24695,68,9.663,True
24696,68,9.663,True
24697,68,9.663,True
24698,68,9.663,True
24699,67,9.663,True
24700,67,9.663,True
24701,66,9.663,True
24702,66,9.663,True
24703,66,9.663,True
24704,71,8.073,True
24705,71,8.073,True
24706,68,8.073,True
24707,69,8.749,True
24708,69,8.749,True
24709,68,9.952,True
24710,69,9.952,True
24711,69,9.952,True
24712,64,9.952,True
24713,64,9.952,True
24714,64,9.952,True
24715,66,9.663,True
24716,66,9.663,True
24717,66,9.663,True
24718,66,9.663,True
24719,66,9.663,True
24720,66,9.663,True
24721,66,9.663,True
24722,69,9.663,True
24723,64,9.663,True
24724,66,9.663,True
24725,68,9.768,True
24726,69,9.663,True
24727,64,9.663,True
24728,69,9.663,True
24729,65,9.663,True
24730,69,9.663,True
24731,69,9.663,True
24732,69,9.663,True
24733,66,9.672,True
24734,67,9.663,True
24735,67,9.663,True
24736,67,9.663,True
24737,67,9.663,True
24738,67,9.663,True
24739,67,9.663,True
24740,66,9.663,True
24741,66,9.663,True
24742,67,9.663,True
24743,66,9.663,True
24744,66,9.663,True
24745,64,9.663,True
24746,68,9.663,True
24747,68,9.663,True
24748,68,9.663,True
24749,67,9.663,True
24750,68,9.663,True
24751,69,9.663,True
24752,69,9.663,True
24753,72,9.663,True
24754,72,9.067,True
24755,68,8.348,True
24756,73,5.994,True
24757,77,8.741,True
24758,75,8.741,True
24759,72,5.994,True
24760,72,5.994,True
24761,68,8.348,True
24762,69,8.348,True
24763,69,8.348,True
24764,68,8.348,True
24765,69,9.815,True
24766,71,9.815,True
24767,70,9.815,True
24768,70,9.815,True
24769,70,9.815,True
24770,70,9.815,True
24771,70,9.663,True
24772,70,9.815,True
24773,70,9.815,True
24774,70,9.815,True
24775,69,9.182,True
24776,70,9.139,True
24777,70,9.139,True
24778,70,9.139,True
24779,67,9.139,True
24780,67,9.139,True
24781,68,9.139,True
24782,70,9.712,True
24783,70,9.712,True
24784,76,9.712,True
24785,72,9.139,True
24786,72,9.139,True
24787,72,9.139,True
24788,71,9.139,True
24789,71,9.139,True
24790,71,9.139,True
24791,71,9.139,True
24792,66,9.139,True
24793,66,9.139,True
24794,67,8.091,True
24795,67,8.091,True
24796,67,8.091,True
24797,67,8.091,True
24798,67,8.091,True
24799,67,8.091,True
24800,67,8.091,True
24801,67,8.091,True
24802,69,9.231,True
24803,68,9.231,True
24804,68,9.231,True
24805,65,9.139,True
24806,65,9.139,True
24807,64,9.139,True
24808,64,9.139,True
24809,64,9.139,True
24810,64,9.139,True
24811,64,9.139,True
24812,64,9.139,True
24813,65,9.278,True
24814,65,9.278,True
24815,66,9.951,True
24816,68,9.951,True
24817,66,9.951,True
24818,65,9.951,True
24819,63,9.951,True
24820,63,9.951,True
24821,67,9.951,True
24822,69,9.951,True
24823,69,9.951,True
24824,69,9.951,True
24825,67,9.951,True
24826,65,9.951,True
24827,65,9.951,True
24828,65,9.951,True
24829,66,9.951,True
24830,64,9.951,True
24831,64,9.951,True
24832,65,9.951,True
24833,64,9.951,True
24834,63,9.951,True
24835,63,9.951,True
24836,63,9.951,True
24837,62,9.139,True
24838,61,9.139,True
24839,61,9.139,True
24840,61,9.139,True
24841,65,9.139,True
24842,61,9.139,True
24843,64,9.139,True
24844,64,9.139,True
24845,61,9.139,True
24846,62,9.139,True
24847,67,9.139,True
24848,62,9.139,True
24849,62,9.139,True
24850,62,9.139,True
24851,64,9.643,True
24852,63,9.139,True
24853,63,9.139,True
24854,64,9.139,True
24855,64,9.139,True
24856,63,9.139,True
24857,64,9.139,True
24858,64,9.139,True
24859,66,8.363,True
24860,66,8.363,True
24861,66,8.363,True
24862,66,8.363,True
24863,66,8.363,True
24864,64,9.139,True
24865,64,9.139,True
24866,64,9.139,True
24867,64,9.139,True
24868,61,9.139,True
24869,61,9.139,True
24870,61,9.139,True
24871,61,9.139,True
24872,61,9.139,True
24873,61,9.139,True
24874,61,9.139,True
24875,64,9.139,True
24876,65,9.139,True
24877,65,9.139,True
24878,65,9.139,True
24879,63,9.139,True
24880,66,9.139,True
24881,68,9.139,True
24882,66,9.139,True
24883,66,9.139,True
24884,68,9.693,True
24885,66,9.693,True
24886,71,9.693,True
24887,71,9.693,True
24888,70,9.693,True
24889,71,9.693,True
24890,72,9.693,True
24891,71,9.139,True
24892,73,9.056,True
24893,70,9.056,True
24894,70,9.056,True
24895,69,9.056,True
24896,70,9.056,True
24897,66,9.474,True
24898,66,9.474,True
24899,66,9.474,True
24900,66,9.474,True
24901,66,9.204,True
24902,65,9.204,True
24903,65,9.204,True
24904,65,9.204,True
24905,66,9.056,True
24906,67,9.101,True
24907,67,9.101,True
24908,67,9.101,True
24909,66,9.204,True
24910,66,9.204,True
24911,65,9.101,True
24912,64,9.474,True
24913,63,9.474,True
24914,64,9.474,True
24915,67,9.474,True
24916,67,9.474,True
24917,67,9.474,True
24918,67,9.474,True
24919,67,9.474,True
24920,67,9.474,True
24921,67,9.474,True
24922,67,9.474,True
24923,66,9.474,True
24924,66,9.474,True
24925,66,9.474,True
24926,66,9.474,True
24927,66,9.775,True
24928,66,9.775,True
24929,66,9.775,True
24930,66,9.775,True
24931,66,9.775,True
24932,66,9.775,True
24933,66,9.775,True
24934,66,9.775,True
24935,66,9.775,True
24936,66,9.775,True
24937,67,9.775,True
24938,66,9.775,True
24939,68,9.474,True
24940,66,9.775,True
24941,66,9.775,True
24942,66,9.775,True
24943,66,9.775,True
24944,66,9.775,True
24945,67,9.775,True
24946,67,9.775,True
24947,67,9.775,True
24948,65,9.775,True
24949,65,9.775,True
24950,65,9.474,True
24951,65,9.474,True
24952,65,9.474,True
24953,67,8.085,True
24954,66,8.305,True
24955,70,8.305,True
24956,70,8.305,True
24957,70,8.305,True
24958,70,8.305,True
24959,71,8.085,True
24960,71,8.085,True
24961,71,6.936,True
24962,71,6.936,True
24963,67,6.936,True
24964,67,6.936,True
24965,70,8.731,True
24966,70,8.731,True
24967,67,9.356,True
24968,67,9.356,True
24969,68,7.561,True
24970,68,7.561,True
24971,68,7.525,True
24972,70,6.628,True
24973,70,6.628,True
24974,70,6.628,True
24975,70,6.628,True
24976,70,6.628,True
24977,70,6.628,True
24978,70,6.628,True
24979,70,6.628,True
24980,70,6.628,True
24981,70,6.628,True
24982,70,6.628,True
24983,70,6.628,True
24984,70,6.628,True
24985,70,6.628,True
24986,71,6.628,True
24987,70,6.628,True
24988,65,9.238,True
24989,65,9.238,True
24990,65,9.238,True
24991,65,9.238,True
24992,65,9.238,True
24993,65,9.238,True
24994,64,5.593,True
24995,64,5.593,True
24996,64,5.593,True
24997,64,5.593,True
24998,64,5.593,True
24999,64,5.593,True
25000,65,5.593,True
25001,68,9.067,True
25002,68,9.067,True
25003,68,9.067,True
25004,68,9.067,True
25005,70,9.067,True
25006,70,9.067,True
25007,67,9.067,True
25008,67,9.067,True
25009,67,9.067,True
25010,68,9.067,True
25011,68,9.067,True
25012,68,9.067,True
25013,69,9.067,True
25014,69,9.067,True
25015,68,9.067,True
25016,68,9.067,True
25017,69,9.067,True
25018,69,9.067,True
25019,70,9.067,True
25020,71,9.067,True
25021,71,9.067,True
25022,70,9.067,True
25023,70,9.067,True
25024,69,9.067,True
25025,65,8.348,True
25026,66,8.348,True
25027,63,8.348,True
25028,63,8.348,True
25029,63,8.348,True
25030,65,9.542,True
25031,66,9.542,True
25032,66,9.542,True
25033,66,8.348,True
25034,66,8.348,True
25035,66,8.348,True
25036,66,8.348,True
25037,66,8.348,True
25038,66,8.348,True
25039,67,8.348,True
25040,67,8.348,True
25041,67,8.348,True
25042,66,9.562,True
25043,66,9.562,True
25044,65,8.348,True
25045,66,9.562,True
25046,65,8.348,True
25047,65,8.348,True
25048,65,8.348,True
25049,65,8.348,True
25050,65,8.348,True
25051,65,8.348,True
25052,65,8.348,True
25053,67,8.348,True
25054,65,9.675,True
25055,65,9.675,True
25056,63,9.675,True
25057,63,9.675,True
25058,63,9.675,True
25059,65,9.675,True
25060,65,9.675,True
25061,65,9.675,True
25062,65,9.675,True
25063,65,9.675,True
25064,64,9.675,True
25065,66,9.675,True
25066,66,9.675,True
25067,66,9.675,True
25068,64,9.675,True
25069,64,9.675,True
25070,66,9.675,True
25071,66,9.757,True
25072,66,9.757,True
25073,65,9.675,True
25074,65,9.675,True
25075,65,9.675,True
25076,65,9.675,True
25077,65,9.675,True
25078,65,9.675,True
25079,65,9.675,True
25080,65,9.675,True
25081,67,9.394,True
25082,67,9.394,True
25083,65,8.348,True
25084,67,8.348,True
25085,66,8.348,True
25086,68,9.915,True
25087,69,9.915,True
25088,71,9.915,True
25089,69,8.069,True
25090,67,7.2,True
25091,67,8.924,True
25092,67,8.924,True
25093,68,8.924,True
25094,68,8.924,True
25095,68,8.924,True
25096,67,7.038,True
25097,72,9.843,True
25098,70,9.843,True
25099,70,9.843,True
25100,70,9.843,True
25101,65,6.241,True
25102,65,6.241,True
25103,65,6.241,True
25104,66,9.238,True
25105,66,9.238,True
25106,66,9.238,True
25107,66,9.238,True
25108,66,9.238,True
25109,68,9.238,True
25110,68,9.238,True
25111,68,9.238,True
25112,66,9.238,True
25113,66,9.238,True
25114,64,9.238,True
25115,64,9.238,True
25116,62,8.348,True
25117,62,8.348,True
25118,63,5.5,True
25119,63,5.5,True
25120,63,5.5,True
25121,63,5.5,True
25122,66,9.367,True
25123,66,9.367,True
25124,66,9.367,True
25125,66,9.367,True
25126,63,5.5,True
25127,63,5.5,True
25128,63,5.5,True
25129,63,5.5,True
25130,62,8.989,True
25131,62,8.989,True
25132,62,8.989,True
25133,64,9.883,True
25134,64,9.883,True
25135,64,9.883,True
25136,64,9.883,True
25137,64,9.883,True
25138,64,9.883,True
25139,66,9.26,True
25140,68,9.26,True
25141,68,9.26,True
25142,67,6.302,True
25143,67,6.302,True
25144,65,6.302,True
25145,69,6.302,True
25146,69,6.427,True
25147,69,6.427,True
25148,68,9.26,True
25149,69,6.427,True
25150,70,6.302,True
25151,72,6.302,True
25152,72,6.302,True
25153,72,6.302,True
25154,71,6.302,True
25155,71,8.989,True
25156,67,8.989,True
25157,67,8.989,True
25158,68,7.579,True
25159,69,5.694,True
25160,66,5.694,True
25161,66,5.694,True
25162,66,5.694,True
25163,69,9.509,True
25164,69,9.509,True
25165,69,9.509,True
25166,65,8.989,True
25167,65,8.989,True
25168,65,8.989,True
25169,65,8.989,True
25170,65,8.989,True
25171,65,8.989,True
25172,63,8.989,True
25173,63,8.989,True
25174,63,8.989,True
25175,63,8.989,True
25176,63,8.989,True
25177,63,8.989,True
25178,63,8.989,True
25179,63,8.989,True
25180,64,8.989,True
25181,65,5.648,True
25182,65,5.648,True
25183,65,5.648,True
25184,65,5.648,True
25185,64,8.989,True
25186,64,8.989,True
25187,65,5.648,True
25188,65,5.648,True
25189,67,5.648,True
25190,67,5.648,True
25191,67,5.648,True
25192,67,5.648,True
25193,67,5.648,True
25194,67,5.648,True
25195,66,9.139,True
25196,66,9.139,True
25197,68,9.139,True
25198,68,9.139,True
25199,68,9.139,True
25200,68,9.139,True
25201,70,9.624,True
25202,70,9.624,True
25203,70,9.624,True
25204,72,9.624,True
25205,69,9.446,True
25206,71,9.139,True
25207,72,9.773,True
25208,72,9.773,True
25209,72,9.773,True
25210,71,9.773,True
25211,68,9.773,True
25212,68,9.773,True
25213,67,9.139,True
25214,66,9.363,True
25215,67,9.454,True
25216,68,9.454,True
25217,68,9.454,True
25218,68,9.454,True
25219,68,9.454,True
25220,68,9.454,True
25221,68,9.454,True
25222,71,9.454,True
25223,71,9.454,True
25224,70,9.454,True
25225,70,9.454,True
25226,67,9.396,True
25227,68,9.139,True
25228,69,9.139,True
25229,66,9.363,True
25230,66,9.363,True
25231,65,9.363,True
25232,64,9.363,True
25233,62,9.363,True
25234,62,9.363,True
25235,64,9.363,True
25236,66,9.363,True
25237,64,9.363,True
25238,64,9.363,True
25239,64,9.363,True
25240,66,9.363,True
25241,66,9.363,True
25242,66,9.363,True
25243,66,9.363,True
25244,65,9.363,True
25245,65,9.363,True
25246,65,9.363,True
25247,68,8.764,True
25248,65,8.764,True
25249,68,8.764,True
25250,68,8.764,True
25251,68,8.764,True
25252,68,8.764,True
25253,65,8.764,True
25254,65,8.764,True
25255,66,9.139,True
25256,66,9.139,True
25257,66,9.139,True
25258,67,9.139,True
25259,71,9.139,True
25260,66,9.663,True
25261,67,9.663,True
25262,67,9.663,True
25263,67,9.663,True
25264,67,9.663,True
25265,67,9.139,True
25266,67,9.139,True
25267,67,9.139,True
25268,67,9.139,True
25269,67,9.139,True
25270,67,9.139,True
25271,67,9.663,True
25272,67,9.663,True
25273,67,9.663,True
25274,67,9.663,True
25275,69,9.663,True
25276,69,9.663,True
25277,69,9.663,True
25278,68,9.663,True
25279,71,8.914,True
25280,71,8.914,True
25281,71,8.914,True
25282,71,8.914,True
25283,71,8.914,True
25284,71,8.914,True
25285,69,8.744,True
25286,67,8.764,True
25287,70,9.367,True
25288,69,9.367,True
25289,68,9.367,True
25290,70,9.367,True
25291,68,9.45,True
25292,68,9.45,True
25293,68,9.45,True
25294,68,9.45,True
25295,67,9.45,True
25296,67,9.45,True
25297,67,9.952,True
25298,69,9.952,True
25299,64,9.952,True
25300,64,9.45,True
25301,64,9.45,True
25302,65,9.45,True
25303,66,9.796,True
25304,65,9.796,True
25305,65,9.796,True
25306,65,9.796,True
25307,65,9.796,True
25308,67,9.367,True
25309,69,9.367,True
25310,67,9.367,True
25311,67,9.367,True
25312,67,9.367,True
25313,64,9.367,True
25314,64,9.367,True
25315,64,9.367,True
25316,67,9.367,True
25317,67,9.367,True
25318,64,8.744,True
25319,64,8.744,True
25320,62,8.744,True
25321,63,8.744,True
25322,64,9.394,True
25323,65,9.394,True
25324,66,9.394,True
25325,66,9.394,True
25326,66,9.394,True
25327,66,9.394,True
25328,66,9.394,True
25329,66,9.394,True
25330,68,8.694,True
25331,68,8.694,True
25332,71,8.694,True
25333,72,9.3,True
25334,68,9.3,True
25335,68,9.3,True
25336,67,9.3,True
25337,68,9.3,True
25338,68,9.3,True
25339,70,9.3,True
25340,70,9.3,True
25341,70,9.3,True
25342,70,9.3,True
25343,70,9.3,True
25344,70,9.3,True
25345,73,9.3,True
25346,73,9.3,True
25347,68,9.3,True
25348,68,9.3,True
25349,69,9.3,True
25350,69,9.3,True
25351,69,9.3,True
25352,69,9.3,True
25353,69,9.3,True
25354,69,9.3,True
25355,69,9.3,True
25356,69,9.3,True
25357,69,9.3,True
25358,69,9.3,True
25359,69,9.3,True
25360,69,9.3,True
25361,72,9.3,True
25362,72,9.3,True
25363,71,9.3,True
25364,67,9.3,True
25365,66,6.067,True
25366,66,6.067,True
25367,66,6.067,True
25368,66,6.067,True
25369,66,6.067,True
25370,66,6.067,True
25371,70,7.704,True
25372,70,7.704,True
25373,66,6.067,True
25374,64,6.067,True
25375,64,6.067,True
25376,64,4.892,True
25377,63,6.689,True
25378,63,6.689,True
25379,64,9.139,True
25380,62,9.139,True
25381,62,9.139,True
25382,62,9.139,True
25383,62,9.139,True
25384,62,9.139,True
25385,61,6.689,True
25386,60,6.689,True
25387,60,6.689,True
25388,60,6.689,True
25389,60,6.689,True
25390,62,6.689,True
25391,62,6.689,True
25392,64,6.689,True
25393,64,6.689,True
25394,69,4.616,True
25395,69,4.616,True
25396,69,4.616,True
25397,71,7.357,True
25398,69,4.616,True
25399,69,4.616,True
25400,69,9.129,True
25401,67,8.314,True
25402,68,8.314,True
25403,68,8.314,True
25404,68,8.314,True
25405,68,8.314,True
25406,65,9.394,True
25407,66,9.394,True
25408,66,9.394,True
25409,67,9.394,True
25410,67,9.394,True
25411,68,9.238,True
25412,68,9.238,True
25413,74,8.16,True
25414,75,8.16,True
25415,68,9.685,True
25416,68,9.685,True
25417,68,9.685,True
25418,68,9.685,True
25419,68,9.685,True
25420,68,9.685,True
25421,69,8.16,True
25422,69,8.16,True
25423,68,8.056,True
25424,71,8.056,True
25425,72,8.16,True
25426,71,8.16,True
25427,71,9.015,True
25428,70,8.629,True
25429,70,8.629,True
25430,72,8.629,True
25431,72,8.16,True
25432,72,8.16,True
25433,70,8.16,True
25434,71,8.16,True
25435,71,8.16,True
25436,71,8.16,True
25437,73,8.16,True
25438,73,7.922,True
25439,73,8.543,True
25440,74,7.889,True
25441,75,7.889,True
25442,75,7.889,True
25443,75,7.889,True
25444,73,7.889,True
25445,73,7.889,True
25446,73,7.889,True
25447,70,9.419,True
25448,70,9.419,True
25449,69,7.877,True
25450,69,7.877,True
25451,68,9.748,True
25452,68,9.748,True
25453,68,9.748,True
25454,68,9.748,True
25455,70,9.748,True
25456,70,9.748,True
25457,70,9.748,True
25458,70,9.748,True
25459,71,9.391,True
25460,70,9.391,True
25461,70,9.391,True
25462,69,9.64,True
25463,69,9.64,True
25464,66,9.675,True
25465,67,9.675,True
25466,71,9.64,True
25467,71,9.64,True
25468,71,9.64,True
25469,71,9.64,True
25470,71,9.64,True
25471,70,9.64,True
25472,70,9.64,True
25473,70,9.64,True
25474,70,9.64,True
25475,70,9.64,True
25476,66,9.64,True
25477,66,9.64,True
25478,73,9.64,True
25479,72,8.786,True
25480,72,8.786,True
25481,64,8.786,True
25482,64,8.786,True
25483,64,9.675,True
25484,66,9.675,True
25485,66,9.675,True
25486,65,9.675,True
25487,65,9.675,True
25488,66,9.675,True
25489,66,9.675,True
25490,66,9.675,True
25491,65,9.675,True
25492,65,9.675,True
25493,66,9.675,True
25494,66,9.675,True
25495,66,9.675,True
25496,66,9.675,True
25497,66,9.675,True
25498,66,9.675,True
25499,66,9.675,True
25500,66,9.675,True
25501,67,9.675,True
25502,65,9.675,True
25503,67,9.675,True
25504,67,9.675,True
25505,67,9.675,True
25506,67,9.675,True
25507,67,9.675,True
25508,67,9.675,True
25509,67,9.675,True
25510,67,9.675,True
25511,67,9.675,True
25512,67,9.675,True
25513,67,9.675,True
25514,67,9.675,True
25515,67,9.675,True
25516,67,9.675,True
25517,67,9.675,True
25518,67,9.675,True
25519,68,9.675,True
25520,69,9.675,True
25521,69,9.675,True
25522,67,9.675,True
25523,69,9.791,True
25524,69,9.791,True
25525,70,9.791,True
25526,70,9.791,True
25527,69,9.675,True
25528,69,9.675,True
25529,72,9.675,True
25530,71,9.675,True
25531,71,9.675,True
25532,71,9.675,True
25533,66,9.675,True
25534,66,9.675,True
25535,66,9.675,True
25536,66,9.675,True
25537,66,9.675,True
25538,65,9.748,True
25539,67,9.675,True
25540,70,9.675,True
25541,68,9.675,True
25542,68,9.675,True
25543,72,9.675,True
25544,73,9.791,True
25545,73,9.791,True
25546,72,9.675,True
25547,72,9.675,True
25548,71,9.675,True
25549,71,9.675,True
25550,71,9.675,True
25551,71,9.675,True
25552,71,9.675,True
25553,71,9.675,True
25554,71,9.675,True
25555,71,9.675,True
25556,65,9.675,True
25557,66,9.675,True
25558,64,9.675,True
25559,65,9.675,True
25560,64,9.675,True
25561,64,9.675,True
25562,63,9.675,True
25563,63,9.675,True
25564,63,9.675,True
25565,63,9.675,True
25566,62,9.675,True
25567,62,9.675,True
25568,61,9.675,True
25569,61,9.675,True
25570,61,9.675,True
25571,61,9.675,True
25572,61,9.675,True
25573,61,9.675,True
25574,61,9.675,True
25575,63,9.675,True
25576,63,9.675,True
25577,63,9.675,True
25578,63,9.675,True
25579,63,9.675,True
25580,67,9.675,True
25581,67,9.675,True
25582,67,9.675,True
25583,67,9.675,True
25584,71,7.758,True
25585,67,9.675,True
25586,67,9.675,True
25587,67,9.675,True
25588,67,9.675,True
25589,67,9.675,True
25590,63,9.675,True
25591,64,9.675,True
25592,67,9.675,True
25593,67,9.675,True
25594,67,9.675,True
25595,67,9.675,True
25596,67,9.675,True
25597,68,9.675,True
25598,68,9.675,True
25599,68,9.675,True
25600,68,9.675,True
25601,68,9.675,True
25602,69,9.675,True
25603,70,9.675,True
25604,66,9.675,True
25605,66,9.675,True
25606,66,9.675,True
25607,66,9.675,True
25608,66,9.675,True
25609,67,9.675,True
25610,67,9.675,True
25611,67,9.675,True
25612,65,9.675,True
25613,69,9.675,True
25614,69,9.675,True
25615,68,9.675,True
25616,68,9.675,True
25617,68,9.748,True
25618,69,9.748,True
25619,75,8.262,True
25620,74,9.298,True
25621,74,9.298,True
25622,73,9.675,True
25623,76,9.298,True
25624,73,9.675,True
25625,73,9.675,True
25626,73,9.675,True
25627,73,9.675,True
25628,66,9.748,True
25629,66,9.748,True
25630,66,9.748,True
25631,66,9.748,True
25632,66,9.748,True
25633,66,9.748,True
25634,66,9.748,True
25635,66,9.748,True
25636,66,9.748,True
25637,66,9.748,True
25638,66,9.748,True
25639,66,9.748,True
25640,67,9.748,True
25641,63,9.748,True
25642,65,9.675,True
25643,63,9.748,True
25644,63,9.748,True
25645,63,9.748,True
25646,63,9.748,True
25647,63,9.748,True
25648,63,9.748,True
25649,63,9.748,True
25650,69,9.675,True
25651,72,9.675,True
25652,72,9.675,True
25653,67,9.675,True
25654,66,9.675,True
25655,69,9.675,True
25656,70,9.675,True
25657,73,8.641,True
25658,73,8.641,True
25659,71,5.623,True
25660,69,9.238,True
25661,69,9.238,True
25662,70,9.238,True
25663,70,8.813,True
25664,70,8.813,True
25665,71,6.627,True
25666,71,6.627,True
25667,77,6.627,True
25668,71,6.627,True
25669,72,6.627,True
25670,73,5.623,True
25671,73,5.623,True
25672,72,7.036,True
25673,76,7.036,True
25674,72,7.353,True
25675,72,7.353,True
25676,72,7.353,True
25677,72,7.353,True
25678,71,8.989,True
25679,71,8.989,True
25680,75,8.989,True
25681,75,8.989,True
25682,75,8.989,True
25683,75,8.989,True
25684,75,8.989,True
25685,75,8.989,True
25686,75,8.989,True
25687,76,7.036,True
25688,78,7.036,True
25689,76,7.036,True
25690,78,8.217,True
25691,78,8.217,True
25692,78,8.217,True
25693,78,8.217,True
25694,78,6.985,True
25695,76,7.314,True
25696,76,7.314,True
25697,75,7.314,True
25698,76,7.314,True
25699,79,7.314,True
25700,79,7.314,True
25701,77,7.314,True
25702,76,7.314,True
25703,76,7.314,True
25704,76,7.314,True
25705,76,7.314,True
25706,76,7.314,True
25707,76,7.314,True
25708,75,7.314,True
25709,75,7.314,True
25710,76,7.314,True
25711,75,7.314,True
25712,76,9.915,True
25713,76,9.915,True
25714,74,7.314,True
25715,74,7.314,True
25716,74,7.314,True
25717,73,7.314,True
25718,75,7.95,True
25719,73,9.434,True
25720,73,9.434,True
25721,73,9.434,True
25722,73,9.434,True
25723,73,9.434,True
25724,73,9.434,True
25725,73,9.434,True
25726,72,7.314,True
25727,71,8.154,True
25728,71,8.154,True
25729,71,8.154,True
25730,71,8.154,True
25731,76,8.154,True
25732,76,8.154,True
25733,74,8.154,True
25734,69,8.154,True
25735,69,8.154,True
25736,71,7.261,True
25737,72,9.146,True
25738,72,9.146,True
25739,73,9.146,True
25740,73,9.146,True
25741,76,9.146,True
25742,76,8.827,True
25743,76,8.827,True
25744,77,8.835,True
25745,77,8.835,True
25746,80,8.827,True
25747,74,8.827,True
25748,71,6.737,True
25749,71,6.737,True
25750,70,6.737,True
25751,70,6.737,True
25752,69,7.79,True
25753,69,7.79,True
25754,68,7.79,True
25755,68,7.79,True
25756,69,6.737,True
25757,71,3.216,True
25758,72,3.216,True
25759,72,3.89,True
25760,73,9.635,True
25761,73,9.635,True
25762,73,9.635,True
25763,73,9.635,True
25764,71,9.635,True
25765,73,6.993,True
25766,72,6.993,True
25767,70,6.993,True
25768,70,7.261,True
25769,70,7.896,True
25770,70,7.896,True
25771,70,7.896,True
25772,71,7.896,True
25773,72,7.896,True
25774,73,8.926,True
25775,73,8.926,True
25776,73,9.33,True
25777,73,9.33,True
25778,71,7.896,True
25779,70,7.999,True
25780,70,7.999,True
25781,70,7.999,True
25782,71,7.999,True
25783,71,7.999,True
25784,71,9.893,True
25785,72,9.023,True
25786,69,7.999,True
25787,68,7.999,True
25788,66,9.157,True
25789,66,9.157,True
25790,66,9.157,True
25791,66,9.157,True
25792,66,9.157,True
25793,66,9.157,True
25794,67,9.157,True
25795,68,9.157,True
25796,70,9.056,True
25797,73,7.999,True
25798,73,7.999,True
25799,71,8.78,True
25800,71,8.78,True
25801,71,8.78,True
25802,68,8.78,True
25803,68,8.78,True
25804,68,8.78,True
25805,67,7.999,True
25806,67,7.999,True
25807,67,7.999,True
25808,65,9.157,True
25809,65,9.157,True
25810,65,9.157,True
25811,68,5.269,True
25812,68,5.269,True
25813,68,5.269,True
25814,70,5.269,True
25815,71,6.339,True
25816,71,6.339,True
25817,67,9.004,True
25818,69,9.004,True
25819,69,9.004,True
25820,69,9.004,True
25821,70,7.461,True
25822,72,7.699,True
25823,71,9.914,True
25824,71,9.914,True
25825,71,9.914,True
25826,71,9.914,True
25827,71,8.397,True
25828,71,8.397,True
25829,71,8.397,True
25830,71,8.397,True
25831,73,8.397,True
25832,71,8.397,True
25833,69,8.397,True
25834,69,8.397,True
25835,68,9.004,True
25836,72,9.004,True
25837,72,9.004,True
25838,72,9.004,True
25839,73,8.397,True
25840,71,8.397,True
25841,70,8.397,True
25842,70,8.397,True
25843,70,6.522,True
25844,70,6.522,True
25845,72,6.522,True
25846,73,9.043,True
25847,73,9.043,True
25848,73,9.043,True
25849,73,8.558,True
25850,73,8.558,True
25851,76,8.558,True
25852,75,8.558,True
25853,75,8.558,True
25854,75,8.558,True
25855,81,6.631,True
25856,82,6.631,True
25857,79,7.328,True
25858,79,7.328,True
25859,79,7.328,True
25860,78,7.328,True
25861,78,7.328,True
25862,79,7.328,True
25863,79,7.328,True
25864,77,7.328,True
25865,77,7.328,True
25866,77,7.328,True
25867,77,7.328,True
25868,73,7.328,True
25869,70,7.328,True
25870,71,7.328,True
25871,71,7.328,True
25872,71,7.328,True
25873,71,7.328,True
25874,71,7.328,True
25875,71,7.328,True
25876,71,7.328,True
25877,71,7.328,True
25878,71,7.328,True
25879,71,6.631,True
25880,71,9.387,True
25881,75,9.387,True
25882,74,9.387,True
25883,71,9.387,True
25884,71,9.387,True
25885,70,7.18,True
25886,69,7.559,True
25887,69,7.559,True
25888,73,9.583,True
25889,73,9.583,True
25890,73,9.583,True
25891,71,9.583,True
25892,71,9.583,True
25893,71,9.583,True
25894,71,9.583,True
25895,71,9.583,True
25896,70,9.583,True
25897,70,6.609,True
25898,70,6.609,True
25899,70,6.609,True
25900,70,6.609,True
25901,72,6.609,True
25902,72,9.139,True
25903,71,7.351,True
25904,71,7.351,True
25905,71,8.477,True
25906,68,8.477,True
25907,68,8.477,True
25908,68,8.477,True
25909,67,7.351,True
25910,70,8.743,True
25911,70,8.743,True
25912,70,8.743,True
25913,69,7.351,True
25914,69,7.351,True
25915,71,8.251,True
25916,71,8.251,True
25917,72,9.139,True
25918,70,9.139,True
25919,70,9.139,True
25920,70,9.139,True
25921,70,9.139,True
25922,70,9.139,True
25923,70,9.139,True
25924,70,9.139,True
25925,72,9.139,True
25926,71,9.139,True
25927,70,8.857,True
25928,70,8.857,True
25929,68,9.314,True
25930,68,9.314,True
25931,70,9.314,True
25932,71,9.314,True
25933,71,9.314,True
25934,74,8.827,True
25935,71,9.314,True
25936,71,9.314,True
25937,67,9.314,True
25938,67,9.314,True
25939,67,9.314,True
25940,66,8.954,True
25941,66,8.954,True
25942,66,8.954,True
25943,69,8.954,True
25944,66,8.954,True
25945,64,8.954,True
25946,64,8.954,True
25947,64,9.514,True
25948,63,8.954,True
25949,63,8.954,True
25950,63,8.954,True
25951,61,8.954,True
25952,62,8.954,True
25953,63,8.954,True
25954,63,8.954,True
25955,63,8.954,True
25956,63,8.954,True
25957,64,8.954,True
25958,64,8.954,True
25959,64,8.954,True
25960,64,9.838,True
25961,64,9.838,True
25962,65,9.003,True
25963,65,9.003,True
25964,67,8.954,True
25965,67,8.954,True
25966,67,8.954,True
25967,67,8.954,True
25968,67,8.954,True
25969,67,8.954,True
25970,69,8.954,True
25971,69,8.954,True
25972,69,8.954,True
25973,67,9.601,True
25974,65,9.601,True
25975,65,9.601,True
25976,66,9.601,True
25977,66,9.601,True
25978,68,9.601,True
25979,66,9.601,True
25980,68,9.601,True
25981,68,9.601,True
25982,69,9.2,True
25983,69,9.2,True
25984,70,9.2,True
25985,74,8.624,True
25986,70,9.2,True
25987,72,8.624,True
25988,70,8.954,True
25989,72,8.975,True
25990,72,8.975,True
25991,70,8.954,True
25992,72,9.479,True
25993,72,9.479,True
25994,72,9.479,True
25995,72,9.479,True
25996,70,8.954,True
25997,69,8.954,True
25998,72,8.954,True
25999,73,8.954,True
26000,71,8.954,True
26001,71,8.954,True
26002,71,8.954,True
26003,68,8.954,True
26004,70,8.954,True
26005,70,8.954,True
26006,70,8.954,True
26007,75,8.954,True
26008,73,8.954,True
26009,75,8.954,True
26010,77,8.954,True
26011,74,8.954,True
26012,74,8.954,True
26013,73,8.954,True
26014,76,8.954,True
26015,77,8.954,True
26016,77,8.954,True
26017,78,8.954,True
26018,80,6.714,True
26019,76,6.737,True
26020,76,6.902,True
26021,77,8.834,True
26022,74,6.902,True
26023,73,7.614,True
26024,74,9.452,True
26025,73,9.452,True
26026,74,9.452,True
26027,73,9.452,True
26028,73,9.452,True
26029,72,9.452,True
26030,72,9.452,True
26031,74,9.452,True
26032,74,9.452,True
26033,76,7.386,True
26034,76,7.386,True
26035,76,7.386,True
26036,76,7.386,True
26037,74,7.386,True
26038,74,7.386,True
26039,74,7.386,True
26040,74,7.351,True
26041,71,7.351,True
26042,73,8.885,True
26043,78,7.351,True
26044,78,7.812,True
26045,78,7.812,True
26046,79,7.812,True
26047,77,7.812,True
26048,73,7.812,True
26049,73,7.812,True
26050,73,7.812,True
26051,73,8.819,True
26052,71,8.819,True
26053,71,8.819,True
26054,72,7.812,True
26055,71,8.819,True
26056,71,8.819,True
26057,70,8.819,True
26058,72,8.819,True
26059,71,8.819,True
26060,73,8.819,True
26061,72,8.819,True
26062,70,8.819,True
26063,73,8.819,True
26064,73,8.819,True
26065,72,8.819,True
26066,72,8.819,True
26067,70,8.819,True
26068,70,8.819,True
26069,70,8.819,True
26070,71,8.819,True
26071,71,8.819,True
26072,74,8.996,True
26073,74,8.996,True
26074,74,8.996,True
26075,73,9.163,True
26076,73,9.163,True
26077,74,9.163,True
26078,74,9.163,True
26079,78,8.996,True
26080,75,8.996,True
26081,74,8.996,True
26082,72,8.996,True
26083,73,8.996,True
26084,76,8.996,True
26085,76,8.996,True
26086,73,8.996,True
26087,73,8.996,True
26088,72,8.996,True
26089,72,8.996,True
26090,72,8.996,True
26091,72,8.996,True
26092,72,9.006,True
26093,72,9.006,True
26094,73,9.006,True
26095,71,7.812,True
26096,72,9.033,True
26097,72,7.812,True
26098,70,7.812,True
26099,72,7.812,True
26100,72,7.812,True
26101,73,7.812,True
26102,71,7.812,True
26103,71,7.812,True
26104,71,7.812,True
26105,72,7.812,True
26106,69,8.305,True
26107,69,8.305,True
26108,69,8.305,True
26109,71,9.899,True
26110,70,9.899,True
26111,70,9.899,True
26112,68,8.305,True
26113,70,8.936,True
26114,71,8.936,True
26115,71,8.936,True
26116,70,9.182,True
26117,70,9.182,True
26118,70,9.182,True
26119,72,8.936,True
26120,76,8.936,True
26121,76,8.936,True
26122,76,8.936,True
26123,74,8.936,True
26124,68,9.897,True
26125,70,8.936,True
26126,68,8.936,True
26127,68,8.936,True
26128,68,8.936,True
26129,67,8.936,True
26130,66,8.936,True
26131,66,8.936,True
26132,70,8.936,True
26133,73,8.936,True
26134,70,8.936,True
26135,70,8.936,True
26136,68,8.936,True
26137,67,8.936,True
26138,67,9.212,True
26139,67,8.936,True
26140,69,9.979,True
26141,69,9.979,True
26142,69,9.979,True
26143,69,9.979,True
26144,70,9.979,True
26145,68,9.979,True
26146,68,9.979,True
26147,69,9.979,True
26148,68,9.979,True
26149,69,9.979,True
26150,68,9.979,True
26151,68,9.979,True
26152,70,9.979,True
26153,70,9.979,True
26154,68,9.212,True
26155,68,9.212,True
26156,68,9.212,True
26157,68,9.212,True
26158,66,9.212,True
26159,66,9.212,True
26160,64,9.212,True
26161,64,9.212,True
26162,64,9.97,True
26163,64,9.97,True
26164,67,9.97,True
26165,67,9.97,True
26166,68,9.97,True
26167,67,9.97,True
26168,67,9.97,True
26169,67,9.97,True
26170,70,7.267,True
26171,73,8.135,True
26172,73,8.135,True
26173,71,7.267,True
26174,68,7.267,True
26175,65,7.267,True
26176,65,7.267,True
26177,65,7.267,True
26178,65,7.267,True
26179,65,8.427,True
26180,66,8.073,True
26181,65,9.897,True
26182,65,9.897,True
26183,65,9.897,True
26184,65,9.897,True
26185,68,7.888,True
26186,69,7.888,True
26187,68,7.888,True
26188,67,8.427,True
26189,67,8.427,True
26190,67,8.427,True
26191,67,8.427,True
26192,67,8.427,True
26193,67,8.427,True
26194,67,8.744,True
26195,67,8.744,True
26196,67,8.744,True
26197,67,8.744,True
26198,71,9.46,True
26199,71,9.46,True
26200,71,9.46,True
26201,72,9.695,True
26202,72,9.695,True
26203,72,9.695,True
26204,73,9.695,True
26205,74,9.695,True
26206,73,8.744,True
26207,73,8.744,True
26208,73,8.744,True
26209,76,8.744,True
26210,75,9.362,True
26211,75,9.362,True
26212,73,5.867,True
26213,73,6.792,True
26214,75,9.446,True
26215,71,9.446,True
26216,71,9.446,True
26217,70,9.601,True
26218,70,9.601,True
26219,70,9.601,True
26220,70,9.601,True
26221,70,9.601,True
26222,70,9.601,True
26223,70,9.601,True
26224,77,9.601,True
26225,75,9.446,True
26226,75,9.446,True
26227,75,9.446,True
26228,75,9.446,True
26229,75,9.446,True
26230,75,9.446,True
26231,76,8.251,True
26232,75,8.251,True
26233,75,8.251,True
26234,75,8.251,True
26235,72,8.251,True
26236,73,8.251,True
26237,73,8.251,True
26238,71,8.251,True
26239,72,9.693,True
26240,71,9.693,True
26241,68,9.693,True
26242,69,8.251,True
26243,69,8.251,True
26244,68,8.251,True
26245,71,8.251,True
26246,71,8.251,True
26247,71,8.251,True
26248,73,8.251,True
26249,73,8.661,True
26250,78,8.729,True
26251,78,8.729,True
26252,76,8.729,True
26253,76,8.729,True
26254,76,8.729,True
26255,73,8.729,True
26256,73,8.729,True
26257,73,8.729,True
26258,73,8.729,True
26259,70,8.729,True
26260,70,8.729,True
26261,70,8.729,True
26262,70,8.729,True
26263,70,7.025,True
26264,70,7.025,True
26265,66,6.869,True
26266,70,6.869,True
26267,70,6.869,True
26268,70,7.039,True
26269,70,7.039,True
26270,70,7.039,True
26271,69,7.756,True
26272,69,7.756,True
26273,69,7.756,True
26274,69,7.756,True
26275,69,7.756,True
26276,66,7.039,True
26277,66,7.039,True
26278,67,7.45,True
26279,67,7.45,True
26280,64,7.45,True
26281,64,7.45,True
26282,64,7.45,True
26283,64,7.45,True
26284,64,7.45,True
26285,63,8.989,True
26286,63,8.989,True
26287,63,8.989,True
26288,63,8.989,True
26289,63,8.989,True
26290,63,8.661,True
26291,63,8.661,True
26292,63,8.661,True
26293,63,8.661,True
26294,63,8.661,True
26295,63,8.661,True
26296,63,7.724,True
26297,63,7.724,True
26298,67,7.724,True
26299,65,7.724,True
26300,63,7.724,True
26301,65,7.724,True
26302,65,7.724,True
26303,65,7.724,True
26304,65,7.724,True
26305,64,7.724,True
26306,64,7.724,True
26307,64,7.724,True
26308,64,7.724,True
26309,65,7.882,True
26310,64,7.882,True
26311,63,8.659,True
26312,63,8.659,True
26313,65,8.659,True
26314,65,8.659,True
26315,65,7.882,True
26316,65,7.882,True
26317,65,9.97,True
26318,64,6.773,True
26319,64,6.773,True
26320,62,8.684,True
26321,62,8.684,True
26322,62,8.684,True
26323,62,8.684,True
26324,62,8.684,True
26325,64,8.684,True
26326,64,8.684,True
26327,65,9.97,True
26328,65,9.97,True
26329,68,9.97,True
26330,68,9.97,True
26331,68,9.97,True
26332,68,9.97,True
26333,66,9.97,True
26334,66,9.97,True
26335,66,9.97,True
26336,66,9.97,True
26337,68,9.621,True
26338,69,9.621,True
26339,69,9.621,True
26340,69,9.621,True
26341,69,9.621,True
26342,69,9.601,True
26343,69,9.601,True
26344,70,9.601,True
26345,67,9.601,True
26346,66,9.601,True
26347,68,8.954,True
26348,71,8.954,True
26349,71,8.954,True
26350,70,8.954,True
26351,71,9.578,True
26352,66,9.163,True
26353,66,9.163,True
26354,66,9.163,True
26355,64,9.163,True
26356,64,9.163,True
26357,64,9.163,True
26358,64,9.163,True
26359,64,9.163,True
26360,64,9.163,True
26361,65,9.163,True
26362,63,9.163,True
26363,64,9.163,True
26364,64,9.163,True
26365,64,9.163,True
26366,64,9.163,True
26367,64,9.163,True
26368,65,8.954,True
26369,65,8.954,True
26370,65,8.954,True
26371,66,8.954,True
26372,66,8.954,True
26373,66,8.954,True
26374,68,8.954,True
26375,68,8.954,True
26376,70,8.954,True
26377,66,8.954,True
26378,67,8.954,True
26379,69,8.954,True
26380,69,8.954,True
26381,68,8.954,True
26382,68,8.954,True
26383,68,8.954,True
26384,71,8.954,True
26385,67,8.954,True
26386,65,8.954,True
26387,65,9.456,True
26388,65,9.456,True
26389,65,9.456,True
26390,65,9.456,True
26391,67,9.456,True
26392,66,9.456,True
26393,66,9.456,True
26394,66,9.456,True
26395,67,8.624,True
26396,67,8.624,True
26397,67,8.624,True
26398,66,9.456,True
26399,66,9.456,True
26400,66,9.456,True
26401,66,9.456,True
26402,69,9.456,True
26403,72,8.954,True
26404,72,8.954,True
26405,72,8.954,True
26406,70,8.954,True
26407,69,8.954,True
26408,69,8.954,True
26409,68,9.965,True
26410,68,9.965,True
26411,69,8.954,True
26412,69,8.954,True
26413,72,9.81,True
26414,74,8.954,True
26415,70,9.965,True
26416,70,9.965,True
26417,71,9.965,True
26418,72,9.965,True
26419,72,9.965,True
26420,72,9.965,True
26421,72,9.965,True
26422,72,9.965,True
26423,70,9.965,True
26424,72,9.806,True
26425,70,9.965,True
26426,70,9.965,True
26427,70,9.965,True
26428,69,9.965,True
26429,69,9.965,True
26430,69,9.965,True
26431,69,9.965,True
26432,66,9.965,True
26433,66,9.965,True
26434,70,9.965,True
26435,70,9.965,True
26436,73,9.965,True
26437,74,8.696,True
26438,76,8.696,True
26439,78,8.624,True
26440,78,8.624,True
26441,77,8.624,True
26442,78,8.624,True
26443,77,9.965,True
26444,78,8.624,True
26445,79,8.624,True
26446,77,8.624,True
26447,81,8.624,True
26448,81,8.624,True
26449,83,8.624,True
26450,83,8.624,True
26451,81,8.965,True
26452,81,8.965,True
26453,78,9.717,True
26454,77,9.897,True
26455,78,9.897,True
26456,75,9.897,True
26457,75,9.897,True
26458,73,9.897,True
26459,68,9.897,True
26460,68,9.897,True
26461,68,9.897,True
26462,70,9.897,True
26463,71,9.897,True
26464,71,9.717,True
26465,71,9.717,True
26466,71,9.004,True
26467,72,9.642,True
26468,68,9.004,True
26469,68,9.004,True
26470,71,9.004,True
26471,69,9.004,True
26472,69,9.004,True
26473,69,9.004,True
26474,67,9.004,True
26475,67,9.004,True
26476,67,9.004,True
26477,66,9.004,True
26478,65,9.004,True
26479,65,9.004,True
26480,63,9.004,True
26481,62,9.004,True
26482,64,9.601,True
26483,65,9.601,True
26484,65,9.601,True
26485,65,8.694,True
26486,65,8.694,True
26487,65,8.694,True
26488,65,8.694,True
26489,67,8.479,True
26490,65,6.609,True
26491,65,6.609,True
26492,65,6.609,True
26493,65,6.609,True
26494,67,9.67,True
26495,69,9.67,True
26496,69,6.609,True
26497,69,6.609,True
26498,69,6.749,True
26499,69,6.749,True
26500,68,6.609,True
26501,66,6.609,True
26502,66,6.609,True
26503,66,6.609,True
26504,66,6.609,True
26505,65,8.696,True
26506,65,8.696,True
26507,64,8.696,True
26508,64,8.696,True
26509,68,8.427,True
26510,68,8.427,True
26511,73,9.796,True
26512,73,9.796,True
26513,71,9.796,True
26514,70,9.796,True
26515,69,9.796,True
26516,72,9.796,True
26517,72,9.796,True
26518,72,9.796,True
26519,74,9.796,True
26520,75,9.796,True
26521,71,9.314,True
26522,71,9.314,True
26523,71,9.314,True
26524,67,9.314,True
26525,68,9.314,True
26526,68,9.927,True
26527,66,9.314,True
26528,67,9.314,True
26529,67,9.815,True
26530,67,9.815,True
26531,68,9.815,True
26532,68,9.815,True
26533,70,9.815,True
26534,70,9.815,True
26535,68,9.815,True
26536,68,9.815,True
26537,68,9.815,True
26538,68,9.815,True
26539,71,7.45,True
26540,71,7.45,True
26541,71,7.45,True
26542,71,7.45,True
26543,71,7.45,True
26544,71,7.45,True
26545,69,7.45,True
26546,68,7.45,True
26547,69,7.45,True
26548,70,7.45,True
26549,70,7.45,True
26550,67,7.45,True
26551,70,7.45,True
26552,71,8.071,True
26553,71,8.071,True
26554,71,7.45,True
26555,73,9.387,True
26556,73,9.387,True
26557,73,9.387,True
26558,75,9.387,True
26559,72,9.387,True
26560,72,9.387,True
26561,72,9.387,True
26562,75,9.624,True
26563,75,9.387,True
26564,74,7.039,True
26565,74,7.039,True
26566,73,7.256,True
26567,73,7.256,True
26568,70,7.891,True
26569,70,7.891,True
26570,69,7.891,True
26571,69,7.891,True
26572,67,7.891,True
26573,67,7.891,True
26574,67,7.891,True
26575,67,7.891,True
26576,70,7.256,True
26577,70,7.256,True
26578,69,7.351,True
26579,69,7.351,True
26580,69,7.351,True
26581,70,7.351,True
26582,71,7.351,True
26583,68,7.891,True
26584,68,7.891,True
26585,69,7.891,True
26586,69,7.891,True
26587,69,7.891,True
26588,73,6.862,True
26589,70,7.45,True
26590,70,7.45,True
26591,70,7.45,True
26592,70,7.45,True
26593,72,9.174,True
26594,70,7.45,True
26595,70,7.45,True
26596,70,7.45,True
26597,70,7.45,True
26598,73,7.45,True
26599,70,9.062,True
26600,70,9.062,True
26601,67,9.062,True
26602,67,9.062,True
26603,67,9.062,True
26604,67,9.062,True
26605,69,9.062,True
26606,69,9.062,True
26607,69,9.062,True
26608,69,9.062,True
26609,69,9.062,True
26610,72,9.062,True
26611,70,9.062,True
26612,71,7.45,True
26613,71,7.45,True
26614,68,9.182,True
26615,68,7.763,True
26616,68,7.763,True
26617,68,7.763,True
26618,69,7.763,True
26619,68,9.314,True
26620,70,9.314,True
26621,69,8.991,True
26622,72,9.938,True
26623,71,8.991,True
26624,71,8.991,True
26625,71,8.991,True
26626,71,8.991,True
26627,71,8.991,True
26628,71,8.991,True
26629,70,7.891,True
26630,70,7.891,True
26631,70,7.891,True
26632,69,5.381,True
26633,67,5.381,True
26634,67,5.381,True
26635,67,5.381,True
26636,67,5.381,True
26637,67,5.381,True
26638,66,5.381,True
26639,67,5.381,True
26640,67,7.337,True
26641,67,7.337,True
26642,69,7.337,True
26643,69,7.337,True
26644,70,9.777,True
26645,71,9.777,True
26646,69,9.61,True
26647,69,9.61,True
26648,69,9.61,True
26649,69,9.61,True
26650,70,9.61,True
26651,70,9.61,True
26652,70,9.61,True
26653,69,9.61,True
26654,69,9.61,True
26655,72,9.61,True
26656,71,9.61,True
26657,71,9.61,True
26658,71,9.61,True
26659,71,9.61,True
26660,71,9.61,True
26661,71,9.61,True
26662,72,8.683,True
26663,74,8.269,True
26664,74,8.269,True
26665,73,8.269,True
26666,71,9.139,True
26667,73,8.26,True
26668,72,8.26,True
26669,74,9.353,True
26670,73,8.26,True
26671,73,8.26,True
26672,74,9.353,True
26673,74,9.353,True
26674,74,9.353,True
26675,74,9.353,True
26676,74,9.353,True
26677,71,9.353,True
26678,70,9.346,True
26679,68,9.346,True
26680,74,9.346,True
26681,74,9.346,True
26682,74,9.346,True
26683,74,8.07,True
26684,76,8.07,True
26685,76,8.217,True
26686,75,8.217,True
26687,76,8.217,True
26688,76,8.217,True
26689,74,8.217,True
26690,74,8.217,True
26691,74,8.217,True
26692,75,9.136,True
26693,72,9.136,True
26694,72,9.136,True
26695,72,9.136,True
26696,71,8.217,True
26697,70,7.351,True
26698,69,7.351,True
26699,69,7.351,True
26700,69,7.351,True
26701,70,7.479,True
26702,69,6.985,True
26703,67,6.522,True
26704,67,6.522,True
26705,71,8.804,True
26706,71,6.048,True
26707,71,6.048,True
26708,73,6.048,True
26709,72,7.875,True
26710,73,7.875,True
26711,71,7.875,True
26712,71,7.875,True
26713,71,7.875,True
26714,71,7.875,True
26715,71,7.875,True
26716,70,7.875,True
26717,70,7.875,True
26718,70,7.875,True
26719,71,6.637,True
26720,72,6.637,True
26721,68,6.637,True
26722,67,6.637,True
26723,67,6.637,True
26724,67,6.637,True
26725,66,6.637,True
26726,66,8.511,True
26727,66,8.511,True
26728,66,8.511,True
26729,66,9.33,True
26730,66,9.33,True
26731,66,9.33,True
26732,66,9.33,True
26733,66,7.351,True
26734,67,7.351,True
26735,69,7.351,True
26736,68,7.351,True
26737,69,7.351,True
26738,69,7.351,True
26739,69,7.351,True
26740,69,7.351,True
26741,70,7.629,True
26742,69,7.351,True
26743,69,7.351,True
26744,69,7.351,True
26745,69,7.351,True
26746,69,7.351,True
26747,69,7.351,True
26748,69,7.351,True
26749,69,7.351,True
26750,73,7.351,True
26751,74,8.855,True
26752,74,8.855,True
26753,74,8.855,True
26754,73,7.351,True
26755,73,7.351,True
26756,73,7.351,True
26757,70,7.351,True
26758,70,7.351,True
26759,70,7.351,True
26760,70,9.97,True
26761,70,9.97,True
26762,70,9.97,True
26763,70,9.97,True
26764,70,9.97,True
26765,70,9.97,True
26766,72,8.225,True
26767,73,8.225,True
26768,73,8.225,True
26769,73,8.225,True
26770,75,9.019,True
26771,75,9.019,True
26772,75,9.019,True
26773,73,9.97,True
26774,73,9.97,True
26775,74,9.019,True
26776,75,8.212,True
26777,75,8.212,True
26778,75,8.212,True
26779,75,8.212,True
26780,75,7.267,True
26781,75,7.267,True
26782,75,8.397,True
26783,74,8.397,True
26784,74,7.267,True
26785,72,7.267,True
26786,74,8.65,True
26787,74,8.65,True
26788,74,8.65,True
26789,74,8.65,True
26790,74,8.65,True
26791,74,8.65,True
26792,73,8.981,True
26793,73,8.981,True
26794,70,8.981,True
26795,72,8.981,True
26796,72,8.981,True
26797,72,8.981,True
26798,73,8.397,True
26799,73,8.397,True
26800,73,8.397,True
26801,71,8.397,True
26802,71,8.397,True
26803,72,8.397,True
26804,72,9.302,True
26805,72,9.302,True
26806,72,9.302,True
26807,72,9.302,True
26808,72,7.45,True
26809,72,7.45,True
26810,70,7.45,True
26811,72,9.332,True
26812,74,9.332,True
26813,74,9.332,True
26814,74,9.332,True
26815,72,9.332,True
26816,70,7.812,True
26817,70,7.812,True
26818,70,7.812,True
26819,70,7.812,True
26820,70,7.812,True
26821,70,7.812,True
26822,69,9.118,True
26823,69,9.118,True
26824,69,9.118,True
26825,69,9.118,True
26826,71,9.118,True
26827,70,9.118,True
26828,70,9.118,True
26829,69,9.118,True
26830,69,9.118,True
26831,69,9.118,True
26832,70,9.118,True
26833,70,9.118,True
26834,70,9.118,True
26835,70,8.954,True
26836,71,8.954,True
26837,71,8.954,True
26838,70,8.954,True
26839,70,8.954,True
26840,69,8.954,True
26841,69,8.954,True
26842,69,8.954,True
26843,71,8.954,True
26844,71,9.312,True
26845,72,8.954,True
26846,72,8.954,True
26847,71,8.954,True
26848,74,8.954,True
26849,73,9.223,True
26850,74,6.609,True
26851,73,6.609,True
26852,69,6.609,True
26853,68,9.053,True
26854,69,7.013,True
26855,69,7.013,True
26856,69,7.013,True
26857,69,7.013,True
26858,71,9.786,True
26859,68,7.882,True
26860,68,7.999,True
26861,69,8.513,True
26862,69,8.513,True
26863,69,8.513,True
26864,71,8.513,True
26865,72,8.513,True
26866,72,8.513,True
26867,72,8.513,True
26868,73,8.513,True
26869,70,7.999,True
26870,69,7.999,True
26871,70,7.999,True
26872,70,7.999,True
26873,70,8.755,True
26874,70,9.2,True
26875,70,9.2,True
26876,70,9.2,True
26877,70,9.2,True
26878,70,9.2,True
26879,70,9.2,True
26880,72,8.755,True
26881,73,9.387,True
26882,72,8.755,True
26883,72,9.413,True
26884,72,9.413,True
26885,72,9.413,True
26886,72,9.413,True
26887,72,9.413,True
26888,69,9.413,True
26889,71,7.812,True
26890,69,9.004,True
26891,70,9.387,True
26892,70,9.387,True
26893,67,9.387,True
26894,74,9.387,True
26895,74,9.387,True
26896,72,9.387,True
26897,72,9.387,True
26898,72,9.387,True
26899,72,9.387,True
26900,69,9.387,True
26901,69,8.533,True
26902,65,9.004,True
26903,63,9.004,True
26904,63,9.004,True
26905,63,9.004,True
26906,63,9.004,True
26907,61,9.004,True
26908,61,9.004,True
26909,62,9.004,True
26910,62,9.004,True
26911,62,9.004,True
26912,62,9.004,True
26913,62,9.004,True
26914,65,7.084,True
26915,64,8.954,True
26916,64,8.954,True
26917,63,8.954,True
26918,63,8.954,True
26919,63,9.601,True
26920,64,9.601,True
26921,64,9.601,True
26922,64,8.954,True
26923,63,9.223,True
26924,63,9.223,True
26925,66,9.382,True
26926,66,9.382,True
26927,66,9.382,True
26928,66,9.382,True
26929,65,9.223,True
26930,64,9.223,True
26931,63,9.223,True
26932,63,9.223,True
26933,63,9.223,True
26934,63,9.223,True
26935,61,9.004,True
26936,61,9.004,True
26937,64,9.004,True
26938,65,8.623,True
26939,65,8.623,True
26940,64,8.623,True
26941,64,8.623,True
26942,64,8.623,True
26943,65,8.623,True
26944,68,8.623,True
26945,65,8.623,True
26946,62,8.954,True
26947,62,8.954,True
26948,62,8.954,True
26949,62,8.954,True
26950,62,8.954,True
26951,62,8.954,True
26952,62,8.954,True
26953,65,8.954,True
26954,66,8.954,True
26955,66,8.954,True
26956,69,8.954,True
26957,68,8.954,True
26958,67,9.223,True
26959,67,9.223,True
26960,65,9.223,True
26961,65,9.223,True
26962,64,9.223,True
26963,62,9.004,True
26964,62,9.004,True
26965,65,9.004,True
26966,65,9.004,True
26967,65,9.004,True
26968,65,9.004,True
26969,64,9.004,True
26970,64,9.004,True
26971,64,9.004,True
26972,64,9.004,True
26973,64,9.004,True
26974,66,9.223,True
26975,69,8.623,True
26976,69,8.623,True
26977,70,8.575,True
26978,70,8.575,True
26979,70,8.575,True
26980,70,8.575,True
26981,70,8.575,True
26982,70,8.575,True
26983,70,8.575,True
26984,70,8.575,True
26985,67,9.223,True
26986,67,9.223,True
26987,68,9.987,True
26988,68,9.987,True
26989,66,7.461,True
26990,67,7.749,True
26991,66,9.004,True
26992,67,9.004,True
26993,67,9.004,True
26994,67,9.004,True
26995,68,7.749,True
26996,71,7.749,True
26997,70,7.749,True
26998,70,7.749,True
26999,70,7.749,True
27000,70,7.749,True
27001,71,9.775,True
27002,71,9.775,True
27003,72,7.749,True
27004,72,7.749,True
27005,75,9.284,True
27006,73,9.284,True
27007,73,9.284,True
27008,73,9.284,True
27009,70,9.897,True
27010,68,9.897,True
27011,68,9.897,True
27012,68,9.897,True
27013,71,9.897,True
27014,70,9.897,True
27015,70,9.897,True
27016,70,9.897,True
27017,71,9.897,True
27018,71,9.897,True
27019,71,9.897,True
27020,68,9.897,True
27021,65,9.971,True
27022,65,9.971,True
27023,65,9.971,True
27024,65,9.971,True
27025,63,9.971,True
27026,63,9.971,True
27027,61,9.971,True
27028,61,9.971,True
27029,61,9.971,True
27030,62,9.897,True
27031,62,9.897,True
27032,62,9.897,True
27033,62,9.897,True
27034,61,9.971,True
27035,64,9.971,True
27036,64,9.971,True
27037,64,9.971,True
27038,64,9.971,True
27039,64,9.971,True
27040,64,9.971,True
27041,64,9.971,True
27042,70,9.971,True
27043,70,9.971,True
27044,64,9.971,True
27045,61,9.971,True
27046,61,9.971,True
27047,64,9.971,True
27048,64,9.971,True
27049,64,9.971,True
27050,64,9.971,True
27051,64,9.971,True
27052,64,9.971,True
27053,64,9.971,True
27054,64,9.971,True
27055,64,9.971,True
27056,64,9.971,True
27057,64,9.971,True
27058,64,9.971,True
27059,64,9.971,True
27060,64,9.971,True
27061,64,7.643,True
27062,61,8.696,True
27063,62,9.552,True
27064,63,9.552,True
27065,63,9.552,True
27066,65,9.552,True
27067,62,7.643,True
27068,62,7.643,True
27069,61,7.643,True
27070,61,7.643,True
27071,61,7.643,True
27072,64,7.643,True
27073,64,7.643,True
27074,64,7.643,True
27075,64,7.643,True
27076,63,7.643,True
27077,63,7.643,True
27078,65,7.643,True
27079,64,7.643,True
27080,64,7.643,True
27081,64,7.643,True
27082,62,9.027,True
27083,64,7.713,True
27084,66,7.713,True
27085,66,9.97,True
27086,69,9.97,True
27087,69,9.97,True
27088,69,9.97,True
27089,69,9.97,True
27090,68,9.97,True
27091,70,9.97,True
27092,70,9.97,True
27093,68,9.97,True
27094,66,9.97,True
27095,67,9.97,True
27096,67,9.97,True
27097,67,9.97,True
27098,67,9.97,True
27099,68,9.97,True
27100,69,9.97,True
27101,69,9.97,True
27102,69,9.97,True
27103,70,9.97,True
27104,70,9.97,True
27105,73,9.97,True
27106,75,9.97,True
27107,76,9.532,True
27108,76,9.532,True
27109,76,9.532,True
27110,76,9.532,True
27111,76,9.532,True
27112,74,9.532,True
27113,74,9.532,True
27114,76,9.532,True
27115,74,8.78,True
27116,74,8.78,True
27117,74,8.78,True
27118,74,8.78,True
27119,74,8.78,True
27120,75,8.78,True
27121,75,8.78,True
27122,75,8.78,True
27123,75,8.78,True
27124,77,9.833,True
27125,75,9.833,True
27126,75,9.153,True
27127,75,9.153,True
27128,75,9.833,True
27129,76,9.833,True
27130,75,9.833,True
27131,75,9.833,True
27132,75,7.967,True
27133,75,7.967,True
27134,79,7.967,True
27135,79,7.967,True
27136,79,7.967,True
27137,78,7.967,True
27138,77,7.967,True
27139,77,7.967,True
27140,77,7.967,True
27141,77,7.967,True
27142,74,7.967,True
27143,74,7.967,True
27144,74,7.967,True
27145,75,5.926,True
27146,75,8.319,True
27147,72,8.319,True
27148,73,8.319,True
27149,71,8.319,True
27150,69,9.015,True
27151,69,9.015,True
27152,68,8.319,True
27153,68,8.319,True
27154,68,8.319,True
27155,70,9.057,True
27156,68,8.319,True
27157,68,8.319,True
27158,68,8.319,True
27159,68,8.319,True
27160,68,8.319,True
27161,68,8.319,True
27162,70,8.319,True
27163,70,8.319,True
27164,70,8.319,True
27165,67,8.319,True
27166,67,8.319,True
27167,67,8.319,True
27168,67,8.319,True
27169,67,8.319,True
27170,66,8.319,True
27171,67,8.319,True
27172,68,8.319,True
27173,70,8.319,True
27174,70,8.319,True
27175,70,8.319,True
27176,70,8.319,True
27177,70,8.319,True
27178,70,8.319,True
27179,71,8.319,True
27180,71,8.319,True
27181,71,8.319,True
27182,69,8.319,True
27183,69,8.319,True
27184,69,8.154,True
27185,69,8.319,True
27186,69,8.319,True
27187,67,9.97,True
27188,67,9.97,True
27189,70,9.97,True
27190,73,9.97,True
27191,73,9.97,True
27192,73,9.97,True
27193,70,9.97,True
27194,66,9.97,True
27195,69,9.446,True
27196,69,9.446,True
27197,69,9.446,True
27198,70,9.763,True
27199,71,9.446,True
27200,71,9.446,True
27201,71,9.446,True
27202,68,9.446,True
27203,68,9.446,True
27204,68,9.446,True
27205,65,9.446,True
27206,63,9.446,True
27207,64,9.446,True
27208,63,9.446,True
27209,64,8.907,True
27210,65,8.989,True
27211,64,9.663,True
27212,64,9.663,True
27213,64,9.663,True
27214,64,9.663,True
27215,64,9.663,True
27216,65,9.663,True
27217,63,9.663,True
27218,63,9.663,True
27219,63,9.663,True
27220,65,9.663,True
27221,65,9.663,True
27222,68,9.663,True
27223,65,9.97,True
27224,65,9.97,True
27225,64,9.97,True
27226,64,9.97,True
27227,64,9.97,True
27228,64,9.97,True
27229,64,9.97,True
27230,64,9.97,True
27231,63,9.97,True
27232,66,8.989,True
27233,66,8.989,True
27234,66,8.989,True
27235,63,9.97,True
27236,68,9.97,True
27237,71,9.827,True
27238,72,9.827,True
27239,75,9.827,True
27240,76,9.827,True
27241,76,9.827,True
27242,77,8.948,True
27243,78,8.948,True
27244,77,9.197,True
27245,77,9.197,True
27246,76,7.801,True
27247,73,8.989,True
27248,73,8.989,True
27249,73,8.989,True
27250,73,8.989,True
27251,73,8.989,True
27252,73,8.989,True
27253,71,8.989,True
27254,71,8.989,True
27255,74,8.989,True
27256,73,8.989,True
27257,73,8.989,True
27258,75,8.427,True
27259,73,8.989,True
27260,73,8.989,True
27261,73,8.989,True
27262,73,8.989,True
27263,73,8.989,True
27264,73,8.989,True
27265,70,8.989,True
27266,70,8.989,True
27267,70,8.989,True
27268,73,8.989,True
27269,73,8.989,True
27270,73,8.989,True
27271,73,8.989,True
27272,73,8.989,True
27273,76,8.989,True
27274,76,8.989,True
27275,76,8.989,True
27276,76,8.989,True
27277,73,8.989,True
27278,73,8.989,True
27279,75,8.989,True
27280,75,8.989,True
27281,72,9.819,True
27282,71,9.819,True
27283,70,9.2,True
27284,70,9.2,True
27285,70,9.2,True
27286,73,9.2,True
27287,70,9.2,True
27288,70,9.2,True
27289,68,9.2,True
27290,68,9.2,True
27291,68,9.2,True
27292,68,9.2,True
27293,69,8.989,True
27294,71,8.989,True
27295,69,9.015,True
27296,69,9.015,True
27297,69,9.015,True
27298,71,9.015,True
27299,69,9.015,True
27300,69,9.015,True
27301,69,9.015,True
27302,69,9.015,True
27303,69,9.015,True
27304,69,9.015,True
27305,68,9.446,True
27306,68,9.446,True
27307,68,9.446,True
27308,68,9.446,True
27309,67,9.446,True
27310,67,9.446,True
27311,68,9.446,True
27312,68,9.446,True
27313,68,9.446,True
27314,64,9.446,True
27315,64,9.446,True
27316,69,9.446,True
27317,71,9.446,True
27318,70,9.446,True
27319,70,9.446,True
27320,70,9.446,True
27321,67,9.446,True
27322,67,9.446,True
27323,67,9.446,True
27324,70,9.446,True
27325,70,9.446,True
27326,71,7.039,True
27327,71,7.039,True
27328,71,7.347,True
27329,71,9.232,True
27330,71,9.232,True
27331,72,8.393,True
27332,72,8.393,True
27333,72,8.393,True
27334,72,8.393,True
27335,71,7.879,True
27336,71,7.879,True
27337,69,7.879,True
27338,71,9.387,True
27339,70,9.387,True
27340,67,9.387,True
27341,66,9.387,True
27342,66,9.387,True
27343,67,9.387,True
27344,66,9.97,True
27345,66,9.97,True
27346,66,9.97,True
27347,66,9.97,True
27348,66,9.97,True
27349,66,9.97,True
27350,70,9.492,True
27351,70,9.492,True
27352,68,9.492,True
27353,68,9.492,True
27354,68,9.492,True
27355,64,9.446,True
27356,64,9.446,True
27357,66,9.446,True
27358,66,9.446,True
27359,65,9.446,True
27360,64,9.446,True
27361,64,9.446,True
27362,64,8.907,True
27363,64,8.907,True
27364,64,8.907,True
27365,64,8.907,True
27366,64,8.907,True
27367,64,8.907,True
27368,64,8.907,True
27369,64,8.907,True
27370,65,8.907,True
27371,64,8.907,True
27372,64,9.97,True
27373,64,9.97,True
27374,64,9.97,True
27375,65,9.97,True
27376,64,9.97,True
27377,64,9.97,True
27378,64,9.663,True
27379,64,9.97,True
27380,64,9.97,True
27381,66,9.97,True
27382,66,9.97,True
27383,67,9.97,True
27384,66,9.97,True
27385,66,9.97,True
27386,66,9.97,True
27387,66,9.97,True
27388,66,9.97,True
27389,65,9.97,True
27390,65,9.97,True
27391,65,9.97,True
27392,68,9.97,True
27393,68,9.97,True
27394,68,9.97,True
27395,68,9.97,True
27396,68,9.97,True
27397,70,9.97,True
27398,70,9.97,True
27399,70,9.97,True
27400,66,9.97,True
27401,69,9.97,True
27402,69,9.97,True
27403,75,9.663,True
27404,75,9.663,True
27405,75,9.663,True
27406,69,9.663,True
27407,69,9.663,True
27408,68,9.663,True
27409,67,9.663,True
27410,67,9.663,True
27411,67,9.663,True
27412,66,9.663,True
27413,66,9.663,True
27414,66,9.663,True
27415,63,9.663,True
27416,63,9.663,True
27417,63,9.663,True
27418,63,9.663,True
27419,63,9.663,True
27420,63,9.663,True
27421,63,9.663,True
27422,63,9.663,True
27423,63,9.663,True
27424,63,9.663,True
27425,63,9.97,True
27426,63,9.97,True
27427,63,9.97,True
27428,63,9.97,True
27429,63,9.97,True
27430,67,9.663,True
27431,67,9.663,True
27432,66,9.663,True
27433,66,9.663,True
27434,66,9.663,True
27435,66,9.663,True
27436,66,9.663,True
27437,66,9.663,True
27438,66,9.663,True
27439,66,9.663,True
27440,66,9.663,True
27441,69,9.663,True
27442,69,9.663,True
27443,69,9.663,True
27444,69,9.663,True
27445,69,9.663,True
27446,65,9.663,True
27447,65,9.663,True
27448,65,9.663,True
27449,65,9.663,True
27450,65,9.663,True
27451,64,9.663,True
27452,64,9.528,True
27453,64,9.528,True
27454,71,9.528,True
27455,72,9.528,True
27456,71,9.528,True
27457,71,9.528,True
27458,71,9.528,True
27459,71,9.528,True
27460,71,9.528,True
27461,71,9.528,True
27462,71,9.528,True
27463,72,9.446,True
27464,72,9.446,True
27465,72,9.446,True
27466,70,9.446,True
27467,70,9.446,True
27468,70,9.446,True
27469,70,9.446,True
27470,70,8.907,True
27471,70,9.004,True
27472,70,9.004,True
27473,68,9.004,True
27474,68,9.004,True
27475,68,9.528,True
27476,68,9.528,True
27477,68,9.004,True
27478,68,9.004,True
27479,68,9.004,True
27480,68,9.004,True
27481,68,9.004,True
27482,74,9.004,True
27483,74,9.004,True
27484,74,9.004,True
27485,74,9.004,True
27486,74,9.004,True
27487,70,9.528,True
27488,70,9.528,True
27489,69,9.581,True
27490,69,9.581,True
27491,69,9.581,True
27492,69,9.581,True
27493,70,9.581,True
27494,68,9.004,True
27495,68,9.004,True
27496,68,9.004,True
27497,68,9.004,True
27498,69,9.004,True
27499,69,9.004,True
27500,69,9.004,True
27501,66,8.907,True
27502,65,8.907,True
27503,65,9.446,True
27504,65,9.446,True
27505,65,9.446,True
27506,65,9.446,True
27507,65,9.446,True
27508,65,9.446,True
27509,65,9.446,True
27510,66,9.446,True
27511,65,9.446,True
27512,68,9.446,True
27513,68,9.446,True
27514,70,9.446,True
27515,67,9.446,True
27516,65,9.446,True
27517,66,9.446,True
27518,66,9.446,True
27519,66,9.446,True
27520,66,9.446,True
27521,66,9.446,True
27522,68,7.749,True
27523,68,7.749,True
27524,69,8.305,True
27525,67,9.446,True
27526,69,8.907,True
27527,67,9.446,True
27528,67,9.446,True
27529,67,9.446,True
27530,67,9.446,True
27531,67,9.446,True
27532,67,9.97,True
27533,65,9.97,True
27534,65,9.97,True
27535,65,9.97,True
27536,64,9.97,True
27537,64,9.97,True
27538,67,9.97,True
27539,67,9.97,True
27540,67,9.97,True
27541,67,9.97,True
27542,72,9.97,True
27543,72,9.97,True
27544,72,9.97,True
27545,72,9.97,True
27546,72,9.97,True
27547,73,9.97,True
27548,73,9.97,True
27549,73,9.97,True
27550,73,9.97,True
27551,73,9.97,True
27552,73,7.267,True
27553,69,8.948,True
27554,67,9.663,True
27555,67,9.663,True
27556,67,9.663,True
27557,68,8.317,True
27558,68,8.317,True
27559,68,8.317,True
27560,68,8.317,True
27561,69,6.542,True
27562,70,6.542,True
27563,75,6.542,True
27564,74,8.317,True
27565,73,8.317,True
27566,73,8.317,True
27567,73,8.317,True
27568,73,8.317,True
27569,73,8.317,True
27570,70,8.516,True
27571,70,8.516,True
27572,70,8.516,True
27573,70,9.446,True
27574,70,9.446,True
27575,68,9.446,True
27576,68,9.446,True
27577,68,9.446,True
27578,68,9.446,True
27579,66,9.446,True
27580,66,9.446,True
27581,67,8.317,True
27582,66,8.317,True
27583,66,8.317,True
27584,66,8.317,True
27585,66,8.317,True
27586,66,8.317,True
27587,66,8.317,True
27588,67,7.713,True
27589,67,7.713,True
27590,68,7.713,True
27591,67,7.713,True
27592,67,7.713,True
27593,68,8.427,True
27594,68,8.427,True
27595,68,8.427,True
27596,69,7.888,True
27597,69,7.888,True
27598,68,9.66,True
27599,68,9.66,True
27600,69,7.888,True
27601,70,7.888,True
27602,70,7.888,True
27603,75,8.712,True
27604,75,8.712,True
27605,75,8.712,True
27606,75,8.712,True
27607,75,8.712,True
27608,75,8.712,True
27609,70,7.888,True
27610,70,7.888,True
27611,70,7.888,True
27612,70,7.888,True
27613,69,9.663,True
27614,69,9.663,True
27615,69,9.663,True
27616,67,9.97,True
27617,67,9.97,True
27618,67,9.97,True
27619,67,9.97,True
27620,68,9.97,True
27621,68,9.97,True
27622,68,9.663,True
27623,68,9.663,True
27624,68,9.663,True
27625,68,9.663,True
27626,68,9.663,True
27627,68,9.663,True
27628,68,9.663,True
27629,68,9.663,True
27630,68,9.663,True
27631,67,8.907,True
27632,67,8.907,True
27633,67,8.907,True
27634,71,8.907,True
27635,71,8.907,True
27636,70,8.907,True
27637,71,8.907,True
27638,71,8.907,True
27639,71,8.907,True
27640,71,8.907,True
27641,72,8.907,True
27642,72,9.017,True
27643,73,9.017,True
27644,71,9.017,True
27645,72,6.985,True
27646,69,9.201,True
27647,68,6.985,True
27648,65,6.985,True
27649,66,6.985,True
27650,69,6.985,True
27651,68,8.907,True
27652,68,8.907,True
27653,67,8.907,True
27654,71,8.907,True
27655,68,8.907,True
27656,70,9.601,True
27657,72,8.907,True
27658,72,8.907,True
27659,72,8.907,True
27660,73,9.825,True
27661,72,9.825,True
27662,72,9.825,True
27663,74,9.825,True
27664,75,9.825,True
27665,73,9.825,True
27666,72,9.825,True
27667,72,9.825,True
27668,72,9.825,True
27669,74,9.825,True
27670,71,9.825,True
27671,71,8.154,True
27672,69,8.154,True
27673,66,8.154,True
27674,66,8.154,True
27675,66,8.154,True
27676,70,8.154,True
27677,72,8.154,True
27678,70,9.745,True
27679,70,9.745,True
27680,70,9.745,True
27681,69,9.86,True
27682,68,9.97,True
27683,67,9.97,True
27684,67,9.97,True
27685,69,9.97,True
27686,69,9.97,True
27687,68,8.98,True
27688,70,8.98,True
27689,70,8.98,True
27690,70,8.98,True
27691,71,8.154,True
27692,69,8.822,True
27693,70,8.822,True
27694,70,8.822,True
27695,70,8.822,True
27696,70,8.822,True
27697,72,7.643,True
27698,72,7.806,True
27699,72,7.806,True
27700,70,7.806,True
27701,70,7.806,True
27702,67,8.684,True
27703,68,8.684,True
27704,68,8.684,True
27705,68,8.684,True
27706,68,8.684,True
27707,69,7.643,True
27708,69,7.806,True
27709,68,9.297,True
27710,65,9.297,True
27711,64,9.297,True
27712,66,9.297,True
27713,68,8.404,True
27714,68,8.404,True
27715,68,8.404,True
27716,67,7.806,True
27717,65,7.806,True
27718,69,7.806,True
27719,69,7.806,True
27720,73,8.848,True
27721,73,8.848,True
27722,69,8.848,True
27723,69,8.848,True
27724,69,8.848,True
27725,69,8.848,True
27726,69,8.848,True
27727,69,8.848,True
27728,69,7.806,True
27729,66,9.745,True
27730,65,9.97,True
27731,65,9.97,True
27732,68,7.806,True
27733,72,7.806,True
27734,68,7.806,True
27735,70,7.351,True
27736,70,7.351,True
27737,70,7.351,True
27738,72,7.351,True
27739,72,7.351,True
27740,72,7.351,True
27741,76,7.351,True
27742,76,7.223,True
27743,74,7.223,True
27744,72,8.111,True
27745,72,8.111,True
27746,71,8.111,True
27747,70,8.111,True
27748,72,7.806,True
27749,72,8.771,True
27750,72,8.771,True
27751,72,8.771,True
27752,74,8.771,True
27753,74,7.806,True
27754,75,6.637,True
27755,73,6.609,True
27756,73,6.609,True
27757,71,6.609,True
27758,72,6.79,True
27759,75,6.79,True
27760,74,7.257,True
27761,72,7.257,True
27762,71,6.411,True
27763,73,5.238,True
27764,73,5.238,True
27765,73,5.238,True
27766,73,5.238,True
27767,73,5.238,True
27768,73,5.238,True
27769,73,6.104,True
27770,73,6.104,True
27771,75,6.819,True
27772,77,6.819,True
27773,76,7.583,True
27774,74,7.583,True
27775,72,7.583,True
27776,72,7.583,True
27777,71,6.609,True
27778,73,6.609,True
27779,73,6.609,True
27780,74,6.609,True
27781,70,7.713,True
27782,75,7.391,True
27783,75,7.391,True
27784,75,7.391,True
27785,70,7.713,True
27786,74,8.167,True
27787,74,9.267,True
27788,72,9.267,True
27789,74,9.532,True
27790,73,9.532,True
27791,73,9.532,True
27792,73,9.532,True
27793,76,9.532,True
27794,74,9.267,True
27795,74,9.267,True
27796,73,9.267,True
27797,73,9.267,True
27798,73,9.267,True
27799,73,9.267,True
27800,73,9.267,True
27801,73,9.267,True
27802,73,9.267,True
27803,73,9.267,True
27804,73,9.267,True
27805,72,9.01,True
27806,72,9.01,True
27807,72,9.01,True
27808,72,9.01,True
27809,76,9.01,True
27810,75,9.01,True
27811,75,9.01,True
27812,75,9.01,True
27813,71,9.01,True
27814,72,8.205,True
27815,69,7.351,True
27816,69,7.351,True
27817,69,7.176,True
27818,70,7.176,True
27819,70,7.176,True
27820,68,7.176,True
27821,68,7.176,True
27822,71,8.65,True
27823,71,8.65,True
27824,71,8.65,True
27825,74,9.635,True
27826,77,9.635,True
27827,77,9.635,True
27828,74,7.176,True
27829,74,7.176,True
27830,69,7.992,True
27831,69,7.992,True
27832,68,8.397,True
27833,73,8.397,True
27834,68,8.397,True
27835,68,8.397,True
27836,68,8.397,True
27837,67,8.397,True
27838,71,8.397,True
27839,67,8.397,True
27840,67,8.397,True
27841,67,8.397,True
27842,74,8.397,True
27843,75,8.818,True
27844,68,8.818,True
27845,68,8.818,True
27846,69,8.818,True
27847,67,9.139,True
27848,67,9.139,True
27849,67,9.139,True
27850,68,9.139,True
27851,70,9.787,True
27852,70,9.787,True
27853,70,9.787,True
27854,72,9.787,True
27855,69,9.742,True
27856,70,9.139,True
27857,69,9.139,True
27858,69,9.139,True
27859,66,9.935,True
27860,66,9.935,True
27861,63,9.935,True
27862,63,9.935,True
27863,63,9.935,True
27864,63,9.935,True
27865,63,9.935,True
27866,63,9.935,True
27867,64,9.418,True
27868,64,9.418,True
27869,65,9.971,True
27870,64,9.971,True
27871,63,9.418,True
27872,62,9.418,True
27873,64,9.418,True
27874,64,9.418,True
27875,64,9.418,True
27876,64,9.418,True
27877,64,9.418,True
27878,66,9.418,True
27879,65,9.418,True
27880,65,9.418,True
27881,67,8.694,True
27882,66,6.942,True
27883,64,9.897,True
27884,62,9.897,True
27885,62,9.897,True
27886,64,9.897,True
27887,66,9.897,True
27888,67,9.897,True
27889,67,9.897,True
27890,67,9.897,True
27891,65,9.897,True
27892,65,9.897,True
27893,65,9.897,True
27894,65,9.897,True
27895,65,9.897,True
27896,63,9.897,True
27897,63,9.897,True
27898,65,9.2,True
27899,65,9.2,True
27900,65,9.2,True
27901,65,9.2,True
27902,63,9.897,True
27903,63,9.897,True
27904,62,9.897,True
27905,64,9.139,True
27906,64,9.139,True
27907,67,9.139,True
27908,69,9.139,True
27909,69,9.139,True
27910,68,9.139,True
27911,68,9.139,True
27912,69,9.139,True
27913,69,9.139,True
27914,70,9.139,True
27915,70,9.139,True
27916,70,9.86,True
27917,72,9.86,True
27918,74,9.86,True
27919,73,9.86,True
27920,79,9.86,True
27921,76,9.86,True
27922,73,9.86,True
27923,73,9.86,True
27924,73,9.86,True
27925,70,9.86,True
27926,70,9.86,True
27927,71,9.86,True
27928,71,9.675,True
27929,71,9.675,True
27930,71,9.675,True
27931,70,9.86,True
27932,70,9.86,True
27933,70,9.86,True
27934,70,9.86,True
27935,71,9.86,True
27936,74,9.86,True
27937,74,9.86,True
27938,74,9.86,True
27939,75,9.675,True
27940,75,9.675,True
27941,75,9.675,True
27942,75,9.675,True
27943,73,9.675,True
27944,73,9.675,True
27945,73,9.675,True
27946,73,9.675,True
27947,75,9.675,True
27948,76,9.675,True
27949,75,9.675,True
27950,75,9.675,True
27951,75,9.675,True
27952,78,9.675,True
27953,76,9.675,True
27954,77,9.675,True
27955,78,9.675,True
27956,78,9.675,True
27957,78,9.675,True
27958,78,9.675,True
27959,79,9.675,True
27960,79,8.538,True
27961,79,8.538,True
27962,78,8.538,True
27963,76,8.538,True
27964,75,7.63,True
27965,75,7.63,True
27966,70,6.942,True
27967,70,6.942,True
27968,70,9.675,True
27969,70,9.675,True
27970,70,9.675,True
27971,71,9.675,True
27972,71,9.675,True
27973,71,9.675,True
27974,70,9.675,True
27975,70,9.675,True
27976,70,9.675,True
27977,70,9.675,True
27978,69,9.675,True
27979,69,9.675,True
27980,70,9.675,True
27981,70,9.675,True
27982,69,9.675,True
27983,69,9.675,True
27984,69,9.675,True
27985,70,9.675,True
27986,69,9.675,True
27987,69,9.675,True
27988,68,9.678,True
27989,69,9.675,True
27990,69,9.675,True
27991,69,9.675,True
27992,69,9.675,True
27993,69,9.675,True
27994,69,9.675,True
27995,69,9.675,True
27996,71,9.675,True
27997,71,9.675,True
27998,71,9.675,True
27999,72,8.822,True
28000,72,8.822,True
28001,69,8.822,True
28002,69,8.659,True
28003,69,8.659,True
28004,71,7.999,True
28005,72,8.285,True
28006,72,9.2,True
28007,69,9.2,True
28008,69,9.2,True
28009,69,9.2,True
28010,69,9.2,True
28011,69,8.659,True
28012,69,9.86,True
28013,69,9.86,True
28014,68,9.86,True
28015,69,9.86,True
28016,69,9.86,True
28017,71,9.678,True
28018,68,9.678,True
28019,66,9.86,True
28020,66,9.86,True
28021,66,9.678,True
28022,66,9.678,True
28023,66,9.678,True
28024,66,9.678,True
28025,66,9.678,True
28026,66,9.678,True
28027,66,9.678,True
28028,66,9.678,True
28029,66,9.86,True
28030,66,9.86,True
28031,66,9.86,True
28032,66,9.86,True
28033,69,9.86,True
28034,69,8.791,True
28035,69,8.791,True
28036,70,8.694,True
28037,71,8.694,True
28038,71,8.694,True
28039,71,8.694,True
28040,70,8.694,True
28041,71,8.694,True
28042,71,8.694,True
28043,70,8.694,True
28044,70,8.694,True
28045,70,8.694,True
28046,70,8.694,True
28047,70,8.694,True
28048,70,8.694,True
28049,71,8.694,True
28050,71,8.951,True
28051,71,8.951,True
28052,71,8.951,True
28053,70,9.932,True
28054,70,9.932,True
28055,70,9.932,True
28056,71,9.932,True
28057,71,9.932,True
28058,71,9.932,True
28059,70,9.932,True
28060,70,9.932,True
28061,69,8.694,True
28062,69,8.694,True
28063,69,8.694,True
28064,71,8.694,True
28065,71,7.643,True
28066,71,7.643,True
28067,71,7.643,True
28068,71,7.643,True
28069,71,7.643,True
28070,71,9.86,True
28071,70,9.86,True
28072,70,9.86,True
28073,70,9.86,True
28074,70,9.86,True
28075,70,9.86,True
28076,67,9.86,True
28077,67,7.643,True
28078,67,7.643,True
28079,67,7.643,True
28080,67,6.609,True
28081,68,6.609,True
28082,71,6.609,True
28083,71,7.193,True
28084,71,7.193,True
28085,71,7.193,True
28086,68,7.193,True
28087,68,7.193,True
28088,68,7.643,True
28089,70,9.53,True
28090,70,9.53,True
28091,70,9.53,True
28092,70,9.53,True
28093,70,9.53,True
28094,70,9.53,True
28095,70,9.53,True
28096,73,7.351,True
28097,73,7.351,True
28098,73,7.351,True
28099,70,8.199,True
28100,70,8.199,True
28101,70,8.199,True
28102,72,9.781,True
28103,71,8.584,True
28104,71,8.584,True
28105,71,8.584,True
28106,73,7.351,True
28107,71,8.584,True
28108,71,7.002,True
28109,73,8.824,True
28110,72,7.681,True
28111,72,7.681,True
28112,73,9.052,True
28113,73,9.052,True
28114,73,9.052,True
28115,70,9.052,True
28116,70,9.052,True
28117,72,9.052,True
28118,70,9.052,True
28119,69,7.681,True
28120,69,6.609,True
28121,71,6.609,True
28122,73,8.429,True
28123,73,8.429,True
28124,70,8.429,True
28125,68,6.609,True
28126,71,6.609,True
28127,69,7.571,True
28128,69,7.571,True
28129,69,7.571,True
28130,69,7.814,True
28131,69,7.814,True
28132,69,8.831,True
28133,69,8.831,True
28134,72,8.831,True
28135,74,8.831,True
28136,74,8.831,True
28137,74,8.831,True
28138,74,8.831,True
28139,74,8.533,True
28140,74,8.533,True
28141,71,7.891,True
28142,71,7.891,True
28143,71,7.891,True
28144,71,7.891,True
28145,72,7.891,True
28146,72,7.891,True
28147,71,7.891,True
28148,71,7.891,True
28149,69,7.891,True
28150,69,7.891,True
28151,68,7.891,True
28152,68,7.891,True
28153,68,7.891,True
28154,68,7.891,True
28155,68,8.831,True
28156,68,8.836,True
28157,69,8.836,True
28158,70,9.987,True
28159,69,8.758,True
28160,68,8.758,True
28161,69,7.681,True
28162,70,7.098,True
28163,72,4.724,True
28164,72,4.724,True
28165,72,4.724,True
28166,71,4.931,True
28167,71,4.931,True
28168,72,6.718,True
28169,72,6.718,True
28170,72,6.718,True
28171,72,6.718,True
28172,72,6.718,True
28173,74,6.718,True
28174,72,8.758,True
28175,74,5.534,True
28176,74,5.534,True
28177,72,5.534,True
28178,73,8.676,True
28179,73,9.418,True
28180,75,8.676,True
28181,75,8.676,True
28182,75,8.676,True
28183,73,9.418,True
28184,72,9.819,True
28185,74,8.676,True
28186,75,8.676,True
28187,74,8.676,True
28188,71,6.985,True
28189,70,9.929,True
28190,70,9.929,True
28191,70,9.929,True
28192,70,9.929,True
28193,69,9.929,True
28194,69,9.929,True
28195,69,9.929,True
28196,69,6.609,True
28197,69,6.609,True
28198,69,6.609,True
28199,69,6.609,True
28200,69,6.609,True
28201,70,6.609,True
28202,69,6.609,True
28203,69,6.609,True
28204,70,6.609,True
28205,71,6.609,True
28206,71,6.609,True
28207,68,8.507,True
28208,68,8.507,True
28209,70,8.425,True
28210,75,8.9,True
28211,75,8.9,True
28212,77,8.9,True
28213,76,8.9,True
28214,75,9.059,True
28215,75,9.059,True
28216,75,9.059,True
28217,71,8.425,True
28218,71,8.425,True
28219,71,8.425,True
28220,69,6.808,True
28221,67,9.139,True
28222,67,9.139,True
28223,67,9.139,True
28224,69,8.954,True
28225,69,8.954,True
28226,67,8.954,True
28227,67,8.954,True
28228,67,8.954,True
28229,65,8.954,True
28230,65,9.139,True
28231,65,9.139,True
28232,65,9.139,True
28233,65,9.139,True
28234,68,9.139,True
28235,68,9.139,True
28236,68,9.139,True
28237,67,9.139,True
28238,67,9.139,True
28239,67,9.139,True
28240,67,9.139,True
28241,67,9.139,True
28242,68,9.139,True
28243,68,9.139,True
28244,71,8.954,True
28245,71,8.954,True
28246,70,9.724,True
28247,70,9.724,True
28248,69,9.724,True
28249,69,9.724,True
28250,72,9.724,True
28251,70,9.78,True
28252,69,9.724,True
28253,69,9.724,True
28254,69,8.954,True
28255,69,8.954,True
28256,69,8.954,True
28257,71,8.954,True
28258,71,8.954,True
28259,71,8.954,True
28260,71,8.954,True
28261,72,9.883,True
28262,72,8.954,True
28263,72,8.954,True
28264,72,8.954,True
28265,71,9.663,True
28266,67,9.663,True
28267,67,9.663,True
28268,67,9.663,True
28269,71,9.663,True
28270,71,9.663,True
28271,71,9.663,True
28272,69,9.363,True
28273,79,8.893,True
28274,79,8.893,True
28275,79,8.893,True
28276,79,8.893,True
28277,75,8.954,True
28278,68,8.954,True
28279,69,8.954,True
28280,69,8.954,True
28281,69,8.954,True
28282,71,8.954,True
28283,69,8.954,True
28284,69,8.954,True
28285,69,8.954,True
28286,67,8.954,True
28287,67,8.954,True
28288,67,8.954,True
28289,67,8.954,True
28290,67,8.954,True
28291,70,8.954,True
28292,70,8.954,True
28293,70,8.954,True
28294,69,9.78,True
28295,71,9.91,True
28296,71,9.91,True
28297,75,9.91,True
28298,71,9.91,True
28299,72,9.91,True
28300,73,9.91,True
28301,73,9.91,True
28302,73,9.91,True
28303,71,8.954,True
28304,71,8.893,True
28305,72,8.665,True
28306,71,8.665,True
28307,71,8.665,True
28308,70,8.665,True
28309,71,8.665,True
28310,73,8.665,True
28311,76,8.665,True
28312,76,8.665,True
28313,77,8.665,True
28314,77,8.665,True
28315,73,8.665,True
28316,74,9.987,True
28317,73,9.987,True
28318,73,9.987,True
28319,72,8.665,True
28320,72,8.665,True
28321,70,8.665,True
28322,72,9.249,True
28323,74,9.249,True
28324,72,8.665,True
28325,72,8.665,True
28326,72,8.665,True
28327,70,8.665,True
28328,70,8.665,True
28329,70,8.665,True
28330,70,9.731,True
28331,71,9.731,True
28332,71,9.731,True
28333,71,9.731,True
28334,72,9.731,True
28335,71,9.731,True
28336,66,9.731,True
28337,66,9.731,True
28338,66,9.298,True
28339,66,9.298,True
28340,67,9.298,True
28341,68,9.298,True
28342,71,8.954,True
28343,74,8.954,True
28344,74,8.954,True
28345,74,8.954,True
28346,72,8.954,True
28347,68,8.954,True
28348,65,9.139,True
28349,65,9.139,True
28350,65,9.139,True
28351,64,9.456,True
28352,63,9.456,True
28353,64,9.139,True
28354,66,9.139,True
28355,66,9.139,True
28356,66,9.099,True
28357,67,9.601,True
28358,66,9.601,True
28359,64,9.601,True
28360,63,9.139,True
28361,63,9.139,True
28362,63,9.139,True
28363,66,9.139,True
28364,66,9.099,True
28365,66,9.099,True
28366,66,9.099,True
28367,67,8.954,True
28368,67,8.954,True
28369,67,9.139,True
28370,70,9.139,True
28371,70,9.139,True
28372,67,9.139,True
28373,66,9.139,True
28374,68,9.139,True
28375,68,9.139,True
28376,68,9.139,True
28377,65,9.139,True
28378,68,9.223,True
28379,71,9.062,True
28380,71,9.062,True
28381,71,9.062,True
28382,71,9.062,True
28383,71,9.062,True
28384,68,9.062,True
28385,68,9.062,True
28386,65,9.223,True
28387,65,9.223,True
28388,64,9.223,True
28389,63,9.139,True
28390,63,9.139,True
28391,64,9.139,True
28392,63,9.139,True
28393,63,9.139,True
28394,63,9.139,True
28395,64,9.223,True
28396,65,9.223,True
28397,65,9.223,True
28398,65,9.223,True
28399,67,9.223,True
28400,67,9.223,True
28401,67,9.223,True
28402,67,9.223,True
28403,67,9.223,True
28404,67,9.223,True
28405,68,9.223,True
28406,68,9.223,True
28407,71,9.951,True
28408,71,9.951,True
28409,71,9.951,True
28410,71,9.951,True
28411,70,9.951,True
28412,70,9.951,True
28413,70,9.951,True
28414,69,9.951,True
28415,69,9.951,True
28416,69,9.951,True
28417,70,9.951,True
28418,72,9.951,True
28419,76,9.951,True
28420,76,9.951,True
28421,77,8.628,True
28422,77,8.628,True
28423,77,8.1,True
28424,77,8.1,True
28425,76,8.1,True
28426,73,8.1,True
28427,66,9.418,True
28428,66,9.418,True
28429,66,9.418,True
28430,66,9.418,True
28431,69,9.418,True
28432,70,9.418,True
28433,67,9.418,True
28434,67,9.418,True
28435,67,9.418,True
28436,67,9.418,True
28437,65,9.418,True
28438,67,9.418,True
28439,66,9.418,True
28440,66,9.418,True
28441,66,9.418,True
28442,66,9.418,True
28443,66,9.418,True
28444,66,9.418,True
28445,66,9.418,True
28446,66,9.418,True
28447,66,9.418,True
28448,66,9.418,True
28449,64,9.897,True
28450,66,9.647,True
28451,66,9.647,True
28452,66,9.647,True
28453,66,9.418,True
28454,66,9.418,True
28455,68,9.418,True
28456,69,9.418,True
28457,68,9.418,True
28458,68,9.418,True
28459,68,9.418,True
28460,67,9.418,True
28461,65,9.418,True
28462,66,7.242,True
28463,66,7.242,True
28464,66,7.242,True
28465,68,7.242,True
28466,71,6.954,True
28467,69,9.039,True
28468,69,9.039,True
28469,68,9.897,True
28470,68,9.897,True
28471,68,9.897,True
28472,69,9.897,True
28473,68,9.897,True
28474,68,9.897,True
28475,68,9.897,True
28476,69,9.897,True
28477,69,9.897,True
28478,69,9.897,True
28479,70,9.039,True
28480,70,9.039,True
28481,70,9.039,True
28482,70,9.039,True
28483,74,9.039,True
28484,73,7.036,True
28485,73,7.036,True
28486,76,7.261,True
28487,79,9.887,True
28488,79,9.887,True
28489,79,9.887,True
28490,74,8.682,True
28491,71,8.682,True
28492,71,8.682,True
28493,71,8.682,True
28494,71,8.682,True
28495,70,8.682,True
28496,69,8.682,True
28497,69,8.682,True
28498,69,8.682,True
28499,72,9.139,True
28500,70,8.17,True
28501,70,8.17,True
28502,71,8.17,True
28503,71,8.17,True
28504,72,8.17,True
28505,69,8.682,True
28506,68,8.682,True
28507,67,8.682,True
28508,67,8.682,True
28509,67,8.682,True
28510,68,9.139,True
28511,71,8.682,True
28512,72,8.682,True
28513,68,8.682,True
28514,68,8.682,True
28515,69,8.682,True
28516,71,8.682,True
28517,72,8.682,True
28518,71,8.682,True
28519,71,8.682,True
28520,71,8.682,True
28521,71,6.954,True
28522,70,6.954,True
28523,72,6.344,True
28524,72,8.511,True
28525,72,8.511,True
28526,70,6.954,True
28527,71,6.954,True
28528,71,6.954,True
28529,70,7.155,True
28530,70,7.155,True
28531,68,9.897,True
28532,68,9.897,True
28533,70,9.897,True
28534,70,6.954,True
28535,70,6.954,True
28536,71,6.954,True
28537,70,6.954,True
28538,70,6.954,True
28539,70,6.954,True
28540,70,6.954,True
28541,69,6.954,True
28542,69,6.954,True
28543,68,8.683,True
28544,69,8.683,True
28545,68,8.272,True
28546,69,8.085,True
28547,69,8.085,True
28548,69,8.085,True
28549,69,8.085,True
28550,69,8.085,True
28551,71,7.981,True
28552,70,8.936,True
28553,69,8.936,True
28554,69,7.806,True
28555,71,6.954,True
28556,71,6.954,True
28557,69,6.954,True
28558,69,6.954,True
28559,68,6.186,True
28560,68,6.186,True
28561,66,8.694,True
28562,66,8.694,True
28563,68,9.745,True
28564,69,9.745,True
28565,70,9.691,True
28566,69,9.601,True
28567,69,9.601,True
28568,69,9.601,True
28569,69,9.601,True
28570,70,9.601,True
28571,70,9.601,True
28572,69,9.099,True
28573,69,9.099,True
28574,69,9.099,True
28575,72,9.382,True
28576,71,9.899,True
28577,70,9.899,True
28578,70,9.382,True
28579,70,9.382,True
28580,70,9.382,True
28581,70,9.382,True
28582,70,9.382,True
28583,69,9.099,True
28584,66,9.099,True
28585,68,9.099,True
28586,68,9.099,True
28587,67,9.099,True
28588,67,9.099,True
28589,70,9.458,True
28590,70,9.099,True
28591,70,9.099,True
28592,70,9.099,True
28593,70,9.099,True
28594,70,9.099,True
28595,70,9.099,True
28596,70,9.099,True
28597,70,9.099,True
28598,69,9.099,True
28599,69,9.899,True
28600,69,9.899,True
28601,69,9.899,True
28602,69,9.899,True
28603,70,9.899,True
28604,69,9.458,True
28605,68,6.358,True
28606,68,6.358,True
28607,68,6.358,True
28608,68,6.358,True
28609,68,6.358,True
28610,68,6.358,True
28611,66,7.188,True
28612,65,7.806,True
28613,63,8.749,True
28614,63,8.749,True
28615,64,7.806,True
28616,64,7.806,True
28617,64,7.806,True
28618,62,9.695,True
28619,61,7.579,True
28620,62,9.939,True
28621,61,9.939,True
28622,61,9.939,True
28623,62,9.939,True
28624,64,9.939,True
28625,66,9.939,True
28626,66,9.939,True
28627,66,9.939,True
28628,65,9.939,True
28629,66,9.939,True
28630,68,9.939,True
28631,68,9.939,True
28632,66,9.939,True
28633,67,9.939,True
28634,65,9.939,True
28635,65,9.939,True
28636,65,9.939,True
28637,65,9.939,True
28638,65,9.939,True
28639,65,9.939,True
28640,65,9.939,True
28641,65,9.939,True
28642,65,9.939,True
28643,66,9.939,True
28644,66,9.939,True
28645,66,9.939,True
28646,65,9.939,True
28647,68,9.939,True
28648,68,9.939,True
28649,68,9.939,True
28650,68,9.939,True
28651,67,9.939,True
28652,68,9.939,True
28653,68,9.939,True
28654,68,9.939,True
28655,68,9.939,True
28656,68,9.939,True
28657,68,9.939,True
28658,67,9.939,True
28659,72,9.939,True
28660,72,9.939,True
28661,71,9.939,True
28662,71,9.939,True
28663,71,9.939,True
28664,71,9.939,True
28665,69,9.939,True
28666,70,9.939,True
28667,70,9.939,True
28668,70,9.939,True
28669,70,9.939,True
28670,70,9.939,True
28671,70,9.939,True
28672,68,9.939,True
28673,68,9.939,True
28674,68,9.939,True
28675,68,9.939,True
28676,68,9.939,True
28677,68,8.04,True
28678,69,8.04,True
28679,69,9.496,True
28680,69,8.326,True
28681,69,8.326,True
28682,69,8.326,True
28683,66,8.326,True
28684,66,8.326,True
28685,66,8.326,True
28686,66,8.744,True
28687,66,8.744,True
28688,66,9.496,True
28689,66,9.496,True
28690,64,8.744,True
28691,64,8.744,True
28692,67,8.744,True
28693,67,8.744,True
28694,67,6.737,True
28695,67,6.737,True
28696,67,6.737,True
28697,67,6.737,True
28698,67,6.737,True
28699,69,6.737,True
28700,69,6.737,True
28701,69,6.737,True
28702,66,6.253,True
28703,65,9.238,True
28704,65,9.238,True
28705,66,9.238,True
28706,71,9.168,True
28707,71,9.168,True
28708,71,9.168,True
28709,75,9.168,True
28710,75,9.168,True
28711,74,7.832,True
28712,74,7.832,True
28713,74,7.832,True
28714,74,7.832,True
28715,74,7.832,True
28716,72,6.253,True
28717,70,8.07,True
28718,70,9.366,True
28719,70,9.366,True
28720,72,9.366,True
28721,72,9.366,True
28722,71,8.07,True
28723,71,8.07,True
28724,69,9.86,True
28725,70,9.86,True
28726,70,9.86,True
28727,70,9.86,True
28728,67,9.97,True
28729,67,9.97,True
28730,70,9.97,True
28731,69,9.97,True
28732,66,9.97,True
28733,71,9.86,True
28734,71,9.86,True
28735,71,9.86,True
28736,70,9.786,True
28737,71,4.218,True
28738,75,4.218,True
28739,75,4.072,True
28740,75,9.153,True
28741,72,9.601,True
28742,72,9.601,True
28743,75,9.601,True
28744,75,9.601,True
28745,75,9.601,True
28746,74,9.601,True
28747,72,9.601,True
28748,72,9.601,True
28749,73,9.601,True
28750,75,9.987,True
28751,75,9.987,True
28752,75,9.987,True
28753,75,9.987,True
28754,74,9.987,True
28755,74,9.987,True
28756,74,9.987,True
28757,76,9.601,True
28758,75,9.601,True
28759,75,9.601,True
28760,72,9.601,True
28761,72,9.601,True
28762,72,9.601,True
28763,72,9.601,True
28764,71,9.601,True
28765,71,9.601,True
28766,68,9.601,True
28767,68,9.601,True
28768,70,9.601,True
28769,70,9.601,True
28770,68,9.601,True
28771,68,9.601,True
28772,68,9.601,True
28773,67,9.601,True
28774,68,9.601,True
28775,67,9.601,True
28776,70,9.446,True
28777,69,9.446,True
28778,69,9.446,True
28779,72,9.446,True
28780,73,9.446,True
28781,73,9.446,True
28782,73,9.446,True
28783,73,9.446,True
28784,73,9.446,True
28785,73,9.446,True
28786,73,9.446,True
28787,70,9.446,True
28788,69,9.601,True
28789,69,9.601,True
28790,70,9.601,True
28791,68,9.601,True
28792,68,9.601,True
28793,68,9.601,True
28794,68,9.601,True
28795,68,9.601,True
28796,67,9.601,True
28797,66,9.663,True
28798,66,9.663,True
28799,64,9.663,True
28800,63,9.663,True
28801,63,9.663,True
28802,63,9.663,True
28803,63,9.663,True
28804,63,9.663,True
28805,64,9.663,True
28806,64,9.663,True
28807,64,9.663,True
28808,64,9.663,True
28809,65,9.663,True
28810,65,9.663,True
28811,65,9.663,True
28812,66,9.939,True
28813,66,9.939,True
28814,65,9.663,True
28815,65,9.663,True
28816,64,9.775,True
28817,64,9.775,True
28818,64,9.775,True
28819,64,9.775,True
28820,64,9.775,True
28821,66,9.775,True
28822,66,9.775,True
28823,66,9.775,True
28824,66,9.775,True
28825,66,9.775,True
28826,67,9.775,True
28827,66,9.775,True
28828,67,9.775,True
28829,69,9.775,True
28830,69,9.775,True
28831,70,8.09,True
28832,69,9.072,True
28833,68,9.072,True
28834,69,6.747,True
28835,68,9.763,True
28836,68,9.763,True
28837,68,9.763,True
28838,65,9.897,True
28839,65,9.897,True
28840,65,9.897,True
28841,65,9.897,True
28842,65,9.897,True
28843,65,9.897,True
28844,66,9.897,True
28845,66,9.897,True
28846,66,9.897,True
28847,66,9.897,True
28848,66,9.897,True
28849,65,9.897,True
28850,71,9.897,True
28851,76,9.897,True
28852,80,7.267,True
28853,78,9.408,True
28854,78,9.408,True
28855,77,9.408,True
28856,75,9.408,True
28857,75,9.408,True
28858,75,9.408,True
28859,75,9.408,True
28860,74,9.408,True
28861,77,9.408,True
28862,77,9.408,True
28863,74,9.408,True
28864,76,9.408,True
28865,77,9.408,True
28866,75,9.408,True
28867,75,9.408,True
28868,75,9.408,True
28869,75,9.408,True
28870,74,7.619,True
28871,76,7.619,True
28872,76,7.619,True
28873,77,7.619,True
28874,77,7.619,True
28875,77,7.619,True
28876,77,7.619,True
28877,79,7.619,True
28878,79,7.351,True
28879,77,7.546,True
28880,78,7.546,True
28881,78,7.546,True
28882,81,7.351,True
28883,81,7.351,True
28884,77,7.351,True
28885,78,7.351,True
28886,80,9.303,True
28887,80,7.351,True
28888,77,7.546,True
28889,74,7.546,True
28890,74,7.546,True
28891,72,9.279,True
28892,72,9.279,True
28893,72,9.279,True
28894,72,9.279,True
28895,72,9.279,True
28896,72,9.279,True
28897,70,7.546,True
28898,71,7.421,True
28899,71,7.421,True
28900,70,6.609,True
28901,70,6.609,True
28902,70,6.609,True
28903,70,6.609,True
28904,70,6.609,True
28905,70,6.609,True
28906,69,7.351,True
28907,69,8.397,True
28908,70,9.309,True
28909,69,9.31,True
28910,69,9.31,True
28911,69,9.31,True
28912,69,9.31,True
28913,70,9.31,True
28914,70,9.31,True
28915,69,9.31,True
28916,69,9.31,True
28917,69,9.31,True
28918,66,9.31,True
28919,66,9.31,True
28920,66,9.31,True
28921,66,9.31,True
28922,66,9.31,True
28923,67,9.31,True
28924,65,9.31,True
28925,65,9.31,True
28926,63,9.31,True
28927,63,9.31,True
28928,63,9.31,True
28929,62,9.31,True
28930,62,9.31,True
28931,62,9.31,True
28932,64,8.397,True
28933,65,9.627,True
28934,63,9.745,True
28935,63,9.745,True
28936,63,9.627,True
28937,63,9.627,True
28938,62,9.31,True
28939,62,9.31,True
28940,62,9.31,True
28941,62,9.31,True
28942,62,9.31,True
28943,64,9.31,True
28944,64,9.31,True
28945,64,9.31,True
28946,64,9.31,True
28947,64,9.31,True
28948,63,9.31,True
28949,63,9.31,True
28950,64,9.31,True
28951,65,9.31,True
28952,63,9.31,True
28953,63,9.31,True
28954,63,9.31,True
28955,64,9.31,True
28956,63,9.31,True
28957,64,6.369,True
28958,64,6.369,True
28959,61,9.897,True
28960,61,9.897,True
28961,61,9.897,True
28962,63,9.897,True
28963,65,6.859,True
28964,65,6.859,True
28965,65,6.859,True
28966,65,6.859,True
28967,63,8.696,True
28968,63,8.696,True
28969,63,8.696,True
28970,63,8.696,True
28971,63,8.696,True
28972,63,8.696,True
28973,64,6.859,True
28974,64,6.859,True
28975,63,9.31,True
28976,63,9.31,True
28977,63,9.31,True
28978,63,9.31,True
28979,63,9.31,True
28980,63,9.31,True
28981,63,9.31,True
28982,63,9.31,True
28983,63,9.31,True
28984,63,9.31,True
28985,63,9.31,True
28986,62,9.897,True
28987,62,9.897,True
28988,62,9.897,True
28989,62,9.897,True
28990,62,9.897,True
28991,62,9.897,True
28992,66,9.897,True
28993,66,9.897,True
28994,66,9.897,True
28995,66,9.897,True
28996,67,9.897,True
28997,70,9.31,True
28998,70,9.31,True
28999,68,9.663,True
29000,67,9.984,True
29001,67,9.984,True
29002,63,9.663,True
29003,62,9.663,True
29004,62,9.663,True
29005,62,7.351,True
29006,62,7.351,True
29007,64,9.394,True
29008,64,9.394,True
29009,66,9.127,True
29010,66,9.127,True
29011,66,9.127,True
29012,66,9.127,True
29013,70,9.127,True
29014,70,9.127,True
29015,70,9.127,True
29016,70,9.127,True
29017,70,9.127,True
29018,72,7.351,True
29019,72,7.351,True
29020,72,7.351,True
29021,72,6.683,True
29022,72,6.522,True
29023,72,6.522,True
29024,69,8.578,True
29025,71,8.578,True
29026,71,8.578,True
29027,71,8.578,True
29028,71,8.578,True
29029,69,6.522,True
29030,69,6.522,True
29031,67,9.71,True
29032,67,9.71,True
29033,67,9.71,True
29034,70,9.71,True
29035,70,9.71,True
29036,65,9.363,True
29037,65,9.363,True
29038,72,8.344,True
29039,65,9.363,True
29040,69,5.535,True
29041,69,5.535,True
29042,68,5.535,True
29043,66,7.643,True
29044,66,7.643,True
29045,65,9.78,True
29046,65,9.78,True
29047,65,9.78,True
29048,64,9.78,True
29049,66,9.78,True
29050,67,9.78,True
29051,66,9.78,True
29052,66,9.78,True
29053,69,9.78,True
29054,69,9.78,True
29055,68,9.78,True
29056,70,9.78,True
29057,72,9.78,True
29058,72,9.78,True
29059,72,9.78,True
29060,71,9.78,True
29061,69,9.279,True
29062,69,9.279,True
29063,69,9.279,True
29064,69,9.279,True
29065,69,9.279,True
29066,69,9.279,True
29067,70,9.987,True
29068,70,9.987,True
29069,72,9.987,True
29070,70,9.987,True
29071,69,9.987,True
29072,69,9.987,True
29073,69,9.987,True
29074,69,9.987,True
29075,69,9.279,True
29076,71,8.811,True
29077,73,8.811,True
29078,73,8.811,True
29079,75,8.102,True
29080,75,9.987,True
29081,73,9.987,True
29082,71,9.987,True
29083,71,9.987,True
29084,71,9.987,True
29085,71,9.987,True
29086,75,9.987,True
29087,79,9.987,True
29088,79,9.987,True
29089,79,9.987,True
29090,76,7.972,True
29091,76,7.972,True
29092,72,9.965,True
29093,72,9.965,True
29094,75,9.965,True
29095,75,9.965,True
29096,77,9.965,True
29097,77,7.155,True
29098,77,9.965,True
29099,76,7.155,True
29100,75,7.155,True
29101,75,7.155,True
29102,77,9.22,True
29103,78,9.22,True
29104,76,9.22,True
29105,75,9.22,True
29106,76,9.22,True
29107,76,9.22,True
29108,76,9.22,True
29109,76,9.22,True
29110,76,9.22,True
29111,78,8.552,True
29112,77,8.552,True
29113,74,8.552,True
29114,74,8.552,True
29115,74,8.552,True
29116,74,8.552,True
29117,74,8.552,True
29118,75,6.007,True
29119,75,6.007,True
29120,73,6.091,True
29121,75,6.091,True
29122,73,6.091,True
29123,69,8.07,True
29124,69,8.07,True
29125,69,8.07,True
29126,69,8.07,True
29127,70,8.07,True
29128,68,8.07,True
29129,67,8.07,True
29130,68,8.07,True
29131,73,9.192,True
29132,73,9.192,True
29133,73,9.192,True
29134,73,9.192,True
29135,75,9.192,True
29136,74,9.099,True
29137,74,9.099,True
29138,74,9.099,True
29139,73,9.099,True
29140,73,9.099,True
29141,73,9.099,True
29142,73,9.099,True
29143,70,9.099,True
29144,70,9.099,True
29145,70,9.099,True
29146,70,9.099,True
29147,70,9.099,True
29148,70,8.811,True
29149,69,9.099,True
29150,68,9.099,True
29151,68,9.099,True
29152,68,9.099,True
29153,68,9.099,True
29154,68,9.099,True
29155,68,9.099,True
29156,69,9.099,True
29157,71,8.811,True
29158,71,8.811,True
29159,69,9.139,True
29160,69,9.139,True
29161,69,9.139,True
29162,69,9.864,True
29163,68,9.139,True
29164,68,9.139,True
29165,66,9.139,True
29166,66,9.139,True
29167,66,9.139,True
29168,64,9.139,True
29169,64,9.139,True
29170,65,8.954,True
29171,66,9.874,True
29172,64,9.874,True
29173,64,9.874,True
29174,64,9.874,True
29175,67,9.874,True
29176,67,9.874,True
29177,67,9.874,True
29178,67,9.874,True
29179,71,9.874,True
29180,67,9.874,True
29181,69,8.694,True
29182,70,9.382,True
29183,70,9.382,True
29184,68,9.73,True
29185,68,9.397,True
29186,68,9.397,True
29187,68,9.397,True
29188,68,9.397,True
29189,68,9.397,True
29190,69,9.397,True
29191,69,9.397,True
29192,69,9.397,True
29193,69,9.397,True
29194,69,9.397,True
29195,70,9.397,True
29196,70,9.397,True
29197,70,9.397,True
29198,70,9.397,True
29199,69,9.397,True
29200,69,9.397,True
29201,72,9.397,True
29202,75,9.397,True
29203,72,9.397,True
29204,71,9.693,True
29205,71,9.397,True
29206,72,9.204,True
29207,73,6.846,True
29208,73,6.846,True
29209,73,6.846,True
29210,72,8.954,True
29211,72,8.954,True
29212,70,8.954,True
29213,71,8.954,True
29214,70,8.954,True
29215,69,8.954,True
29216,69,8.954,True
29217,68,8.954,True
29218,67,8.954,True
29219,68,8.954,True
29220,68,8.954,True
29221,67,8.954,True
29222,67,8.954,True
29223,67,8.954,True
29224,67,8.954,True
29225,67,8.954,True
29226,67,8.954,True
29227,67,8.954,True
29228,67,8.954,True
29229,67,8.954,True
29230,66,8.954,True
29231,70,8.694,True
29232,69,8.694,True
29233,69,8.694,True
29234,66,8.954,True
29235,66,8.954,True
29236,68,8.954,True
29237,68,8.954,True
29238,69,8.954,True
29239,74,7.351,True
29240,73,6.27,True
29241,74,6.27,True
29242,75,6.27,True
29243,74,8.954,True
29244,74,8.954,True
29245,77,8.954,True
29246,77,8.954,True
29247,77,8.954,True
29248,77,8.954,True
29249,77,9.446,True
29250,77,9.446,True
29251,76,9.446,True
29252,76,9.446,True
29253,76,7.386,True
29254,76,7.386,True
29255,75,6.27,True
29256,72,6.342,True
29257,72,6.342,True
29258,70,8.624,True
29259,70,8.624,True
29260,71,8.624,True
29261,71,8.624,True
29262,71,8.624,True
29263,70,8.624,True
29264,72,6.563,True
29265,73,6.563,True
29266,75,8.375,True
29267,73,8.154,True
29268,73,8.154,True
29269,72,8.154,True
29270,75,8.154,True
29271,75,8.154,True
29272,69,8.154,True
29273,69,8.154,True
29274,69,8.154,True
29275,68,8.154,True
29276,68,8.954,True
29277,70,8.954,True
29278,70,8.954,True
29279,70,8.154,True
29280,69,8.154,True
29281,69,8.154,True
29282,67,8.154,True
29283,67,8.154,True
29284,67,8.154,True
29285,67,8.154,True
29286,67,8.154,True
29287,67,8.154,True
29288,67,8.154,True
29289,71,6.559,True
29290,71,6.559,True
29291,71,6.559,True
29292,71,6.559,True
29293,71,6.559,True
29294,72,6.559,True
29295,72,6.559,True
29296,72,6.559,True
29297,74,7.181,True
29298,76,7.181,True
29299,76,7.181,True
29300,74,7.466,True
29301,72,9.387,True
29302,71,9.387,True
29303,70,9.387,True
29304,68,9.387,True
29305,72,9.387,True
29306,70,7.665,True
29307,72,7.665,True
29308,69,9.683,True
29309,67,9.683,True
29310,67,9.683,True
29311,67,9.683,True
29312,66,6.253,True
29313,66,8.659,True
29314,68,8.659,True
29315,70,9.693,True
29316,68,9.693,True
29317,67,9.693,True
29318,65,9.693,True
29319,66,9.693,True
29320,66,9.693,True
29321,66,9.693,True
29322,64,8.694,True
29323,64,8.694,True
29324,64,8.694,True
29325,64,8.694,True
29326,64,8.694,True
29327,66,8.694,True
29328,66,8.694,True
29329,66,8.694,True
29330,66,8.694,True
29331,66,8.694,True
29332,66,8.694,True
29333,63,8.694,True
29334,63,8.694,True
29335,62,8.694,True
29336,62,8.694,True
29337,66,8.694,True
29338,66,8.694,True
29339,66,8.694,True
29340,67,8.694,True
29341,67,8.694,True
29342,67,8.694,True
29343,65,8.694,True
29344,66,8.694,True
29345,68,8.694,True
29346,74,9.197,True
29347,68,8.694,True
29348,68,8.694,True
29349,70,8.694,True
29350,72,8.659,True
29351,72,9.693,True
29352,72,9.693,True
29353,72,9.693,True
29354,72,9.693,True
29355,77,9.693,True
29356,77,9.693,True
29357,78,9.693,True
29358,78,9.693,True
29359,73,9.693,True
29360,71,9.446,True
29361,71,9.446,True
29362,71,9.446,True
29363,71,9.446,True
29364,71,9.446,True
29365,69,9.446,True
29366,72,9.446,True
29367,73,9.446,True
29368,73,9.446,True
29369,72,8.266,True
29370,70,8.516,True
29371,71,9.446,True
29372,73,8.516,True
29373,74,8.516,True
29374,74,8.516,True
29375,74,8.516,True
29376,74,8.516,True
29377,71,8.266,True
29378,70,8.266,True
29379,70,8.266,True
29380,69,8.266,True
29381,66,8.317,True
29382,66,8.317,True
29383,66,8.317,True
29384,66,8.317,True
29385,66,8.317,True
29386,66,8.317,True
29387,68,8.432,True
29388,67,9.663,True
29389,68,9.663,True
29390,68,9.663,True
29391,68,9.663,True
29392,68,9.663,True
29393,69,8.989,True
29394,69,8.989,True
29395,68,8.989,True
29396,68,8.989,True
29397,68,8.989,True
29398,67,8.989,True
29399,67,8.989,True
29400,69,8.989,True
29401,72,8.989,True
29402,73,8.989,True
29403,69,8.989,True
29404,67,8.989,True
29405,67,8.989,True
29406,69,8.989,True
29407,66,8.989,True
29408,68,8.989,True
29409,66,8.989,True
29410,66,8.989,True
29411,66,8.989,True
29412,66,8.989,True
29413,66,8.989,True
29414,66,8.989,True
29415,66,8.989,True
29416,64,8.989,True
29417,65,8.989,True
29418,64,6.253,True
29419,64,6.253,True
29420,64,6.253,True
29421,64,6.253,True
29422,64,6.253,True
29423,64,6.253,True
29424,64,6.253,True
29425,64,6.253,True
29426,66,8.199,True
29427,66,8.199,True
29428,69,8.879,True
29429,66,8.199,True
29430,66,8.199,True
29431,66,8.199,True
29432,63,9.897,True
29433,63,9.897,True
29434,63,9.897,True
29435,66,9.897,True
29436,68,9.92,True
29437,72,9.92,True
29438,72,9.92,True
29439,71,9.897,True
29440,71,9.897,True
29441,72,9.897,True
29442,72,9.897,True
29443,71,9.897,True
29444,70,9.897,True
29445,70,9.897,True
29446,70,9.897,True
29447,73,9.601,True
29448,74,9.2,True
29449,73,8.478,True
29450,73,9.695,True
29451,74,8.478,True
29452,74,8.478,True
29453,74,9.263,True
29454,74,9.263,True
29455,75,9.263,True
29456,75,9.263,True
29457,72,9.263,True
29458,72,9.985,True
29459,72,9.985,True
29460,70,9.985,True
29461,64,9.2,True
29462,62,9.897,True
29463,62,9.897,True
29464,62,9.897,True
29465,62,9.897,True
29466,62,9.897,True
29467,62,9.897,True
29468,63,6.888,True
29469,66,8.136,True
29470,66,8.136,True
29471,66,8.136,True
29472,69,8.136,True
29473,69,8.136,True
29474,67,8.136,True
29475,67,8.136,True
29476,64,6.888,True
29477,65,9.31,True
29478,65,9.31,True
29479,65,9.31,True
29480,65,9.31,True
29481,65,9.31,True
29482,65,9.31,True
29483,65,9.31,True
29484,65,9.31,True
29485,65,9.31,True
29486,65,9.31,True
29487,65,9.31,True
29488,65,9.31,True
29489,64,9.31,True
29490,64,9.31,True
29491,64,9.31,True
29492,62,9.31,True
29493,61,9.31,True
29494,61,9.31,True
29495,60,9.897,True
29496,61,9.31,True
29497,61,9.31,True
29498,62,9.31,True
29499,63,9.911,True
29500,62,9.911,True
29501,62,9.911,True
29502,62,9.911,True
29503,62,9.31,True
29504,64,8.696,True
29505,65,9.382,True
29506,65,9.382,True
29507,66,8.696,True
29508,66,8.696,True
29509,66,8.696,True
29510,70,8.696,True
29511,70,8.696,True
29512,75,8.874,True
29513,75,8.874,True
29514,75,8.874,True
29515,74,8.874,True
29516,74,8.874,True
29517,76,8.874,True
29518,77,8.874,True
29519,77,8.874,True
29520,76,8.874,True
29521,76,8.874,True
29522,76,8.874,True
29523,75,8.874,True
29524,76,8.874,True
29525,74,8.874,True
29526,69,7.817,True
29527,70,7.817,True
29528,70,7.817,True
29529,70,7.817,True
29530,70,7.817,True
29531,69,7.953,True
29532,67,8.696,True
29533,67,8.696,True
29534,67,8.696,True
29535,67,8.696,True
29536,67,8.696,True
29537,65,9.745,True
29538,66,9.745,True
29539,68,9.745,True
29540,74,9.745,True
29541,74,9.745,True
29542,74,9.745,True
29543,74,9.745,True
29544,74,9.745,True
29545,72,9.745,True
29546,70,9.745,True
29547,70,9.745,True
29548,70,9.745,True
29549,72,9.745,True
29550,72,9.745,True
29551,72,9.745,True
29552,73,9.745,True
29553,74,9.745,True
29554,74,9.745,True
29555,71,9.745,True
29556,74,9.745,True
29557,73,9.745,True
29558,73,9.745,True
29559,74,9.745,True
29560,74,9.745,True
29561,71,9.745,True
29562,71,9.745,True
29563,71,9.745,True
29564,70,9.745,True
29565,70,9.745,True
29566,70,9.745,True
29567,70,9.745,True
29568,70,9.811,True
29569,70,9.811,True
29570,72,9.931,True
29571,70,9.811,True
29572,70,9.811,True
29573,70,9.811,True
29574,70,9.811,True
29575,70,9.811,True
29576,70,8.683,True
29577,70,8.683,True
29578,70,8.683,True
29579,73,8.683,True
29580,73,8.683,True
29581,74,8.849,True
29582,75,8.849,True
29583,71,8.112,True
29584,69,7.359,True
29585,69,7.359,True
29586,69,7.359,True
29587,69,7.359,True
29588,70,9.931,True
29589,70,9.931,True
29590,70,9.931,True
29591,70,9.931,True
29592,74,7.056,True
29593,74,7.056,True
29594,75,8.819,True
29595,76,9.094,True
29596,74,8.819,True
29597,74,8.683,True
29598,74,8.683,True
29599,75,8.683,True
29600,76,8.683,True
29601,75,8.683,True
29602,75,7.528,True
29603,72,7.528,True
29604,72,7.528,True
29605,73,7.528,True
29606,74,7.528,True
29607,73,7.643,True
29608,71,7.643,True
29609,72,7.647,True
29610,73,7.647,True
29611,73,8.127,True
29612,73,7.643,True
29613,75,7.643,True
29614,76,7.643,True
29615,76,9.987,True
29616,74,9.987,True
29617,74,9.987,True
29618,74,9.987,True
29619,74,9.987,True
29620,72,9.987,True
29621,72,9.987,True
29622,72,9.987,True
29623,73,9.987,True
29624,73,9.987,True
29625,72,9.987,True
29626,72,9.987,True
29627,72,8.811,True
29628,72,8.811,True
29629,75,7.643,True
29630,76,6.954,True
29631,76,6.954,True
29632,76,6.954,True
29633,76,6.954,True
29634,77,6.954,True
29635,77,6.954,True
29636,76,8.708,True
29637,76,8.708,True
29638,75,9.223,True
29639,73,9.298,True
29640,73,9.298,True
29641,73,9.298,True
29642,72,8.304,True
29643,71,9.216,True
29644,69,7.035,True
29645,71,6.954,True
29646,70,6.954,True
29647,70,6.954,True
29648,70,6.954,True
29649,70,6.954,True
29650,70,6.253,True
29651,72,7.249,True
29652,72,7.249,True
29653,70,6.253,True
29654,70,6.253,True
29655,70,6.253,True
29656,69,6.253,True
29657,69,6.253,True
29658,70,6.975,True
29659,71,9.269,True
29660,71,9.939,True
29661,71,9.939,True
29662,71,9.939,True
29663,66,9.939,True
29664,65,9.601,True
29665,65,9.601,True
29666,63,9.601,True
29667,65,9.601,True
29668,65,9.601,True
29669,66,9.601,True
29670,64,9.601,True
29671,63,9.601,True
29672,63,9.601,True
29673,67,9.601,True
29674,69,9.601,True
29675,69,9.601,True
29676,69,9.601,True
29677,70,9.601,True
29678,70,9.601,True
29679,70,9.601,True
29680,72,9.601,True
29681,72,9.601,True
29682,69,9.601,True
29683,69,9.601,True
29684,69,9.601,True
29685,68,9.601,True
29686,69,6.551,True
29687,70,6.551,True
29688,70,6.551,True
29689,70,6.551,True
29690,69,6.551,True
29691,68,7.897,True
29692,70,8.665,True
29693,70,8.665,True
29694,72,8.665,True
29695,70,8.914,True
29696,70,7.897,True
29697,72,9.618,True
29698,72,9.618,True
29699,73,9.618,True
29700,72,9.618,True
29701,72,9.618,True
29702,72,9.618,True
29703,74,9.618,True
29704,74,7.73,True
29705,75,7.73,True
29706,75,7.73,True
29707,75,7.73,True
29708,75,7.73,True
29709,75,7.73,True
29710,72,9.387,True
29711,72,6.985,True
29712,76,7.325,True
29713,75,8.305,True
29714,73,8.305,True
29715,73,8.305,True
29716,74,7.965,True
29717,73,7.965,True
29718,72,7.7,True
29719,70,7.7,True
29720,70,7.7,True
29721,70,7.7,True
29722,69,9.939,True
29723,67,9.939,True
29724,69,9.939,True
29725,69,9.939,True
29726,66,9.939,True
29727,67,9.939,True
29728,69,9.939,True
29729,69,9.939,True
29730,70,9.939,True
29731,68,9.939,True
29732,68,9.939,True
29733,70,9.939,True
29734,70,7.806,True
29735,67,7.806,True
29736,67,7.806,True
29737,67,5.921,True
29738,66,9.931,True
29739,67,5.921,True
29740,67,8.771,True
29741,67,5.921,True
29742,67,5.921,True
29743,67,5.921,True
29744,69,6.732,True
29745,69,6.732,True
29746,67,7.579,True
29747,67,7.579,True
29748,67,7.579,True
29749,67,7.579,True
29750,66,7.579,True
29751,66,7.579,True
29752,66,7.579,True
29753,67,6.375,True
29754,66,8.744,True
29755,65,8.744,True
29756,66,8.744,True
29757,68,8.744,True
29758,68,8.744,True
29759,68,8.744,True
29760,68,8.744,True
29761,70,8.744,True
29762,71,7.242,True
29763,71,7.242,True
29764,70,7.242,True
29765,71,9.939,True
29766,69,9.939,True
29767,72,9.939,True
29768,69,9.939,True
29769,69,9.939,True
29770,70,9.939,True
29771,70,8.684,True
29772,70,8.684,True
29773,70,8.684,True
29774,70,7.579,True
29775,69,7.579,True
29776,72,7.579,True
29777,72,7.579,True
29778,72,7.579,True
29779,72,7.579,True
29780,70,7.579,True
29781,70,7.579,True
29782,70,7.579,True
29783,70,7.579,True
29784,70,7.579,True
29785,70,7.579,True
29786,73,8.326,True
29787,70,8.326,True
29788,70,8.326,True
29789,70,8.326,True
29790,73,8.326,True
29791,73,8.326,True
29792,73,8.326,True
29793,73,8.326,True
29794,73,8.326,True
29795,72,8.326,True
29796,69,8.326,True
29797,69,8.326,True
29798,70,8.326,True
29799,72,8.326,True
29800,69,7.242,True
29801,69,7.242,True
29802,69,7.242,True
29803,69,7.242,True
29804,68,7.386,True
29805,68,7.386,True
29806,70,7.386,True
29807,71,7.7,True
29808,71,7.7,True
29809,68,7.7,True
29810,67,7.7,True
29811,68,7.242,True
29812,67,9.31,True
29813,68,7.561,True
29814,68,8.694,True
29815,68,8.694,True
29816,70,8.694,True
29817,70,8.694,True
29818,70,8.694,True
29819,70,8.694,True
29820,68,8.694,True
29821,68,8.694,True
29822,69,7.242,True
29823,69,7.242,True
29824,68,7.242,True
29825,68,7.242,True
29826,69,8.86,True
29827,69,7.943,True
29828,69,7.943,True
29829,69,7.943,True
29830,70,7.943,True
29831,70,7.943,True
29832,69,7.943,True
29833,69,7.943,True
29834,71,7.943,True
29835,72,8.09,True
29836,72,8.09,True
29837,72,8.09,True
29838,71,8.409,True
29839,71,8.409,True
29840,71,8.409,True
29841,71,8.409,True
29842,71,8.409,True
29843,71,8.409,True
29844,71,8.409,True
29845,71,8.409,True
29846,71,8.409,True
29847,72,8.409,True
29848,72,8.409,True
29849,72,8.409,True
29850,72,8.409,True
29851,72,8.409,True
29852,72,8.409,True
29853,72,8.409,True
29854,73,8.338,True
29855,73,8.338,True
29856,73,8.338,True
29857,72,7.943,True
29858,72,7.943,True
29859,72,7.943,True
29860,73,7.819,True
29861,73,7.819,True
29862,73,7.819,True
29863,73,7.819,True
29864,73,7.819,True
29865,72,7.819,True
29866,72,7.819,True
29867,71,7.256,True
29868,71,7.256,True
29869,71,8.105,True
29870,71,7.256,True
29871,71,8.465,True
29872,71,8.465,True
29873,72,8.465,True
29874,72,5.291,True
29875,73,5.291,True
29876,72,8.432,True
29877,72,8.432,True
29878,72,8.432,True
29879,72,8.432,True
29880,72,8.432,True
29881,75,6.049,True
29882,75,8.996,True
29883,74,8.996,True
29884,74,8.996,True
29885,74,8.996,True
29886,71,8.996,True
29887,71,8.996,True
29888,69,8.996,True
29889,68,8.996,True
29890,68,8.996,True
29891,69,8.996,True
29892,69,8.996,True
29893,69,8.996,True
29894,68,8.996,True
29895,67,8.996,True
29896,67,8.996,True
29897,67,8.996,True
29898,67,8.996,True
29899,67,8.996,True
29900,67,8.996,True
29901,67,8.996,True
29902,68,8.996,True
29903,71,8.996,True
29904,71,8.996,True
29905,71,8.996,True
29906,70,8.996,True
29907,68,8.225,True
29908,66,8.35,True
29909,66,8.35,True
29910,70,8.089,True
29911,70,8.089,True
29912,70,8.089,True
29913,71,8.764,True
29914,71,8.764,True
29915,66,8.764,True
29916,68,8.764,True
29917,68,8.764,True
29918,66,8.764,True
29919,66,8.764,True
29920,66,8.764,True
29921,66,8.764,True
29922,66,8.764,True
29923,66,8.764,True
29924,67,8.764,True
29925,68,8.764,True
29926,67,8.764,True
29927,67,8.764,True
29928,68,8.764,True
29929,67,7.053,True
29930,69,7.386,True
29931,69,7.386,True
29932,69,7.386,True
29933,70,7.386,True
29934,73,7.386,True
29935,71,7.386,True
29936,71,7.386,True
29937,71,9.232,True
29938,67,9.232,True
29939,69,9.232,True
29940,69,9.232,True
29941,69,9.232,True
29942,69,7.053,True
29943,74,8.28,True
29944,74,9.672,True
29945,74,9.672,True
29946,74,9.672,True
29947,74,9.672,True
29948,74,9.672,True
29949,76,8.28,True
29950,73,8.28,True
29951,73,8.28,True
29952,74,8.28,True
29953,70,6.34,True
29954,70,6.34,True
29955,70,6.34,True
29956,69,5.012,True
29957,69,5.012,True
29958,70,8.996,True
29959,70,8.996,True
29960,70,8.996,True
29961,72,9.806,True
29962,71,8.996,True
29963,71,8.996,True
29964,71,6.34,True
29965,70,6.34,True
29966,71,7.038,True
29967,69,7.038,True
29968,69,7.038,True
29969,68,7.038,True
29970,66,6.773,True
29971,65,6.773,True
29972,66,6.773,True
29973,67,6.773,True
29974,67,9.066,True
29975,66,9.066,True
29976,68,7.441,True
29977,68,7.441,True
29978,68,7.441,True
29979,69,6.907,True
29980,72,6.907,True
29981,70,6.773,True
29982,70,6.773,True
29983,71,6.773,True
29984,68,6.773,True
29985,68,6.773,True
29986,68,7.912,True
29987,67,9.314,True
29988,67,9.314,True
29989,67,9.314,True
29990,71,9.314,True
29991,72,9.314,True
29992,72,9.277,True
29993,70,9.277,True
29994,70,9.277,True
29995,70,9.277,True
29996,70,9.277,True
29997,70,9.277,True
29998,68,8.659,True
29999,67,8.02,True
30000,68,6.954,True
30001,68,6.954,True
30002,67,8.02,True
30003,67,8.02,True
30004,67,8.02,True
30005,67,8.02,True
30006,67,8.02,True
30007,67,8.02,True
30008,66,8.02,True
30009,66,8.02,True
30010,66,8.02,True
30011,66,8.02,True
30012,66,8.02,True
30013,67,8.02,True
30014,67,8.02,True
30015,67,8.02,True
30016,65,8.696,True
30017,64,9.099,True
30018,64,9.099,True
30019,65,8.696,True
30020,67,8.696,True
30021,67,8.696,True
30022,65,8.696,True
30023,65,8.696,True
30024,65,8.696,True
30025,65,8.696,True
30026,66,8.696,True
30027,67,8.696,True
30028,67,8.696,True
30029,70,8.659,True
30030,70,8.659,True
30031,70,8.363,True
30032,70,9.724,True
30033,70,9.724,True
30034,70,9.724,True
30035,70,9.724,True
30036,71,9.724,True
30037,72,9.724,True
30038,72,9.724,True
30039,71,9.951,True
30040,71,9.951,True
30041,71,9.951,True
30042,72,9.951,True
30043,72,9.951,True
30044,72,9.951,True
30045,71,9.951,True
30046,70,9.139,True
30047,74,9.139,True
30048,74,6.665,True
30049,74,6.665,True
30050,74,6.665,True
30051,70,6.665,True
30052,66,8.659,True
30053,66,8.659,True
30054,66,8.659,True
30055,64,8.659,True
30056,61,8.659,True
30057,63,8.659,True
30058,66,8.659,True
30059,66,8.659,True
30060,66,8.659,True
30061,66,8.659,True
30062,66,8.659,True
30063,66,9.038,True
30064,66,9.038,True
30065,67,9.038,True
30066,69,9.038,True
30067,71,9.294,True
30068,71,9.294,True
30069,71,9.294,True
30070,71,9.294,True
30071,71,9.294,True
30072,71,9.294,True
30073,70,9.038,True
30074,70,9.038,True
30075,70,9.038,True
30076,68,9.038,True
30077,67,9.038,True
30078,68,9.038,True
30079,68,6.773,True
30080,67,7.193,True
30081,67,7.193,True
30082,66,7.193,True
30083,66,7.193,True
30084,65,7.193,True
30085,65,7.193,True
30086,65,7.193,True
30087,65,7.193,True
30088,65,7.193,True
30089,65,7.643,True
30090,65,7.643,True
30091,65,7.643,True
30092,65,7.643,True
30093,65,7.643,True
30094,68,7.643,True
30095,68,7.643,True
30096,68,7.643,True
30097,68,7.643,True
30098,68,7.643,True
30099,68,7.643,True
30100,69,6.799,True
30101,70,7.386,True
30102,70,7.386,True
30103,64,7.386,True
30104,65,7.882,True
30105,65,7.882,True
30106,64,7.882,True
30107,63,7.882,True
30108,64,8.487,True
30109,64,8.487,True
30110,64,8.487,True
30111,70,8.838,True
30112,70,8.838,True
30113,71,8.487,True
30114,70,6.773,True
30115,70,6.773,True
30116,70,6.773,True
30117,72,6.773,True
30118,68,6.773,True
30119,66,6.773,True
30120,66,6.773,True
30121,66,6.773,True
30122,73,7.393,True
30123,72,7.393,True
30124,72,7.393,True
30125,72,7.393,True
30126,72,7.393,True
30127,67,7.192,True
30128,67,8.659,True
30129,65,8.659,True
30130,65,8.659,True
30131,65,8.659,True
30132,67,8.659,True
30133,66,9.481,True
30134,64,9.481,True
30135,64,9.481,True
30136,64,9.481,True
30137,64,9.481,True
30138,64,9.481,True
30139,64,9.481,True
30140,64,9.481,True
30141,64,9.481,True
30142,63,9.481,True
30143,63,9.481,True
30144,63,9.481,True
30145,63,9.481,True
30146,63,9.481,True
30147,65,9.481,True
30148,65,9.481,True
30149,65,9.481,True
30150,66,8.694,True
30151,69,8.694,True
30152,74,6.773,True
30153,75,8.161,True
30154,73,8.161,True
30155,73,8.161,True
30156,73,8.161,True
30157,73,8.161,True
30158,73,8.161,True
30159,75,8.161,True
30160,75,8.161,True
30161,78,8.161,True
30162,78,8.161,True
30163,78,8.161,True
30164,78,8.161,True
30165,82,8.161,True
30166,81,7.537,True
30167,77,7.559,True
30168,74,8.375,True
30169,74,8.375,True
30170,72,8.375,True
30171,71,7.537,True
30172,71,7.537,True
30173,71,7.537,True
30174,71,7.537,True
30175,70,7.537,True
30176,70,7.537,True
30177,70,7.537,True
30178,69,9.422,True
30179,69,9.422,True
30180,69,9.422,True
30181,69,9.422,True
30182,71,9.422,True
30183,71,9.422,True
30184,72,9.28,True
30185,72,9.28,True
30186,72,9.28,True
30187,72,9.28,True
30188,73,9.28,True
30189,72,9.28,True
30190,71,9.28,True
30191,72,8.68,True
30192,73,9.905,True
30193,73,9.905,True
30194,72,6.667,True
30195,74,9.765,True
30196,74,9.765,True
30197,74,9.765,True
30198,73,9.765,True
30199,73,9.765,True
30200,73,9.765,True
30201,73,9.765,True
30202,71,9.897,True
30203,71,9.897,True
30204,71,9.897,True
30205,72,9.765,True
30206,71,9.187,True
30207,71,9.187,True
30208,71,9.187,True
30209,71,9.187,True
30210,73,9.187,True
30211,73,9.187,True
30212,73,7.092,True
30213,73,7.092,True
30214,76,9.795,True
30215,76,9.795,True
30216,76,9.795,True
30217,76,9.795,True
30218,77,9.628,True
30219,75,5.556,True
30220,71,6.973,True
30221,71,6.973,True
30222,72,8.744,True
30223,72,8.744,True
30224,74,9.666,True
30225,72,9.666,True
30226,72,9.666,True
30227,72,9.666,True
30228,73,9.666,True
30229,73,9.666,True
30230,70,9.666,True
30231,69,9.666,True
30232,70,9.666,True
30233,71,9.666,True
30234,71,9.666,True
30235,74,9.666,True
30236,76,9.591,True
30237,71,8.819,True
30238,73,8.819,True
30239,70,9.915,True
30240,73,9.915,True
30241,73,9.915,True
30242,73,9.915,True
30243,74,9.915,True
30244,74,9.915,True
30245,76,9.915,True
30246,77,9.915,True
30247,77,6.871,True
30248,76,6.871,True
30249,75,6.871,True
30250,77,6.871,True
30251,76,6.875,True
30252,73,9.013,True
30253,74,9.013,True
30254,74,9.013,True
30255,74,9.223,True
30256,74,9.223,True
30257,74,9.223,True
30258,71,9.013,True
30259,70,9.625,True
30260,70,9.625,True
30261,70,9.625,True
30262,69,9.625,True
30263,69,9.625,True
30264,69,9.625,True
30265,70,9.625,True
30266,70,9.625,True
30267,70,9.625,True
30268,70,8.325,True
30269,70,8.325,True
30270,73,8.267,True
30271,70,8.325,True
30272,70,8.325,True
30273,70,8.325,True
30274,70,9.625,True
30275,72,8.267,True
30276,72,8.267,True
30277,75,8.762,True
30278,75,8.762,True
30279,74,8.762,True
30280,70,8.762,True
30281,70,8.762,True
30282,70,8.762,True
30283,71,8.762,True
30284,70,8.07,True
30285,73,8.634,True
30286,71,9.738,True
30287,71,9.738,True
30288,69,9.738,True
30289,69,9.738,True
30290,69,9.738,True
30291,69,9.738,True
30292,69,9.418,True
30293,70,9.418,True
30294,70,9.418,True
30295,70,9.418,True
30296,70,9.418,True
30297,69,9.418,True
30298,71,8.02,True
30299,71,8.02,True
30300,69,8.02,True
30301,67,9.418,True
30302,69,9.418,True
30303,69,9.418,True
30304,63,9.418,True
30305,63,9.418,True
30306,64,7.533,True
30307,64,7.999,True
30308,63,9.418,True
30309,63,9.418,True
30310,65,7.999,True
30311,66,7.999,True
30312,66,7.999,True
30313,66,7.999,True
30314,70,7.999,True
30315,71,7.999,True
30316,71,7.999,True
30317,71,7.74,True
30318,70,7.74,True
30319,70,7.74,True
30320,74,7.74,True
30321,74,7.74,True
30322,70,7.74,True
30323,66,7.357,True
30324,66,7.357,True
30325,66,7.357,True
30326,67,9.027,True
30327,66,9.027,True
30328,66,9.027,True
30329,66,9.027,True
30330,65,9.027,True
30331,65,9.027,True
30332,64,9.418,True
30333,64,9.418,True
30334,66,9.418,True
30335,64,9.418,True
30336,65,9.418,True
30337,65,9.418,True
30338,66,9.418,True
30339,65,9.418,True
30340,68,9.418,True
30341,68,8.991,True
30342,68,8.991,True
30343,68,8.991,True
30344,65,8.696,True
30345,65,8.696,True
30346,65,8.696,True
30347,65,8.696,True
30348,65,9.897,True
30349,65,9.897,True
30350,65,9.897,True
30351,65,9.897,True
30352,65,8.696,True
30353,66,8.696,True
30354,66,8.696,True
30355,66,8.696,True
30356,67,8.696,True
30357,67,8.696,True
30358,67,8.696,True
30359,68,8.696,True
30360,68,9.139,True
30361,69,8.696,True
30362,68,8.696,True
30363,68,8.696,True
30364,69,8.696,True
30365,69,8.696,True
30366,68,9.376,True
30367,68,9.376,True
30368,68,8.696,True
30369,67,8.696,True
30370,67,8.696,True
30371,67,8.696,True
30372,69,8.696,True
30373,67,8.696,True
30374,68,9.835,True
30375,67,9.897,True
30376,67,9.897,True
30377,68,9.576,True
30378,68,9.576,True
30379,68,9.576,True
30380,66,6.942,True
30381,66,6.942,True
30382,66,9.027,True
30383,70,9.027,True
30384,70,9.027,True
30385,74,9.027,True
30386,72,9.027,True
30387,72,9.027,True
30388,68,9.027,True
30389,69,9.027,True
30390,65,9.418,True
30391,65,9.418,True
30392,65,9.418,True
30393,68,9.418,True
30394,67,9.522,True
30395,67,9.522,True
30396,67,9.522,True
30397,67,9.522,True
30398,66,9.522,True
30399,66,9.522,True
30400,66,9.522,True
30401,67,9.522,True
30402,67,9.522,True
30403,66,9.456,True
30404,66,8.174,True
30405,69,8.174,True
30406,69,8.174,True
30407,71,8.174,True
30408,71,8.174,True
30409,70,8.174,True
30410,70,8.174,True
30411,70,8.174,True
30412,72,7.981,True
30413,72,7.981,True
30414,70,9.897,True
30415,70,9.897,True
30416,70,9.897,True
30417,71,9.897,True
30418,71,9.897,True
30419,72,9.897,True
30420,72,9.897,True
30421,73,9.897,True
30422,71,9.897,True
30423,71,9.897,True
30424,71,9.897,True
30425,71,9.382,True
30426,71,9.382,True
30427,69,9.157,True
30428,68,9.157,True
30429,68,9.157,True
30430,68,9.635,True
30431,68,9.635,True
30432,68,9.635,True
30433,66,9.635,True
30434,65,9.635,True
30435,65,9.635,True
30436,65,9.635,True
30437,65,9.357,True
30438,65,9.635,True
30439,65,9.635,True
30440,65,9.635,True
30441,69,9.635,True
30442,69,9.635,True
30443,69,9.635,True
30444,67,9.635,True
30445,67,9.635,True
30446,67,9.635,True
30447,63,9.635,True
30448,63,9.635,True
30449,63,9.635,True
30450,63,9.635,True
30451,63,9.635,True
30452,62,9.635,True
30453,62,9.635,True
30454,62,9.157,True
30455,64,9.099,True
30456,65,9.099,True
30457,64,9.099,True
30458,64,9.099,True
30459,68,9.099,True
30460,66,9.099,True
30461,69,9.099,True
30462,68,9.099,True
30463,65,9.099,True
30464,65,9.099,True
30465,65,9.099,True
30466,65,9.099,True
30467,65,9.099,True
30468,64,9.099,True
30469,64,9.099,True
30470,64,9.099,True
30471,66,9.971,True
30472,66,9.971,True
30473,68,9.971,True
30474,67,9.971,True
30475,67,9.971,True
30476,65,9.971,True
30477,65,9.971,True
30478,67,9.3,True
30479,67,9.3,True
30480,66,9.3,True
30481,67,9.3,True
30482,68,9.3,True
30483,67,9.3,True
30484,67,9.3,True
30485,67,9.3,True
30486,67,9.3,True
30487,67,9.3,True
30488,72,9.3,True
30489,72,9.3,True
30490,70,9.3,True
30491,69,9.3,True
30492,70,9.3,True
30493,72,7.647,True
30494,72,7.647,True
30495,73,7.036,True
30496,72,8.925,True
30497,72,8.925,True
30498,72,8.925,True
30499,72,8.925,True
30500,72,8.925,True
30501,72,8.925,True
30502,73,8.925,True
30503,73,8.925,True
30504,73,8.925,True
30505,71,8.925,True
30506,71,8.925,True
30507,72,3.725,True
30508,70,9.897,True
30509,70,9.897,True
30510,71,8.954,True
30511,71,8.954,True
30512,72,8.954,True
30513,75,9.431,True
30514,75,9.431,True
30515,78,8.954,True
30516,77,8.954,True
30517,77,8.954,True
30518,77,8.826,True
30519,73,9.873,True
30520,77,8.796,True
30521,77,8.796,True
30522,76,9.2,True
30523,76,9.2,True
30524,78,9.2,True
30525,79,9.2,True
30526,77,9.2,True
30527,77,9.2,True
30528,75,9.2,True
30529,75,9.2,True
30530,75,9.2,True
30531,78,9.08,True
30532,77,9.3,True
30533,75,9.08,True
30534,76,9.08,True
30535,76,9.08,True
30536,75,9.08,True
30537,75,9.08,True
30538,79,9.08,True
30539,78,9.08,True
30540,71,8.032,True
30541,73,8.032,True
30542,73,8.032,True
30543,71,8.032,True
30544,73,8.032,True
30545,71,7.643,True
30546,71,7.643,True
30547,73,7.643,True
30548,71,6.444,True
30549,71,6.444,True
30550,71,6.444,True
30551,71,6.444,True
30552,71,6.444,True
30553,72,7.912,True
30554,71,7.912,True
30555,71,6.639,True
30556,70,6.639,True
30557,70,6.639,True
30558,70,6.639,True
30559,73,6.639,True
30560,73,6.639,True
30561,71,6.639,True
30562,69,9.675,True
30563,66,9.757,True
30564,66,9.757,True
30565,66,9.757,True
30566,66,9.757,True
30567,69,9.757,True
30568,69,9.757,True
30569,66,9.757,True
30570,66,9.757,True
30571,66,9.757,True
30572,66,9.757,True
30573,67,9.757,True
30574,67,9.757,True
30575,67,9.757,True
30576,67,9.757,True
30577,67,9.757,True
30578,67,9.757,True
30579,72,9.757,True
30580,73,9.757,True
30581,72,9.757,True
30582,75,9.675,True
30583,75,9.965,True
30584,73,9.965,True
30585,72,9.965,True
30586,72,9.965,True
30587,73,9.965,True
30588,70,9.965,True
30589,69,9.965,True
30590,69,9.965,True
30591,69,9.965,True
30592,70,8.624,True
30593,70,8.624,True
30594,69,7.7,True
30595,69,6.444,True
30596,69,6.444,True
30597,70,6.444,True
30598,68,6.444,True
30599,68,6.444,True
30600,69,6.444,True
30601,70,6.444,True
30602,73,6.444,True
30603,73,6.444,True
30604,72,6.444,True
30605,74,7.776,True
30606,73,4.642,True
30607,73,4.642,True
30608,73,4.642,True
30609,73,4.642,True
30610,75,4.642,True
30611,75,4.642,True
30612,74,4.642,True
30613,73,4.642,True
30614,73,4.897,True
30615,73,4.642,True
30616,73,9.428,True
30617,73,8.826,True
30618,75,8.826,True
30619,76,8.826,True
30620,72,8.826,True
30621,77,8.826,True
30622,73,8.826,True
30623,73,8.826,True
30624,72,8.826,True
30625,72,8.826,True
30626,72,8.826,True
30627,72,8.826,True
30628,72,8.826,True
30629,72,8.826,True
30630,72,8.826,True
30631,74,8.173,True
30632,74,8.173,True
30633,74,8.173,True
30634,74,8.173,True
30635,74,8.173,True
30636,72,8.826,True
30637,76,6.316,True
30638,76,6.316,True
30639,76,6.316,True
30640,76,6.316,True
30641,75,7.03,True
30642,77,7.03,True
30643,76,9.428,True
30644,76,7.03,True
30645,77,9.832,True
30646,76,9.832,True
30647,76,9.832,True
30648,76,9.832,True
30649,80,8.543,True
30650,76,8.543,True
30651,76,8.543,True
30652,74,8.543,True
30653,76,9.495,True
30654,74,8.543,True
30655,72,8.543,True
30656,70,8.543,True
30657,72,8.543,True
30658,70,8.543,True
30659,69,8.543,True
30660,71,8.543,True
30661,73,8.543,True
30662,74,8.214,True
30663,71,8.214,True
30664,70,8.543,True
30665,70,8.543,True
30666,70,8.543,True
30667,70,8.543,True
30668,72,8.543,True
30669,70,8.002,True
30670,70,8.002,True
30671,72,7.735,True
30672,72,7.735,True
30673,74,8.683,True
30674,74,8.683,True
30675,72,7.735,True
30676,72,7.735,True
30677,72,7.735,True
30678,73,7.039,True
30679,73,7.039,True
30680,73,7.039,True
30681,73,7.039,True
30682,72,9.598,True
30683,73,9.598,True
30684,73,9.598,True
30685,73,9.598,True
30686,72,9.598,True
30687,72,9.598,True
30688,72,9.598,True
30689,70,9.008,True
30690,73,9.004,True
30691,73,9.004,True
30692,73,9.969,True
30693,73,9.969,True
30694,73,9.969,True
30695,73,9.969,True
30696,75,7.481,True
30697,73,7.481,True
30698,73,7.481,True
30699,70,9.008,True
30700,70,9.008,True
30701,70,9.008,True
30702,70,9.008,True
30703,72,9.008,True
30704,69,7.481,True
30705,69,7.481,True
30706,72,8.238,True
30707,72,8.238,True
30708,70,9.296,True
30709,70,9.296,True
30710,70,9.78,True
30711,68,9.78,True
30712,68,9.78,True
30713,68,9.78,True
30714,68,9.78,True
30715,68,9.78,True
30716,70,9.743,True
30717,68,7.87,True
30718,69,5.535,True
30719,69,5.535,True
30720,69,5.535,True
30721,68,7.87,True
30722,68,7.87,True
30723,68,7.87,True
30724,68,7.87,True
30725,68,9.986,True
30726,71,9.986,True
30727,71,9.986,True
30728,73,9.986,True
30729,73,9.986,True
30730,73,9.986,True
30731,73,9.986,True
30732,73,9.986,True
30733,73,9.986,True
30734,73,9.986,True
30735,73,9.986,True
30736,74,9.986,True
30737,76,9.986,True
30738,75,9.986,True
30739,73,9.986,True
30740,73,9.986,True
30741,70,9.986,True
30742,70,9.986,True
30743,70,9.986,True
30744,70,9.986,True
30745,70,9.986,True
30746,70,9.986,True
30747,70,9.986,True
30748,70,9.986,True
30749,70,9.986,True
30750,70,9.935,True
30751,70,9.935,True
30752,70,9.935,True
30753,70,9.935,True
30754,71,9.114,True
30755,68,9.114,True
30756,71,9.666,True
30757,71,9.666,True
30758,71,9.666,True
30759,71,9.666,True
30760,71,9.666,True
30761,71,9.666,True
30762,71,9.666,True
30763,71,9.666,True
30764,71,9.666,True
30765,71,9.666,True
30766,71,9.666,True
30767,69,9.114,True
30768,69,9.114,True
30769,69,9.114,True
30770,69,9.114,True
30771,70,9.114,True
30772,70,9.114,True
30773,70,9.114,True
30774,70,9.114,True
30775,71,9.114,True
30776,71,9.114,True
30777,71,9.114,True
30778,72,9.114,True
30779,72,9.114,True
30780,71,9.114,True
30781,73,9.114,True
30782,73,9.114,True
30783,73,9.114,True
30784,73,9.114,True
30785,73,9.114,True
30786,73,9.114,True
30787,73,9.114,True
30788,73,9.114,True
30789,73,9.114,True
30790,73,9.114,True
30791,69,9.114,True
30792,68,9.114,True
30793,68,9.114,True
30794,68,9.114,True
30795,68,9.114,True
30796,70,9.926,True
30797,70,9.926,True
30798,70,8.543,True
30799,71,8.675,True
30800,71,8.675,True
30801,71,8.675,True
30802,71,8.675,True
30803,71,8.675,True
30804,71,8.675,True
30805,71,8.675,True
30806,71,8.675,True
30807,74,8.675,True
30808,74,7.171,True
30809,74,7.171,True
30810,74,7.171,True
30811,74,7.171,True
30812,74,7.171,True
30813,74,7.171,True
30814,76,7.171,True
30815,74,7.171,True
30816,75,7.469,True
30817,72,7.469,True
30818,75,7.469,True
30819,75,7.469,True
30820,74,9.926,True
30821,74,9.926,True
30822,77,7.038,True
30823,74,7.038,True
30824,75,8.33,True
30825,75,8.33,True
30826,75,8.33,True
30827,74,8.33,True
30828,74,8.33,True
30829,75,8.815,True
30830,75,8.815,True
30831,74,8.815,True
30832,69,9.38,True
30833,66,9.38,True
30834,66,9.38,True
30835,67,7.171,True
30836,67,7.171,True
30837,66,7.171,True
30838,65,7.171,True
30839,65,7.171,True
30840,64,7.171,True
30841,64,7.171,True
30842,63,9.883,True
30843,64,9.883,True
30844,64,9.883,True
30845,64,9.883,True
30846,64,9.883,True
30847,65,7.469,True
30848,65,7.469,True
30849,65,7.469,True
30850,67,7.469,True
30851,65,7.469,True
30852,65,7.469,True
30853,64,9.883,True
30854,64,9.883,True
30855,65,7.469,True
30856,65,7.469,True
30857,66,7.469,True
30858,66,7.469,True
30859,66,7.469,True
30860,66,7.469,True
30861,66,7.469,True
30862,66,7.469,True
30863,66,7.469,True
30864,66,7.469,True
30865,67,7.469,True
30866,66,7.171,True
30867,66,7.171,True
30868,66,7.171,True
30869,66,7.171,True
30870,69,7.171,True
30871,71,9.745,True
30872,71,9.745,True
30873,71,9.745,True
30874,71,9.745,True
30875,71,9.745,True
30876,71,9.745,True
30877,71,9.745,True
30878,71,9.745,True
30879,71,9.745,True
30880,71,9.745,True
30881,71,9.745,True
30882,74,9.745,True
30883,75,9.745,True
30884,75,9.745,True
30885,73,9.745,True
30886,73,7.571,True
30887,78,7.571,True
30888,77,7.988,True
30889,77,7.988,True
30890,77,7.988,True
30891,76,7.988,True
30892,74,7.988,True
30893,73,9.817,True
30894,73,9.817,True
30895,76,9.817,True
30896,76,9.817,True
30897,77,7.988,True
30898,77,7.988,True
30899,76,7.988,True
30900,76,7.988,True
30901,76,7.988,True
30902,75,7.938,True
30903,73,8.954,True
30904,73,8.954,True
30905,73,8.954,True
30906,73,8.954,True
30907,73,8.954,True
30908,73,8.954,True
30909,72,8.954,True
30910,72,8.954,True
30911,71,8.954,True
30912,71,8.954,True
30913,71,8.954,True
30914,73,9.659,True
30915,73,9.659,True
30916,74,9.659,True
30917,74,9.659,True
30918,74,9.659,True
30919,74,9.659,True
30920,73,9.492,True
30921,73,9.492,True
30922,75,9.492,True
30923,75,9.492,True
30924,74,9.492,True
30925,72,9.492,True
30926,74,9.492,True
30927,71,9.492,True
30928,71,9.492,True
30929,71,9.492,True
30930,71,9.492,True
30931,71,9.492,True
30932,70,9.492,True
30933,72,9.492,True
30934,72,8.994,True
30935,77,8.994,True
30936,76,8.994,True
30937,76,8.994,True
30938,76,8.994,True
30939,75,8.982,True
30940,75,8.982,True
30941,75,8.982,True
30942,75,8.982,True
30943,76,8.784,True
30944,77,8.784,True
30945,77,8.784,True
30946,77,8.784,True
30947,77,8.784,True
30948,72,9.492,True
30949,70,3.766,True
30950,70,3.766,True
30951,72,3.766,True
30952,73,3.766,True
30953,73,3.766,True
30954,74,8.073,True
30955,74,8.073,True
30956,78,8.073,True
30957,74,8.073,True
30958,75,3.766,True
30959,76,3.766,True
30960,74,6.882,True
30961,74,6.882,True
30962,74,6.882,True
30963,74,6.2,True
30964,73,6.2,True
30965,73,6.2,True
30966,73,6.2,True
30967,73,6.2,True
30968,73,6.2,True
30969,73,6.2,True
30970,73,6.2,True
30971,73,6.2,True
30972,73,6.2,True
30973,74,8.956,True
30974,73,6.2,True
30975,73,6.2,True
30976,73,6.2,True
30977,70,9.905,True
30978,64,9.905,True
30979,64,9.905,True
30980,64,9.905,True
30981,69,9.905,True
30982,68,8.326,True
30983,68,8.02,True
30984,64,8.02,True
30985,64,8.02,True
30986,65,8.02,True
30987,70,8.02,True
30988,70,8.02,True
30989,71,8.02,True
30990,71,8.764,True
30991,65,8.764,True
30992,65,8.764,True
30993,65,8.764,True
30994,65,8.02,True
30995,64,8.02,True
30996,65,8.02,True
30997,65,8.02,True
30998,67,8.02,True
30999,67,8.02,True
31000,67,8.02,True
31001,66,8.02,True
31002,67,8.02,True
31003,69,8.073,True
31004,69,8.073,True
31005,69,8.073,True
31006,70,8.725,True
31007,70,8.725,True
31008,70,8.725,True
31009,71,8.725,True
31010,69,8.725,True
31011,69,8.725,True
31012,68,8.725,True
31013,68,8.725,True
31014,69,8.725,True
31015,67,8.725,True
31016,67,8.725,True
31017,68,8.725,True
31018,68,8.725,True
31019,69,8.725,True
31020,70,9.748,True
31021,71,9.897,True
31022,71,9.897,True
31023,68,9.182,True
31024,68,9.182,True
31025,68,9.182,True
31026,68,9.182,True
31027,71,8.205,True
31028,71,7.943,True
31029,68,9.182,True
31030,70,9.182,True
31031,70,9.182,True
31032,70,9.182,True
31033,70,9.182,True
31034,70,9.182,True
31035,73,9.987,True
31036,73,9.987,True
31037,70,9.987,True
31038,70,9.987,True
31039,71,9.987,True
31040,71,9.987,True
31041,71,9.987,True
31042,71,9.987,True
31043,71,9.987,True
31044,71,9.987,True
31045,75,9.987,True
31046,77,9.987,True
31047,76,9.987,True
31048,76,9.987,True
31049,75,9.987,True
31050,73,9.987,True
31051,74,9.987,True
31052,74,9.987,True
31053,75,9.987,True
31054,72,9.897,True
31055,73,9.897,True
31056,73,9.897,True
31057,70,9.897,True
31058,70,9.897,True
31059,69,9.897,True
31060,69,9.897,True
31061,69,9.897,True
31062,68,9.897,True
31063,69,9.897,True
31064,69,9.535,True
31065,68,6.14,True
31066,71,8.102,True
31067,71,9.987,True
31068,71,9.987,True
31069,71,9.987,True
31070,71,9.987,True
31071,71,9.987,True
31072,69,7.155,True
31073,67,9.182,True
31074,67,9.182,True
31075,67,9.182,True
31076,67,9.182,True
31077,67,9.182,True
31078,67,9.182,True
31079,67,9.182,True
31080,67,9.182,True
31081,67,9.182,True
31082,67,9.182,True
31083,66,9.182,True
31084,66,9.182,True
31085,66,9.182,True
31086,66,9.182,True
31087,65,9.182,True
31088,66,9.182,True
31089,66,8.78,True
31090,67,8.78,True
31091,66,7.155,True
31092,69,7.773,True
31093,69,7.773,True
31094,69,7.773,True
31095,69,8.612,True
31096,69,8.612,True
31097,68,7.773,True
31098,65,8.013,True
31099,65,8.013,True
31100,65,8.013,True
31101,62,9.601,True
31102,62,9.601,True
31103,62,9.601,True
31104,62,9.601,True
31105,62,9.601,True
31106,64,9.601,True
31107,64,9.601,True
31108,61,9.601,True
31109,61,9.601,True
31110,63,9.601,True
31111,62,9.601,True
31112,62,9.601,True
31113,63,9.278,True
31114,63,9.278,True
31115,64,8.013,True
31116,64,8.013,True
31117,64,9.931,True
31118,64,9.931,True
31119,63,8.013,True
31120,63,8.013,True
31121,67,8.811,True
31122,67,8.811,True
31123,63,8.013,True
31124,61,8.013,True
31125,63,8.013,True
31126,64,8.013,True
31127,63,8.013,True
31128,63,8.013,True
31129,65,8.013,True
31130,64,8.013,True
31131,64,8.013,True
31132,64,8.013,True
31133,63,8.013,True
31134,63,8.013,True
31135,66,7.479,True
31136,66,7.479,True
31137,66,7.479,True
31138,66,7.479,True
31139,66,7.479,True
31140,66,7.479,True
31141,66,7.479,True
31142,65,7.479,True
31143,65,7.479,True
31144,63,7.479,True
31145,63,7.479,True
31146,63,7.479,True
31147,63,7.479,True
31148,66,7.479,True
31149,67,7.479,True
31150,67,7.479,True
31151,67,7.479,True
31152,68,7.479,True
31153,69,7.479,True
31154,69,7.479,True
31155,69,7.479,True
31156,69,7.479,True
31157,72,7.479,True
31158,72,7.479,True
31159,72,7.479,True
31160,71,5.472,True
31161,71,5.472,True
31162,73,4.97,True
31163,73,4.97,True
31164,72,4.97,True
31165,71,7.891,True
31166,69,7.891,True
31167,68,5.574,True
31168,69,5.574,True
31169,69,5.574,True
31170,67,5.574,True
31171,73,8.07,True
31172,73,8.07,True
31173,72,8.07,True
31174,66,5.574,True
31175,69,5.574,True
31176,68,5.768,True
31177,68,5.768,True
31178,68,5.768,True
31179,68,5.768,True
31180,68,5.768,True
31181,71,5.671,True
31182,71,7.517,True
31183,71,7.851,True
31184,76,9.396,True
31185,75,9.396,True
31186,75,9.396,True
31187,75,9.396,True
31188,72,9.396,True
31189,72,9.396,True
31190,72,9.651,True
31191,72,9.651,True
31192,72,9.651,True
31193,72,9.651,True
31194,73,9.396,True
31195,73,9.396,True
31196,73,9.396,True
31197,76,9.396,True
31198,71,9.395,True
31199,74,9.395,True
31200,75,9.395,True
31201,75,8.269,True
31202,75,8.269,True
31203,75,8.269,True
31204,75,8.269,True
31205,77,9.134,True
31206,77,7.267,True
31207,77,7.267,True
31208,77,7.267,True
31209,76,7.948,True
31210,75,7.33,True
31211,75,8.914,True
31212,73,8.914,True
31213,72,8.914,True
31214,74,8.275,True
31215,74,8.275,True
31216,75,7.33,True
31217,75,7.33,True
31218,75,7.33,True
31219,72,7.33,True
31220,73,7.851,True
31221,73,7.851,True
31222,76,7.851,True
31223,75,6.869,True
31224,77,6.869,True
31225,73,6.935,True
31226,72,6.935,True
31227,73,6.935,True
31228,73,6.719,True
31229,71,7.258,True
31230,74,7.805,True
31231,71,7.258,True
31232,71,7.258,True
31233,74,8.748,True
31234,73,9.139,True
31235,73,9.139,True
31236,73,9.139,True
31237,72,9.139,True
31238,73,9.139,True
31239,71,9.139,True
31240,71,9.139,True
31241,72,8.844,True
31242,72,8.844,True
31243,69,6.424,True
31244,69,5.343,True
31245,69,6.424,True
31246,68,6.424,True
31247,68,6.424,True
31248,68,6.424,True
31249,66,6.424,True
31250,68,6.424,True
31251,72,7.919,True
31252,72,7.919,True
31253,72,7.919,True
31254,72,7.919,True
31255,72,7.919,True
31256,72,7.919,True
31257,72,7.919,True
31258,73,8.703,True
31259,73,8.703,True
31260,73,8.703,True
31261,74,8.703,True
31262,72,8.683,True
31263,72,8.683,True
31264,72,8.683,True
31265,72,8.683,True
31266,72,8.683,True
31267,72,8.683,True
31268,70,8.683,True
31269,69,6.954,True
31270,69,6.954,True
31271,69,9.289,True
31272,68,9.289,True
31273,66,8.432,True
31274,65,9.73,True
31275,65,9.73,True
31276,65,9.73,True
31277,66,6.954,True
31278,67,8.683,True
31279,67,8.683,True
31280,67,8.683,True
31281,68,9.382,True
31282,68,6.609,True
31283,68,6.609,True
31284,67,6.609,True
31285,67,6.609,True
31286,67,6.609,True
31287,71,8.575,True
31288,70,8.575,True
31289,71,8.575,True
31290,71,8.575,True
31291,71,8.575,True
31292,71,9.139,True
31293,71,9.139,True
31294,70,9.139,True
31295,70,8.575,True
31296,72,8.575,True
31297,72,8.575,True
31298,72,8.575,True
31299,72,7.877,True
31300,71,9.342,True
31301,71,9.693,True
31302,73,9.693,True
31303,75,9.693,True
31304,72,9.693,True
31305,74,9.693,True
31306,75,9.693,True
31307,75,9.693,True
31308,75,9.693,True
31309,76,7.671,True
31310,73,6.773,True
31311,74,6.773,True
31312,75,6.773,True
31313,75,6.773,True
31314,75,6.773,True
31315,74,6.773,True
31316,74,6.773,True
31317,73,6.773,True
31318,72,6.94,True
31319,72,6.94,True
31320,72,6.94,True
31321,71,9.456,True
31322,71,9.456,True
31323,71,9.456,True
31324,70,9.418,True
31325,70,9.418,True
31326,69,9.511,True
31327,69,9.511,True
31328,69,9.418,True
31329,69,9.418,True
31330,70,9.418,True
31331,71,9.456,True
31332,69,9.456,True
31333,73,9.456,True
31334,73,9.456,True
31335,73,9.456,True
31336,69,9.456,True
31337,70,9.456,True
31338,69,9.456,True
31339,70,9.456,True
31340,72,9.535,True
31341,70,9.456,True
31342,70,9.456,True
31343,69,7.244,True
31344,69,9.139,True
31345,69,9.139,True
31346,69,9.139,True
31347,72,9.638,True
31348,69,9.139,True
31349,68,9.139,True
31350,68,9.139,True
31351,70,9.139,True
31352,70,9.139,True
31353,68,9.139,True
31354,66,9.139,True
31355,67,9.456,True
31356,67,9.456,True
31357,67,9.456,True
31358,68,9.456,True
31359,68,9.456,True
31360,68,9.456,True
31361,68,9.456,True
31362,71,6.773,True
31363,65,6.773,True
31364,66,6.773,True
31365,66,6.773,True
31366,66,6.773,True
31367,66,6.985,True
31368,70,6.985,True
31369,70,6.985,True
31370,70,6.985,True
31371,68,9.955,True
31372,68,9.955,True
31373,68,9.955,True
31374,65,9.955,True
31375,65,9.955,True
31376,65,9.955,True
31377,64,9.955,True
31378,64,9.693,True
31379,64,9.955,True
31380,64,9.955,True
31381,64,9.955,True
31382,64,9.955,True
31383,64,9.955,True
31384,64,9.955,True
31385,64,9.955,True
31386,64,9.955,True
31387,64,9.955,True
31388,67,9.955,True
31389,72,9.955,True
31390,63,9.955,True
31391,63,9.955,True
31392,63,9.955,True
31393,63,9.955,True
31394,63,9.955,True
31395,63,9.955,True
31396,63,9.955,True
31397,63,9.955,True
31398,67,9.955,True
31399,67,9.955,True
31400,70,9.955,True
31401,70,9.955,True
31402,70,9.955,True
31403,70,8.348,True
31404,63,8.348,True
31405,64,6.773,True
31406,64,6.773,True
31407,64,6.773,True
31408,67,6.773,True
31409,64,6.773,True
31410,64,6.773,True
31411,64,6.773,True
31412,64,9.693,True
31413,67,9.693,True
31414,65,9.693,True
31415,65,9.693,True
31416,65,9.693,True
31417,65,9.693,True
31418,64,9.693,True
31419,68,9.693,True
31420,70,9.693,True
31421,70,9.693,True
31422,70,9.693,True
31423,70,9.693,True
31424,70,9.693,True
31425,70,9.693,True
31426,70,9.693,True
31427,67,9.693,True
31428,67,9.693,True
31429,69,9.693,True
31430,69,9.693,True
31431,69,9.693,True
31432,68,9.693,True
31433,65,9.693,True
31434,64,9.693,True
31435,64,9.693,True
31436,64,9.693,True
31437,66,9.693,True
31438,66,9.693,True
31439,64,9.693,True
31440,64,9.693,True
31441,63,9.693,True
31442,63,9.693,True
31443,66,9.693,True
31444,69,9.693,True
31445,69,9.693,True
31446,71,9.693,True
31447,73,9.693,True
31448,73,9.693,True
31449,71,9.693,True
31450,71,9.693,True
31451,71,9.693,True
31452,71,9.693,True
31453,71,9.693,True
31454,71,9.693,True
31455,71,9.693,True
31456,71,9.693,True
31457,71,9.693,True
31458,71,9.693,True
31459,71,9.693,True
31460,62,9.693,True
31461,64,9.693,True
31462,64,9.693,True
31463,64,9.693,True
31464,64,9.693,True
31465,64,9.693,True
31466,64,9.91,True
31467,66,9.91,True
31468,66,9.91,True
31469,66,9.91,True
31470,66,9.91,True
31471,66,9.91,True
31472,66,9.91,True
31473,66,9.91,True
31474,66,7.807,True
31475,66,7.807,True
31476,64,9.693,True
31477,64,9.693,True
31478,65,9.693,True
31479,65,9.693,True
31480,65,9.693,True
31481,65,9.693,True
31482,65,9.693,True
31483,65,9.693,True
31484,65,9.693,True
31485,64,9.693,True
31486,64,9.693,True
31487,64,9.693,True
31488,65,9.693,True
31489,66,9.693,True
31490,66,9.693,True
31491,66,9.693,True
31492,66,9.693,True
31493,66,9.693,True
31494,66,9.693,True
31495,67,9.693,True
31496,67,9.693,True
31497,68,9.693,True
31498,68,9.693,True
31499,71,9.693,True
31500,71,9.693,True
31501,71,9.693,True
31502,70,9.495,True
31503,70,9.495,True
31504,71,9.693,True
31505,70,9.495,True
31506,70,9.495,True
31507,70,9.495,True
31508,70,9.495,True
31509,73,9.495,True
31510,70,9.495,True
31511,73,9.617,True
31512,74,9.617,True
31513,72,9.617,True
31514,72,9.617,True
31515,69,9.495,True
31516,69,9.495,True
31517,71,9.806,True
31518,71,9.806,True
31519,70,9.806,True
31520,70,9.806,True
31521,70,9.806,True
31522,70,9.806,True
31523,70,9.806,True
31524,67,9.806,True
31525,68,9.806,True
31526,68,8.659,True
31527,71,8.659,True
31528,71,8.659,True
31529,71,8.659,True
31530,71,8.659,True
31531,76,8.659,True
31532,76,8.659,True
31533,77,8.822,True
31534,77,8.822,True
31535,77,8.822,True
31536,77,8.822,True
31537,77,8.822,True
31538,77,8.822,True
31539,76,9.675,True
31540,74,9.675,True
31541,74,9.675,True
31542,72,9.675,True
31543,71,9.675,True
31544,71,9.675,True
31545,70,9.943,True
31546,70,9.943,True
31547,68,9.943,True
31548,68,9.943,True
31549,68,9.943,True
31550,68,9.943,True
31551,68,9.943,True
31552,68,9.943,True
31553,68,9.943,True
31554,68,9.943,True
31555,68,9.943,True
31556,68,9.943,True
31557,69,9.798,True
31558,69,9.798,True
31559,71,9.675,True
31560,75,8.401,True
31561,75,8.401,True
31562,72,8.401,True
31563,70,9.798,True
31564,70,9.798,True
31565,72,7.79,True
31566,72,7.79,True
31567,75,7.79,True
31568,76,7.79,True
31569,76,7.79,True
31570,73,7.79,True
31571,73,8.266,True
31572,73,7.79,True
31573,73,7.79,True
31574,74,7.79,True
31575,73,7.79,True
31576,73,7.79,True
31577,73,7.79,True
31578,75,6.927,True
31579,75,6.927,True
31580,78,8.397,True
31581,79,8.397,True
31582,79,8.397,True
31583,79,8.397,True
31584,79,8.397,True
31585,77,8.397,True
31586,77,8.397,True
31587,76,8.397,True
31588,78,6.927,True
31589,78,6.927,True
31590,78,6.927,True
31591,78,7.062,True
31592,76,8.397,True
31593,76,8.397,True
31594,70,9.675,True
31595,74,9.675,True
31596,74,9.675,True
31597,74,9.675,True
31598,74,9.675,True
31599,78,9.827,True
31600,79,9.827,True
31601,79,9.827,True
31602,79,9.675,True
31603,79,9.675,True
31604,78,9.675,True
31605,76,9.675,True
31606,76,9.675,True
31607,76,9.12,True
31608,75,9.12,True
31609,75,9.12,True
31610,75,9.12,True
31611,71,9.86,True
31612,70,9.86,True
31613,70,7.79,True
31614,70,7.79,True
31615,70,7.79,True
31616,70,7.79,True
31617,70,7.79,True
31618,70,7.79,True
31619,70,7.79,True
31620,70,7.79,True
31621,70,7.79,True
31622,72,7.79,True
31623,72,7.79,True
31624,72,7.663,True
31625,71,7.663,True
31626,71,7.663,True
31627,73,6.245,True
31628,75,6.245,True
31629,75,6.245,True
31630,73,7.451,True
31631,72,7.451,True
31632,74,7.451,True
31633,74,7.451,True
31634,75,8.796,True
31635,75,8.796,True
31636,76,8.796,True
31637,76,8.796,True
31638,73,8.796,True
31639,73,6.627,True
31640,73,9.914,True
31641,72,9.914,True
31642,72,8.43,True
31643,72,8.43,True
31644,73,8.43,True
31645,71,8.43,True
31646,72,6.627,True
31647,72,6.627,True
31648,72,6.14,True
31649,73,6.14,True
31650,73,6.14,True
31651,75,6.4,True
31652,73,6.4,True
31653,73,6.4,True
31654,75,7.087,True
31655,75,7.087,True
31656,75,7.087,True
31657,78,7.087,True
31658,78,7.087,True
31659,74,7.451,True
31660,72,7.451,True
31661,72,7.451,True
31662,72,7.451,True
31663,75,7.855,True
31664,77,3.411,True
31665,76,5.492,True
31666,76,5.842,True
31667,75,7.727,True
31668,75,7.727,True
31669,72,7.727,True
31670,71,8.397,True
31671,71,8.397,True
31672,69,8.397,True
31673,71,8.397,True
31674,71,8.397,True
31675,72,9.159,True
31676,73,9.159,True
31677,72,9.159,True
31678,75,8.397,True
31679,76,8.397,True
31680,75,8.397,True
31681,73,9.914,True
31682,73,9.914,True
31683,72,8.397,True
31684,72,8.397,True
31685,72,8.397,True
31686,72,8.397,True
31687,72,8.397,True
31688,72,7.79,True
31689,72,7.79,True
31690,72,7.79,True
31691,72,7.79,True
31692,74,7.79,True
31693,74,7.79,True
31694,77,7.103,True
31695,79,7.103,True
31696,75,9.675,True
31697,73,9.675,True
31698,73,9.675,True
31699,75,9.675,True
31700,76,7.79,True
31701,73,7.79,True
31702,72,8.806,True
31703,75,8.806,True
31704,75,8.806,True
31705,80,8.806,True
31706,75,9.057,True
31707,72,9.057,True
31708,72,9.057,True
31709,72,9.057,True
31710,72,9.057,True
31711,71,9.057,True
31712,71,9.675,True
31713,71,9.675,True
31714,72,9.675,True
31715,70,9.675,True
31716,69,9.675,True
31717,70,9.675,True
31718,69,9.675,True
31719,68,9.675,True
31720,68,9.675,True
31721,69,9.675,True
31722,69,9.675,True
31723,70,9.675,True
31724,69,9.675,True
31725,69,9.675,True
31726,69,9.675,True
31727,71,9.675,True
31728,71,9.675,True
31729,73,9.675,True
31730,71,9.675,True
31731,70,9.675,True
31732,70,9.675,True
31733,71,8.507,True
31734,70,8.507,True
31735,70,8.507,True
31736,69,9.418,True
31737,69,9.675,True
31738,69,9.675,True
31739,69,9.675,True
31740,69,9.675,True
31741,69,9.675,True
31742,69,9.675,True
31743,69,9.675,True
31744,72,9.675,True
31745,70,9.675,True
31746,71,9.675,True
31747,71,9.675,True
31748,71,9.675,True
31749,73,9.675,True
31750,73,9.675,True
31751,73,9.675,True
31752,73,9.675,True
31753,73,9.675,True
31754,73,9.675,True
31755,73,9.675,True
31756,73,9.675,True
31757,74,9.675,True
31758,74,9.675,True
31759,76,9.675,True
31760,76,9.675,True
31761,72,9.675,True
31762,71,9.86,True
31763,70,9.86,True
31764,71,9.675,True
31765,71,9.675,True
31766,71,9.675,True
31767,70,9.86,True
31768,70,9.86,True
31769,70,9.86,True
31770,72,9.86,True
31771,75,9.86,True
31772,75,9.86,True
31773,75,9.86,True
31774,75,9.86,True
31775,76,9.043,True
31776,76,9.043,True
31777,75,9.043,True
31778,74,8.85,True
31779,76,8.85,True
31780,75,8.85,True
31781,78,8.85,True
31782,79,8.85,True
31783,79,8.85,True
31784,77,8.85,True
31785,77,8.85,True
31786,77,8.85,True
31787,77,9.971,True
31788,77,9.971,True
31789,77,9.493,True
31790,76,9.493,True
31791,73,9.493,True
31792,72,9.493,True
31793,72,9.493,True
31794,71,9.493,True
31795,73,9.493,True
31796,73,9.493,True
31797,71,9.493,True
31798,72,9.493,True
31799,72,9.493,True
31800,73,9.685,True
31801,73,9.493,True
31802,73,9.493,True
31803,73,9.493,True
31804,72,9.493,True
31805,72,9.493,True
31806,75,9.493,True
31807,78,9.493,True
31808,78,9.493,True
31809,78,9.493,True
31810,78,9.493,True
31811,78,9.493,True
31812,78,9.493,True
31813,78,9.493,True
31814,78,9.493,True
31815,75,9.493,True
31816,75,9.493,True
31817,74,9.493,True
31818,74,9.493,True
31819,73,8.659,True
31820,72,9.883,True
31821,73,8.659,True
31822,74,8.659,True
31823,74,8.659,True
31824,74,8.659,True
31825,72,8.694,True
31826,73,8.694,True
31827,73,9.418,True
31828,71,9.418,True
31829,74,9.493,True
31830,74,9.493,True
31831,71,9.418,True
31832,71,9.418,True
31833,71,9.418,True
31834,72,9.86,True
31835,72,9.86,True
31836,72,9.86,True
31837,72,9.86,True
31838,72,9.86,True
31839,71,9.675,True
31840,72,9.675,True
31841,73,9.675,True
31842,73,9.675,True
31843,73,9.675,True
31844,73,9.675,True
31845,73,9.675,True
31846,74,9.675,True
31847,74,9.675,True
31848,73,9.675,True
31849,72,9.675,True
31850,72,9.675,True
31851,72,9.675,True
31852,75,9.683,True
31853,75,9.683,True
31854,75,9.683,True
31855,71,9.798,True
31856,68,9.798,True
31857,69,9.798,True
31858,70,9.798,True
31859,70,9.798,True
31860,71,9.675,True
31861,70,9.675,True
31862,71,9.675,True
31863,71,9.675,True
31864,72,9.675,True
31865,72,9.675,True
31866,72,9.675,True
31867,72,9.675,True
31868,72,9.675,True
31869,68,9.675,True
31870,68,9.675,True
31871,67,9.675,True
31872,64,9.675,True
31873,64,9.675,True
31874,64,9.675,True
31875,64,9.675,True
31876,64,9.675,True
31877,64,9.675,True
31878,64,9.675,True
31879,68,9.675,True
31880,70,9.675,True
31881,70,9.675,True
31882,67,9.675,True
31883,67,9.675,True
31884,67,9.675,True
31885,67,9.675,True
31886,67,9.675,True
31887,67,9.675,True
31888,69,9.675,True
31889,67,9.675,True
31890,67,9.675,True
31891,67,9.675,True
31892,67,9.675,True
31893,67,9.675,True
31894,67,9.675,True
31895,67,9.675,True
31896,66,9.972,True
31897,66,9.972,True
31898,66,9.972,True
31899,66,9.972,True
31900,65,9.972,True
31901,69,9.835,True
31902,71,9.835,True
31903,68,9.675,True
31904,68,9.675,True
31905,68,9.675,True
31906,68,9.675,True
31907,68,9.675,True
31908,66,9.675,True
31909,66,9.675,True
31910,71,9.675,True
31911,71,9.675,True
31912,72,9.675,True
31913,67,9.675,True
31914,67,9.675,True
31915,67,9.675,True
31916,69,9.675,True
31917,69,9.418,True
31918,69,9.418,True
31919,67,9.418,True
31920,67,9.418,True
31921,67,9.418,True
31922,68,9.418,True
31923,68,9.418,True
31924,68,9.418,True
31925,67,9.418,True
31926,67,9.418,True
31927,67,9.418,True
31928,67,9.418,True
31929,67,9.418,True
31930,67,9.418,True
31931,64,9.418,True
31932,64,9.418,True
31933,67,9.418,True
31934,67,9.418,True
31935,67,9.418,True
31936,67,6.923,True
31937,69,9.971,True
31938,69,9.971,True
31939,69,9.971,True
31940,69,9.971,True
31941,72,9.971,True
31942,72,9.971,True
31943,72,9.971,True
31944,75,9.971,True
31945,75,9.971,True
31946,70,9.971,True
31947,69,9.971,True
31948,69,9.971,True
31949,69,9.971,True
31950,70,9.971,True
31951,70,9.971,True
31952,70,9.971,True
31953,69,9.971,True
31954,69,9.971,True
31955,69,9.971,True
31956,69,9.971,True
31957,73,9.971,True
31958,73,9.971,True
31959,71,8.484,True
31960,70,8.99,True
31961,70,8.484,True
31962,70,8.484,True
31963,69,7.647,True
31964,70,8.484,True
31965,70,8.484,True
31966,72,9.086,True
31967,70,8.484,True
31968,70,8.484,True
31969,72,7.647,True
31970,68,9.883,True
31971,68,9.883,True
31972,69,9.883,True
31973,68,9.883,True
31974,68,9.883,True
31975,68,9.883,True
31976,66,8.109,True
31977,66,8.109,True
31978,65,6.923,True
31979,64,6.923,True
31980,64,6.923,True
31981,66,9.099,True
31982,66,9.099,True
31983,64,6.923,True
31984,64,6.923,True
31985,64,6.923,True
31986,64,6.923,True
31987,67,7.721,True
31988,67,7.721,True
31989,68,8.109,True
31990,68,8.109,True
31991,68,8.109,True
31992,68,8.109,True
31993,68,8.109,True
31994,67,7.74,True
31995,67,7.721,True
31996,67,7.721,True
31997,67,7.721,True
31998,68,8.808,True
31999,68,7.721,True
32000,68,7.721,True
32001,68,7.721,True
32002,68,9.26,True
32003,65,9.26,True
32004,71,9.26,True
32005,68,6.954,True
32006,68,6.954,True
32007,68,6.954,True
32008,70,6.954,True
32009,72,6.773,True
32010,66,6.773,True
32011,66,6.773,True
32012,70,6.773,True
32013,70,6.773,True
32014,70,6.773,True
32015,70,6.773,True
32016,69,6.773,True
32017,69,6.773,True
32018,68,6.773,True
32019,68,6.773,True
32020,68,6.773,True
32021,68,6.773,True
32022,66,9.883,True
32023,66,9.883,True
32024,66,9.883,True
32025,67,7.721,True
32026,67,7.721,True
32027,67,7.721,True
32028,67,6.773,True
32029,67,6.773,True
32030,66,8.659,True
32031,66,8.659,True
32032,66,8.659,True
32033,66,8.659,True
32034,66,8.659,True
32035,68,7.038,True
32036,68,7.038,True
32037,68,5.464,True
32038,68,5.464,True
32039,70,6.86,True
32040,70,6.86,True
32041,70,6.86,True
32042,67,6.927,True
32043,67,6.927,True
32044,67,6.927,True
32045,67,6.927,True
32046,67,6.927,True
32047,67,6.927,True
32048,67,6.927,True
32049,67,6.927,True
32050,68,6.927,True
32051,68,6.927,True
32052,66,6.954,True
32053,66,6.954,True
32054,66,6.954,True
32055,66,6.954,True
32056,67,6.954,True
32057,69,6.954,True
32058,68,6.954,True
32059,68,6.954,True
32060,68,6.954,True
32061,68,9.953,True
32062,66,9.953,True
32063,65,9.953,True
32064,65,9.953,True
32065,65,9.953,True
32066,65,9.953,True
32067,66,9.953,True
32068,66,9.953,True
32069,66,9.953,True
32070,66,9.953,True
32071,66,9.953,True
32072,66,7.572,True
32073,65,7.572,True
32074,65,7.572,True
32075,65,9.418,True
32076,66,9.418,True
32077,67,9.418,True
32078,67,9.418,True
32079,70,8.05,True
32080,70,8.05,True
32081,70,8.05,True
32082,70,8.05,True
32083,70,8.05,True
32084,70,8.05,True
32085,70,8.05,True
32086,70,8.05,True
32087,71,7.785,True
32088,71,7.785,True
32089,71,7.785,True
32090,69,7.785,True
32091,69,7.785,True
32092,68,7.28,True
32093,68,7.28,True
32094,68,8.05,True
32095,68,8.05,True
32096,65,8.05,True
32097,65,9.953,True
32098,65,9.953,True
32099,65,9.953,True
32100,65,9.953,True
32101,65,9.953,True
32102,65,9.953,True
32103,66,9.953,True
32104,66,9.953,True
32105,66,9.953,True
32106,66,9.953,True
32107,66,9.953,True
32108,69,6.927,True
32109,70,6.927,True
32110,70,8.02,True
32111,67,8.02,True
32112,67,8.02,True
32113,67,8.02,True
32114,67,8.02,True
32115,67,8.02,True
32116,69,8.02,True
32117,69,8.02,True
32118,67,6.773,True
32119,67,6.773,True
32120,67,6.773,True
32121,67,6.773,True
32122,67,6.773,True
32123,67,6.773,True
32124,68,6.773,True
32125,67,6.773,True
32126,67,6.773,True
32127,67,6.773,True
32128,67,6.773,True
32129,67,6.773,True
32130,69,6.773,True
32131,69,6.773,True
32132,67,6.773,True
32133,72,6.773,True
32134,71,6.773,True
32135,71,6.773,True
32136,71,6.773,True
32137,67,6.773,True
32138,65,6.773,True
32139,65,6.773,True
32140,65,6.773,True
32141,67,8.624,True
32142,67,8.624,True
32143,67,8.659,True
32144,63,8.659,True
32145,64,8.659,True
32146,65,8.673,True
32147,65,8.673,True
32148,65,8.673,True
32149,65,8.673,True
32150,65,8.673,True
32151,68,8.673,True
32152,67,6.366,True
32153,67,6.366,True
32154,67,6.366,True
32155,70,6.366,True
32156,70,9.951,True
32157,70,9.951,True
32158,75,9.951,True
32159,75,9.951,True
32160,77,9.951,True
32161,76,9.951,True
32162,76,9.951,True
32163,77,8.563,True
32164,77,8.893,True
32165,76,8.893,True
32166,76,8.893,True
32167,74,8.893,True
32168,72,9.798,True
32169,72,9.798,True
32170,72,9.798,True
32171,73,8.893,True
32172,73,9.766,True
32173,73,9.766,True
32174,73,9.766,True
32175,73,9.766,True
32176,72,9.766,True
32177,69,8.744,True
32178,68,8.744,True
32179,68,8.744,True
32180,68,8.744,True
32181,67,8.744,True
32182,67,8.744,True
32183,68,8.816,True
32184,67,9.675,True
32185,67,9.675,True
32186,67,9.675,True
32187,68,8.816,True
32188,69,8.816,True
32189,68,8.816,True
32190,68,8.816,True
32191,70,8.816,True
32192,70,8.816,True
32193,69,9.675,True
32194,69,9.675,True
32195,68,9.675,True
32196,68,9.675,True
32197,67,9.675,True
32198,70,8.816,True
32199,68,9.798,True
32200,65,9.798,True
32201,65,9.798,True
32202,65,9.798,True
32203,65,9.798,True
32204,65,9.798,True
32205,65,9.798,True
32206,69,9.675,True
32207,69,9.675,True
32208,69,9.675,True
32209,69,9.675,True
32210,69,9.675,True
32211,69,9.675,True
32212,68,9.675,True
32213,68,9.675,True
32214,67,9.675,True
32215,70,9.675,True
32216,70,9.675,True
32217,70,9.675,True
32218,70,9.675,True
32219,70,9.675,True
32220,67,9.675,True
32221,67,9.675,True
32222,68,9.675,True
32223,68,9.675,True
32224,68,9.675,True
32225,68,9.675,True
32226,68,9.675,True
32227,68,9.675,True
32228,71,9.675,True
32229,73,9.675,True
32230,73,9.675,True
32231,76,9.675,True
32232,75,9.675,True
32233,70,9.675,True
32234,70,9.675,True
32235,68,9.675,True
32236,68,9.675,True
32237,69,9.675,True
32238,69,9.675,True
32239,69,9.675,True
32240,69,9.675,True
32241,69,9.675,True
32242,69,9.675,True
32243,69,9.675,True
32244,68,9.675,True
32245,68,9.675,True
32246,68,9.675,True
32247,76,9.763,True
32248,70,9.675,True
32249,68,9.675,True
32250,68,9.675,True
32251,69,9.675,True
32252,69,9.675,True
32253,69,9.675,True
32254,69,9.675,True
32255,69,9.675,True
32256,68,9.675,True
32257,72,9.675,True
32258,72,9.675,True
32259,72,9.675,True
32260,73,9.675,True
32261,74,9.675,True
32262,75,8.4,True
32263,73,8.308,True
32264,73,8.308,True
32265,73,9.955,True
32266,73,9.955,True
32267,73,8.308,True
32268,73,8.308,True
32269,72,9.915,True
32270,75,9.915,True
32271,72,9.915,True
32272,72,9.915,True
32273,69,9.915,True
32274,66,9.915,True
32275,66,9.915,True
32276,66,9.915,True
32277,66,9.915,True
32278,66,9.915,True
32279,66,9.915,True
32280,63,9.915,True
32281,63,9.915,True
32282,65,9.675,True
32283,65,9.675,True
32284,64,9.675,True
32285,64,9.675,True
32286,63,9.675,True
32287,64,9.675,True
32288,64,9.675,True
32289,64,9.915,True
32290,62,9.915,True
32291,66,9.915,True
32292,67,9.915,True
32293,67,9.915,True
32294,67,9.915,True
32295,68,9.675,True
32296,68,9.675,True
32297,68,9.675,True
32298,69,9.675,True
32299,69,9.675,True
32300,70,9.675,True
32301,66,9.675,True
32302,72,9.675,True
32303,72,9.675,True
32304,73,9.675,True
32305,73,9.675,True
32306,72,9.675,True
32307,67,9.675,True
32308,67,9.675,True
32309,67,9.675,True
32310,71,9.675,True
32311,68,9.675,True
32312,68,9.675,True
32313,68,9.675,True
32314,68,9.965,True
32315,67,9.675,True
32316,67,9.675,True
32317,67,9.675,True
32318,68,9.675,True
32319,67,9.675,True
32320,66,9.675,True
32321,68,9.675,True
32322,68,9.675,True
32323,68,9.675,True
32324,67,9.675,True
32325,65,9.675,True
32326,65,9.363,True
32327,67,9.363,True
32328,67,9.363,True
32329,67,9.363,True
32330,67,9.363,True
32331,67,9.363,True
32332,65,9.363,True
32333,65,9.363,True
32334,65,9.363,True
32335,65,9.363,True
32336,65,9.363,True
32337,65,9.363,True
32338,64,9.363,True
32339,64,9.363,True
32340,64,9.363,True
32341,63,9.363,True
32342,63,9.363,True
32343,63,9.363,True
32344,62,9.363,True
32345,61,9.363,True
32346,61,9.363,True
32347,67,9.363,True
32348,73,9.363,True
32349,72,9.363,True
32350,66,9.363,True
32351,61,9.363,True
32352,61,9.363,True
32353,62,6.954,True
32354,62,6.954,True
32355,63,6.954,True
32356,66,9.955,True
32357,67,9.955,True
32358,68,9.955,True
32359,68,9.955,True
32360,68,9.955,True
32361,70,9.955,True
32362,70,9.955,True
32363,70,9.955,True
32364,70,9.955,True
32365,70,9.955,True
32366,70,9.955,True
32367,69,9.955,True
32368,69,9.955,True
32369,69,9.955,True
32370,65,9.955,True
32371,67,9.955,True
32372,67,9.955,True
32373,68,9.955,True
32374,68,9.955,True
32375,70,9.955,True
32376,71,9.955,True
32377,71,9.955,True
32378,71,9.955,True
32379,71,9.955,True
32380,67,9.955,True
32381,67,9.955,True
32382,70,9.955,True
32383,69,9.955,True
32384,69,9.955,True
32385,71,9.955,True
32386,71,9.955,True
32387,76,9.099,True
32388,76,9.099,True
32389,74,6.996,True
32390,74,6.996,True
32391,73,6.996,True
32392,73,6.996,True
32393,75,6.996,True
32394,76,7.607,True
32395,76,7.607,True
32396,74,8.087,True
32397,73,8.087,True
32398,73,8.087,True
32399,73,8.087,True
32400,73,8.55,True
32401,75,8.55,True
32402,75,8.55,True
32403,75,8.55,True
32404,74,8.087,True
32405,73,8.087,True
32406,73,8.087,True
32407,73,8.087,True
32408,73,8.087,True
32409,75,8.087,True
32410,75,8.087,True
32411,75,8.087,True
32412,75,8.087,True
32413,77,8.087,True
32414,75,8.087,True
32415,75,8.087,True
32416,75,8.087,True
32417,75,8.087,True
32418,75,8.087,True
32419,67,9.139,True
32420,68,8.764,True
32421,68,9.099,True
32422,69,9.302,True
32423,69,9.302,True
32424,71,9.302,True
32425,71,9.302,True
32426,71,9.302,True
32427,71,9.302,True
32428,71,9.302,True
32429,71,9.302,True
32430,71,9.302,True
32431,67,9.363,True
32432,65,9.363,True
32433,68,9.363,True
32434,68,9.363,True
32435,68,9.363,True
32436,64,9.363,True
32437,64,9.363,True
32438,64,9.363,True
32439,64,9.363,True
32440,67,9.363,True
32441,67,9.363,True
32442,67,9.363,True
32443,67,9.363,True
32444,67,9.363,True
32445,67,9.363,True
32446,66,9.363,True
32447,66,9.363,True
32448,64,9.363,True
32449,66,9.363,True
32450,65,9.363,True
32451,65,9.363,True
32452,63,9.363,True
32453,63,9.363,True
32454,62,9.363,True
32455,64,7.205,True
32456,65,7.205,True
32457,66,8.725,True
32458,72,8.725,True
32459,68,8.725,True
32460,68,8.725,True
32461,68,9.724,True
32462,68,9.724,True
32463,67,9.724,True
32464,67,9.724,True
32465,67,9.724,True
32466,67,3.91,True
32467,67,3.91,True
32468,65,3.223,True
32469,68,9.971,True
32470,68,9.971,True
32471,69,8.511,True
32472,70,8.511,True
32473,69,9.971,True
32474,68,9.971,True
32475,68,9.971,True
32476,66,9.3,True
32477,67,9.3,True
32478,69,9.3,True
32479,69,9.3,True
32480,65,9.3,True
32481,66,9.3,True
32482,66,9.3,True
32483,67,9.3,True
32484,67,9.3,True
32485,67,9.3,True
32486,67,9.3,True
32487,67,9.3,True
32488,67,9.3,True
32489,65,9.3,True
32490,65,9.3,True
32491,65,9.3,True
32492,66,9.3,True
32493,66,9.3,True
32494,67,9.3,True
32495,67,9.3,True
32496,63,9.363,True
32497,62,9.363,True
32498,62,9.363,True
32499,62,9.363,True
32500,62,9.363,True
32501,62,9.363,True
32502,62,9.363,True
32503,62,9.363,True
32504,65,9.363,True
32505,66,9.363,True
32506,66,9.363,True
32507,66,9.363,True
32508,66,9.363,True
32509,66,9.363,True
32510,65,9.363,True
32511,65,9.363,True
32512,67,9.363,True
32513,65,9.363,True
32514,66,9.363,True
32515,66,9.363,True
32516,67,9.363,True
32517,67,9.363,True
32518,68,9.363,True
32519,68,9.363,True
32520,68,9.363,True
32521,67,9.363,True
32522,67,9.363,True
32523,67,9.363,True
32524,67,9.363,True
32525,68,9.363,True
32526,68,9.363,True
32527,68,9.363,True
32528,68,9.363,True
32529,68,9.363,True
32530,68,9.363,True
32531,68,9.363,True
32532,67,9.363,True
32533,70,9.363,True
32534,70,9.363,True
32535,73,9.363,True
32536,73,9.363,True
32537,73,9.363,True
32538,73,9.363,True
32539,74,9.363,True
32540,71,9.363,True
32541,69,9.363,True
32542,69,9.363,True
32543,69,9.363,True
32544,71,9.363,True
32545,71,9.363,True
32546,70,9.363,True
32547,70,9.363,True
32548,68,9.363,True
32549,68,9.363,True
32550,68,9.363,True
32551,68,9.363,True
32552,74,7.205,True
32553,74,8.694,True
32554,74,8.694,True
32555,74,8.694,True
32556,70,9.822,True
32557,70,9.822,True
32558,70,9.822,True
32559,70,9.822,True
32560,70,9.822,True
32561,70,9.822,True
32562,75,9.822,True
32563,75,9.822,True
32564,68,9.822,True
32565,68,9.822,True
32566,70,6.41,True
32567,70,6.41,True
32568,69,9.952,True
32569,69,9.952,True
32570,71,9.952,True
32571,72,9.952,True
32572,73,9.952,True
32573,73,9.952,True
32574,72,9.971,True
32575,71,9.952,True
32576,71,9.952,True
32577,71,9.952,True
32578,72,9.952,True
32579,72,9.952,True
32580,77,9.952,True
32581,78,9.952,True
32582,78,9.952,True
32583,77,9.971,True
32584,78,9.952,True
32585,73,9.952,True
32586,73,9.952,True
32587,72,9.952,True
32588,72,9.952,True
32589,72,9.952,True
32590,72,9.952,True
32591,71,9.952,True
32592,72,7.812,True
32593,72,7.812,True
32594,72,7.812,True
32595,72,7.812,True
32596,71,9.449,True
32597,71,9.449,True
32598,71,9.449,True
32599,71,9.449,True
32600,71,9.449,True
32601,71,9.449,True
32602,71,9.449,True
32603,72,9.449,True
32604,72,9.449,True
32605,73,7.812,True
32606,72,6.935,True
32607,72,6.935,True
32608,71,7.267,True
32609,70,7.267,True
32610,70,7.267,True
32611,71,6.935,True
32612,71,6.935,True
32613,71,6.935,True
32614,71,6.935,True
32615,71,6.935,True
32616,72,7.572,True
32617,72,7.572,True
32618,73,9.663,True
32619,72,9.129,True
32620,72,9.129,True
32621,72,9.129,True
32622,72,9.86,True
32623,72,9.129,True
32624,71,9.129,True
32625,71,9.129,True
32626,73,9.129,True
32627,76,9.129,True
32628,76,9.129,True
32629,74,9.129,True
32630,74,9.129,True
32631,74,7.056,True
32632,74,7.056,True
32633,74,7.056,True
32634,74,7.056,True
32635,74,7.056,True
32636,74,7.056,True
32637,74,7.056,True
32638,73,7.056,True
32639,72,7.056,True
32640,71,7.788,True
32641,72,7.788,True
32642,74,8.684,True
32643,72,8.684,True
32644,72,9.897,True
32645,69,9.897,True
32646,70,9.897,True
32647,70,9.897,True
32648,70,9.897,True
32649,70,9.897,True
32650,70,7.063,True
32651,69,9.819,True
32652,68,9.819,True
32653,68,9.819,True
32654,68,9.819,True
32655,68,9.819,True
32656,71,9.943,True
32657,68,8.664,True
32658,69,5.276,True
32659,69,5.276,True
32660,69,5.276,True
32661,72,8.211,True
32662,72,8.211,True
32663,72,8.211,True
32664,69,5.276,True
32665,69,5.276,True
32666,69,5.276,True
32667,72,4.919,True
32668,72,4.919,True
32669,72,4.919,True
32670,73,7.42,True
32671,72,8.664,True
32672,75,8.593,True
32673,75,8.593,True
32674,71,8.593,True
32675,71,8.593,True
32676,71,8.593,True
32677,71,8.593,True
32678,74,8.593,True
32679,75,8.593,True
32680,75,8.593,True
32681,74,8.593,True
32682,74,8.593,True
32683,71,6.812,True
32684,71,6.812,True
32685,71,6.812,True
32686,73,7.61,True
32687,77,9.476,True
32688,73,9.476,True
32689,73,9.476,True
32690,76,9.476,True
32691,77,9.476,True
32692,77,9.476,True
32693,78,8.879,True
32694,78,8.879,True
32695,78,5.943,True
32696,81,5.943,True
32697,81,5.943,True
32698,79,5.272,True
32699,79,5.272,True
32700,77,5.272,True
32701,77,4.742,True
32702,77,4.742,True
32703,75,5.081,True
32704,75,5.081,True
32705,75,5.081,True
32706,75,5.081,True
32707,79,7.635,True
32708,79,4.971,True
32709,78,4.971,True
32710,78,4.971,True
32711,76,5.56,True
32712,76,5.56,True
32713,76,7.056,True
32714,76,7.056,True
32715,76,7.056,True
32716,76,7.056,True
32717,78,9.056,True
32718,78,9.056,True
32719,78,9.056,True
32720,78,9.056,True
32721,78,9.056,True
32722,78,9.056,True
32723,78,9.056,True
32724,76,9.056,True
32725,73,9.056,True
32726,76,9.056,True
32727,75,9.056,True
32728,74,9.056,True
32729,74,9.056,True
32730,69,9.056,True
32731,69,9.056,True
32732,70,7.721,True
32733,70,7.721,True
32734,70,7.721,True
32735,70,7.721,True
32736,71,7.721,True
32737,71,7.721,True
32738,71,7.721,True
32739,71,7.261,True
32740,71,7.261,True
32741,71,7.261,True
32742,70,7.261,True
32743,68,7.261,True
32744,69,7.261,True
32745,68,7.735,True
32746,68,7.735,True
32747,68,7.735,True
32748,68,7.735,True
32749,68,7.735,True
32750,68,7.735,True
32751,72,3.704,True
32752,72,3.704,True
32753,72,3.704,True
32754,74,7.788,True
32755,74,7.788,True
32756,70,9.897,True
32757,69,9.897,True
32758,69,9.897,True
32759,69,9.897,True
32760,69,8.214,True
32761,69,8.214,True
32762,69,9.897,True
32763,69,9.897,True
32764,67,9.897,True
32765,68,9.897,True
32766,67,9.897,True
32767,67,9.897,True
32768,66,9.897,True
32769,67,9.897,True
32770,64,9.897,True
32771,66,9.897,True
32772,66,9.897,True
32773,64,9.897,True
32774,64,9.897,True
32775,70,8.694,True
32776,68,9.897,True
32777,68,9.897,True
32778,68,9.897,True
32779,65,9.897,True
32780,65,9.897,True
32781,66,9.897,True
32782,65,8.694,True
32783,66,8.694,True
32784,66,8.694,True
32785,66,8.694,True
32786,66,8.694,True
32787,66,8.694,True
32788,66,8.694,True
32789,67,8.694,True
32790,67,8.694,True
32791,67,8.694,True
32792,66,8.694,True
32793,66,8.694,True
32794,66,8.694,True
32795,65,8.694,True
32796,65,8.694,True
32797,67,8.694,True
32798,65,8.694,True
32799,65,8.694,True
32800,66,8.694,True
32801,66,6.683,True
32802,66,6.683,True
32803,66,6.683,True
32804,66,6.683,True
32805,66,6.683,True
32806,67,6.683,True
32807,68,6.683,True
32808,70,6.683,True
32809,70,6.683,True
32810,71,6.683,True
32811,73,6.683,True
32812,73,6.683,True
32813,71,6.683,True
32814,72,6.683,True
32815,70,6.683,True
32816,70,6.683,True
32817,73,6.683,True
32818,73,6.683,True
32819,71,6.683,True
32820,71,7.663,True
32821,71,9.223,True
32822,71,9.223,True
32823,70,9.897,True
32824,70,9.223,True
32825,72,9.223,True
32826,72,9.223,True
32827,72,9.223,True
32828,72,9.223,True
32829,72,9.223,True
32830,72,9.223,True
32831,72,9.909,True
32832,71,7.681,True
32833,71,7.681,True
32834,70,7.681,True
32835,72,7.681,True
32836,71,7.681,True
32837,69,8.725,True
32838,69,9.905,True
32839,69,9.905,True
32840,68,9.905,True
32841,68,8.02,True
32842,66,9.003,True
32843,66,8.02,True
32844,66,8.02,True
32845,69,9.798,True
32846,69,9.798,True
32847,69,9.798,True
32848,69,9.798,True
32849,69,9.798,True
32850,70,9.798,True
32851,70,9.798,True
32852,71,8.02,True
32853,71,8.02,True
32854,71,8.02,True
32855,71,8.02,True
32856,72,8.02,True
32857,73,5.741,True
32858,72,5.285,True
32859,71,7.577,True
32860,70,7.577,True
32861,70,8.348,True
32862,70,8.348,True
32863,70,8.348,True
32864,70,8.348,True
32865,70,8.348,True
32866,70,8.348,True
32867,70,8.348,True
32868,70,8.348,True
32869,70,8.348,True
32870,72,5.285,True
32871,73,5.285,True
32872,73,5.285,True
32873,73,5.285,True
32874,73,5.285,True
32875,73,5.285,True
32876,73,5.285,True
32877,72,5.285,True
32878,68,9.363,True
32879,71,6.271,True
32880,70,8.02,True
32881,72,8.02,True
32882,68,8.02,True
32883,68,8.02,True
32884,67,9.675,True
32885,70,9.675,True
32886,66,9.675,True
32887,66,9.675,True
32888,67,9.363,True
32889,66,9.363,True
32890,67,9.905,True
32891,67,9.905,True
32892,69,9.905,True
32893,71,9.363,True
32894,70,9.363,True
32895,70,9.363,True
32896,70,9.363,True
32897,70,9.363,True
32898,70,9.363,True
32899,69,9.363,True
32900,69,9.363,True
32901,71,9.363,True
32902,71,9.363,True
32903,71,9.363,True
32904,73,9.363,True
32905,73,9.363,True
32906,73,9.363,True
32907,73,9.363,True
32908,73,9.363,True
32909,74,9.363,True
32910,73,9.363,True
32911,73,9.363,True
32912,73,9.363,True
32913,73,9.363,True
32914,73,9.363,True
32915,73,9.363,True
32916,73,9.363,True
32917,72,9.363,True
32918,72,9.363,True
32919,72,9.363,True
32920,72,9.363,True
32921,69,9.363,True
32922,69,9.363,True
32923,68,9.363,True
32924,67,9.363,True
32925,69,6.954,True
32926,69,6.954,True
32927,70,8.267,True
32928,70,8.267,True
32929,69,8.267,True
32930,69,8.267,True
32931,70,8.267,True
32932,70,8.267,True
32933,70,8.267,True
32934,70,8.267,True
32935,69,8.267,True
32936,67,8.267,True
32937,67,8.267,True
32938,67,8.267,True
32939,68,7.985,True
32940,68,7.985,True
32941,69,6.954,True
32942,69,6.954,True
32943,71,7.155,True
32944,72,7.155,True
32945,72,7.155,True
32946,67,9.363,True
32947,67,9.363,True
32948,65,9.363,True
32949,65,9.363,True
32950,65,9.363,True
32951,65,9.363,True
32952,67,9.363,True
32953,67,9.363,True
32954,68,9.883,True
32955,68,9.883,True
32956,66,9.883,True
32957,66,9.883,True
32958,66,9.883,True
32959,65,9.883,True
32960,66,9.883,True
32961,66,9.883,True
32962,65,9.883,True
32963,65,9.883,True
32964,65,9.883,True
32965,62,9.363,True
32966,63,9.363,True
32967,63,9.363,True
32968,63,9.363,True
32969,63,9.363,True
32970,63,9.363,True
32971,63,9.363,True
32972,62,9.363,True
32973,62,9.363,True
32974,61,9.363,True
32975,62,9.363,True
32976,63,9.363,True
32977,63,9.363,True
32978,64,7.155,True
32979,64,7.155,True
32980,64,7.155,True
32981,64,7.155,True
32982,64,6.882,True
32983,65,8.206,True
32984,64,9.363,True
32985,67,8.206,True
32986,67,8.206,True
32987,70,8.206,True
32988,70,8.206,True
32989,70,8.206,True
32990,71,8.206,True
32991,71,8.206,True
32992,71,8.206,True
32993,71,8.206,True
32994,71,8.206,True
32995,71,8.206,True
32996,71,8.206,True
32997,69,8.206,True
32998,69,8.206,True
32999,67,8.206,True
33000,69,8.784,True
33001,69,8.784,True
33002,69,8.784,True
33003,69,8.784,True
33004,67,8.836,True
33005,67,8.836,True
33006,67,8.836,True
33007,67,8.836,True
33008,67,8.836,True
33009,65,9.601,True
33010,65,9.601,True
33011,63,9.601,True
33012,63,9.601,True
33013,63,9.601,True
33014,63,9.601,True
33015,62,9.601,True
33016,62,9.601,True
33017,62,9.601,True
33018,61,9.601,True
33019,63,7.038,True
33020,63,7.038,True
33021,65,9.939,True
33022,69,9.939,True
33023,67,9.939,True
33024,67,9.939,True
33025,71,9.939,True
33026,70,9.939,True
33027,70,9.939,True
33028,67,9.939,True
33029,67,9.939,True
33030,67,9.939,True
33031,67,9.939,True
33032,67,9.92,True
33033,67,9.92,True
33034,65,9.92,True
33035,64,7.038,True
33036,64,7.038,True
33037,64,7.038,True
33038,66,7.038,True
33039,64,7.038,True
33040,64,7.038,True
33041,66,7.3,True
33042,63,7.267,True
33043,63,7.267,True
33044,63,7.267,True
33045,63,7.267,True
33046,63,7.267,True
33047,63,7.267,True
33048,63,7.267,True
33049,63,7.267,True
33050,63,7.267,True
33051,61,7.038,True
33052,61,7.038,True
33053,63,7.038,True
33054,63,7.038,True
33055,63,7.038,True
33056,63,7.038,True
33057,65,7.038,True
33058,65,7.038,True
33059,65,7.038,True
33060,68,8.78,True
33061,67,9.601,True
33062,68,9.601,True
33063,65,9.748,True
33064,65,9.748,True
33065,64,9.601,True
33066,65,9.748,True
33067,65,9.748,True
33068,64,9.92,True
33069,64,9.92,True
33070,61,9.748,True
33071,61,9.748,True
33072,61,9.748,True
33073,61,9.748,True
33074,61,9.748,True
33075,61,9.748,True
33076,61,9.748,True
33077,61,9.748,True
33078,61,9.748,True
33079,61,9.748,True
33080,61,9.748,True
33081,67,9.601,True
33082,67,9.601,True
33083,69,9.601,True
33084,70,9.601,True
33085,70,8.2,True
33086,69,8.2,True
33087,68,6.973,True
33088,68,6.973,True
33089,66,9.394,True
33090,68,9.522,True
33091,68,9.522,True
33092,71,9.522,True
33093,72,9.522,True
33094,72,9.522,True
33095,70,9.22,True
33096,69,8.989,True
33097,66,9.601,True
33098,66,9.601,True
33099,66,9.601,True
33100,66,9.601,True
33101,69,9.601,True
33102,69,9.601,True
33103,67,9.601,True
33104,68,8.744,True
33105,68,8.744,True
33106,71,7.038,True
33107,71,7.038,True
33108,67,9.601,True
33109,66,9.601,True
33110,66,9.601,True
33111,69,9.601,True
33112,69,9.601,True
33113,70,9.601,True
33114,70,9.601,True
33115,70,9.601,True
33116,71,9.601,True
33117,72,9.601,True
33118,71,9.635,True
33119,68,9.635,True
33120,68,9.635,True
33121,68,9.635,True
33122,68,9.635,True
33123,67,9.635,True
33124,67,9.635,True
33125,67,9.635,True
33126,67,9.635,True
33127,67,9.635,True
33128,67,9.635,True
33129,70,9.635,True
33130,70,9.635,True
33131,70,9.635,True
33132,70,9.635,True
33133,70,9.635,True
33134,70,9.635,True
33135,70,9.635,True
33136,70,9.635,True
33137,69,9.368,True
33138,69,9.157,True
33139,69,9.157,True
33140,71,9.157,True
33141,71,9.157,True
33142,70,9.157,True
33143,67,9.157,True
33144,68,9.157,True
33145,68,9.368,True
33146,66,9.368,True
33147,68,9.382,True
33148,69,9.382,True
33149,69,9.382,True
33150,69,9.382,True
33151,69,9.382,True
33152,69,9.382,True
33153,67,9.368,True
33154,67,9.368,True
33155,68,9.368,True
33156,69,9.368,True
33157,66,9.368,True
33158,66,9.368,True
33159,66,9.368,True
33160,66,9.368,True
33161,70,9.368,True
33162,70,9.368,True
33163,71,9.368,True
33164,68,8.623,True
33165,68,8.623,True
33166,68,8.623,True
33167,65,8.623,True
33168,66,9.625,True
33169,69,9.625,True
33170,68,9.19,True
33171,68,9.19,True
33172,68,9.19,True
33173,68,9.19,True
33174,70,9.19,True
33175,66,9.897,True
33176,73,8.141,True
33177,73,8.141,True
33178,68,7.806,True
33179,65,7.806,True
33180,65,7.806,True
33181,69,9.329,True
33182,69,9.329,True
33183,69,9.329,True
33184,69,9.329,True
33185,70,9.329,True
33186,71,9.329,True
33187,71,9.329,True
33188,71,9.329,True
33189,72,9.329,True
33190,70,9.329,True
33191,70,9.329,True
33192,70,9.329,True
33193,70,9.329,True
33194,70,9.329,True
33195,70,9.329,True
33196,70,9.329,True
33197,70,5.582,True
33198,70,5.582,True
33199,65,7.403,True
33200,65,7.403,True
33201,65,7.403,True
33202,67,9.838,True
33203,67,9.838,True
33204,68,9.838,True
33205,68,9.838,True
33206,68,9.838,True
33207,68,9.838,True
33208,68,9.838,True
33209,67,9.838,True
33210,69,9.838,True
33211,69,9.838,True
33212,69,9.838,True
33213,69,9.838,True
33214,69,9.838,True
33215,70,9.838,True
33216,70,9.838,True
33217,70,9.838,True
33218,70,9.838,True
33219,70,9.838,True
33220,70,6.037,True
33221,69,6.037,True
33222,69,6.037,True
33223,70,9.596,True
33224,70,6.985,True
33225,70,6.985,True
33226,70,6.985,True
33227,70,7.244,True
33228,71,5.537,True
33229,73,6.122,True
33230,73,6.122,True
33231,71,7.031,True
33232,72,6.122,True
33233,72,6.122,True
33234,71,7.031,True
33235,72,7.031,True
33236,72,7.031,True
33237,72,7.031,True
33238,72,7.031,True
33239,72,7.031,True
33240,72,7.031,True
33241,72,7.031,True
33242,69,7.267,True
33243,70,7.267,True
33244,70,7.267,True
33245,73,7.267,True
33246,73,7.806,True
33247,73,7.806,True
33248,75,9.096,True
33249,75,9.096,True
33250,72,9.096,True
33251,69,9.096,True
33252,67,7.806,True
33253,66,9.528,True
33254,66,7.777,True
33255,66,7.777,True
33256,70,7.777,True
33257,69,8.317,True
33258,75,8.317,True
33259,75,8.317,True
33260,75,8.317,True
33261,75,8.317,True
33262,77,8.317,True
33263,78,7.572,True
33264,79,7.572,True
33265,75,7.572,True
33266,77,7.572,True
33267,77,7.572,True
33268,77,7.572,True
33269,77,7.572,True
33270,77,6.477,True
33271,77,6.477,True
33272,74,8.07,True
33273,74,8.744,True
33274,74,8.744,True
33275,75,9.099,True
33276,75,9.099,True
33277,75,9.099,True
33278,74,9.099,True
33279,74,9.366,True
33280,72,9.099,True
33281,72,9.099,True
33282,72,9.099,True
33283,71,9.099,True
33284,71,9.099,True
33285,71,9.099,True
33286,71,9.099,True
33287,71,9.099,True
33288,69,9.099,True
33289,70,9.099,True
33290,70,9.099,True
33291,70,9.099,True
33292,68,9.601,True
33293,68,9.601,True
33294,67,9.601,True
33295,70,9.601,True
33296,70,9.601,True
33297,70,9.601,True
33298,70,9.601,True
33299,70,9.601,True
33300,70,9.601,True
33301,71,9.894,True
33302,72,9.894,True
33303,72,9.894,True
33304,72,9.894,True
33305,70,9.894,True
33306,70,9.894,True
33307,70,9.894,True
33308,71,9.894,True
33309,71,9.894,True
33310,69,7.788,True
33311,69,7.788,True
33312,69,7.788,True
33313,70,9.099,True
33314,70,9.099,True
33315,70,9.099,True
33316,68,9.601,True
33317,68,9.601,True
33318,68,9.601,True
33319,72,9.601,True
33320,73,7.788,True
33321,73,7.077,True
33322,75,6.551,True
33323,75,6.551,True
33324,75,6.812,True
33325,76,6.812,True
33326,74,7.077,True
33327,74,7.077,True
33328,73,7.45,True
33329,73,8.771,True
33330,72,8.771,True
33331,71,8.771,True
33332,71,8.771,True
33333,72,8.771,True
33334,70,8.771,True
33335,73,8.727,True
33336,73,8.727,True
33337,73,8.727,True
33338,74,8.727,True
33339,74,9.971,True
33340,72,9.971,True
33341,72,9.971,True
33342,72,9.971,True
33343,72,9.971,True
33344,72,9.971,True
33345,69,9.971,True
33346,69,9.971,True
33347,68,9.971,True
33348,71,9.971,True
33349,71,9.971,True
33350,72,9.971,True
33351,72,9.971,True
33352,72,9.971,True
33353,72,9.635,True
33354,69,9.635,True
33355,69,9.338,True
33356,69,9.338,True
33357,66,6.812,True
33358,65,6.812,True
33359,66,7.647,True
33360,72,7.647,True
33361,66,7.647,True
33362,65,7.647,True
33363,67,7.806,True
33364,65,7.647,True
33365,66,7.647,True
33366,66,7.647,True
33367,69,7.647,True
33368,70,8.445,True
33369,70,8.445,True
33370,69,7.647,True
33371,73,7.647,True
33372,73,7.642,True
33373,73,7.642,True
33374,74,9.822,True
33375,74,9.822,True
33376,74,9.822,True
33377,74,9.822,True
33378,74,9.822,True
33379,74,9.822,True
33380,74,9.822,True
33381,76,6.592,True
33382,76,6.592,True
33383,79,9.043,True
33384,77,9.822,True
33385,77,9.822,True
33386,73,9.822,True
33387,73,9.822,True
33388,72,9.822,True
33389,72,9.822,True
33390,72,9.822,True
33391,74,9.822,True
33392,72,9.043,True
33393,72,9.043,True
33394,73,9.043,True
33395,72,9.043,True
33396,69,9.043,True
33397,69,9.043,True
33398,69,9.043,True
33399,69,9.043,True
33400,69,9.043,True
33401,69,9.043,True
33402,69,9.043,True
33403,69,9.043,True
33404,69,9.043,True
33405,69,9.043,True
33406,70,9.043,True
33407,70,9.043,True
33408,70,9.043,True
33409,70,9.043,True
33410,71,9.043,True
33411,71,9.043,True
33412,71,9.043,True
33413,71,9.043,True
33414,71,9.043,True
33415,71,9.043,True
33416,71,9.043,True
33417,71,8.477,True
33418,71,7.806,True
33419,71,7.806,True
33420,71,7.806,True
33421,69,9.971,True
33422,69,9.971,True
33423,69,9.971,True
33424,69,9.971,True
33425,71,9.971,True
33426,70,9.971,True
33427,69,9.971,True
33428,72,9.971,True
33429,70,9.971,True
33430,70,9.971,True
33431,69,9.971,True
33432,69,9.971,True
33433,69,9.971,True
33434,70,9.971,True
33435,70,9.971,True
33436,72,9.367,True
33437,72,9.367,True
33438,72,9.367,True
33439,71,9.367,True
33440,71,9.367,True
33441,71,9.367,True
33442,71,9.367,True
33443,70,8.493,True
33444,72,8.493,True
33445,72,8.493,True
33446,70,8.493,True
33447,73,8.493,True
33448,73,8.493,True
33449,73,8.493,True
33450,71,9.59,True
33451,69,9.59,True
33452,69,8.02,True
33453,69,8.02,True
33454,72,8.02,True
33455,74,9.277,True
33456,74,9.277,True
33457,74,9.277,True
33458,75,7.704,True
33459,75,7.704,True
33460,75,8.376,True
33461,76,7.704,True
33462,75,7.704,True
33463,71,7.999,True
33464,71,7.999,True
33465,68,8.696,True
33466,68,8.696,True
33467,68,8.696,True
33468,68,8.696,True
33469,68,8.696,True
33470,66,8.696,True
33471,66,8.696,True
33472,66,8.696,True
33473,64,8.696,True
33474,64,8.696,True
33475,64,8.696,True
33476,63,8.696,True
33477,63,8.696,True
33478,63,8.696,True
33479,65,9.635,True
33480,65,9.635,True
33481,65,9.635,True
33482,66,9.635,True
33483,66,9.635,True
33484,66,9.635,True
33485,66,9.635,True
33486,67,9.635,True
33487,67,9.635,True
33488,67,9.635,True
33489,67,9.635,True
33490,67,9.635,True
33491,70,9.635,True
33492,70,9.635,True
33493,69,9.635,True
33494,68,9.635,True
33495,68,9.635,True
33496,68,9.635,True
33497,68,9.635,True
33498,68,9.635,True
33499,70,9.635,True
33500,73,9.606,True
33501,73,9.606,True
33502,73,9.606,True
33503,73,9.606,True
33504,73,9.606,True
33505,74,9.606,True
33506,74,9.606,True
33507,74,9.606,True
33508,74,9.606,True
33509,73,9.606,True
33510,70,9.635,True
33511,70,9.635,True
33512,70,9.635,True
33513,70,9.635,True
33514,70,9.635,True
33515,70,9.635,True
33516,71,9.635,True
33517,69,9.635,True
33518,69,9.635,True
33519,69,9.635,True
33520,69,9.635,True
33521,69,9.635,True
33522,69,9.635,True
33523,69,9.635,True
33524,69,9.635,True
33525,75,9.864,True
33526,74,9.864,True
33527,74,9.864,True
33528,67,9.897,True
33529,67,9.897,True
33530,67,9.897,True
33531,68,9.635,True
33532,71,8.397,True
33533,74,8.397,True
33534,72,8.397,True
33535,72,8.397,True
33536,74,8.397,True
33537,77,7.34,True
33538,74,7.34,True
33539,74,7.34,True
33540,79,7.34,True
33541,78,7.34,True
33542,78,7.34,True
33543,74,8.397,True
33544,71,8.397,True
33545,68,9.635,True
33546,68,9.635,True
33547,69,9.635,True
33548,69,9.635,True
33549,69,9.635,True
33550,69,9.635,True
33551,69,9.635,True
33552,69,9.635,True
33553,69,9.635,True
33554,69,9.635,True
33555,69,9.635,True
33556,69,9.987,True
33557,74,9.987,True
33558,74,9.987,True
33559,72,9.987,True
33560,75,9.987,True
33561,74,9.987,True
33562,72,7.806,True
33563,72,7.806,True
33564,71,9.665,True
33565,71,9.665,True
33566,72,7.34,True
33567,72,7.34,True
33568,74,7.34,True
33569,74,9.127,True
33570,73,9.127,True
33571,71,9.127,True
33572,71,9.127,True
33573,69,8.225,True
33574,66,8.225,True
33575,66,6.683,True
33576,66,6.737,True
33577,66,6.737,True
33578,66,6.737,True
33579,64,9.965,True
33580,67,8.954,True
33581,67,8.954,True
33582,67,8.954,True
33583,69,8.954,True
33584,70,8.954,True
33585,70,8.954,True
33586,72,8.954,True
33587,70,9.905,True
33588,73,9.905,True
33589,75,9.905,True
33590,77,9.905,True
33591,77,9.905,True
33592,76,9.905,True
33593,76,8.02,True
33594,73,8.02,True
33595,74,6.04,True
33596,74,9.127,True
33597,72,9.541,True
33598,72,9.541,True
33599,70,9.541,True
33600,71,9.541,True
33601,69,7.147,True
33602,71,7.147,True
33603,75,8.252,True
33604,75,8.252,True
33605,71,7.147,True
33606,71,7.147,True
33607,71,7.147,True
33608,69,7.147,True
33609,68,9.073,True
33610,68,9.073,True
33611,68,9.073,True
33612,68,9.073,True
33613,70,9.073,True
33614,70,9.073,True
33615,68,9.073,True
33616,68,9.073,True
33617,68,8.819,True
33618,68,8.819,True
33619,68,8.819,True
33620,68,8.819,True
33621,68,8.819,True
33622,68,8.819,True
33623,68,8.819,True
33624,68,8.819,True
33625,68,8.819,True
33626,69,8.397,True
33627,69,8.397,True
33628,69,8.397,True
33629,69,8.397,True
33630,69,8.397,True
33631,67,9.596,True
33632,67,9.596,True
33633,70,9.596,True
33634,70,9.596,True
33635,70,9.596,True
33636,70,9.596,True
33637,70,9.596,True
33638,68,9.596,True
33639,70,9.886,True
33640,75,9.596,True
33641,75,9.596,True
33642,75,9.596,True
33643,70,9.596,True
33644,67,9.596,True
33645,66,9.596,True
33646,66,9.596,True
33647,66,9.596,True
33648,66,9.596,True
33649,66,9.596,True
33650,66,9.596,True
33651,70,9.596,True
33652,66,9.596,True
33653,66,9.596,True
33654,65,9.596,True
33655,66,7.647,True
33656,66,7.647,True
33657,65,9.596,True
33658,66,8.954,True
33659,66,8.954,True
33660,69,8.954,True
33661,68,8.954,True
33662,70,9.284,True
33663,70,9.284,True
33664,70,9.284,True
33665,68,8.954,True
33666,68,8.954,True
33667,68,8.954,True
33668,68,8.954,True
33669,68,8.954,True
33670,68,8.954,True
33671,68,8.954,True
33672,68,8.954,True
33673,67,8.954,True
33674,67,8.954,True
33675,66,8.954,True
33676,64,8.954,True
33677,64,8.954,True
33678,65,8.991,True
33679,66,8.991,True
33680,66,8.954,True
33681,66,8.954,True
33682,68,8.954,True
33683,66,8.954,True
33684,66,8.954,True
33685,66,8.954,True
33686,66,8.954,True
33687,66,8.954,True
33688,67,8.861,True
33689,67,8.225,True
33690,69,8.173,True
33691,68,7.839,True
33692,70,7.839,True
33693,69,7.839,True
33694,68,9.596,True
33695,68,9.596,True
33696,68,9.596,True
33697,69,7.839,True
33698,69,7.561,True
33699,71,7.561,True
33700,71,7.561,True
33701,71,7.688,True
33702,71,7.688,True
33703,70,7.916,True
33704,70,7.916,True
33705,70,8.697,True
33706,70,8.697,True
33707,70,8.697,True
33708,70,8.697,True
33709,70,8.697,True
33710,70,8.697,True
33711,69,8.697,True
33712,69,8.697,True
33713,67,8.697,True
33714,67,8.697,True
33715,67,8.697,True
33716,67,7.916,True
33717,67,7.916,True
33718,71,7.916,True
33719,72,7.561,True
33720,71,8.861,True
33721,71,8.861,True
33722,72,8.991,True
33723,72,8.991,True
33724,74,8.991,True
33725,72,8.991,True
33726,72,8.991,True
33727,72,8.991,True
33728,72,8.991,True
33729,72,7.916,True
33730,72,7.916,True
33731,72,7.916,True
33732,72,7.916,True
33733,73,7.916,True
33734,73,7.916,True
33735,73,7.916,True
33736,76,7.036,True
33737,76,7.036,True
33738,75,7.036,True
33739,75,7.036,True
33740,75,7.459,True
33741,75,7.459,True
33742,75,7.459,True
33743,75,7.459,True
33744,75,7.459,True
33745,74,7.459,True
33746,73,7.459,True
33747,71,9.273,True
33748,70,7.459,True
33749,70,7.459,True
33750,70,7.459,True
33751,72,7.036,True
33752,69,7.036,True
33753,70,7.036,True
33754,70,7.036,True
33755,70,7.036,True
33756,71,8.994,True
33757,71,8.994,True
33758,71,8.994,True
33759,71,8.994,True
33760,71,8.994,True
33761,71,8.994,True
33762,71,8.994,True
33763,74,8.994,True
33764,69,8.994,True
33765,71,8.994,True
33766,71,8.994,True
33767,69,8.673,True
33768,69,8.673,True
33769,70,8.673,True
33770,71,8.673,True
33771,73,8.673,True
33772,73,8.673,True
33773,76,8.673,True
33774,73,8.673,True
33775,72,8.673,True
33776,70,8.673,True
33777,69,8.673,True
33778,69,7.45,True
33779,69,7.45,True
33780,68,7.45,True
33781,68,7.45,True
33782,68,7.45,True
33783,68,7.45,True
33784,69,9.342,True
33785,69,9.342,True
33786,69,9.342,True
33787,69,9.342,True
33788,69,9.342,True
33789,69,9.342,True
33790,69,9.342,True
33791,68,6.739,True
33792,68,6.739,True
33793,68,7.414,True
33794,68,7.414,True
33795,67,9.348,True
33796,67,9.348,True
33797,68,9.64,True
33798,68,9.64,True
33799,68,9.64,True
33800,71,9.64,True
33801,71,9.64,True
33802,71,9.64,True
33803,71,9.64,True
33804,71,9.64,True
33805,71,9.64,True
33806,70,6.379,True
33807,70,6.379,True
33808,73,8.03,True
33809,73,8.03,True
33810,73,6.379,True
33811,71,8.119,True
33812,71,8.119,True
33813,71,8.119,True
33814,72,9.348,True
33815,72,9.348,True
33816,72,9.348,True
33817,72,9.348,True
33818,76,9.348,True
33819,74,9.348,True
33820,76,9.348,True
33821,72,9.348,True
33822,71,6.718,True
33823,71,7.205,True
33824,71,7.205,True
33825,71,6.718,True
33826,71,6.718,True
33827,71,6.718,True
33828,70,6.718,True
33829,70,6.718,True
33830,70,6.718,True
33831,71,6.718,True
33832,72,6.718,True
33833,69,5.757,True
33834,71,8.914,True
33835,71,8.914,True
33836,72,7.891,True
33837,73,8.816,True
33838,73,8.816,True
33839,73,8.816,True
33840,75,8.816,True
33841,73,8.816,True
33842,73,8.816,True
33843,73,8.816,True
33844,75,9.446,True
33845,75,9.446,True
33846,78,9.446,True
33847,81,9.446,True
33848,83,8.504,True
33849,79,8.504,True
33850,79,8.504,True
33851,79,8.504,True
33852,73,9.535,True
33853,73,9.535,True
33854,77,9.056,True
33855,79,8.504,True
33856,77,8.504,True
33857,77,8.954,True
33858,77,8.954,True
33859,78,8.954,True
33860,78,8.954,True
33861,81,8.954,True
33862,77,8.954,True
33863,77,8.954,True
33864,74,8.954,True
33865,73,8.954,True
33866,73,8.954,True
33867,77,8.954,True
33868,68,9.897,True
33869,67,9.897,True
33870,67,9.897,True
33871,67,9.897,True
33872,67,9.897,True
33873,68,9.927,True
33874,68,9.927,True
33875,70,9.927,True
33876,70,9.927,True
33877,70,9.927,True
33878,70,9.927,True
33879,70,9.927,True
33880,70,9.927,True
33881,70,9.927,True
33882,68,9.927,True
33883,71,9.927,True
33884,71,9.927,True
33885,68,9.927,True
33886,65,9.927,True
33887,65,9.927,True
33888,66,9.027,True
33889,66,9.027,True
33890,68,9.027,True
33891,68,9.027,True
33892,68,9.027,True
33893,66,9.314,True
33894,71,9.314,True
33895,70,9.314,True
33896,71,8.096,True
33897,70,9.314,True
33898,65,9.314,True
33899,65,9.314,True
33900,65,9.314,True
33901,66,9.314,True
33902,68,9.314,True
33903,69,9.027,True
33904,68,9.027,True
33905,70,7.806,True
33906,70,9.412,True
33907,70,9.412,True
33908,69,9.951,True
33909,68,9.951,True
33910,68,9.951,True
33911,68,9.951,True
33912,68,9.951,True
33913,68,9.412,True
33914,69,9.412,True
33915,70,8.397,True
33916,70,8.397,True
33917,70,8.397,True
33918,69,9.139,True
33919,67,9.139,True
33920,68,9.412,True
33921,67,9.139,True
33922,66,9.139,True
33923,66,9.139,True
33924,66,9.139,True
33925,66,9.139,True
33926,69,9.139,True
33927,69,4.724,True
33928,69,9.314,True
33929,67,9.314,True
33930,70,9.314,True
33931,72,9.314,True
33932,73,8.826,True
33933,71,8.826,True
33934,72,7.812,True
33935,72,7.812,True
33936,72,7.812,True
33937,72,7.812,True
33938,72,7.812,True
33939,71,9.127,True
33940,71,9.127,True
33941,70,9.127,True
33942,76,9.127,True
33943,76,9.127,True
33944,73,6.869,True
33945,73,6.869,True
33946,72,6.869,True
33947,72,6.869,True
33948,73,6.869,True
33949,74,9.47,True
33950,74,9.47,True
33951,71,6.869,True
33952,74,9.798,True
33953,74,9.798,True
33954,73,9.798,True
33955,73,9.798,True
33956,67,9.798,True
33957,69,9.798,True
33958,69,9.798,True
33959,68,9.798,True
33960,68,9.798,True
33961,66,9.798,True
33962,69,9.798,True
33963,68,9.965,True
33964,68,9.965,True
33965,68,9.965,True
33966,68,9.965,True
33967,67,9.965,True
33968,67,9.965,True
33969,67,9.965,True
33970,68,8.954,True
33971,67,9.965,True
33972,68,9.965,True
33973,72,9.965,True
33974,72,8.684,True
33975,72,9.965,True
33976,73,8.684,True
33977,73,8.684,True
33978,69,8.954,True
33979,68,9.725,True
33980,69,8.954,True
33981,69,8.954,True
33982,69,8.954,True
33983,69,8.954,True
33984,69,8.954,True
33985,70,8.624,True
33986,70,8.624,True
33987,72,8.624,True
33988,70,8.624,True
33989,69,8.624,True
33990,69,8.624,True
33991,69,8.624,True
33992,71,8.624,True
33993,69,8.624,True
33994,71,9.298,True
33995,73,9.298,True
33996,73,9.298,True
33997,70,9.298,True
33998,70,9.298,True
33999,70,9.298,True
34000,70,9.298,True
34001,70,9.298,True
34002,70,9.298,True
34003,70,9.298,True
34004,70,9.298,True
34005,70,9.298,True
34006,68,9.298,True
34007,68,9.298,True
34008,68,9.298,True
34009,68,9.298,True
34010,69,9.298,True
34011,69,9.298,True
34012,69,9.298,True
34013,69,9.298,True
34014,69,9.298,True
34015,69,9.298,True
34016,69,9.298,True
34017,69,9.298,True
34018,67,9.376,True
34019,69,9.376,True
34020,68,9.297,True
34021,68,8.744,True
34022,68,8.744,True
34023,70,8.744,True
34024,70,8.744,True
34025,76,9.266,True
34026,76,9.266,True
34027,76,9.266,True
34028,69,9.601,True
34029,69,9.601,True
34030,69,9.601,True
34031,69,9.601,True
34032,67,9.004,True
34033,68,9.004,True
34034,68,9.004,True
34035,67,9.004,True
34036,71,9.004,True
34037,71,9.004,True
34038,71,9.004,True
34039,71,9.004,True
34040,71,9.004,True
34041,70,9.004,True
34042,70,9.004,True
34043,70,9.004,True
34044,72,9.004,True
34045,73,9.004,True
34046,72,9.004,True
34047,72,9.004,True
34048,72,9.004,True
34049,72,9.004,True
34050,71,9.004,True
34051,71,9.004,True
34052,71,9.004,True
34053,71,9.004,True
34054,71,9.004,True
34055,73,9.798,True
34056,73,9.798,True
34057,73,9.798,True
34058,73,9.798,True
34059,73,9.798,True
34060,74,9.798,True
34061,75,9.798,True
34062,73,9.798,True
34063,73,9.798,True
34064,71,9.798,True
34065,72,9.798,True
34066,72,9.798,True
34067,71,9.798,True
34068,71,8.802,True
34069,71,8.694,True
34070,71,8.694,True
34071,67,8.694,True
34072,67,8.694,True
34073,69,8.694,True
34074,69,8.694,True
34075,72,8.694,True
34076,71,8.694,True
34077,71,8.694,True
34078,71,8.694,True
34079,71,8.694,True
34080,69,8.694,True
34081,69,8.694,True
34082,69,8.694,True
34083,69,8.694,True
34084,69,7.267,True
34085,69,7.7,True
34086,67,7.7,True
34087,70,7.7,True
34088,72,7.7,True
34089,72,7.7,True
34090,72,7.7,True
34091,71,7.267,True
34092,71,7.267,True
34093,71,7.267,True
34094,69,7.267,True
34095,69,8.697,True
34096,65,7.713,True
34097,65,7.713,True
34098,68,7.713,True
34099,68,7.713,True
34100,68,7.713,True
34101,67,9.59,True
34102,65,7.713,True
34103,65,7.713,True
34104,65,7.713,True
34105,66,7.806,True
34106,69,7.806,True
34107,69,7.806,True
34108,68,7.806,True
34109,69,7.806,True
34110,69,7.806,True
34111,71,7.806,True
34112,72,7.806,True
34113,72,7.806,True
34114,72,7.806,True
34115,71,7.806,True
34116,72,7.806,True
34117,72,7.806,True
34118,72,7.267,True
34119,69,7.267,True
34120,69,7.267,True
34121,66,8.24,True
34122,66,8.24,True
34123,66,7.36,True
34124,66,7.36,True
34125,64,7.267,True
34126,63,8.848,True
34127,63,8.848,True
34128,63,8.848,True
34129,63,8.848,True
34130,66,6.947,True
34131,65,6.947,True
34132,67,6.902,True
34133,68,5.921,True
34134,67,9.78,True
34135,70,5.921,True
34136,71,5.921,True
34137,68,6.871,True
34138,67,6.871,True
34139,68,9.745,True
34140,68,9.745,True
34141,68,9.745,True
34142,68,9.745,True
34143,68,9.745,True
34144,68,9.745,True
34145,66,9.745,True
34146,66,9.745,True
34147,65,9.745,True
34148,63,9.745,True
34149,63,9.745,True
34150,63,9.745,True
34151,63,9.745,True
34152,63,9.745,True
34153,70,9.745,True
34154,70,9.745,True
34155,71,9.745,True
34156,72,9.745,True
34157,72,9.745,True
34158,69,9.745,True
34159,69,9.745,True
34160,70,9.745,True
34161,69,9.745,True
34162,69,9.745,True
34163,68,9.745,True
34164,69,9.745,True
34165,68,9.745,True
34166,68,9.745,True
34167,68,9.745,True
34168,69,9.745,True
34169,70,9.745,True
34170,70,9.745,True
34171,70,9.745,True
34172,70,9.745,True
34173,70,9.745,True
34174,70,9.745,True
34175,70,9.745,True
34176,70,9.745,True
34177,68,9.745,True
34178,68,9.745,True
34179,69,9.745,True
34180,69,9.745,True
34181,69,8.944,True
34182,69,8.944,True
34183,69,8.944,True
34184,70,8.944,True
34185,70,8.944,True
34186,69,8.944,True
34187,69,8.944,True
34188,69,8.944,True
34189,69,8.944,True
34190,70,8.944,True
34191,70,8.944,True
34192,69,6.609,True
34193,72,6.189,True
34194,72,6.189,True
34195,71,9.099,True
34196,71,9.099,True
34197,72,9.099,True
34198,72,9.099,True
34199,71,9.099,True
34200,70,9.601,True
34201,69,9.601,True
34202,69,9.601,True
34203,67,9.601,True
34204,70,9.601,True
34205,70,9.601,True
34206,70,9.601,True
34207,70,9.601,True
34208,71,9.601,True
34209,72,9.601,True
34210,71,9.601,True
34211,71,9.601,True
34212,70,9.601,True
34213,70,9.601,True
34214,70,9.601,True
34215,68,9.601,True
34216,68,9.601,True
34217,68,9.601,True
34218,68,8.819,True
34219,68,8.819,True
34220,68,8.819,True
34221,68,8.819,True
34222,68,8.819,True
34223,68,8.819,True
34224,68,8.819,True
34225,69,8.819,True
34226,70,8.819,True
34227,69,8.819,True
34228,69,8.819,True
34229,69,8.819,True
34230,68,8.819,True
34231,68,8.819,True
34232,68,8.819,True
34233,67,8.819,True
34234,67,8.819,True
34235,69,8.141,True
34236,69,8.141,True
34237,69,8.141,True
34238,69,8.141,True
34239,69,8.141,True
34240,71,8.141,True
34241,73,8.141,True
34242,73,8.141,True
34243,73,9.367,True
34244,73,9.367,True
34245,76,9.367,True
34246,76,9.367,True
34247,74,9.367,True
34248,74,9.367,True
34249,76,9.367,True
34250,76,9.367,True
34251,75,9.367,True
34252,72,8.819,True
34253,72,8.819,True
34254,72,9.743,True
34255,72,9.743,True
34256,72,9.743,True
34257,72,9.743,True
34258,72,9.743,True
34259,72,9.743,True
34260,72,9.743,True
34261,74,9.131,True
34262,72,9.743,True
34263,72,9.743,True
34264,74,9.131,True
34265,74,9.131,True
34266,74,9.131,True
34267,75,9.131,True
34268,75,9.131,True
34269,73,9.685,True
34270,73,9.685,True
34271,73,9.685,True
34272,73,9.685,True
34273,73,9.685,True
34274,73,9.685,True
34275,73,9.685,True
34276,73,9.685,True
34277,75,9.685,True
34278,77,9.685,True
34279,79,8.819,True
34280,77,8.819,True
34281,74,8.819,True
34282,77,8.819,True
34283,75,8.819,True
34284,75,8.819,True
34285,76,6.799,True
34286,76,6.799,True
34287,76,6.799,True
34288,76,8.788,True
34289,75,8.788,True
34290,70,8.788,True
34291,70,8.788,True
34292,70,8.788,True
34293,69,8.781,True
34294,66,8.781,True
34295,66,8.781,True
34296,67,9.2,True
34297,67,9.2,True
34298,68,6.609,True
34299,68,6.609,True
34300,71,6.609,True
34301,67,6.876,True
34302,67,6.876,True
34303,69,9.596,True
34304,69,9.596,True
34305,69,9.596,True
34306,70,9.596,True
34307,70,9.596,True
34308,70,9.672,True
34309,70,9.672,True
34310,70,9.672,True
34311,70,9.672,True
34312,70,9.672,True
34313,68,9.672,True
34314,68,9.672,True
34315,68,9.672,True
34316,67,6.609,True
34317,67,6.609,True
34318,67,6.949,True
34319,70,8.455,True
34320,70,8.455,True
34321,70,8.455,True
34322,70,8.455,True
34323,70,8.455,True
34324,70,8.455,True
34325,67,6.949,True
34326,69,9.956,True
34327,71,9.956,True
34328,71,9.956,True
34329,71,9.956,True
34330,72,9.956,True
34331,72,9.956,True
34332,72,9.956,True
34333,72,9.348,True
34334,70,9.348,True
34335,70,9.279,True
34336,70,9.279,True
34337,69,8.147,True
34338,68,9.14,True
34339,66,9.14,True
34340,66,9.14,True
34341,70,8.725,True
34342,70,8.725,True
34343,70,8.725,True
34344,70,8.725,True
34345,70,8.725,True
34346,70,8.725,True
34347,70,8.725,True
34348,72,8.725,True
34349,73,8.29,True
34350,73,8.29,True
34351,74,9.917,True
34352,74,9.917,True
34353,74,9.917,True
34354,74,9.917,True
34355,74,9.917,True
34356,74,9.917,True
34357,74,9.917,True
34358,72,9.917,True
34359,70,8.747,True
34360,68,9.811,True
34361,69,9.811,True
34362,68,9.811,True
34363,70,8.944,True
34364,70,8.944,True
34365,70,8.944,True
34366,70,8.944,True
34367,72,6.259,True
34368,69,6.259,True
34369,69,4.014,True
34370,69,4.014,True
34371,69,4.014,True
34372,69,4.014,True
34373,69,4.014,True
34374,71,7.52,True
34375,71,7.52,True
34376,70,8.16,True
34377,72,8.16,True
34378,74,8.16,True
34379,72,9.003,True
34380,73,9.003,True
34381,72,9.003,True
34382,72,9.003,True
34383,72,9.003,True
34384,73,9.003,True
34385,75,9.003,True
34386,74,8.16,True
34387,74,8.16,True
34388,74,8.16,True
34389,75,8.16,True
34390,75,8.16,True
34391,75,8.16,True
34392,73,8.16,True
34393,73,9.003,True
34394,74,9.003,True
34395,73,9.164,True
34396,73,9.164,True
34397,72,9.164,True
34398,72,9.003,True
34399,72,9.003,True
34400,72,9.003,True
34401,70,9.003,True
34402,69,9.601,True
34403,69,9.601,True
34404,71,9.601,True
34405,71,9.601,True
34406,71,9.601,True
34407,73,9.601,True
34408,74,6.524,True
34409,72,8.154,True
34410,74,8.154,True
34411,74,8.154,True
34412,73,8.924,True
34413,70,8.924,True
34414,73,8.924,True
34415,73,8.924,True
34416,70,8.924,True
34417,70,8.924,True
34418,70,8.924,True
34419,70,8.924,True
34420,70,8.924,True
34421,70,8.154,True
34422,70,8.924,True
34423,71,8.924,True
34424,71,8.924,True
34425,71,7.314,True
34426,71,8.924,True
34427,70,8.924,True
34428,72,9.53,True
34429,72,9.53,True
34430,72,9.53,True
34431,73,9.53,True
34432,70,9.367,True
34433,70,9.367,True
34434,73,9.367,True
34435,73,9.413,True
34436,73,9.413,True
34437,73,9.413,True
34438,74,9.413,True
34439,74,9.413,True
34440,74,9.413,True
34441,76,9.413,True
34442,76,9.413,True
34443,76,9.413,True
34444,76,9.413,True
34445,76,9.413,True
34446,75,9.413,True
34447,75,9.413,True
34448,75,9.367,True
34449,75,9.367,True
34450,78,9.367,True
34451,75,9.367,True
34452,75,9.367,True
34453,75,9.367,True
34454,75,9.367,True
34455,73,9.367,True
34456,73,9.367,True
34457,74,9.367,True
34458,74,9.367,True
34459,74,9.367,True
34460,71,7.999,True
34461,71,7.999,True
34462,71,7.999,True
34463,71,7.999,True
34464,71,7.999,True
34465,74,9.367,True
34466,75,9.796,True
34467,75,9.796,True
34468,72,7.999,True
34469,72,9.413,True
34470,72,9.413,True
34471,69,9.413,True
34472,69,7.999,True
34473,69,7.999,True
34474,70,7.999,True
34475,70,7.999,True
34476,69,7.999,True
34477,70,7.999,True
34478,70,7.999,True
34479,70,7.999,True
34480,69,7.999,True
34481,69,7.999,True
34482,69,7.999,True
34483,67,7.999,True
34484,69,9.174,True
34485,69,9.174,True
34486,69,7.999,True
34487,69,7.999,True
34488,69,9.174,True
34489,69,9.174,True
34490,69,9.174,True
34491,69,9.174,True
34492,69,9.174,True
34493,69,9.174,True
34494,67,9.174,True
34495,67,9.174,True
34496,67,9.174,True
34497,67,9.174,True
34498,67,9.174,True
34499,67,9.174,True
34500,67,9.174,True
34501,66,8.696,True
34502,66,8.696,True
34503,69,8.696,True
34504,69,8.696,True
34505,69,8.696,True
34506,69,8.696,True
34507,70,9.223,True
34508,70,9.223,True
34509,68,8.696,True
34510,70,7.999,True
34511,70,7.999,True
34512,70,7.999,True
34513,70,7.999,True
34514,71,7.999,True
34515,71,7.999,True
34516,70,7.999,True
34517,70,7.999,True
34518,70,7.999,True
34519,70,8.43,True
34520,73,6.609,True
34521,72,9.223,True
34522,71,9.541,True
34523,71,9.541,True
34524,71,9.541,True
34525,71,9.541,True
34526,71,9.541,True
34527,69,9.223,True
34528,69,9.223,True
34529,69,9.223,True
34530,68,9.223,True
34531,68,9.223,True
34532,68,9.223,True
34533,69,9.223,True
34534,69,9.223,True
34535,69,9.223,True
34536,69,9.223,True
34537,69,9.223,True
34538,71,9.223,True
34539,72,9.223,True
34540,71,9.223,True
34541,72,9.223,True
34542,70,9.223,True
34543,71,9.223,True
34544,71,9.693,True
34545,71,9.693,True
34546,71,9.693,True
34547,71,9.693,True
34548,71,9.693,True
34549,71,9.693,True
34550,71,9.693,True
34551,71,9.693,True
34552,71,9.693,True
34553,71,9.693,True
34554,73,9.693,True
34555,73,9.693,True
34556,72,9.223,True
34557,72,9.223,True
34558,72,9.223,True
34559,70,9.223,True
34560,70,8.693,True
34561,70,8.693,True
34562,70,9.223,True
34563,70,9.223,True
34564,72,9.223,True
34565,72,9.223,True
34566,70,9.223,True
34567,70,9.223,True
34568,70,8.693,True
34569,69,8.693,True
34570,70,8.693,True
34571,70,8.693,True
34572,70,8.693,True
34573,70,8.693,True
34574,70,8.693,True
34575,70,8.693,True
34576,70,8.693,True
34577,70,8.693,True
34578,70,8.693,True
34579,69,8.693,True
34580,69,8.693,True
34581,69,8.693,True
34582,69,8.693,True
34583,69,8.693,True
34584,70,9.791,True
34585,70,9.791,True
34586,70,9.791,True
34587,70,9.791,True
34588,72,8.693,True
34589,72,8.693,True
34590,72,8.693,True
34591,72,8.693,True
34592,72,8.693,True
34593,72,8.693,True
34594,70,8.543,True
34595,70,8.543,True
34596,74,8.543,True
34597,74,8.543,True
34598,71,8.543,True
34599,71,8.543,True
34600,71,8.543,True
34601,71,8.543,True
34602,71,8.543,True
34603,71,8.543,True
34604,68,8.543,True
34605,68,8.543,True
34606,70,8.767,True
34607,70,8.767,True
34608,73,8.43,True
34609,73,8.43,True
34610,73,8.43,True
34611,73,8.43,True
34612,73,8.43,True
34613,73,8.43,True
34614,74,9.693,True
34615,73,9.693,True
34616,74,9.693,True
34617,74,9.693,True
34618,74,9.693,True
34619,74,9.693,True
34620,74,9.693,True
34621,74,9.693,True
34622,76,9.693,True
34623,74,9.693,True
34624,77,9.693,True
34625,76,9.796,True
34626,76,9.796,True
34627,76,9.796,True
34628,76,9.796,True
34629,76,9.796,True
34630,76,9.796,True
34631,77,9.693,True
34632,79,5.406,True
34633,79,5.406,True
34634,78,7.232,True
34635,77,9.796,True
34636,77,9.434,True
34637,77,9.434,True
34638,77,9.434,True
34639,75,9.434,True
34640,76,9.618,True
34641,74,9.618,True
34642,76,9.106,True
34643,76,9.106,True
34644,75,5.406,True
34645,73,5.5,True
34646,72,5.5,True
34647,72,5.5,True
34648,73,5.5,True
34649,73,6.859,True
34650,73,6.859,True
34651,73,6.859,True
34652,71,6.948,True
34653,71,9.114,True
34654,73,7.02,True
34655,73,7.02,True
34656,73,7.02,True
34657,73,7.02,True
34658,71,7.02,True
34659,71,7.02,True
34660,71,7.02,True
34661,71,7.02,True
34662,71,7.02,True
34663,77,8.305,True
34664,77,8.305,True
34665,71,7.02,True
34666,73,8.455,True
34667,73,5.406,True
34668,73,5.406,True
34669,69,9.314,True
34670,72,9.709,True
34671,72,9.709,True
34672,71,9.418,True
34673,67,9.418,True
34674,67,9.418,True
34675,67,9.418,True
34676,67,9.418,True
34677,71,9.822,True
34678,72,9.822,True
34679,70,9.822,True
34680,71,9.822,True
34681,71,9.822,True
34682,74,9.822,True
34683,72,9.822,True
34684,74,9.822,True
34685,74,9.822,True
34686,76,8.561,True
34687,82,8.561,True
34688,82,8.561,True
34689,80,7.036,True
34690,80,7.036,True
34691,80,7.036,True
34692,76,7.036,True
34693,76,7.036,True
34694,75,7.036,True
34695,75,7.036,True
34696,74,6.52,True
34697,74,6.52,True
34698,73,5.167,True
34699,70,6.935,True
34700,70,6.935,True
34701,70,6.935,True
34702,70,6.935,True
34703,73,6.935,True
34704,70,6.935,True
34705,70,6.935,True
34706,70,6.935,True
34707,68,9.935,True
34708,69,6.935,True
34709,71,6.935,True
34710,71,6.935,True
34711,71,5.276,True
34712,71,5.276,True
34713,76,4.116,True
34714,75,6.779,True
34715,70,9.521,True
34716,70,9.521,True
34717,69,9.521,True
34718,69,9.521,True
34719,74,9.758,True
34720,74,9.758,True
34721,74,9.758,True
34722,69,9.521,True
34723,69,9.521,True
34724,69,9.521,True
34725,69,9.521,True
34726,69,9.521,True
34727,67,9.521,True
34728,68,7.481,True
34729,68,9.663,True
34730,68,9.663,True
34731,68,9.663,True
34732,69,9.663,True
34733,69,9.663,True
34734,69,9.663,True
34735,68,9.663,True
34736,68,9.663,True
34737,68,9.663,True
34738,68,9.663,True
34739,68,9.663,True
34740,68,9.663,True
34741,68,9.663,True
34742,68,9.663,True
34743,68,9.663,True
34744,65,9.663,True
34745,65,9.663,True
34746,65,9.663,True
34747,65,9.663,True
34748,73,9.663,True
34749,73,9.663,True
34750,74,9.418,True
34751,81,9.418,True
34752,81,9.418,True
34753,80,9.576,True
34754,80,9.576,True
34755,80,9.576,True
34756,81,9.418,True
34757,81,9.418,True
34758,74,9.418,True
34759,66,9.418,True
34760,66,9.418,True
34761,66,9.418,True
34762,69,9.418,True
34763,70,9.418,True
34764,70,9.418,True
34765,74,9.418,True
34766,74,9.418,True
34767,74,9.418,True
34768,71,9.418,True
34769,67,9.911,True
34770,67,9.911,True
34771,69,9.911,True
34772,69,9.911,True
34773,69,9.911,True
34774,69,9.911,True
34775,69,9.911,True
34776,69,9.911,True
34777,67,9.911,True
34778,67,9.418,True
34779,66,9.418,True
34780,66,9.418,True
34781,66,9.418,True
34782,66,9.418,True
34783,66,9.418,True
34784,65,9.418,True
34785,65,9.418,True
34786,65,9.418,True
34787,64,9.418,True
34788,64,9.418,True
34789,64,9.418,True
34790,66,7.351,True
34791,64,9.418,True
34792,64,9.418,True
34793,65,9.418,True
34794,65,9.418,True
34795,65,9.418,True
34796,70,7.351,True
34797,70,7.351,True
34798,70,7.351,True
34799,70,7.351,True
34800,65,9.418,True
34801,68,9.418,True
34802,68,9.418,True
34803,68,9.418,True
34804,66,9.418,True
34805,66,9.418,True
34806,66,9.418,True
34807,66,9.418,True
34808,66,9.418,True
34809,66,9.418,True
34810,65,9.897,True
34811,65,9.897,True
34812,65,9.897,True
34813,65,9.897,True
34814,65,9.897,True
34815,65,9.897,True
34816,65,9.897,True
34817,65,9.897,True
34818,65,9.897,True
34819,65,9.897,True
34820,70,9.897,True
34821,71,9.897,True
34822,71,9.897,True
34823,73,9.897,True
34824,69,9.897,True
34825,66,9.897,True
34826,66,9.897,True
34827,66,9.418,True
34828,66,9.418,True
34829,66,9.418,True
34830,66,9.418,True
34831,66,9.418,True
34832,70,9.418,True
34833,70,9.418,True
34834,70,9.418,True
34835,70,9.675,True
34836,67,9.675,True
34837,65,9.675,True
34838,65,9.675,True
34839,70,9.987,True
34840,65,9.418,True
34841,65,9.418,True
34842,65,9.418,True
34843,65,9.418,True
34844,67,9.748,True
34845,66,9.418,True
34846,63,9.418,True
34847,63,9.418,True
34848,66,9.683,True
34849,66,9.683,True
34850,66,9.683,True
34851,67,9.683,True
34852,68,9.683,True
34853,68,9.683,True
34854,67,9.683,True
34855,68,9.683,True
34856,68,9.683,True
34857,72,9.683,True
34858,74,9.683,True
34859,73,7.798,True
34860,73,7.798,True
34861,73,7.798,True
34862,72,7.798,True
34863,72,7.798,True
34864,72,7.798,True
34865,72,7.798,True
34866,72,7.798,True
34867,69,9.418,True
34868,69,9.418,True
34869,69,9.693,True
34870,71,9.418,True
34871,69,9.693,True
34872,71,9.693,True
34873,71,9.418,True
34874,73,9.418,True
34875,74,9.418,True
34876,75,7.52,True
34877,76,7.52,True
34878,73,9.139,True
34879,73,9.139,True
34880,72,9.139,True
34881,71,9.139,True
34882,71,9.139,True
34883,70,9.139,True
34884,67,9.139,True
34885,67,9.139,True
34886,63,9.139,True
34887,63,9.139,True
34888,63,9.139,True
34889,66,9.883,True
34890,66,9.883,True
34891,66,9.883,True
34892,66,9.883,True
34893,66,9.883,True
34894,70,9.883,True
34895,73,9.883,True
34896,74,9.883,True
34897,74,9.883,True
34898,74,9.883,True
34899,73,9.883,True
34900,73,9.883,True
34901,73,9.883,True
34902,74,9.883,True
34903,76,9.883,True
34904,74,8.266,True
34905,74,8.266,True
34906,74,8.266,True
34907,74,8.266,True
34908,74,8.266,True
34909,75,8.266,True
34910,75,8.266,True
34911,75,8.266,True
34912,75,8.266,True
34913,74,6.609,True
34914,73,8.511,True
34915,71,7.242,True
34916,71,7.242,True
34917,70,7.242,True
34918,70,7.242,True
34919,70,9.099,True
34920,70,9.099,True
34921,70,9.099,True
34922,69,9.099,True
34923,70,9.099,True
34924,70,9.099,True
34925,70,7.242,True
34926,71,7.242,True
34927,71,7.242,True
34928,71,7.242,True
34929,66,8.013,True
34930,67,8.694,True
34931,71,8.694,True
34932,70,8.694,True
34933,66,8.694,True
34934,66,8.694,True
34935,65,7.242,True
34936,65,7.242,True
34937,65,7.242,True
34938,65,7.267,True
34939,67,7.267,True
34940,66,7.351,True
34941,66,7.351,True
34942,64,8.954,True
34943,64,8.954,True
34944,64,8.954,True
34945,63,8.954,True
34946,65,8.954,True
34947,65,8.954,True
34948,65,8.954,True
34949,65,8.954,True
34950,66,9.601,True
34951,66,9.601,True
34952,68,9.601,True
34953,68,9.601,True
34954,68,9.601,True
34955,68,9.601,True
34956,63,9.601,True
34957,63,9.601,True
34958,63,9.601,True
34959,63,9.601,True
34960,63,9.601,True
34961,63,9.601,True
34962,65,9.273,True
34963,67,9.099,True
34964,65,9.273,True
34965,65,9.273,True
34966,65,9.273,True
34967,65,9.273,True
34968,65,9.273,True
34969,63,9.273,True
34970,63,9.273,True
34971,66,9.273,True
34972,66,9.806,True
34973,66,9.806,True
34974,64,9.806,True
34975,65,9.806,True
34976,65,9.806,True
34977,65,9.806,True
34978,65,9.806,True
34979,65,9.806,True
34980,65,9.806,True
34981,67,9.806,True
34982,66,9.806,True
34983,66,9.806,True
34984,66,9.806,True
34985,66,9.806,True
34986,69,9.806,True
34987,69,9.806,True
34988,69,9.806,True
34989,66,9.806,True
34990,65,9.806,True
34991,65,9.806,True
34992,65,9.806,True
34993,65,9.806,True
34994,65,9.806,True
34995,65,9.806,True
34996,65,9.806,True
34997,67,9.004,True
34998,67,9.004,True
34999,67,9.004,True
35000,69,9.938,True
35001,69,9.938,True
35002,69,9.938,True
35003,69,9.938,True
35004,71,9.938,True
35005,70,9.938,True
35006,70,9.938,True
35007,73,9.938,True
35008,69,9.938,True
35009,68,9.938,True
35010,68,9.938,True
35011,68,9.938,True
35012,68,9.938,True
35013,68,9.938,True
35014,68,9.938,True
35015,68,9.938,True
35016,68,9.938,True
35017,68,9.938,True
35018,70,9.938,True
35019,68,9.938,True
35020,68,9.938,True
35021,68,9.938,True
35022,68,9.938,True
35023,68,9.938,True
35024,67,9.004,True
35025,70,8.954,True
35026,70,8.954,True
35027,70,8.954,True
35028,73,9.342,True
35029,73,9.342,True
35030,73,9.342,True
35031,73,9.342,True
35032,69,8.954,True
35033,70,8.954,True
35034,69,8.954,True
35035,69,8.954,True
35036,68,8.954,True
35037,68,8.954,True
35038,68,8.954,True
35039,67,8.954,True
35040,67,8.954,True
35041,67,8.954,True
35042,64,9.521,True
35043,67,9.521,True
35044,68,8.954,True
35045,68,8.954,True
35046,68,8.954,True
35047,68,8.954,True
35048,65,8.954,True
35049,66,8.954,True
35050,66,8.954,True
35051,66,8.954,True
35052,66,8.954,True
35053,65,8.954,True
35054,65,8.954,True
35055,65,8.954,True
35056,65,9.14,True
35057,65,9.14,True
35058,65,9.14,True
35059,65,9.14,True
35060,65,9.14,True
35061,65,9.14,True
35062,70,9.14,True
35063,68,9.14,True
35064,68,9.847,True
35065,67,8.954,True
35066,68,8.954,True
35067,68,8.954,True
35068,68,8.954,True
35069,71,8.954,True
35070,71,8.954,True
35071,68,8.954,True
35072,68,8.954,True
35073,69,8.954,True
35074,64,8.954,True
35075,64,8.954,True
35076,65,8.954,True
35077,65,8.954,True
35078,67,8.954,True
35079,64,8.954,True
35080,65,8.954,True
35081,65,8.954,True
35082,65,8.954,True
35083,65,8.954,True
35084,64,8.954,True
35085,64,8.954,True
35086,64,8.954,True
35087,64,8.954,True
35088,61,8.954,True
35089,61,8.954,True
35090,61,8.954,True
35091,61,8.954,True
35092,60,9.897,True
35093,60,9.897,True
35094,60,9.897,True
35095,60,9.935,True
35096,61,9.935,True
35097,61,9.935,True
35098,61,9.935,True
35099,61,9.935,True
35100,61,9.935,True
35101,61,9.935,True
35102,65,9.2,True
35103,66,9.2,True
35104,66,9.2,True
35105,66,9.2,True
35106,66,9.2,True
35107,66,8.661,True
35108,66,8.661,True
35109,66,8.661,True
35110,65,8.661,True
35111,64,8.661,True
35112,64,8.661,True
35113,62,8.661,True
35114,63,9.97,True
35115,63,9.97,True
35116,63,9.97,True
35117,63,9.97,True
35118,63,9.97,True
35119,63,9.97,True
35120,63,9.97,True
35121,63,9.97,True
35122,63,9.97,True
35123,63,9.97,True
35124,63,9.97,True
35125,63,9.97,True
35126,62,6.609,True
35127,63,9.838,True
35128,65,9.838,True
35129,65,9.838,True
35130,66,7.652,True
35131,66,7.652,True
35132,67,7.652,True
35133,67,7.652,True
35134,67,7.652,True
35135,68,6.869,True
35136,68,6.869,True
35137,72,6.869,True
35138,74,7.543,True
35139,74,7.543,True
35140,74,9.97,True
35141,76,9.97,True
35142,76,9.97,True
35143,76,9.97,True
35144,76,9.97,True
35145,72,9.97,True
35146,72,9.97,True
35147,72,9.97,True
35148,71,9.97,True
35149,71,9.97,True
35150,67,9.97,True
35151,67,9.97,True
35152,70,9.97,True
35153,67,9.97,True
35154,66,9.97,True
35155,66,9.97,True
35156,66,9.627,True
35157,66,9.627,True
35158,66,9.627,True
35159,66,9.97,True
35160,69,9.97,True
35161,69,9.97,True
35162,72,9.97,True
35163,67,9.97,True
35164,67,9.97,True
35165,67,9.97,True
35166,66,9.97,True
35167,64,9.97,True
35168,64,9.97,True
35169,64,9.97,True
35170,68,9.97,True
35171,68,9.97,True
35172,70,9.97,True
35173,66,9.97,True
35174,71,9.31,True
35175,71,9.31,True
35176,71,8.397,True
35177,71,8.397,True
35178,71,8.397,True
35179,71,8.397,True
35180,71,8.397,True
35181,71,8.397,True
35182,71,8.397,True
35183,71,8.397,True
35184,71,8.397,True
35185,71,9.31,True
35186,66,9.97,True
35187,66,9.97,True
35188,69,9.31,True
35189,69,9.31,True
35190,69,9.31,True
35191,69,8.397,True
35192,70,8.397,True
35193,69,8.764,True
35194,69,8.764,True
35195,69,8.764,True
35196,70,8.764,True
35197,70,8.764,True
35198,70,8.764,True
35199,70,8.764,True
35200,70,8.764,True
35201,68,8.764,True
35202,68,8.764,True
35203,68,8.764,True
35204,68,8.764,True
35205,68,8.764,True
35206,68,8.764,True
35207,68,8.764,True
35208,68,9.2,True
35209,68,9.2,True
35210,68,9.2,True
35211,68,9.2,True
35212,69,8.764,True
35213,69,8.764,True
35214,69,8.764,True
35215,68,8.764,True
35216,68,8.764,True
35217,67,8.154,True
35218,67,8.154,True
35219,71,7.888,True
35220,68,7.681,True
35221,68,8.629,True
35222,68,8.629,True
35223,68,8.629,True
35224,72,8.629,True
35225,71,8.629,True
35226,71,8.629,True
35227,72,7.03,True
35228,73,6.942,True
35229,74,5.767,True
35230,74,5.767,True
35231,74,5.767,True
35232,73,7.675,True
35233,73,7.675,True
35234,72,7.675,True
35235,72,7.675,True
35236,72,7.675,True
35237,73,7.675,True
35238,74,7.675,True
35239,71,6.201,True
35240,74,7.42,True
35241,73,7.42,True
35242,73,7.42,True
35243,73,7.42,True
35244,73,7.42,True
35245,73,7.42,True
35246,70,8.154,True
35247,70,8.154,True
35248,70,8.154,True
35249,70,8.154,True
35250,70,8.154,True
35251,68,9.153,True
35252,73,9.153,True
35253,73,9.153,True
35254,75,9.153,True
35255,75,9.153,True
35256,75,9.153,True
35257,75,9.153,True
35258,71,9.153,True
35259,69,9.153,True
35260,73,8.427,True
35261,73,8.427,True
35262,73,8.427,True
35263,73,8.427,True
35264,73,8.427,True
35265,72,8.427,True
35266,76,8.81,True
35267,74,8.81,True
35268,73,8.835,True
35269,77,9.931,True
35270,77,9.931,True
35271,78,9.931,True
35272,76,9.931,True
35273,76,9.931,True
35274,76,9.931,True
35275,76,9.931,True
35276,76,9.931,True
35277,74,9.153,True
35278,74,9.153,True
35279,74,9.153,True
35280,71,9.153,True
35281,71,9.153,True
35282,71,9.153,True
35283,68,9.153,True
35284,68,9.153,True
35285,68,9.153,True
35286,68,9.153,True
35287,68,9.153,True
35288,67,8.682,True
35289,67,8.682,True
35290,67,8.682,True
35291,67,8.682,True
35292,67,8.682,True
35293,67,8.682,True
35294,69,8.682,True
35295,69,8.682,True
35296,69,8.682,True
35297,67,8.682,True
35298,67,8.682,True
35299,67,8.682,True
35300,67,8.682,True
35301,70,8.664,True
35302,70,8.664,True
35303,70,8.664,True
35304,70,8.664,True
35305,70,8.664,True
35306,70,8.664,True
35307,70,8.664,True
35308,71,8.664,True
35309,70,7.515,True
35310,70,7.515,True
35311,70,7.515,True
35312,72,7.52,True
35313,71,7.469,True
35314,70,7.469,True
35315,76,7.034,True
35316,70,7.034,True
35317,70,7.034,True
35318,70,7.494,True
35319,69,7.494,True
35320,69,7.494,True
35321,69,7.494,True
35322,69,7.494,True
35323,69,7.494,True
35324,69,7.494,True
35325,69,7.494,True
35326,69,7.494,True
35327,69,7.494,True
35328,70,9.789,True
35329,74,9.789,True
35330,75,9.789,True
35331,75,9.789,True
35332,77,9.789,True
35333,77,9.789,True
35334,77,9.789,True
35335,77,9.789,True
35336,73,9.731,True
35337,71,9.731,True
35338,73,9.731,True
35339,73,9.731,True
35340,73,9.731,True
35341,77,9.731,True
35342,77,9.731,True
35343,77,9.731,True
35344,72,8.682,True
35345,73,8.682,True
35346,73,8.682,True
35347,73,9.302,True
35348,73,9.302,True
35349,71,9.302,True
35350,71,9.302,True
35351,71,9.302,True
35352,71,9.997,True
35353,71,9.997,True
35354,70,9.997,True
35355,74,9.997,True
35356,72,7.038,True
35357,71,7.038,True
35358,72,7.038,True
35359,72,7.267,True
35360,72,7.267,True
35361,72,7.267,True
35362,72,9.562,True
35363,76,9.562,True
35364,75,9.099,True
35365,79,9.134,True
35366,76,9.134,True
35367,76,9.134,True
35368,74,9.134,True
35369,74,9.134,True
35370,75,9.134,True
35371,75,9.134,True
35372,75,9.134,True
35373,75,6.935,True
35374,75,7.171,True
35375,74,9.901,True
35376,75,9.901,True
35377,78,9.901,True
35378,78,9.901,True
35379,74,9.901,True
35380,74,9.901,True
35381,74,9.915,True
35382,72,9.939,True
35383,73,9.939,True
35384,73,9.939,True
35385,74,9.939,True
35386,74,9.939,True
35387,74,9.939,True
35388,74,9.939,True
35389,74,9.939,True
35390,71,9.939,True
35391,71,9.939,True
35392,69,9.939,True
35393,69,9.939,True
35394,69,9.939,True
35395,69,9.939,True
35396,68,7.267,True
35397,74,9.263,True
35398,74,9.263,True
35399,73,9.263,True
35400,73,9.263,True
35401,73,9.263,True
35402,74,9.263,True
35403,73,9.263,True
35404,73,9.263,True
35405,73,9.263,True
35406,73,9.263,True
35407,72,9.263,True
35408,72,7.267,True
35409,72,7.267,True
35410,72,7.267,True
35411,73,7.267,True
35412,72,7.267,True
35413,72,7.267,True
35414,72,7.267,True
35415,71,7.267,True
35416,72,7.267,True
35417,72,7.267,True
35418,72,7.267,True
35419,73,7.267,True
35420,72,7.267,True
35421,74,7.267,True
35422,75,7.267,True
35423,75,8.035,True
35424,74,9.601,True
35425,72,9.601,True
35426,72,9.601,True
35427,71,9.601,True
35428,71,9.601,True
35429,71,9.601,True
35430,71,9.601,True
35431,71,9.601,True
35432,72,9.601,True
35433,72,9.601,True
35434,72,9.601,True
35435,73,9.601,True
35436,71,9.601,True
35437,72,9.601,True
35438,72,9.601,True
35439,72,9.601,True
35440,72,9.601,True
35441,72,9.601,True
35442,72,7.039,True
35443,72,7.52,True
35444,73,7.52,True
35445,74,7.52,True
35446,73,7.52,True
35447,73,7.52,True
35448,73,7.52,True
35449,74,7.52,True
35450,74,7.52,True
35451,72,7.614,True
35452,71,7.614,True
35453,71,7.614,True
35454,72,7.614,True
35455,72,7.614,True
35456,74,7.614,True
35457,74,7.614,True
35458,73,9.601,True
35459,73,9.601,True
35460,73,9.601,True
35461,73,9.601,True
35462,74,7.614,True
35463,74,7.614,True
35464,74,9.939,True
35465,73,9.939,True
35466,73,9.939,True
35467,74,9.939,True
35468,72,9.939,True
35469,72,9.939,True
35470,72,9.939,True
35471,72,9.939,True
35472,72,9.939,True
35473,74,9.939,True
35474,74,9.939,True
35475,73,9.988,True
35476,73,9.988,True
35477,73,9.988,True
35478,75,9.988,True
35479,74,9.988,True
35480,77,9.988,True
35481,77,9.988,True
35482,77,9.988,True
35483,77,9.988,True
35484,77,9.988,True
35485,77,9.81,True
35486,77,9.81,True
35487,77,9.81,True
35488,80,9.81,True
35489,80,9.81,True
35490,79,6.624,True
35491,78,6.808,True
35492,78,6.808,True
35493,77,9.988,True
35494,77,9.988,True
35495,77,9.988,True
35496,77,9.988,True
35497,77,9.988,True
35498,77,9.988,True
35499,77,9.988,True
35500,73,9.988,True
35501,73,9.988,True
35502,73,9.988,True
35503,74,9.988,True
35504,76,9.988,True
35505,73,9.663,True
35506,71,9.663,True
35507,72,9.798,True
35508,72,9.798,True
35509,72,9.798,True
35510,70,9.798,True
35511,69,9.798,True
35512,69,9.798,True
35513,69,9.798,True
35514,69,9.798,True
35515,70,9.798,True
35516,70,9.798,True
35517,70,9.798,True
35518,71,9.798,True
35519,71,9.798,True
35520,71,9.798,True
35521,71,9.798,True
35522,72,9.798,True
35523,72,9.798,True
35524,75,9.798,True
35525,73,9.798,True
35526,73,9.798,True
35527,74,9.798,True
35528,72,9.663,True
35529,72,9.663,True
35530,71,9.663,True
35531,71,9.663,True
35532,71,9.663,True
35533,71,9.663,True
35534,71,9.663,True
35535,71,9.663,True
35536,70,9.663,True
35537,70,9.663,True
35538,70,9.663,True
35539,70,9.663,True
35540,70,9.663,True
35541,70,9.663,True
35542,70,9.663,True
35543,70,9.663,True
35544,70,9.663,True
35545,70,9.663,True
35546,70,9.663,True
35547,71,9.663,True
35548,71,9.663,True
35549,71,9.663,True
35550,71,9.663,True
35551,69,9.663,True
35552,69,9.663,True
35553,70,9.663,True
35554,68,9.663,True
35555,67,9.897,True
35556,67,9.897,True
35557,67,9.897,True
35558,68,9.897,True
35559,68,9.897,True
35560,68,9.897,True
35561,70,9.897,True
35562,70,9.897,True
35563,71,9.663,True
35564,72,9.663,True
35565,72,9.663,True
35566,72,9.663,True
35567,71,9.663,True
35568,71,9.663,True
35569,71,9.663,True
35570,71,9.663,True
35571,71,9.663,True
35572,69,9.663,True
35573,69,9.663,True
35574,67,9.9,True
35575,67,9.9,True
35576,67,9.9,True
35577,67,9.9,True
35578,68,9.9,True
35579,67,9.9,True
35580,67,9.9,True
35581,68,9.9,True
35582,68,9.9,True
35583,67,9.9,True
35584,67,9.9,True
35585,66,9.663,True
35586,66,9.663,True
35587,66,9.663,True
35588,66,9.663,True
35589,66,9.663,True
35590,66,9.663,True
35591,67,9.663,True
35592,66,9.663,True
35593,66,9.663,True
35594,65,9.663,True
35595,65,9.663,True
35596,65,9.663,True
35597,65,9.663,True
35598,65,9.663,True
35599,65,9.663,True
35600,65,9.663,True
35601,65,9.663,True
35602,65,9.663,True
35603,65,9.663,True
35604,63,9.897,True
35605,64,9.663,True
35606,66,9.663,True
35607,67,9.663,True
35608,67,9.663,True
35609,66,9.663,True
35610,66,9.663,True
35611,66,9.663,True
35612,65,9.663,True
35613,65,9.663,True
35614,66,9.004,True
35615,68,9.314,True
35616,68,9.314,True
35617,68,9.314,True
35618,71,9.314,True
35619,68,9.314,True
35620,65,9.004,True
35621,65,9.004,True
35622,65,9.004,True
35623,65,9.004,True
35624,64,8.764,True
35625,64,8.764,True
35626,64,8.764,True
35627,64,8.764,True
35628,64,8.764,True
35629,63,9.663,True
35630,65,9.663,True
35631,65,9.663,True
35632,65,9.663,True
35633,65,9.663,True
35634,65,9.663,True
35635,65,9.663,True
35636,65,9.663,True
35637,65,9.663,True
35638,67,9.663,True
35639,70,9.663,True
35640,70,9.663,True
35641,70,9.663,True
35642,69,9.663,True
35643,69,9.663,True
35644,69,9.663,True
35645,74,9.663,True
35646,75,9.663,True
35647,77,9.663,True
35648,75,9.663,True
35649,76,9.955,True
35650,79,9.955,True
35651,76,9.955,True
35652,76,9.955,True
35653,73,9.955,True
35654,73,9.955,True
35655,77,9.264,True
35656,75,8.073,True
35657,74,8.073,True
35658,73,8.073,True
35659,68,9.663,True
35660,68,9.663,True
35661,70,9.663,True
35662,71,9.663,True
35663,70,9.663,True
35664,70,9.663,True
35665,70,9.663,True
35666,70,9.663,True
35667,69,9.663,True
35668,69,9.663,True
35669,69,9.663,True
35670,70,9.663,True
35671,67,9.663,True
35672,67,9.663,True
35673,67,9.663,True
35674,69,9.663,True
35675,69,9.663,True
35676,69,9.663,True
35677,70,9.663,True
35678,69,9.663,True
35679,69,9.663,True
35680,69,9.663,True
35681,68,9.675,True
35682,68,9.675,True
35683,68,9.675,True
35684,69,9.675,True
35685,70,9.675,True
35686,68,9.897,True
35687,68,9.897,True
35688,66,9.897,True
35689,66,9.897,True
35690,67,9.675,True
35691,66,9.897,True
35692,66,9.897,True
35693,65,9.897,True
35694,66,9.897,True
35695,67,9.897,True
35696,72,8.641,True
35697,72,8.641,True
35698,71,9.675,True
35699,71,9.675,True
35700,67,9.675,True
35701,68,9.675,True
35702,68,9.675,True
35703,68,9.675,True
35704,72,9.675,True
35705,72,9.675,True
35706,72,9.675,True
35707,71,9.675,True
35708,69,9.897,True
35709,69,9.897,True
35710,69,9.897,True
35711,69,9.675,True
35712,70,9.675,True
35713,70,9.675,True
35714,70,9.675,True
35715,69,9.675,True
35716,72,9.675,True
35717,72,9.675,True
35718,71,9.675,True
35719,70,9.376,True
35720,70,9.376,True
35721,70,9.376,True
35722,72,7.988,True
35723,70,5.473,True
35724,67,5.473,True
35725,67,5.473,True
35726,67,5.473,True
35727,66,6.935,True
35728,66,5.473,True
35729,69,8.107,True
35730,67,5.473,True
35731,67,5.473,True
35732,69,5.473,True
35733,66,6.683,True
35734,67,6.683,True
35735,68,6.683,True
35736,68,6.683,True
35737,68,6.683,True
35738,68,9.675,True
35739,69,9.675,True
35740,69,9.675,True
35741,69,7.981,True
35742,69,7.981,True
35743,68,6.522,True
35744,68,6.522,True
35745,68,8.578,True
35746,71,9.356,True
35747,70,8.578,True
35748,67,8.578,True
35749,67,8.578,True
35750,67,8.578,True
35751,67,8.578,True
35752,70,8.578,True
35753,70,8.578,True
35754,71,8.578,True
35755,73,8.652,True
35756,73,8.652,True
35757,73,8.652,True
35758,72,8.652,True
35759,72,8.652,True
35760,72,8.652,True
35761,72,8.652,True
35762,71,8.652,True
35763,71,8.652,True
35764,71,8.652,True
35765,71,8.652,True
35766,71,8.652,True
35767,72,8.652,True
35768,72,8.652,True
35769,77,8.652,True
35770,77,8.652,True
35771,77,8.652,True
35772,77,8.652,True
35773,79,8.652,True
35774,79,8.652,True
35775,79,8.652,True
35776,79,8.652,True
35777,80,9.131,True
35778,80,9.131,True
35779,80,9.131,True
35780,78,9.627,True
35781,77,9.131,True
35782,76,7.7,True
35783,76,7.7,True
35784,74,8.664,True
35785,74,8.664,True
35786,73,9.203,True
35787,70,9.203,True
35788,72,9.203,True
35789,72,9.203,True
35790,71,9.203,True
35791,71,9.203,True
35792,71,9.203,True
35793,71,9.203,True
35794,70,9.203,True
35795,70,9.203,True
35796,70,9.203,True
35797,70,9.203,True
35798,69,9.203,True
35799,70,9.203,True
35800,72,9.822,True
35801,72,9.822,True
35802,72,9.822,True
35803,72,9.822,True
35804,72,9.822,True
35805,72,9.822,True
35806,72,9.822,True
35807,72,9.822,True
35808,72,9.822,True
35809,73,9.822,True
35810,73,9.822,True
35811,73,9.822,True
35812,72,9.822,True
35813,72,9.822,True
35814,74,8.681,True
35815,74,8.681,True
35816,75,8.681,True
35817,75,9.831,True
35818,75,9.831,True
35819,76,9.831,True
35820,76,9.831,True
35821,76,9.831,True
35822,74,9.831,True
35823,74,9.831,True
35824,74,9.831,True
35825,78,9.831,True
35826,77,9.831,True
35827,79,6.04,True
35828,79,6.04,True
35829,80,6.27,True
35830,82,6.27,True
35831,82,6.27,True
35832,83,6.27,True
35833,82,6.04,True
35834,82,6.04,True
35835,82,6.04,True
35836,82,6.04,True
35837,82,6.04,True
35838,79,7.48,True
35839,77,7.48,True
35840,74,7.48,True
35841,74,7.48,True
35842,72,8.568,True
35843,72,8.568,True
35844,74,7.48,True
35845,71,7.48,True
35846,71,7.48,True
35847,70,7.48,True
35848,69,8.427,True
35849,69,8.427,True
35850,69,8.427,True
35851,68,8.427,True
35852,68,8.427,True
35853,68,8.427,True
35854,68,8.427,True
35855,71,8.427,True
35856,73,8.427,True
35857,73,8.427,True
35858,73,8.427,True
35859,71,8.427,True
35860,71,8.427,True
35861,70,9.728,True
35862,70,9.728,True
35863,69,9.728,True
35864,69,9.728,True
35865,69,9.728,True
35866,69,9.728,True
35867,70,9.728,True
35868,70,9.728,True
35869,70,9.728,True
35870,67,9.728,True
35871,67,9.728,True
35872,64,7.643,True
35873,67,7.643,True
35874,64,7.643,True
35875,65,7.643,True
35876,65,7.643,True
35877,65,7.643,True
35878,68,9.601,True
35879,68,9.601,True
35880,67,9.601,True
35881,64,7.643,True
35882,64,7.643,True
35883,65,7.643,True
35884,65,7.643,True
35885,65,7.643,True
35886,65,7.643,True
35887,65,7.643,True
35888,66,8.819,True
35889,66,8.819,True
35890,66,8.819,True
35891,66,8.819,True
35892,66,8.819,True
35893,66,8.819,True
35894,66,8.819,True
35895,66,8.819,True
35896,71,9.279,True
35897,71,9.279,True
35898,70,9.279,True
35899,70,9.279,True
35900,68,6.942,True
35901,68,6.942,True
35902,68,6.942,True
35903,68,6.942,True
35904,68,6.942,True
35905,68,6.942,True
35906,67,6.063,True
35907,64,6.063,True
35908,67,6.871,True
35909,67,6.871,True
35910,64,6.063,True
35911,64,6.063,True
35912,62,8.696,True
35913,62,8.696,True
35914,62,8.696,True
35915,62,8.696,True
35916,62,8.696,True
35917,62,8.696,True
35918,65,9.955,True
35919,65,9.955,True
35920,65,9.955,True
35921,65,9.955,True
35922,65,9.955,True
35923,65,9.955,True
35924,65,9.955,True
35925,65,9.955,True
35926,64,9.663,True
35927,62,9.663,True
35928,62,9.663,True
35929,62,9.663,True
35930,62,9.663,True
35931,62,9.663,True
35932,65,9.663,True
35933,65,9.663,True
35934,65,9.663,True
35935,62,9.663,True
35936,62,9.663,True
35937,62,9.663,True
35938,62,9.663,True
35939,62,9.663,True
35940,62,9.663,True
35941,65,9.663,True
35942,67,9.663,True
35943,67,9.663,True
35944,71,9.663,True
35945,71,9.663,True
35946,71,9.663,True
35947,67,9.663,True
35948,67,9.663,True
35949,66,9.663,True
35950,66,9.663,True
35951,66,9.663,True
35952,72,9.663,True
35953,72,9.663,True
35954,72,9.663,True
35955,66,9.663,True
35956,65,9.663,True
35957,65,9.663,True
35958,68,9.663,True
35959,66,9.663,True
35960,66,9.663,True
35961,69,6.522,True
35962,68,6.287,True
35963,69,7.171,True
35964,69,7.171,True
35965,69,7.171,True
35966,68,7.034,True
35967,68,7.034,True
35968,68,6.72,True
35969,67,9.3,True
35970,67,9.3,True
35971,67,9.3,True
35972,66,9.3,True
35973,66,9.3,True
35974,66,9.3,True
35975,68,9.3,True
35976,68,9.3,True
35977,68,9.3,True
35978,68,9.3,True
35979,68,9.3,True
35980,67,5.582,True
35981,67,8.447,True
35982,65,8.447,True
35983,68,9.007,True
35984,70,9.007,True
35985,70,9.007,True
35986,69,9.007,True
35987,69,9.007,True
35988,66,8.696,True
35989,66,8.696,True
35990,69,8.696,True
35991,69,8.696,True
35992,69,8.696,True
35993,69,8.696,True
35994,69,8.696,True
35995,67,8.696,True
35996,67,9.897,True
35997,67,9.897,True
35998,68,9.897,True
35999,68,9.897,True
36000,69,9.897,True
36001,69,9.897,True
36002,70,8.329,True
36003,70,8.329,True
36004,72,6.506,True
36005,76,8.305,True
36006,72,6.506,True
36007,72,6.506,True
36008,73,6.506,True
36009,74,9.3,True
36010,71,9.3,True
36011,71,9.3,True
36012,71,9.3,True
36013,70,6.366,True
36014,69,6.366,True
36015,71,9.597,True
36016,71,9.597,True
36017,69,9.597,True
36018,69,9.597,True
36019,69,9.597,True
36020,69,9.597,True
36021,69,6.366,True
36022,69,6.366,True
36023,70,8.912,True
36024,70,8.912,True
36025,69,8.912,True
36026,69,8.912,True
36027,69,8.912,True
36028,69,8.912,True
36029,69,8.912,True
36030,71,8.912,True
36031,71,8.822,True
36032,71,8.822,True
36033,72,8.822,True
36034,72,8.822,True
36035,72,8.822,True
36036,72,8.822,True
36037,68,9.418,True
36038,70,9.288,True
36039,69,9.288,True
36040,71,9.288,True
36041,71,9.288,True
36042,71,9.288,True
36043,71,9.288,True
36044,70,9.288,True
36045,71,9.288,True
36046,70,9.288,True
36047,68,9.288,True
36048,68,9.288,True
36049,68,6.773,True
36050,68,6.773,True
36051,68,6.366,True
36052,68,6.366,True
36053,68,6.366,True
36054,68,6.773,True
36055,68,6.773,True
36056,68,6.773,True
36057,70,6.773,True
36058,70,6.773,True
36059,73,6.773,True
36060,73,6.773,True
36061,73,6.773,True
36062,75,6.773,True
36063,73,6.773,True
36064,72,8.727,True
36065,72,8.727,True
36066,69,8.727,True
36067,69,8.727,True
36068,69,8.727,True
36069,69,8.659,True
36070,69,8.659,True
36071,69,8.659,True
36072,69,9.418,True
36073,69,9.418,True
36074,70,9.418,True
36075,69,9.418,True
36076,69,9.418,True
36077,68,9.418,True
36078,68,9.418,True
36079,68,9.418,True
36080,68,9.418,True
36081,68,9.418,True
36082,68,9.418,True
36083,68,9.418,True
36084,64,9.418,True
36085,64,9.418,True
36086,65,9.418,True
36087,69,9.418,True
36088,69,9.418,True
36089,68,9.418,True
36090,68,9.418,True
36091,68,9.418,True
36092,68,9.418,True
36093,68,9.418,True
36094,67,9.418,True
36095,67,9.418,True
36096,64,9.418,True
36097,64,9.418,True
36098,64,9.418,True
36099,68,9.928,True
36100,68,9.928,True
36101,68,9.928,True
36102,69,9.928,True
36103,69,9.966,True
36104,69,9.966,True
36105,69,9.966,True
36106,69,9.966,True
36107,69,9.966,True
36108,69,9.966,True
36109,69,9.966,True
36110,69,9.966,True
36111,66,8.694,True
36112,67,9.535,True
36113,67,9.535,True
36114,67,9.535,True
36115,67,6.773,True
36116,67,6.773,True
36117,67,6.773,True
36118,67,9.914,True
36119,66,9.914,True
36120,65,9.675,True
36121,65,9.675,True
36122,65,9.675,True
36123,65,9.675,True
36124,65,9.675,True
36125,65,9.675,True
36126,65,9.675,True
36127,66,9.914,True
36128,66,9.914,True
36129,65,9.914,True
36130,63,9.675,True
36131,63,9.675,True
36132,63,9.675,True
36133,63,9.675,True
36134,64,9.675,True
36135,64,9.675,True
36136,64,9.675,True
36137,66,9.675,True
36138,66,9.675,True
36139,66,9.675,True
36140,64,9.675,True
36141,64,9.675,True
36142,64,9.675,True
36143,66,9.675,True
36144,66,9.675,True
36145,66,9.675,True
36146,67,9.675,True
36147,65,9.675,True
36148,68,9.675,True
36149,65,9.675,True
36150,68,9.675,True
36151,71,9.675,True
36152,71,9.675,True
36153,71,9.675,True
36154,70,9.675,True
36155,69,9.675,True
36156,65,9.675,True
36157,65,9.675,True
36158,68,9.675,True
36159,71,9.583,True
36160,67,9.583,True
36161,67,9.583,True
36162,69,9.583,True
36163,66,9.675,True
36164,66,9.675,True
36165,66,9.675,True
36166,63,9.675,True
36167,63,9.675,True
36168,65,9.675,True
36169,65,9.675,True
36170,65,9.675,True
36171,67,9.675,True
36172,67,9.675,True
36173,65,9.675,True
36174,65,9.675,True
36175,65,9.675,True
36176,65,9.675,True
36177,65,9.675,True
36178,65,9.675,True
36179,67,9.756,True
36180,67,9.756,True
36181,67,9.756,True
36182,67,9.675,True
36183,67,9.675,True
36184,67,9.675,True
36185,67,9.675,True
36186,67,9.675,True
36187,67,9.675,True
36188,67,9.675,True
36189,67,9.675,True
36190,67,9.675,True
36191,67,9.675,True
36192,67,9.675,True
36193,67,9.675,True
36194,65,9.675,True
36195,65,9.675,True
36196,65,9.675,True
36197,65,9.675,True
36198,68,6.14,True
36199,68,8.273,True
36200,68,8.273,True
36201,70,8.273,True
36202,74,8.273,True
36203,75,9.017,True
36204,74,9.017,True
36205,74,9.017,True
36206,74,9.017,True
36207,74,9.017,True
36208,77,9.017,True
36209,76,7.475,True
36210,76,7.475,True
36211,73,5.781,True
36212,75,7.52,True
36213,75,7.52,True
36214,72,7.52,True
36215,69,7.52,True
36216,69,7.52,True
36217,69,7.52,True
36218,73,7.52,True
36219,73,7.52,True
36220,72,9.675,True
36221,70,9.675,True
36222,70,9.675,True
36223,70,9.675,True
36224,70,9.675,True
36225,77,9.675,True
36226,72,9.675,True
36227,72,9.675,True
36228,66,9.675,True
36229,64,9.675,True
36230,66,9.675,True
36231,66,9.675,True
36232,66,9.675,True
36233,64,9.675,True
36234,64,9.675,True
36235,64,9.675,True
36236,64,9.675,True
36237,65,9.798,True
36238,65,9.798,True
36239,65,9.798,True
36240,65,9.798,True
36241,66,9.798,True
36242,68,9.798,True
36243,68,9.798,True
36244,66,9.798,True
36245,63,7.533,True
36246,61,7.533,True
36247,64,7.533,True
36248,64,7.533,True
36249,64,7.533,True
36250,64,7.533,True
36251,61,7.533,True
36252,61,7.533,True
36253,61,7.533,True
36254,61,7.533,True
36255,61,7.533,True
36256,60,9.418,True
36257,60,9.418,True
36258,60,9.418,True
36259,60,9.418,True
36260,65,9.418,True
36261,68,9.418,True
36262,65,9.418,True
36263,66,9.427,True
36264,66,9.427,True
36265,65,9.418,True
36266,65,9.675,True
36267,65,9.675,True
36268,69,9.675,True
36269,69,9.675,True
36270,64,9.675,True
36271,64,9.675,True
36272,64,9.675,True
36273,64,9.675,True
36274,60,9.675,True
36275,61,9.675,True
36276,61,7.358,True
36277,61,7.358,True
36278,63,7.03,True
36279,63,7.03,True
36280,62,7.038,True
36281,62,7.038,True
36282,62,7.038,True
36283,62,7.038,True
36284,62,7.038,True
36285,65,7.038,True
36286,65,7.038,True
36287,65,7.038,True
36288,65,7.038,True
36289,65,7.038,True
36290,66,9.298,True
36291,66,9.298,True
36292,64,9.298,True
36293,64,9.298,True
36294,64,9.298,True
36295,64,7.523,True
36296,64,7.523,True
36297,61,7.523,True
36298,61,7.523,True
36299,61,7.038,True
36300,61,7.038,True
36301,61,7.038,True
36302,61,7.038,True
36303,61,7.038,True
36304,61,7.038,True
36305,61,7.038,True
36306,61,7.038,True
36307,61,7.038,True
36308,61,7.038,True
36309,61,7.038,True
36310,64,3.726,True
36311,64,3.726,True
36312,70,6.802,True
36313,70,6.802,True
36314,70,6.802,True
36315,70,6.802,True
36316,70,5.926,True
36317,70,5.926,True
36318,69,9.675,True
36319,68,9.675,True
36320,74,8.599,True
36321,74,8.599,True
36322,74,8.599,True
36323,74,8.599,True
36324,74,8.599,True
36325,77,8.599,True
36326,77,8.599,True
36327,77,8.599,True
36328,77,8.599,True
36329,77,8.599,True
36330,77,8.599,True
36331,77,8.599,True
36332,77,8.599,True
36333,74,8.599,True
36334,74,8.599,True
36335,74,8.599,True
36336,71,8.599,True
36337,71,8.599,True
36338,69,8.599,True
36339,75,8.599,True
36340,79,8.599,True
36341,79,8.599,True
36342,73,8.599,True
36343,72,8.599,True
36344,71,8.599,True
36345,75,9.763,True
36346,74,9.763,True
36347,73,9.763,True
36348,73,9.763,True
36349,74,9.763,True
36350,74,9.763,True
36351,72,9.298,True
36352,72,9.298,True
36353,72,9.298,True
36354,72,9.298,True
36355,77,9.298,True
36356,77,9.298,True
36357,77,9.298,True
36358,77,9.298,True
36359,75,9.298,True
36360,73,9.298,True
36361,72,9.142,True
36362,72,9.142,True
36363,72,9.142,True
36364,72,6.927,True
36365,75,6.927,True
36366,75,6.927,True
36367,74,6.927,True
36368,74,6.927,True
36369,70,6.927,True
36370,70,6.927,True
36371,70,6.927,True
36372,69,6.927,True
36373,69,6.927,True
36374,70,6.989,True
36375,70,6.989,True
36376,73,6.989,True
36377,74,6.302,True
36378,70,6.302,True
36379,69,6.989,True
36380,69,6.989,True
36381,69,6.989,True
36382,69,6.989,True
36383,69,6.989,True
36384,70,6.989,True
36385,69,6.989,True
36386,69,6.989,True
36387,69,6.989,True
36388,69,6.524,True
36389,69,6.524,True
36390,70,6.524,True
36391,70,6.524,True
36392,70,6.524,True
36393,69,6.524,True
36394,69,6.524,True
36395,69,6.524,True
36396,69,6.524,True
36397,69,6.524,True
36398,69,6.524,True
36399,70,9.264,True
36400,70,9.264,True
36401,70,9.264,True
36402,70,9.263,True
36403,69,8.012,True
36404,72,9.097,True
36405,72,9.097,True
36406,72,9.097,True
36407,69,8.012,True
36408,74,8.012,True
36409,74,8.012,True
36410,74,8.012,True
36411,74,8.012,True
36412,74,8.012,True
36413,69,8.012,True
36414,69,8.012,True
36415,69,8.012,True
36416,69,8.012,True
36417,69,8.012,True
36418,72,9.535,True
36419,72,9.535,True
36420,72,9.535,True
36421,73,9.618,True
36422,72,9.618,True
36423,72,9.618,True
36424,72,9.618,True
36425,72,9.625,True
36426,76,9.625,True
36427,73,9.625,True
36428,75,9.699,True
36429,75,9.699,True
36430,74,9.197,True
36431,74,9.197,True
36432,74,9.197,True
36433,74,9.197,True
36434,74,9.197,True
36435,75,9.197,True
36436,74,9.197,True
36437,74,9.197,True
36438,74,9.197,True
36439,74,6.342,True
36440,74,6.342,True
36441,74,6.342,True
36442,74,6.342,True
36443,74,6.342,True
36444,74,6.342,True
36445,70,6.524,True
36446,70,6.524,True
36447,69,6.524,True
36448,69,6.524,True
36449,69,6.524,True
36450,69,6.524,True
36451,69,7.561,True
36452,69,7.561,True
36453,69,7.561,True
36454,69,7.561,True
36455,69,7.561,True
36456,70,7.561,True
36457,66,7.561,True
36458,67,7.561,True
36459,67,7.561,True
36460,67,7.561,True
36461,67,7.561,True
36462,66,9.165,True
36463,66,9.165,True
36464,66,9.165,True
36465,66,9.165,True
36466,66,9.165,True
36467,67,9.165,True
36468,64,8.563,True
36469,64,8.563,True
36470,64,8.563,True
36471,64,8.563,True
36472,64,8.563,True
36473,64,8.563,True
36474,64,8.563,True
36475,64,8.563,True
36476,64,8.563,True
36477,64,8.563,True
36478,65,8.563,True
36479,65,8.563,True
36480,72,8.563,True
36481,72,8.563,True
36482,72,8.563,True
36483,71,8.563,True
36484,70,8.563,True
36485,68,8.563,True
36486,69,6.232,True
36487,69,6.232,True
36488,69,6.018,True
36489,70,9.943,True
36490,70,9.943,True
36491,70,9.943,True
36492,70,9.943,True
36493,70,9.943,True
36494,69,8.747,True
36495,69,8.747,True
36496,69,8.747,True
36497,71,8.747,True
36498,71,8.747,True
36499,71,8.747,True
36500,72,9.943,True
36501,72,9.943,True
36502,71,8.747,True
36503,71,8.747,True
36504,71,8.747,True
36505,71,8.747,True
36506,71,8.747,True
36507,73,9.672,True
36508,73,9.672,True
36509,74,8.747,True
36510,74,8.747,True
36511,74,8.747,True
36512,74,8.747,True
36513,75,8.747,True
36514,77,8.377,True
36515,77,8.377,True
36516,77,8.377,True
36517,77,8.377,True
36518,80,8.377,True
36519,80,8.377,True
36520,80,8.377,True
36521,80,8.377,True
36522,78,7.88,True
36523,76,7.807,True
36524,76,7.807,True
36525,76,7.807,True
36526,76,7.807,True
36527,75,7.892,True
36528,75,7.892,True
36529,75,7.892,True
36530,75,6.774,True
36531,76,8.28,True
36532,75,7.643,True
36533,72,8.747,True
36534,71,8.747,True
36535,71,8.747,True
36536,70,6.774,True
36537,73,6.774,True
36538,70,6.774,True
36539,68,6.774,True
36540,69,6.774,True
36541,69,6.774,True
36542,69,6.774,True
36543,71,8.351,True
36544,69,6.774,True
36545,69,6.774,True
36546,69,6.774,True
36547,69,7.722,True
36548,69,7.722,True
36549,69,7.722,True
36550,71,7.722,True
36551,71,7.722,True
36552,71,7.722,True
36553,71,7.722,True
36554,71,7.722,True
36555,71,7.722,True
36556,71,7.722,True
36557,71,7.722,True
36558,71,7.722,True
36559,69,7.722,True
36560,73,8.458,True
36561,73,8.458,True
36562,69,7.722,True
36563,69,7.722,True
36564,69,7.722,True
36565,69,7.722,True
36566,69,7.722,True
36567,69,7.722,True
36568,69,7.722,True
36569,70,7.851,True
36570,69,7.722,True
36571,69,7.722,True
36572,69,7.722,True
36573,69,6.774,True
36574,69,6.774,True
36575,69,6.774,True
36576,69,6.774,True
36577,69,6.774,True
36578,68,8.747,True
36579,68,8.747,True
36580,71,8.747,True
36581,71,8.747,True
36582,74,8.747,True
36583,71,8.747,True
36584,71,8.747,True
36585,71,8.747,True
36586,71,8.747,True
36587,72,8.747,True
36588,75,8.747,True
36589,79,8.747,True
36590,78,8.747,True
36591,78,8.747,True
36592,78,8.747,True
36593,75,8.777,True
36594,74,8.777,True
36595,74,8.777,True
36596,74,8.747,True
36597,74,8.747,True
36598,74,8.747,True
36599,74,8.747,True
36600,75,9.595,True
36601,75,9.595,True
36602,74,8.747,True
36603,74,8.747,True
36604,73,8.747,True
36605,70,8.747,True
36606,70,8.747,True
36607,71,8.747,True
36608,71,8.747,True
36609,71,8.747,True
36610,69,9.004,True
36611,69,9.004,True
36612,66,9.004,True
36613,68,8.747,True
36614,66,9.004,True
36615,68,9.004,True
36616,68,9.004,True
36617,68,9.004,True
36618,68,9.004,True
36619,66,9.004,True
36620,66,9.004,True
36621,68,8.747,True
36622,68,8.747,True
36623,68,8.747,True
36624,68,8.747,True
36625,68,9.897,True
36626,66,9.897,True
36627,66,9.004,True
36628,66,9.004,True
36629,66,9.004,True
36630,66,9.004,True
36631,66,9.004,True
36632,71,8.747,True
36633,71,8.747,True
36634,71,8.747,True
36635,69,8.747,True
36636,69,8.747,True
36637,69,8.747,True
36638,69,8.747,True
36639,68,8.747,True
36640,70,6.942,True
36641,74,9.972,True
36642,75,9.972,True
36643,75,9.972,True
36644,75,9.972,True
36645,74,9.972,True
36646,70,8.195,True
36647,70,8.195,True
36648,67,5.65,True
36649,67,5.65,True
36650,67,5.65,True
36651,67,5.65,True
36652,67,5.65,True
36653,67,5.65,True
36654,67,5.65,True
36655,67,5.65,True
36656,69,5.597,True
36657,69,5.597,True
36658,68,8.696,True
36659,70,8.696,True
36660,70,8.696,True
36661,71,5.597,True
36662,70,8.696,True
36663,70,8.696,True
36664,72,9.746,True
36665,71,9.746,True
36666,70,7.493,True
36667,72,7.493,True
36668,72,7.493,True
36669,72,7.493,True
36670,72,7.493,True
36671,72,7.493,True
36672,72,8.195,True
36673,72,8.195,True
36674,72,8.195,True
36675,71,6.304,True
36676,71,6.304,True
36677,69,5.65,True
36678,69,5.65,True
36679,69,5.65,True
36680,69,5.65,True
36681,68,5.65,True
36682,68,5.65,True
36683,68,6.935,True
36684,68,6.935,True
36685,67,6.935,True
36686,67,6.935,True
36687,68,6.935,True
36688,68,6.076,True
36689,68,6.935,True
36690,66,9.004,True
36691,66,9.004,True
36692,66,9.004,True
36693,66,9.004,True
36694,66,9.004,True
36695,66,9.004,True
36696,66,9.004,True
36697,66,9.004,True
36698,66,9.004,True
36699,68,6.935,True
36700,68,9.14,True
36701,66,7.832,True
36702,66,7.832,True
36703,67,7.832,True
36704,67,7.832,True
36705,67,7.832,True
36706,67,7.832,True
36707,67,7.832,True
36708,67,7.832,True
36709,67,7.832,True
36710,67,7.832,True
36711,67,8.154,True
36712,67,8.154,True
36713,69,8.154,True
36714,64,8.154,True
36715,64,8.154,True
36716,65,8.154,True
36717,66,8.154,True
36718,66,8.154,True
36719,67,7.713,True
36720,67,7.713,True
36721,69,9.05,True
36722,69,9.05,True
36723,70,8.629,True
36724,70,8.629,True
36725,70,8.629,True
36726,69,8.629,True
36727,67,7.713,True
36728,70,7.73,True
36729,70,7.73,True
36730,73,7.879,True
36731,73,7.879,True
36732,73,7.879,True
36733,73,7.879,True
36734,70,7.879,True
36735,70,7.879,True
36736,71,8.455,True
36737,71,8.455,True
36738,71,8.455,True
36739,71,8.455,True
36740,71,8.455,True
36741,69,8.455,True
36742,67,8.455,True
36743,67,8.822,True
36744,67,8.822,True
36745,67,8.822,True
36746,65,9.004,True
36747,65,9.004,True
36748,65,9.004,True
36749,65,9.004,True
36750,65,9.004,True
36751,65,9.004,True
36752,66,9.004,True
36753,66,9.004,True
36754,65,9.685,True
36755,65,9.685,True
36756,66,9.004,True
36757,65,9.004,True
36758,65,9.004,True
36759,65,9.004,True
36760,65,9.004,True
36761,67,8.455,True
36762,65,8.694,True
36763,65,8.694,True
36764,65,8.694,True
36765,66,8.694,True
36766,66,8.694,True
36767,66,8.694,True
36768,66,8.694,True
36769,66,8.694,True
36770,66,8.694,True
36771,64,9.685,True
36772,64,9.685,True
36773,64,9.685,True
36774,65,8.694,True
36775,65,8.694,True
36776,65,8.694,True
36777,68,9.08,True
36778,68,9.08,True
36779,67,9.922,True
36780,67,9.922,True
36781,67,9.922,True
36782,67,9.922,True
36783,65,6.091,True
36784,66,6.091,True
36785,64,9.004,True
36786,64,9.004,True
36787,64,9.004,True
36788,64,9.004,True
36789,64,9.004,True
36790,64,9.004,True
36791,64,8.694,True
36792,64,8.694,True
36793,64,8.694,True
36794,64,8.694,True
36795,67,8.694,True
36796,64,8.696,True
36797,64,8.696,True
36798,64,8.696,True
36799,64,8.696,True
36800,64,8.696,True
36801,61,9.004,True
36802,64,9.004,True
36803,65,9.004,True
36804,64,9.663,True
36805,64,9.663,True
36806,64,9.663,True
36807,66,9.663,True
36808,67,9.663,True
36809,68,9.663,True
36810,68,9.663,True
36811,70,9.663,True
36812,70,9.663,True
36813,71,7.981,True
36814,70,9.663,True
36815,67,9.663,True
36816,65,9.663,True
36817,66,9.663,True
36818,66,9.663,True
36819,66,9.663,True
36820,66,9.663,True
36821,65,9.663,True
36822,70,9.663,True
36823,70,9.663,True
36824,70,9.663,True
36825,70,9.897,True
36826,71,9.897,True
36827,71,9.897,True
36828,71,9.897,True
36829,68,9.897,True
36830,69,9.897,True
36831,64,9.897,True
36832,63,9.897,True
36833,64,9.897,True
36834,64,9.897,True
36835,65,8.702,True
36836,65,8.702,True
36837,65,8.702,True
36838,66,9.675,True
36839,66,9.675,True
36840,68,9.675,True
36841,68,9.675,True
36842,68,9.675,True
36843,68,9.675,True
36844,68,9.675,True
36845,67,9.675,True
36846,67,9.675,True
36847,65,9.675,True
36848,64,9.675,True
36849,66,9.675,True
36850,64,9.675,True
36851,64,9.675,True
36852,63,9.004,True
36853,63,9.004,True
36854,64,9.675,True
36855,68,9.675,True
36856,72,9.675,True
36857,72,9.675,True
36858,72,9.675,True
36859,70,9.696,True
36860,74,9.696,True
36861,74,9.696,True
36862,74,9.696,True
36863,74,9.696,True
36864,74,9.696,True
36865,74,9.696,True
36866,70,9.696,True
36867,70,9.696,True
36868,68,9.897,True
36869,70,9.897,True
36870,67,9.897,True
36871,68,9.897,True
36872,67,9.897,True
36873,70,9.897,True
36874,67,9.897,True
36875,69,9.897,True
36876,69,9.897,True
36877,69,9.897,True
36878,69,9.897,True
36879,71,9.897,True
36880,71,9.897,True
36881,69,9.897,True
36882,69,9.897,True
36883,69,9.897,True
36884,69,9.897,True
36885,67,9.897,True
36886,67,9.897,True
36887,68,9.897,True
36888,68,9.897,True
36889,68,9.897,True
36890,71,9.675,True
36891,70,9.675,True
36892,71,9.284,True
36893,68,9.004,True
36894,69,9.033,True
36895,71,9.033,True
36896,71,9.033,True
36897,71,9.033,True
36898,69,9.033,True
36899,69,9.118,True
36900,69,9.118,True
36901,69,9.004,True
36902,70,9.958,True
36903,70,9.958,True
36904,68,9.004,True
36905,68,7.812,True
36906,68,7.812,True
36907,66,8.427,True
36908,68,8.427,True
36909,68,8.427,True
36910,68,8.427,True
36911,65,8.427,True
36912,66,8.427,True
36913,71,9.53,True
36914,66,8.427,True
36915,66,8.427,True
36916,67,9.614,True
36917,66,8.427,True
36918,66,8.427,True
36919,67,9.027,True
36920,67,9.027,True
36921,67,9.027,True
36922,66,9.027,True
36923,65,9.027,True
36924,65,9.027,True
36925,66,9.027,True
36926,68,9.027,True
36927,65,9.745,True
36928,68,9.209,True
36929,67,9.209,True
36930,67,9.209,True
36931,67,9.209,True
36932,67,9.209,True
36933,67,9.209,True
36934,68,9.209,True
36935,68,9.209,True
36936,69,9.31,True
36937,71,9.027,True
36938,71,9.027,True
36939,73,9.027,True
36940,70,9.209,True
36941,70,9.209,True
36942,70,9.027,True
36943,71,9.939,True
36944,73,9.939,True
36945,70,9.951,True
36946,69,9.951,True
36947,69,9.951,True
36948,69,9.951,True
36949,67,9.939,True
36950,67,9.939,True
36951,68,9.027,True
36952,66,9.663,True
36953,68,9.663,True
36954,69,9.663,True
36955,68,9.663,True
36956,69,9.663,True
36957,69,9.663,True
36958,70,9.47,True
36959,72,9.182,True
36960,79,9.076,True
36961,79,9.076,True
36962,79,9.076,True
36963,78,9.076,True
36964,78,9.076,True
36965,76,9.47,True
36966,73,9.989,True
36967,71,9.989,True
36968,72,9.989,True
36969,72,9.989,True
36970,72,9.989,True
36971,72,9.989,True
36972,72,9.989,True
36973,72,9.989,True
36974,72,9.989,True
36975,68,9.47,True
36976,69,9.131,True
36977,67,9.663,True
36978,68,9.663,True
36979,68,9.663,True
36980,67,9.853,True
36981,67,9.853,True
36982,67,9.853,True
36983,69,9.853,True
36984,69,9.853,True
36985,67,9.853,True
36986,67,9.853,True
36987,69,9.853,True
36988,69,9.775,True
36989,70,9.775,True
36990,67,9.897,True
36991,69,9.893,True
36992,69,9.893,True
36993,70,9.893,True
36994,70,9.893,True
36995,70,9.893,True
36996,68,9.893,True
36997,68,9.893,True
36998,68,9.893,True
36999,68,9.893,True
37000,71,9.893,True
37001,72,8.694,True
37002,71,9.483,True
37003,71,9.483,True
37004,74,9.483,True
37005,74,9.483,True
37006,77,9.762,True
37007,77,9.762,True
37008,77,9.762,True
37009,78,9.762,True
37010,75,9.762,True
37011,75,9.762,True
37012,73,9.762,True
37013,75,9.762,True
37014,75,9.762,True
37015,76,9.762,True
37016,76,9.762,True
37017,73,9.762,True
37018,72,9.762,True
37019,71,9.762,True
37020,70,9.894,True
37021,72,9.894,True
37022,72,9.894,True
37023,75,9.894,True
37024,74,9.894,True
37025,78,9.894,True
37026,75,9.894,True
37027,75,9.894,True
37028,75,9.894,True
37029,75,9.894,True
37030,75,9.894,True
37031,75,9.894,True
37032,74,8.135,True
37033,74,8.135,True
37034,74,8.135,True
37035,73,8.135,True
37036,73,8.135,True
37037,74,8.095,True
37038,73,8.135,True
37039,75,9.997,True
37040,75,9.997,True
37041,75,7.261,True
37042,75,7.261,True
37043,76,7.261,True
37044,74,7.261,True
37045,75,7.256,True
37046,75,7.256,True
37047,75,8.317,True
37048,75,8.317,True
37049,75,8.317,True
37050,74,8.317,True
37051,74,8.317,True
37052,74,7.626,True
37053,74,7.626,True
37054,74,7.626,True
37055,75,7.626,True
37056,74,7.626,True
37057,73,7.74,True
37058,73,7.74,True
37059,73,7.74,True
37060,73,9.577,True
37061,74,9.577,True
37062,75,9.577,True
37063,73,9.317,True
37064,73,9.317,True
37065,75,7.74,True
37066,75,7.74,True
37067,74,7.74,True
37068,74,7.74,True
37069,74,7.74,True
37070,74,7.74,True
37071,74,7.74,True
37072,74,7.74,True
37073,73,9.317,True
37074,73,9.317,True
37075,73,9.317,True
37076,73,9.317,True
37077,73,9.317,True
37078,74,9.317,True
37079,74,9.317,True
37080,74,9.317,True
37081,74,9.317,True
37082,74,9.317,True
37083,74,9.317,True
37084,74,9.317,True
37085,74,9.317,True
37086,74,9.317,True
37087,72,8.181,True
37088,72,8.181,True
37089,72,8.181,True
37090,72,8.181,True
37091,74,8.07,True
37092,74,8.07,True
37093,74,8.07,True
37094,74,8.07,True
37095,76,8.07,True
37096,76,8.07,True
37097,76,8.07,True
37098,75,7.046,True
37099,77,8.923,True
37100,78,8.923,True
37101,77,8.923,True
37102,77,7.681,True
37103,77,7.046,True
37104,76,7.046,True
37105,76,7.046,True
37106,76,7.056,True
37107,76,7.681,True
37108,76,7.681,True
37109,76,7.681,True
37110,76,7.681,True
37111,76,7.681,True
37112,76,7.681,True
37113,75,8.305,True
37114,75,8.305,True
37115,72,7.74,True
37116,72,7.74,True
37117,72,7.74,True
37118,74,9.915,True
37119,72,9.915,True
37120,72,9.915,True
37121,70,9.915,True
37122,70,9.915,True
37123,70,9.915,True
37124,70,9.915,True
37125,69,9.915,True
37126,67,9.915,True
37127,67,9.915,True
37128,68,9.915,True
37129,67,9.915,True
37130,67,9.915,True
37131,67,9.915,True
37132,67,9.915,True
37133,63,9.915,True
37134,60,9.915,True
37135,62,9.915,True
37136,62,9.915,True
37137,68,9.915,True
37138,69,9.915,True
37139,71,9.915,True
37140,69,9.915,True
37141,70,9.915,True
37142,71,9.915,True
37143,71,9.915,True
37144,71,9.915,True
37145,64,9.915,True
37146,64,9.915,True
37147,64,9.915,True
37148,64,9.915,True
37149,64,9.915,True
37150,64,9.915,True
37151,64,9.915,True
37152,64,9.915,True
37153,64,9.915,True
37154,66,9.915,True
37155,64,9.915,True
37156,64,9.915,True
37157,64,9.915,True
37158,62,9.915,True
37159,62,9.915,True
37160,66,9.915,True
37161,65,9.915,True
37162,61,9.915,True
37163,61,9.915,True
37164,62,9.915,True
37165,62,9.915,True
37166,64,9.056,True
37167,69,9.056,True
37168,65,9.056,True
37169,65,9.056,True
37170,65,9.056,True
37171,65,9.056,True
37172,65,9.056,True
37173,65,9.056,True
37174,67,8.764,True
37175,69,8.764,True
37176,69,8.764,True
37177,69,8.764,True
37178,69,8.764,True
37179,69,8.764,True
37180,68,9.299,True
37181,66,8.764,True
37182,66,8.764,True
37183,65,8.764,True
37184,64,9.139,True
37185,64,9.139,True
37186,64,9.139,True
37187,64,9.139,True
37188,65,8.764,True
37189,64,9.139,True
37190,64,9.139,True
37191,64,9.139,True
37192,64,9.139,True
37193,64,9.139,True
37194,64,9.139,True
37195,66,6.689,True
37196,66,6.689,True
37197,66,6.689,True
37198,66,6.689,True
37199,69,6.312,True
37200,69,6.312,True
37201,69,6.312,True
37202,66,8.744,True
37203,66,8.744,True
37204,66,8.744,True
37205,67,8.744,True
37206,67,8.744,True
37207,64,8.744,True
37208,64,8.744,True
37209,65,9.139,True
37210,65,9.139,True
37211,62,9.139,True
37212,61,8.744,True
37213,60,6.689,True
37214,60,6.689,True
37215,60,6.689,True
37216,60,6.689,True
37217,60,6.689,True
37218,60,6.689,True
37219,66,5.861,True
37220,66,5.861,True
37221,63,9.299,True
37222,63,9.299,True
37223,67,9.299,True
37224,63,9.299,True
37225,64,9.299,True
37226,66,6.897,True
37227,65,9.972,True
37228,68,9.972,True
37229,66,9.972,True
37230,66,9.972,True
37231,66,9.97,True
37232,67,9.97,True
37233,68,9.97,True
37234,68,9.97,True
37235,68,9.97,True
37236,67,9.97,True
37237,66,9.97,True
37238,66,9.97,True
37239,66,9.97,True
37240,67,9.97,True
37241,66,9.97,True
37242,66,9.97,True
37243,65,8.764,True
37244,68,8.764,True
37245,64,8.764,True
37246,64,8.764,True
37247,63,8.764,True
37248,64,8.764,True
37249,64,8.764,True
37250,65,8.764,True
37251,65,9.685,True
37252,64,9.685,True
37253,64,9.685,True
37254,65,9.685,True
37255,63,9.685,True
37256,63,9.685,True
37257,63,9.685,True
37258,65,6.266,True
37259,65,6.266,True
37260,65,6.266,True
37261,65,6.266,True
37262,67,6.266,True
37263,67,6.266,True
37264,67,6.266,True
37265,65,9.299,True
37266,65,9.299,True
37267,65,9.299,True
37268,65,9.299,True
37269,65,9.299,True
37270,65,9.299,True
37271,65,9.299,True
37272,65,9.299,True
37273,67,9.678,True
37274,67,9.678,True
37275,65,8.764,True
37276,66,8.629,True
37277,66,8.629,True
37278,68,7.724,True
37279,68,7.724,True
37280,71,7.724,True
37281,68,5.462,True
37282,66,7.74,True
37283,66,7.74,True
37284,67,7.74,True
37285,67,7.74,True
37286,67,7.74,True
37287,67,7.74,True
37288,67,7.74,True
37289,67,7.74,True
37290,67,7.74,True
37291,69,7.74,True
37292,68,7.74,True
37293,69,9.1,True
37294,69,9.1,True
37295,69,9.1,True
37296,69,9.1,True
37297,69,9.1,True
37298,70,9.1,True
37299,70,9.1,True
37300,70,9.1,True
37301,70,9.1,True
37302,70,9.1,True
37303,70,9.1,True
37304,70,9.1,True
37305,69,9.1,True
37306,69,9.1,True
37307,68,9.1,True
37308,68,9.1,True
37309,68,9.1,True
37310,68,9.1,True
37311,68,9.1,True
37312,68,9.1,True
37313,68,9.1,True
37314,68,9.1,True
37315,68,9.1,True
37316,68,9.1,True
37317,68,9.1,True
37318,69,9.056,True
37319,71,9.987,True
37320,71,9.987,True
37321,71,9.987,True
37322,70,7.139,True
37323,70,7.139,True
37324,71,9.775,True
37325,71,9.775,True
37326,71,9.775,True
37327,71,9.775,True
37328,68,7.139,True
37329,68,7.139,True
37330,68,7.139,True
37331,71,9.775,True
37332,70,7.139,True
37333,71,7.74,True
37334,68,9.056,True
37335,68,9.056,True
37336,68,9.056,True
37337,69,9.056,True
37338,67,9.056,True
37339,68,9.056,True
37340,70,7.74,True
37341,70,7.74,True
37342,70,7.74,True
37343,70,7.74,True
37344,70,7.74,True
37345,73,7.974,True
37346,70,7.74,True
37347,70,7.74,True
37348,70,7.74,True
37349,70,7.74,True
37350,70,7.74,True
37351,71,7.74,True
37352,71,7.74,True
37353,71,7.74,True
37354,71,7.74,True
37355,71,7.74,True
37356,71,7.74,True
37357,71,7.74,True
37358,69,9.056,True
37359,69,9.056,True
37360,68,9.056,True
37361,67,9.056,True
37362,67,9.056,True
37363,68,9.056,True
37364,69,9.056,True
37365,68,9.056,True
37366,69,9.13,True
37367,71,9.678,True
37368,71,9.13,True
37369,71,9.13,True
37370,71,9.13,True
37371,71,9.13,True
37372,70,9.13,True
37373,69,9.056,True
37374,69,9.056,True
37375,67,8.85,True
37376,67,8.85,True
37377,67,8.85,True
37378,67,8.85,True
37379,67,8.85,True
37380,67,8.85,True
37381,66,6.954,True
37382,66,8.948,True
37383,66,8.948,True
37384,66,8.948,True
37385,66,8.948,True
37386,66,8.948,True
37387,66,8.948,True
37388,66,8.948,True
37389,67,7.358,True
37390,67,7.358,True
37391,67,7.358,True
37392,67,7.358,True
37393,69,5.492,True
37394,67,4.603,True
37395,67,4.603,True
37396,67,7.358,True
37397,67,7.358,True
37398,67,4.603,True
37399,68,4.603,True
37400,67,5.252,True
37401,69,8.601,True
37402,73,9.201,True
37403,69,8.601,True
37404,69,8.601,True
37405,70,8.601,True
37406,69,8.601,True
37407,72,8.601,True
37408,73,8.601,True
37409,73,8.601,True
37410,73,8.601,True
37411,73,8.601,True
37412,72,8.601,True
37413,72,8.601,True
37414,74,8.601,True
37415,74,8.601,True
37416,72,8.601,True
37417,69,7.358,True
37418,69,7.358,True
37419,69,7.358,True
37420,67,9.952,True
37421,67,9.952,True
37422,67,9.952,True
37423,67,9.952,True
37424,69,9.952,True
37425,67,9.952,True
37426,67,9.952,True
37427,66,9.952,True
37428,66,9.952,True
37429,69,9.952,True
37430,69,9.952,True
37431,69,9.952,True
37432,69,9.952,True
37433,71,9.663,True
37434,71,9.663,True
37435,68,9.775,True
37436,68,9.775,True
37437,68,9.775,True
37438,68,9.775,True
37439,68,9.775,True
37440,68,9.775,True
37441,68,9.663,True
37442,68,9.663,True
37443,66,9.952,True
37444,66,9.952,True
37445,66,9.952,True
37446,66,9.952,True
37447,66,9.952,True
37448,66,9.952,True
37449,66,9.952,True
37450,66,9.952,True
37451,66,9.952,True
37452,66,9.952,True
37453,67,9.952,True
37454,67,9.952,True
37455,67,9.952,True
37456,67,9.952,True
37457,67,9.952,True
37458,67,9.952,True
37459,67,9.952,True
37460,69,9.775,True
37461,69,9.775,True
37462,67,9.775,True
37463,67,9.775,True
37464,67,7.395,True
37465,66,6.411,True
37466,65,6.411,True
37467,65,6.411,True
37468,65,6.411,True
37469,67,7.358,True
37470,67,7.358,True
37471,68,9.45,True
37472,70,9.45,True
37473,70,9.45,True
37474,70,9.45,True
37475,70,9.45,True
37476,71,9.45,True
37477,71,9.45,True
37478,70,9.45,True
37479,70,9.45,True
37480,70,9.45,True
37481,70,9.45,True
37482,69,9.015,True
37483,68,8.629,True
37484,70,5.873,True
37485,70,5.873,True
37486,70,5.873,True
37487,69,5.873,True
37488,69,5.873,True
37489,69,5.873,True
37490,69,5.873,True
37491,69,5.873,True
37492,69,5.873,True
37493,69,5.873,True
37494,70,5.873,True
37495,74,5.873,True
37496,74,8.629,True
37497,73,5.561,True
37498,73,5.561,True
37499,69,6.213,True
37500,69,5.561,True
37501,69,5.561,True
37502,69,5.561,True
37503,69,5.561,True
37504,69,5.561,True
37505,69,5.561,True
37506,68,6.954,True
37507,68,6.954,True
37508,68,6.954,True
37509,68,6.954,True
37510,69,6.927,True
37511,69,6.927,True
37512,69,6.927,True
37513,68,9.159,True
37514,69,9.678,True
37515,66,8.764,True
37516,66,8.764,True
37517,65,8.764,True
37518,66,8.764,True
37519,68,8.764,True
37520,69,8.764,True
37521,68,8.764,True
37522,66,8.764,True
37523,66,8.764,True
37524,69,8.764,True
37525,69,8.764,True
37526,69,8.764,True
37527,70,8.764,True
37528,70,8.764,True
37529,67,8.764,True
37530,67,8.764,True
37531,67,8.764,True
37532,68,8.764,True
37533,68,8.764,True
37534,70,8.35,True
37535,68,8.764,True
37536,66,8.764,True
37537,65,8.764,True
37538,65,8.764,True
37539,64,8.764,True
37540,64,8.764,True
37541,68,8.764,True
37542,68,8.764,True
37543,66,8.764,True
37544,67,8.764,True
37545,67,8.764,True
37546,67,8.764,True
37547,65,8.764,True
37548,65,8.764,True
37549,65,8.764,True
37550,65,8.764,True
37551,67,8.764,True
37552,64,8.764,True
37553,67,8.764,True
37554,67,8.764,True
37555,68,9.541,True
37556,66,9.541,True
37557,66,9.541,True
37558,65,8.764,True
37559,65,8.764,True
37560,66,8.764,True
37561,65,8.764,True
37562,65,8.764,True
37563,65,8.764,True
37564,65,8.764,True
37565,67,8.764,True
37566,67,8.764,True
37567,69,8.764,True
37568,69,8.764,True
37569,70,7.267,True
37570,70,7.267,True
37571,70,7.267,True
37572,70,7.267,True
37573,71,8.781,True
37574,70,8.781,True
37575,71,8.764,True
37576,71,8.764,True
37577,71,8.764,True
37578,71,8.764,True
37579,70,8.764,True
37580,70,8.764,True
37581,70,8.764,True
37582,70,9.159,True
37583,70,9.159,True
37584,70,9.159,True
37585,70,9.159,True
37586,72,9.159,True
37587,72,9.159,True
37588,70,8.764,True
37589,70,8.764,True
37590,78,8.764,True
37591,76,8.764,True
37592,76,8.764,True
37593,75,8.764,True
37594,75,8.764,True
37595,75,8.764,True
37596,75,8.764,True
37597,68,8.764,True
37598,67,8.764,True
37599,70,9.712,True
37600,70,9.712,True
37601,69,8.764,True
37602,68,8.427,True
37603,70,9.672,True
37604,68,9.672,True
37605,68,9.672,True
37606,68,9.672,True
37607,68,9.672,True
37608,68,9.672,True
37609,68,9.672,True
37610,66,9.924,True
37611,66,9.924,True
37612,66,9.924,True
37613,66,9.924,True
37614,66,9.924,True
37615,64,9.924,True
37616,68,9.924,True
37617,68,9.924,True
37618,69,9.924,True
37619,69,9.924,True
37620,69,9.924,True
37621,69,9.924,True
37622,69,9.924,True
37623,69,9.924,True
37624,69,9.924,True
37625,72,9.424,True
37626,72,9.424,True
37627,72,9.424,True
37628,69,9.924,True
37629,71,9.924,True
37630,71,9.924,True
37631,69,9.924,True
37632,69,9.924,True
37633,70,9.924,True
37634,71,9.924,True
37635,71,9.924,True
37636,69,9.924,True
37637,70,9.924,True
37638,70,9.924,True
37639,69,9.924,True
37640,69,9.924,True
37641,69,9.924,True
37642,69,9.924,True
37643,69,9.924,True
37644,69,9.924,True
37645,70,7.579,True
37646,70,7.579,True
37647,70,7.579,True
37648,69,7.579,True
37649,69,7.579,True
37650,68,7.479,True
37651,68,7.479,True
37652,67,7.479,True
37653,67,7.479,True
37654,68,8.172,True
37655,68,8.172,True
37656,68,8.172,True
37657,67,7.972,True
37658,67,9.153,True
37659,67,9.153,True
37660,70,7.972,True
37661,70,7.972,True
37662,67,9.153,True
37663,67,8.76,True
37664,67,8.76,True
37665,67,8.76,True
37666,67,8.76,True
37667,67,8.76,True
37668,67,8.76,True
37669,67,9.422,True
37670,67,9.422,True
37671,67,9.422,True
37672,67,9.422,True
37673,67,9.422,True
37674,67,9.422,True
37675,67,9.422,True
37676,68,8.507,True
37677,67,9.153,True
37678,67,9.153,True
37679,68,9.153,True
37680,68,9.153,True
37681,68,9.153,True
37682,68,9.153,True
37683,69,7.479,True
37684,69,7.479,True
37685,69,7.479,True
37686,69,8.427,True
37687,70,8.764,True
37688,69,8.764,True
37689,69,8.764,True
37690,69,8.764,True
37691,67,8.764,True
37692,67,8.764,True
37693,67,8.764,True
37694,68,8.764,True
37695,68,8.764,True
37696,69,8.764,True
37697,65,9.153,True
37698,67,9.153,True
37699,68,8.427,True
37700,66,8.427,True
37701,68,8.427,True
37702,68,8.427,True
37703,68,8.427,True
37704,70,8.427,True
37705,70,8.427,True
37706,70,8.427,True
37707,70,8.427,True
37708,70,8.427,True
37709,69,8.427,True
37710,69,8.427,True
37711,71,8.427,True
37712,71,8.427,True
37713,69,8.427,True
37714,69,8.427,True
37715,69,8.427,True
37716,68,8.427,True
37717,68,8.427,True
37718,66,8.427,True
37719,66,8.427,True
37720,65,9.685,True
37721,65,9.685,True
37722,66,9.685,True
37723,66,9.685,True
37724,66,9.685,True
37725,68,9.685,True
37726,66,9.685,True
37727,65,9.685,True
37728,63,9.685,True
37729,63,9.685,True
37730,63,9.685,True
37731,68,7.479,True
37732,68,7.479,True
37733,68,7.479,True
37734,68,7.479,True
37735,68,7.479,True
37736,68,7.479,True
37737,68,7.479,True
37738,68,7.479,True
37739,69,7.479,True
37740,69,7.479,True
37741,69,7.479,True
37742,69,7.479,True
37743,69,7.479,True
37744,69,7.479,True
37745,69,7.479,True
37746,69,7.479,True
37747,66,7.479,True
37748,62,8.764,True
37749,64,9.015,True
37750,64,9.015,True
37751,64,9.015,True
37752,67,9.015,True
37753,67,9.015,True
37754,67,9.015,True
37755,67,9.015,True
37756,67,9.015,True
37757,69,9.015,True
37758,69,9.015,True
37759,69,9.015,True
37760,69,9.015,True
37761,69,9.015,True
37762,66,9.015,True
37763,66,9.015,True
37764,66,9.015,True
37765,66,9.015,True
37766,66,9.015,True
37767,66,9.015,True
37768,66,9.015,True
37769,66,9.015,True
37770,66,9.015,True
37771,66,9.015,True
37772,66,9.015,True
37773,68,9.015,True
37774,66,9.015,True
37775,66,9.015,True
37776,67,9.015,True
37777,64,8.865,True
37778,67,8.865,True
37779,66,8.683,True
37780,65,8.427,True
37781,65,8.427,True
37782,65,8.427,True
37783,65,8.427,True
37784,65,8.427,True
37785,65,8.427,True
37786,65,8.427,True
37787,69,8.427,True
37788,69,8.427,True
37789,69,8.427,True
37790,72,7.788,True
37791,72,7.788,True
37792,72,7.788,True
37793,68,7.788,True
37794,68,7.788,True
37795,71,7.788,True
37796,72,7.788,True
37797,72,7.788,True
37798,67,8.764,True
37799,67,8.764,True
37800,68,9.773,True
37801,68,9.773,True
37802,68,9.773,True
37803,70,8.764,True
37804,73,7.788,True
37805,73,7.788,True
37806,73,7.788,True
37807,73,7.788,True
37808,73,7.788,True
37809,71,8.989,True
37810,70,7.788,True
37811,70,7.788,True
37812,67,7.788,True
37813,65,7.788,True
37814,64,7.113,True
37815,64,7.113,True
37816,63,8.02,True
37817,63,9.675,True
37818,63,9.675,True
37819,63,9.675,True
37820,63,9.675,True
37821,63,9.675,True
37822,63,9.675,True
37823,63,9.675,True
37824,63,9.675,True
37825,62,9.675,True
37826,62,9.675,True
37827,62,9.675,True
37828,62,9.675,True
37829,62,9.675,True
37830,63,9.675,True
37831,65,9.897,True
37832,67,9.897,True
37833,67,9.897,True
37834,69,9.897,True
37835,69,9.897,True
37836,71,6.715,True
37837,71,6.715,True
37838,71,6.715,True
37839,71,6.715,True
37840,70,6.358,True
37841,70,8.994,True
37842,70,8.994,True
37843,70,8.994,True
37844,69,8.994,True
37845,70,8.994,True
37846,70,8.994,True
37847,70,8.994,True
37848,70,8.994,True
37849,70,8.994,True
37850,70,8.994,True
37851,71,8.994,True
37852,71,8.994,True
37853,68,7.806,True
37854,68,7.806,True
37855,69,7.806,True
37856,69,7.806,True
37857,68,7.806,True
37858,67,7.806,True
37859,67,7.806,True
37860,67,7.806,True
37861,69,7.806,True
37862,69,7.806,True
37863,69,7.806,True
37864,68,7.806,True
37865,68,7.806,True
37866,68,7.806,True
37867,67,7.806,True
37868,68,7.806,True
37869,68,7.806,True
37870,68,7.806,True
37871,69,7.806,True
37872,69,7.806,True
37873,67,7.806,True
37874,64,8.87,True
37875,64,8.87,True
37876,64,8.87,True
37877,64,8.87,True
37878,64,8.87,True
37879,64,8.87,True
37880,64,8.87,True
37881,63,7.806,True
37882,63,7.806,True
37883,63,5.582,True
37884,66,5.582,True
37885,66,6.551,True
37886,66,6.551,True
37887,63,9.182,True
37888,67,6.551,True
37889,67,8.771,True
37890,64,8.771,True
37891,64,7.806,True
37892,64,7.806,True
37893,64,7.806,True
37894,64,7.806,True
37895,64,7.806,True
37896,64,7.113,True
37897,63,7.113,True
37898,63,7.113,True
37899,63,7.113,True
37900,63,6.947,True
37901,63,6.947,True
37902,61,4.154,True
37903,61,4.154,True
37904,64,4.986,True
37905,64,4.986,True
37906,66,5.005,True
37907,67,7.647,True
37908,67,5.005,True
37909,67,8.497,True
37910,69,8.497,True
37911,67,8.497,True
37912,67,8.497,True
37913,67,8.744,True
37914,67,8.744,True
37915,68,8.744,True
37916,71,8.744,True
37917,71,8.744,True
37918,70,9.601,True
37919,70,9.601,True
37920,69,9.601,True
37921,69,9.601,True
37922,69,9.601,True
37923,71,9.601,True
37924,71,9.601,True
37925,71,9.601,True
37926,71,9.601,True
37927,71,9.601,True
37928,71,9.601,True
37929,71,9.601,True
37930,71,9.601,True
37931,71,9.601,True
37932,71,9.601,True
37933,71,9.601,True
37934,70,9.601,True
37935,72,9.601,True
37936,72,9.601,True
37937,70,9.601,True
37938,70,9.127,True
37939,70,9.127,True
37940,69,9.127,True
37941,71,9.127,True
37942,71,9.127,True
37943,71,9.127,True
37944,70,9.127,True
37945,69,9.127,True
37946,67,7.74,True
37947,66,9.635,True
37948,66,9.635,True
37949,66,9.635,True
37950,66,9.635,True
37951,66,9.635,True
37952,66,9.635,True
37953,66,9.635,True
37954,67,9.635,True
37955,70,9.635,True
37956,70,9.635,True
37957,70,9.635,True
37958,72,7.261,True
37959,76,7.261,True
37960,76,7.261,True
37961,75,7.261,True
37962,75,7.261,True
37963,73,5.464,True
37964,73,5.464,True
37965,73,5.464,True
37966,79,7.25,True
37967,72,5.314,True
37968,72,5.314,True
37969,73,8.174,True
37970,73,8.174,True
37971,73,8.174,True
37972,73,8.174,True
37973,73,9.456,True
37974,70,9.456,True
37975,69,9.456,True
37976,70,9.456,True
37977,72,9.456,True
37978,75,9.456,True
37979,75,9.456,True
37980,76,9.456,True
37981,74,9.456,True
37982,73,9.798,True
37983,73,9.798,True
37984,73,9.798,True
37985,73,9.798,True
37986,74,9.798,True
37987,74,9.798,True
37988,74,9.798,True
37989,73,9.798,True
37990,71,9.798,True
37991,71,9.798,True
37992,74,9.798,True
37993,73,9.798,True
37994,72,7.244,True
37995,74,7.244,True
37996,74,7.244,True
37997,74,9.806,True
37998,74,7.672,True
37999,71,8.954,True
38000,69,8.954,True
38001,69,8.954,True
38002,69,8.954,True
38003,69,8.954,True
38004,69,8.954,True
38005,68,8.954,True
38006,68,9.806,True
38007,69,7.244,True
38008,69,7.244,True
38009,67,9.062,True
38010,64,9.363,True
38011,64,9.363,True
38012,64,9.363,True
38013,64,9.363,True
38014,67,9.363,True
38015,64,9.363,True
38016,64,9.363,True
38017,64,9.363,True
38018,65,9.062,True
38019,65,9.062,True
38020,66,9.062,True
38021,66,9.062,True
38022,66,9.062,True
38023,66,9.062,True
38024,66,9.062,True
38025,69,9.003,True
38026,66,9.003,True
38027,66,9.003,True
38028,69,9.626,True
38029,69,9.626,True
38030,68,9.626,True
38031,68,9.626,True
38032,68,9.626,True
38033,68,9.626,True
38034,70,9.626,True
38035,69,9.626,True
38036,71,9.626,True
38037,71,9.626,True
38038,71,9.626,True
38039,71,9.626,True
38040,71,9.626,True
38041,69,9.626,True
38042,68,9.626,True
38043,68,9.626,True
38044,68,9.626,True
38045,65,9.003,True
38046,65,9.003,True
38047,64,8.02,True
38048,64,8.02,True
38049,64,8.02,True
38050,64,8.02,True
38051,64,8.02,True
38052,64,8.02,True
38053,66,7.571,True
38054,66,7.571,True
38055,66,7.571,True
38056,66,7.571,True
38057,66,7.571,True
38058,68,8.219,True
38059,68,8.219,True
38060,68,8.219,True
38061,69,8.219,True
38062,66,8.219,True
38063,65,8.02,True
38064,65,8.02,True
38065,67,8.161,True
38066,70,8.161,True
38067,70,8.161,True
38068,67,9.085,True
38069,67,9.085,True
38070,69,9.085,True
38071,69,9.085,True
38072,69,9.085,True
38073,69,9.085,True
38074,69,9.085,True
38075,69,9.085,True
38076,69,9.085,True
38077,67,9.085,True
38078,67,9.085,True
38079,67,8.161,True
38080,66,9.883,True
38081,66,9.883,True
38082,65,9.883,True
38083,65,9.883,True
38084,65,9.883,True
38085,65,9.883,True
38086,69,9.961,True
38087,70,9.961,True
38088,70,9.961,True
38089,70,9.961,True
38090,71,9.883,True
38091,71,7.726,True
38092,71,7.726,True
38093,70,9.961,True
38094,71,9.961,True
38095,71,9.961,True
38096,71,9.961,True
38097,71,9.883,True
38098,70,9.883,True
38099,69,8.76,True
38100,67,8.76,True
38101,67,8.76,True
38102,67,8.76,True
38103,70,8.76,True
38104,70,8.76,True
38105,69,8.76,True
38106,69,8.76,True
38107,68,8.76,True
38108,65,8.76,True
38109,65,8.76,True
38110,65,8.76,True
38111,64,8.76,True
38112,64,8.76,True
38113,64,8.76,True
38114,64,8.76,True
38115,64,8.76,True
38116,63,8.348,True
38117,63,8.348,True
38118,64,4.892,True
38119,67,9.955,True
38120,67,9.955,True
38121,64,4.892,True
38122,64,4.892,True
38123,64,4.892,True
38124,65,4.892,True
38125,68,5.636,True
38126,68,5.636,True
38127,68,5.636,True
38128,68,5.636,True
38129,68,5.636,True
38130,69,5.636,True
38131,68,5.636,True
38132,68,5.636,True
38133,67,5.636,True
38134,69,5.636,True
38135,69,5.636,True
38136,69,5.636,True
38137,69,5.636,True
38138,66,5.593,True
38139,66,5.593,True
38140,66,5.593,True
38141,68,4.892,True
38142,71,5.102,True
38143,71,5.102,True
38144,71,8.141,True
38145,71,8.141,True
38146,71,9.217,True
38147,71,9.217,True
38148,71,9.217,True
38149,70,9.217,True
38150,70,9.217,True
38151,70,9.217,True
38152,66,8.76,True
38153,66,8.76,True
38154,66,8.76,True
38155,65,8.76,True
38156,65,8.76,True
38157,65,8.76,True
38158,66,8.836,True
38159,64,9.601,True
38160,64,9.601,True
38161,64,9.601,True
38162,64,9.601,True
38163,65,9.601,True
38164,73,9.601,True
38165,75,9.338,True
38166,74,9.338,True
38167,66,9.338,True
38168,68,9.338,True
38169,68,9.338,True
38170,68,9.338,True
38171,68,9.338,True
38172,67,9.099,True
38173,70,9.249,True
38174,67,8.989,True
38175,69,4.695,True
38176,70,4.695,True
38177,70,4.695,True
38178,70,8.141,True
38179,70,8.141,True
38180,71,8.141,True
38181,72,8.141,True
38182,72,8.141,True
38183,72,8.141,True
38184,72,8.141,True
38185,69,8.141,True
38186,67,9.099,True
38187,66,9.153,True
38188,66,9.153,True
38189,66,9.153,True
38190,66,9.153,True
38191,66,9.153,True
38192,66,9.153,True
38193,66,9.153,True
38194,66,9.153,True
38195,65,9.363,True
38196,65,9.363,True
38197,65,9.363,True
38198,65,9.363,True
38199,67,9.363,True
38200,67,9.363,True
38201,67,9.363,True
38202,69,9.153,True
38203,69,9.153,True
38204,66,9.456,True
38205,67,9.456,True
38206,67,9.456,True
38207,67,9.456,True
38208,67,9.456,True
38209,67,9.456,True
38210,67,9.456,True
38211,67,9.456,True
38212,66,9.456,True
38213,67,7.036,True
38214,67,7.036,True
38215,67,7.036,True
38216,67,7.036,True
38217,67,7.036,True
38218,67,7.036,True
38219,66,9.456,True
38220,66,9.153,True
38221,66,9.153,True
38222,66,9.153,True
38223,68,6.424,True
38224,68,6.424,True
38225,68,4.103,True
38226,68,4.103,True
38227,68,4.103,True
38228,68,8.725,True
38229,67,8.725,True
38230,67,8.725,True
38231,69,8.725,True
38232,66,8.764,True
38233,66,8.764,True
38234,71,8.764,True
38235,66,8.764,True
38236,67,8.764,True
38237,67,8.764,True
38238,67,8.764,True
38239,65,9.153,True
38240,68,9.153,True
38241,70,9.153,True
38242,70,9.153,True
38243,69,9.153,True
38244,69,9.153,True
38245,69,9.153,True
38246,69,9.153,True
38247,69,9.153,True
38248,66,9.182,True
38249,67,9.153,True
38250,65,9.153,True
38251,65,9.153,True
38252,65,9.153,True
38253,65,9.153,True
38254,65,9.153,True
38255,71,8.427,True
38256,71,8.427,True
38257,71,7.943,True
38258,72,4.695,True
38259,72,4.695,True
38260,72,5.472,True
38261,72,5.472,True
38262,72,5.472,True
38263,72,5.472,True
38264,72,5.472,True
38265,72,6.427,True
38266,68,6.427,True
38267,71,7.855,True
38268,71,7.855,True
38269,71,7.787,True
38270,71,7.787,True
38271,69,6.565,True
38272,68,9.182,True
38273,67,9.675,True
38274,67,9.675,True
38275,64,9.675,True
38276,65,9.675,True
38277,65,5.472,True
38278,67,6.274,True
38279,67,6.274,True
38280,67,6.274,True
38281,67,6.592,True
38282,67,6.592,True
38283,67,6.592,True
38284,68,8.427,True
38285,68,8.427,True
38286,68,8.427,True
38287,68,8.427,True
38288,68,8.427,True
38289,68,8.427,True
38290,68,8.427,True
38291,68,8.427,True
38292,68,8.427,True
38293,68,8.427,True
38294,68,8.427,True
38295,68,8.427,True
38296,68,8.427,True
38297,68,8.427,True
38298,68,8.427,True
38299,68,8.427,True
38300,68,8.427,True
38301,68,8.427,True
38302,68,8.427,True
38303,68,8.427,True
38304,68,8.427,True
38305,68,8.427,True
38306,68,8.427,True
38307,67,8.427,True
38308,67,8.427,True
38309,67,8.427,True
38310,67,8.427,True
38311,68,9.012,True
38312,68,9.012,True
38313,71,9.012,True
38314,68,9.012,True
38315,68,8.744,True
38316,68,8.744,True
38317,68,8.744,True
38318,68,8.744,True
38319,69,8.744,True
38320,67,8.697,True
38321,67,8.697,True
38322,67,8.697,True
38323,67,8.697,True
38324,67,8.697,True
38325,72,9.676,True
38326,72,9.676,True
38327,72,9.676,True
38328,72,9.676,True
38329,72,9.676,True
38330,72,9.676,True
38331,72,9.676,True
38332,72,9.676,True
38333,72,9.676,True
38334,68,8.697,True
38335,68,8.697,True
38336,69,8.697,True
38337,69,8.697,True
38338,69,8.697,True
38339,69,8.697,True
38340,69,8.697,True
38341,72,8.931,True
38342,69,8.697,True
38343,71,8.697,True
38344,69,9.456,True
38345,71,8.697,True
38346,71,8.697,True
38347,73,8.312,True
38348,73,8.312,True
38349,73,8.312,True
38350,73,8.312,True
38351,72,8.312,True
38352,72,8.312,True
38353,71,8.427,True
38354,71,8.427,True
38355,69,8.694,True
38356,67,8.697,True
38357,67,8.697,True
38358,67,8.694,True
38359,67,8.694,True
38360,69,8.427,True
38361,70,8.312,True
38362,70,8.312,True
38363,70,8.312,True
38364,73,8.115,True
38365,73,8.115,True
38366,73,8.115,True
38367,74,8.115,True
38368,75,8.115,True
38369,76,8.115,True
38370,77,8.115,True
38371,76,8.115,True
38372,78,8.115,True
38373,78,8.115,True
38374,73,9.363,True
38375,71,9.456,True
38376,70,9.456,True
38377,70,9.456,True
38378,65,9.456,True
38379,65,9.456,True
38380,67,9.456,True
38381,67,9.456,True
38382,68,9.456,True
38383,67,9.456,True
38384,66,9.456,True
38385,70,9.456,True
38386,71,9.456,True
38387,67,9.456,True
38388,69,7.557,True
38389,69,7.557,True
38390,67,9.456,True
38391,67,9.456,True
38392,66,9.456,True
38393,66,9.456,True
38394,67,9.456,True
38395,69,9.456,True
38396,72,8.008,True
38397,71,7.393,True
38398,70,7.038,True
38399,69,7.038,True
38400,68,7.038,True
38401,67,7.038,True
38402,68,9.277,True
38403,68,7.038,True
38404,69,7.393,True
38405,67,7.393,True
38406,67,7.393,True
38407,67,7.393,True
38408,66,7.038,True
38409,65,7.038,True
38410,65,7.038,True
38411,67,8.669,True
38412,67,8.669,True
38413,65,8.669,True
38414,64,8.167,True
38415,64,8.167,True
38416,64,8.167,True
38417,64,8.167,True
38418,66,8.167,True
38419,64,8.167,True
38420,64,8.167,True
38421,64,8.167,True
38422,64,8.167,True
38423,64,7.038,True
38424,64,6.773,True
38425,64,6.773,True
38426,64,6.773,True
38427,64,6.773,True
38428,64,6.773,True
38429,64,9.004,True
38430,64,9.004,True
38431,62,9.601,True
38432,62,9.601,True
38433,63,9.833,True
38434,66,9.833,True
38435,63,9.833,True
38436,62,9.601,True
38437,62,9.601,True
38438,61,9.418,True
38439,61,9.418,True
38440,61,9.418,True
38441,60,9.418,True
38442,67,6.773,True
38443,67,6.773,True
38444,67,6.773,True
38445,67,6.773,True
38446,67,6.773,True
38447,68,6.773,True
38448,61,9.418,True
38449,61,9.418,True
38450,61,9.418,True
38451,60,9.418,True
38452,61,9.418,True
38453,61,9.418,True
38454,61,9.418,True
38455,64,9.418,True
38456,64,9.418,True
38457,64,9.418,True
38458,64,9.418,True
38459,64,9.418,True
38460,64,9.418,True
38461,64,9.418,True
38462,64,9.418,True
38463,64,9.675,True
38464,64,9.675,True
38465,64,9.675,True
38466,64,9.675,True
38467,64,9.675,True
38468,63,9.675,True
38469,63,9.675,True
38470,68,9.675,True
38471,69,9.675,True
38472,69,5.611,True
38473,70,7.998,True
38474,70,7.998,True
38475,70,7.998,True
38476,70,7.998,True
38477,72,9.099,True
38478,72,9.099,True
38479,72,9.099,True
38480,72,9.099,True
38481,72,9.099,True
38482,68,9.955,True
38483,68,9.955,True
38484,66,9.955,True
38485,66,9.955,True
38486,66,9.955,True
38487,66,9.955,True
38488,66,9.955,True
38489,68,9.955,True
38490,68,9.955,True
38491,67,9.955,True
38492,68,9.955,True
38493,73,9.955,True
38494,71,9.955,True
38495,71,9.955,True
38496,67,9.955,True
38497,67,9.955,True
38498,68,9.955,True
38499,67,9.955,True
38500,67,9.955,True
38501,65,9.955,True
38502,65,9.955,True
38503,65,9.955,True
38504,64,9.955,True
38505,64,9.955,True
38506,64,9.955,True
38507,64,9.955,True
38508,69,9.955,True
38509,70,9.955,True
38510,70,9.955,True
38511,73,9.955,True
38512,71,9.955,True
38513,71,9.955,True
38514,71,9.955,True
38515,71,9.955,True
38516,71,9.955,True
38517,69,9.743,True
38518,65,7.998,True
38519,64,7.267,True
38520,64,7.267,True
38521,66,6.762,True
38522,65,6.762,True
38523,65,6.762,True
38524,66,6.762,True
38525,65,7.998,True
38526,65,7.998,True
38527,65,7.998,True
38528,67,7.998,True
38529,68,9.822,True
38530,70,9.955,True
38531,70,9.955,True
38532,69,9.955,True
38533,69,9.955,True
38534,70,9.955,True
38535,69,9.955,True
38536,67,9.955,True
38537,67,9.955,True
38538,67,9.955,True
38539,66,9.955,True
38540,65,9.955,True
38541,65,9.955,True
38542,65,9.955,True
38543,65,9.955,True
38544,65,9.955,True
38545,66,9.955,True
38546,64,5.611,True
38547,63,5.611,True
38548,63,5.611,True
38549,63,5.611,True
38550,63,5.611,True
38551,63,8.831,True
38552,63,8.831,True
38553,65,9.724,True
38554,65,9.724,True
38555,65,9.724,True
38556,68,9.724,True
38557,68,9.724,True
38558,68,9.724,True
38559,68,9.724,True
38560,69,9.724,True
38561,71,9.867,True
38562,71,9.867,True
38563,71,9.867,True
38564,71,9.867,True
38565,71,9.867,True
38566,71,9.867,True
38567,70,9.867,True
38568,68,9.867,True
38569,70,9.867,True
38570,70,9.867,True
38571,70,9.867,True
38572,69,9.867,True
38573,69,9.867,True
38574,74,9.675,True
38575,74,9.675,True
38576,73,9.675,True
38577,73,9.675,True
38578,73,9.675,True
38579,71,9.675,True
38580,70,9.675,True
38581,70,9.675,True
38582,65,9.867,True
38583,65,9.867,True
38584,66,9.867,True
38585,66,9.867,True
38586,70,9.867,True
38587,67,9.867,True
38588,67,9.867,True
38589,65,9.675,True
38590,64,9.675,True
38591,63,9.675,True
38592,63,9.675,True
38593,63,9.675,True
38594,64,7.79,True
38595,61,7.79,True
38596,61,7.79,True
38597,64,7.267,True
38598,64,6.14,True
38599,65,7.038,True
38600,67,6.091,True
38601,67,6.091,True
38602,67,6.091,True
38603,67,6.091,True
38604,69,6.091,True
38605,69,6.091,True
38606,66,6.14,True
38607,66,6.14,True
38608,66,6.14,True
38609,66,6.14,True
38610,67,9.422,True
38611,67,9.422,True
38612,67,9.422,True
38613,67,9.422,True
38614,67,9.422,True
38615,67,9.422,True
38616,67,9.422,True
38617,67,9.422,True
38618,67,9.422,True
38619,69,9.422,True
38620,67,8.664,True
38621,70,8.664,True
38622,70,8.664,True
38623,69,8.664,True
38624,71,5.611,True
38625,71,5.611,True
38626,68,7.246,True
38627,68,7.246,True
38628,68,7.246,True
38629,68,7.246,True
38630,67,6.339,True
38631,65,6.339,True
38632,67,6.339,True
38633,67,6.339,True
38634,67,6.339,True
38635,67,6.339,True
38636,67,6.339,True
38637,66,9.675,True
38638,65,9.675,True
38639,65,9.675,True
38640,65,9.675,True
38641,64,9.675,True
38642,64,9.675,True
38643,63,9.675,True
38644,65,9.883,True
38645,65,9.883,True
38646,65,9.883,True
38647,65,9.883,True
38648,63,9.675,True
38649,63,9.675,True
38650,61,9.675,True
38651,66,9.675,True
38652,66,9.675,True
38653,66,9.675,True
38654,66,9.675,True
38655,66,9.675,True
38656,66,9.675,True
38657,66,9.675,True
38658,66,9.675,True
38659,66,9.675,True
38660,67,9.675,True
38661,67,9.675,True
38662,61,9.675,True
38663,61,9.675,True
38664,61,9.675,True
38665,64,9.675,True
38666,65,9.675,True
38667,65,9.675,True
38668,65,9.675,True
38669,62,9.675,True
38670,64,9.675,True
38671,64,9.675,True
38672,64,9.675,True
38673,64,9.675,True
38674,64,9.675,True
38675,65,9.675,True
38676,67,9.675,True
38677,67,9.675,True
38678,67,9.675,True
38679,67,9.675,True
38680,67,9.675,True
38681,64,9.675,True
38682,64,9.675,True
38683,64,9.675,True
38684,64,9.675,True
38685,64,9.675,True
38686,64,9.675,True
38687,64,9.675,True
38688,62,9.675,True
38689,62,9.675,True
38690,62,9.675,True
38691,64,9.675,True
38692,64,9.675,True
38693,64,9.675,True
38694,65,9.965,True
38695,63,9.965,True
38696,63,9.965,True
38697,63,9.965,True
38698,63,9.965,True
38699,64,9.773,True
38700,66,9.773,True
38701,67,9.773,True
38702,68,9.773,True
38703,68,9.773,True
38704,68,9.773,True
38705,68,9.773,True
38706,67,9.773,True
38707,68,9.773,True
38708,70,9.773,True
38709,67,9.773,True
38710,67,9.773,True
38711,74,9.773,True
38712,67,9.773,True
38713,67,9.773,True
38714,71,9.773,True
38715,71,9.773,True
38716,74,9.773,True
38717,74,9.773,True
38718,71,9.773,True
38719,71,9.363,True
38720,72,9.363,True
38721,72,9.363,True
38722,72,9.363,True
38723,72,9.363,True
38724,69,9.675,True
38725,69,9.675,True
38726,70,9.675,True
38727,70,9.675,True
38728,69,9.748,True
38729,69,9.748,True
38730,68,9.748,True
38731,68,9.748,True
38732,68,9.748,True
38733,68,9.748,True
38734,69,9.675,True
38735,69,9.675,True
38736,69,9.675,True
38737,69,9.675,True
38738,66,9.675,True
38739,66,9.675,True
38740,66,9.675,True
38741,66,9.675,True
38742,66,9.675,True
38743,66,9.675,True
38744,66,9.675,True
38745,66,9.675,True
38746,66,9.675,True
38747,66,9.675,True
38748,66,9.675,True
38749,66,9.675,True
38750,66,9.675,True
38751,65,9.675,True
38752,65,9.675,True
38753,65,9.675,True
38754,65,9.675,True
38755,65,9.675,True
38756,65,9.675,True
38757,65,9.675,True
38758,65,9.675,True
38759,65,9.675,True
38760,65,9.675,True
38761,65,9.675,True
38762,65,9.675,True
38763,65,9.675,True
38764,65,9.675,True
38765,65,9.675,True
38766,65,9.675,True
38767,65,9.675,True
38768,65,9.675,True
38769,65,9.675,True
38770,65,9.675,True
38771,65,9.675,True
38772,65,9.675,True
38773,68,9.363,True
38774,68,9.363,True
38775,68,9.363,True
38776,68,9.363,True
38777,70,8.764,True
38778,70,8.764,True
38779,70,8.764,True
38780,70,8.764,True
38781,73,8.764,True
38782,71,8.764,True
38783,71,8.764,True
38784,71,8.764,True
38785,71,8.764,True
38786,71,8.764,True
38787,71,8.764,True
38788,71,8.764,True
38789,73,8.764,True
38790,73,7.992,True
38791,73,7.941,True
38792,72,7.941,True
38793,72,7.941,True
38794,74,7.941,True
38795,74,7.941,True
38796,74,7.941,True
38797,74,7.941,True
38798,76,7.941,True
38799,75,7.941,True
38800,75,7.941,True
38801,75,7.941,True
38802,73,7.941,True
38803,73,7.941,True
38804,73,7.941,True
38805,73,7.941,True
38806,74,8.386,True
38807,74,7.865,True
38808,73,9.139,True
38809,72,7.865,True
38810,69,8.035,True
38811,69,8.035,True
38812,69,8.035,True
38813,69,8.035,True
38814,70,9.139,True
38815,72,8.035,True
38816,72,8.035,True
38817,69,8.744,True
38818,72,8.035,True
38819,72,8.035,True
38820,74,7.941,True
38821,72,9.675,True
38822,72,9.675,True
38823,69,9.675,True
38824,69,9.675,True
38825,69,9.675,True
38826,69,9.675,True
38827,69,9.675,True
38828,69,9.675,True
38829,69,9.675,True
38830,70,9.675,True
38831,70,9.675,True
38832,67,9.675,True
38833,69,9.675,True
38834,69,9.675,True
38835,69,9.675,True
38836,74,9.675,True
38837,75,9.675,True
38838,74,9.675,True
38839,74,9.675,True
38840,74,9.675,True
38841,73,9.805,True
38842,75,9.675,True
38843,75,9.675,True
38844,73,9.675,True
38845,71,9.675,True
38846,71,9.675,True
38847,71,9.675,True
38848,71,9.792,True
38849,71,9.792,True
38850,71,9.792,True
38851,74,9.675,True
38852,69,9.675,True
38853,70,9.675,True
38854,70,9.675,True
38855,69,9.675,True
38856,69,9.675,True
38857,68,9.675,True
38858,68,9.675,True
38859,71,9.675,True
38860,72,9.675,True
38861,75,9.675,True
38862,77,9.675,True
38863,79,9.675,True
38864,76,9.675,True
38865,76,9.675,True
38866,75,9.675,True
38867,75,9.675,True
38868,75,9.675,True
38869,75,9.675,True
38870,75,9.675,True
38871,75,9.675,True
38872,75,9.675,True
38873,74,9.675,True
38874,73,9.675,True
38875,73,9.675,True
38876,73,9.675,True
38877,73,9.675,True
38878,71,9.675,True
38879,74,9.675,True
38880,74,9.675,True
38881,73,9.675,True
38882,74,9.634,True
38883,70,8.02,True
38884,70,8.02,True
38885,70,8.02,True
38886,70,8.02,True
38887,71,8.204,True
38888,70,9.675,True
38889,69,9.675,True
38890,70,9.675,True
38891,70,9.675,True
38892,71,8.936,True
38893,71,8.936,True
38894,71,8.936,True
38895,69,8.936,True
38896,67,8.305,True
38897,67,8.305,True
38898,67,8.305,True
38899,67,8.305,True
38900,66,8.305,True
38901,69,7.7,True
38902,69,7.7,True
38903,69,7.7,True
38904,72,6.14,True
38905,71,7.681,True
38906,73,7.98,True
38907,74,6.14,True
38908,74,9.13,True
38909,75,9.13,True
38910,76,9.13,True
38911,74,9.13,True
38912,75,9.13,True
38913,75,9.13,True
38914,73,9.004,True
38915,76,9.004,True
38916,75,9.004,True
38917,73,9.004,True
38918,73,9.004,True
38919,72,9.601,True
38920,71,9.601,True
38921,71,9.601,True
38922,73,9.601,True
38923,73,9.601,True
38924,73,9.601,True
38925,75,9.601,True
38926,74,9.601,True
38927,74,9.601,True
38928,73,9.601,True
38929,71,9.601,True
38930,71,9.601,True
38931,71,9.601,True
38932,71,9.601,True
38933,71,9.601,True
38934,70,9.601,True
38935,69,9.601,True
38936,73,8.161,True
38937,73,8.161,True
38938,73,8.161,True
38939,73,8.161,True
38940,71,9.693,True
38941,70,9.693,True
38942,71,8.725,True
38943,72,9.538,True
38944,72,9.538,True
38945,72,9.538,True
38946,72,9.538,True
38947,72,9.538,True
38948,72,9.538,True
38949,71,9.538,True
38950,71,9.538,True
38951,70,8.725,True
38952,70,8.725,True
38953,70,8.725,True
38954,70,9.67,True
38955,71,9.67,True
38956,71,8.725,True
38957,72,8.725,True
38958,72,9.67,True
38959,72,9.67,True
38960,70,9.67,True
38961,70,9.67,True
38962,72,9.67,True
38963,71,9.67,True
38964,71,9.67,True
38965,71,9.67,True
38966,71,9.67,True
38967,71,9.67,True
38968,72,7.451,True
38969,71,7.988,True
38970,71,7.988,True
38971,71,7.988,True
38972,71,7.988,True
38973,71,7.451,True
38974,71,7.451,True
38975,71,7.451,True
38976,69,8.308,True
38977,69,8.308,True
38978,72,8.308,True
38979,72,5.994,True
38980,72,5.994,True
38981,72,5.994,True
38982,73,9.263,True
38983,75,9.263,True
38984,73,9.263,True
38985,73,9.263,True
38986,73,9.263,True
38987,73,9.263,True
38988,73,9.263,True
38989,73,9.263,True
38990,73,9.263,True
38991,73,9.263,True
38992,73,9.263,True
38993,73,9.263,True
38994,71,9.263,True
38995,71,9.263,True
38996,70,9.263,True
38997,71,9.263,True
38998,71,9.263,True
38999,71,9.263,True
39000,71,9.263,True
39001,74,9.263,True
39002,74,8.256,True
39003,74,8.256,True
39004,74,8.256,True
39005,74,8.256,True
39006,72,8.256,True
39007,72,8.256,True
39008,72,8.256,True
39009,72,9.263,True
39010,72,9.263,True
39011,69,9.263,True
39012,69,9.263,True
39013,68,9.911,True
39014,70,7.02,True
39015,70,7.02,True
39016,69,9.263,True
39017,71,9.263,True
39018,71,9.263,True
39019,71,9.263,True
39020,70,9.263,True
39021,70,9.263,True
39022,68,9.263,True
39023,71,9.263,True
39024,71,9.263,True
39025,71,9.263,True
39026,68,9.263,True
39027,68,9.263,True
39028,70,9.263,True
39029,70,9.263,True
39030,69,9.124,True
39031,69,9.124,True
39032,69,9.124,True
39033,67,9.95,True
39034,67,9.95,True
39035,67,9.95,True
39036,67,9.95,True
39037,67,9.95,True
39038,67,9.95,True
39039,68,9.95,True
39040,70,9.95,True
39041,69,9.95,True
39042,68,8.317,True
39043,68,8.317,True
39044,68,8.317,True
39045,68,8.317,True
39046,68,8.317,True
39047,67,8.317,True
39048,67,8.317,True
39049,67,8.317,True
39050,70,7.02,True
39051,68,7.02,True
39052,68,7.02,True
39053,68,5.932,True
39054,64,8.317,True
39055,64,8.317,True
39056,64,8.317,True
39057,64,8.317,True
39058,64,8.317,True
39059,63,8.317,True
39060,62,8.317,True
39061,63,8.317,True
39062,63,8.317,True
39063,63,8.317,True
39064,63,8.317,True
39065,63,8.317,True
39066,64,8.317,True
39067,67,8.317,True
39068,68,8.317,True
39069,69,8.725,True
39070,69,8.725,True
39071,69,8.725,True
39072,69,9.263,True
39073,69,9.748,True
39074,67,9.263,True
39075,71,9.263,True
39076,73,9.263,True
39077,72,7.373,True
39078,73,9.442,True
39079,75,9.442,True
39080,75,9.442,True
39081,72,8.105,True
39082,72,8.105,True
39083,68,8.105,True
39084,69,8.0,True
39085,72,7.256,True
39086,72,7.256,True
39087,72,7.256,True
39088,72,7.256,True
39089,70,6.992,True
39090,70,6.992,True
39091,71,6.992,True
39092,71,7.267,True
39093,74,6.992,True
39094,77,6.992,True
39095,78,6.424,True
39096,78,6.424,True
39097,76,5.454,True
39098,76,5.454,True
39099,76,5.454,True
39100,76,5.454,True
39101,75,5.953,True
39102,75,5.953,True
39103,75,5.953,True
39104,75,5.953,True
39105,75,8.573,True
39106,74,8.573,True
39107,76,5.953,True
39108,76,5.953,True
39109,76,5.953,True
39110,76,7.267,True
39111,74,8.573,True
39112,74,8.573,True
39113,72,8.573,True
39114,73,8.573,True
39115,74,9.263,True
39116,73,9.263,True
39117,72,9.263,True
39118,72,9.263,True
39119,72,9.263,True
39120,71,9.263,True
39121,69,9.886,True
39122,69,9.886,True
39123,69,9.886,True
39124,68,9.886,True
39125,69,9.886,True
39126,69,9.886,True
39127,68,9.886,True
39128,71,9.886,True
39129,71,9.263,True
39130,70,8.317,True
39131,70,8.317,True
39132,70,7.267,True
39133,71,9.763,True
39134,73,9.763,True
39135,71,9.763,True
39136,75,9.763,True
39137,74,9.763,True
39138,75,9.763,True
39139,78,9.763,True
39140,78,9.763,True
39141,78,9.763,True
39142,79,9.763,True
39143,77,9.763,True
39144,78,9.763,True
39145,77,8.931,True
39146,75,8.931,True
39147,74,8.727,True
39148,75,8.727,True
39149,75,9.675,True
39150,72,9.675,True
39151,72,9.675,True
39152,72,9.675,True
39153,71,9.675,True
39154,71,9.59,True
39155,71,9.59,True
39156,74,9.59,True
39157,74,9.59,True
39158,74,9.59,True
39159,76,9.59,True
39160,76,9.59,True
39161,74,9.59,True
39162,75,9.59,True
39163,72,9.59,True
39164,71,9.59,True
39165,71,9.59,True
39166,69,9.59,True
39167,73,9.59,True
39168,73,9.59,True
39169,73,9.59,True
39170,72,9.59,True
39171,72,9.59,True
39172,73,9.864,True
39173,75,9.59,True
39174,75,8.673,True
39175,75,8.673,True
39176,75,8.673,True
39177,75,9.738,True
39178,75,9.738,True
39179,75,9.738,True
39180,77,9.738,True
39181,77,9.738,True
39182,76,9.738,True
39183,74,9.738,True
39184,73,8.954,True
39185,72,9.47,True
39186,68,9.47,True
39187,69,9.47,True
39188,69,9.47,True
39189,69,9.47,True
39190,69,9.47,True
39191,69,8.991,True
39192,68,8.991,True
39193,76,9.806,True
39194,78,9.806,True
39195,74,8.991,True
39196,74,8.991,True
39197,74,8.991,True
39198,69,8.991,True
39199,66,8.991,True
39200,67,9.314,True
39201,67,9.314,True
39202,68,9.314,True
39203,69,9.314,True
39204,74,9.314,True
39205,74,9.314,True
39206,74,9.314,True
39207,69,9.314,True
39208,69,9.314,True
39209,72,9.314,True
39210,74,6.114,True
39211,74,6.114,True
39212,74,6.114,True
39213,71,6.114,True
39214,70,8.836,True
39215,69,8.836,True
39216,69,8.836,True
39217,69,8.836,True
39218,69,8.836,True
39219,75,8.836,True
39220,72,8.836,True
39221,72,8.836,True
39222,68,9.614,True
39223,68,9.614,True
39224,68,9.614,True
39225,68,9.614,True
39226,66,8.836,True
39227,65,9.897,True
39228,65,9.897,True
39229,65,9.897,True
39230,65,9.897,True
39231,65,9.897,True
39232,65,9.897,True
39233,65,9.897,True
39234,65,9.897,True
39235,69,9.897,True
39236,69,9.897,True
39237,69,9.897,True
39238,71,9.897,True
39239,75,9.981,True
39240,74,8.836,True
39241,70,8.836,True
39242,70,8.836,True
39243,69,8.836,True
39244,69,8.836,True
39245,68,8.836,True
39246,68,6.859,True
39247,68,6.702,True
39248,72,6.702,True
39249,69,6.702,True
39250,74,6.702,True
39251,76,6.702,True
39252,71,9.367,True
39253,71,9.367,True
39254,72,9.367,True
39255,71,9.367,True
39256,72,6.091,True
39257,71,7.999,True
39258,71,7.999,True
39259,68,7.999,True
39260,67,7.999,True
39261,67,7.999,True
39262,67,7.999,True
39263,71,7.999,True
39264,71,7.999,True
39265,72,7.999,True
39266,75,7.999,True
39267,78,9.337,True
39268,74,9.337,True
39269,75,9.894,True
39270,75,9.894,True
39271,75,9.894,True
39272,75,9.894,True
39273,73,9.337,True
39274,73,9.337,True
39275,78,9.337,True
39276,77,9.742,True
39277,75,9.742,True
39278,75,9.742,True
39279,74,9.742,True
39280,74,9.742,True
39281,75,9.91,True
39282,75,9.91,True
39283,75,9.91,True
39284,75,9.91,True
39285,75,9.91,True
39286,77,9.91,True
39287,77,9.91,True
39288,79,9.91,True
39289,79,9.91,True
39290,77,9.91,True
39291,75,9.91,True
39292,73,9.91,True
39293,73,9.277,True
39294,74,9.2,True
39295,73,9.971,True
39296,75,9.971,True
39297,72,9.971,True
39298,72,9.971,True
39299,70,9.971,True
39300,70,9.971,True
39301,70,9.971,True
39302,72,9.971,True
39303,71,9.971,True
39304,69,9.971,True
39305,69,9.971,True
39306,70,9.2,True
39307,71,9.2,True
39308,72,9.2,True
39309,72,9.2,True
39310,71,9.2,True
39311,68,9.2,True
39312,69,7.896,True
39313,74,9.329,True
39314,74,9.329,True
39315,74,9.329,True
39316,73,9.329,True
39317,73,9.329,True
39318,73,9.329,True
39319,73,9.329,True
39320,73,9.329,True
39321,73,9.329,True
39322,68,8.744,True
39323,70,8.744,True
39324,71,8.744,True
39325,69,8.744,True
39326,69,8.744,True
39327,68,9.027,True
39328,69,9.027,True
39329,69,9.027,True
39330,69,9.027,True
39331,73,9.798,True
39332,73,9.798,True
39333,71,9.798,True
39334,69,9.798,True
39335,68,9.798,True
39336,68,9.798,True
39337,64,9.418,True
39338,67,9.532,True
39339,67,9.532,True
39340,67,9.532,True
39341,67,9.532,True
39342,63,9.418,True
39343,62,9.418,True
39344,62,9.418,True
39345,65,9.552,True
39346,67,9.552,True
39347,67,9.552,True
39348,70,9.552,True
39349,67,9.552,True
39350,71,9.683,True
39351,72,9.683,True
39352,71,9.683,True
39353,71,9.683,True
39354,67,9.675,True
39355,67,9.675,True
39356,68,9.675,True
39357,69,9.675,True
39358,69,9.675,True
39359,69,9.675,True
39360,73,9.675,True
39361,73,9.675,True
39362,75,9.675,True
39363,75,9.675,True
39364,74,9.675,True
39365,76,9.914,True
39366,76,9.914,True
39367,76,9.914,True
39368,76,9.914,True
39369,76,9.914,True
39370,71,9.914,True
39371,69,9.675,True
39372,69,9.675,True
39373,69,9.675,True
39374,64,9.675,True
39375,64,9.675,True
39376,64,9.675,True
39377,65,9.119,True
39378,65,7.79,True
39379,65,7.79,True
39380,67,7.79,True
39381,65,7.79,True
39382,69,7.79,True
39383,68,7.79,True
39384,68,7.79,True
39385,68,7.79,True
39386,64,9.119,True
39387,66,9.119,True
39388,63,9.418,True
39389,63,9.418,True
39390,63,9.418,True
39391,62,9.418,True
39392,62,9.418,True
39393,62,9.418,True
39394,62,9.418,True
39395,62,9.418,True
39396,64,8.694,True
39397,62,9.418,True
39398,62,9.418,True
39399,62,9.418,True
39400,64,9.418,True
39401,66,9.418,True
39402,66,9.418,True
39403,66,9.418,True
39404,67,9.418,True
39405,67,9.418,True
39406,66,9.418,True
39407,66,9.418,True
39408,66,9.675,True
39409,65,9.675,True
39410,65,9.675,True
39411,68,9.675,True
39412,68,9.675,True
39413,68,9.675,True
39414,69,9.675,True
39415,69,9.675,True
39416,71,9.675,True
39417,71,9.675,True
39418,71,9.675,True
39419,70,9.675,True
39420,70,9.675,True
39421,70,9.675,True
39422,71,9.675,True
39423,68,9.675,True
39424,68,9.675,True
39425,65,9.675,True
39426,68,9.675,True
39427,65,9.675,True
39428,66,9.675,True
39429,66,9.675,True
39430,66,9.86,True
39431,65,9.86,True
39432,65,9.86,True
39433,65,9.86,True
39434,65,9.86,True
39435,71,9.86,True
39436,74,9.675,True
39437,74,9.675,True
39438,68,9.675,True
39439,66,9.675,True
39440,67,9.675,True
39441,67,9.675,True
39442,67,9.675,True
39443,68,9.675,True
39444,71,9.675,True
39445,74,8.915,True
39446,74,8.915,True
39447,74,8.915,True
39448,72,8.915,True
39449,74,9.84,True
39450,73,9.84,True
39451,73,9.84,True
39452,75,9.84,True
39453,73,8.915,True
39454,71,9.693,True
39455,74,9.693,True
39456,71,9.693,True
39457,72,9.693,True
39458,71,9.418,True
39459,72,9.418,True
39460,70,9.418,True
39461,67,9.418,True
39462,67,9.418,True
39463,67,9.418,True
39464,65,9.418,True
39465,66,9.418,True
39466,66,9.418,True
39467,66,9.418,True
39468,66,9.418,True
39469,65,9.418,True
39470,65,9.418,True
39471,65,9.418,True
39472,64,9.418,True
39473,64,9.418,True
39474,65,7.533,True
39475,65,7.533,True
39476,65,7.533,True
39477,65,7.533,True
39478,68,6.773,True
39479,68,6.773,True
39480,68,6.773,True
39481,67,7.036,True
39482,67,7.036,True
39483,66,6.773,True
39484,71,6.773,True
39485,71,9.693,True
39486,71,9.693,True
39487,71,9.693,True
39488,72,9.693,True
39489,72,9.693,True
39490,72,9.693,True
39491,75,8.073,True
39492,72,9.693,True
39493,72,9.693,True
39494,73,9.693,True
39495,73,9.693,True
39496,76,9.693,True
39497,76,9.693,True
39498,76,9.693,True
39499,76,9.693,True
39500,73,9.693,True
39501,73,9.693,True
39502,73,9.693,True
39503,72,9.693,True
39504,69,9.693,True
39505,69,9.693,True
39506,70,6.973,True
39507,70,6.973,True
39508,70,6.973,True
39509,70,6.973,True
39510,70,6.973,True
39511,70,6.973,True
39512,69,9.693,True
39513,69,9.693,True
39514,67,9.693,True
39515,67,9.693,True
39516,67,9.693,True
39517,68,9.693,True
39518,70,7.807,True
39519,70,7.807,True
39520,68,9.693,True
39521,68,9.693,True
39522,68,9.693,True
39523,72,9.693,True
39524,72,9.693,True
39525,72,9.693,True
39526,72,9.693,True
39527,72,9.693,True
39528,73,9.693,True
39529,73,9.693,True
39530,70,9.693,True
39531,70,9.693,True
39532,70,9.693,True
39533,70,9.693,True
39534,71,9.693,True
39535,71,9.693,True
39536,71,9.693,True
39537,71,9.811,True
39538,71,9.811,True
39539,71,9.811,True
39540,72,9.811,True
39541,72,9.811,True
39542,72,9.811,True
39543,72,9.693,True
39544,71,9.693,True
39545,70,9.693,True
39546,70,9.693,True
39547,70,9.693,True
39548,72,9.693,True
39549,70,9.693,True
39550,71,9.232,True
39551,71,9.232,True
39552,74,9.232,True
39553,69,9.791,True
39554,69,9.791,True
39555,70,9.791,True
39556,71,7.42,True
39557,71,7.42,True
39558,72,7.42,True
39559,71,9.232,True
39560,74,9.232,True
39561,71,9.232,True
39562,68,9.232,True
39563,69,9.819,True
39564,73,9.866,True
39565,73,9.866,True
39566,73,9.866,True
39567,73,9.866,True
39568,70,9.866,True
39569,70,9.866,True
39570,70,9.866,True
39571,68,9.675,True
39572,68,9.675,True
39573,68,9.675,True
39574,69,9.675,True
39575,69,9.675,True
39576,66,9.943,True
39577,65,9.943,True
39578,65,9.675,True
39579,65,9.675,True
39580,68,9.773,True
39581,68,9.773,True
39582,71,9.773,True
39583,71,9.773,True
39584,71,9.773,True
39585,71,9.773,True
39586,68,9.773,True
39587,68,9.773,True
39588,69,9.773,True
39589,69,9.773,True
39590,69,9.773,True
39591,67,9.675,True
39592,67,9.675,True
39593,67,9.675,True
39594,67,9.675,True
39595,67,9.675,True
39596,67,9.675,True
39597,67,9.675,True
39598,67,9.675,True
39599,67,9.675,True
39600,67,9.675,True
39601,65,9.675,True
39602,66,9.675,True
39603,65,9.675,True
39604,67,9.675,True
39605,65,9.675,True
39606,65,9.675,True
39607,65,9.675,True
39608,64,9.675,True
39609,66,9.675,True
39610,68,9.675,True
39611,68,9.675,True
39612,71,9.675,True
39613,71,9.675,True
39614,65,9.675,True
39615,65,9.675,True
39616,65,9.675,True
39617,65,9.675,True
39618,65,9.675,True
39619,65,9.675,True
39620,68,9.675,True
39621,68,9.675,True
39622,67,9.675,True
39623,64,9.675,True
39624,64,9.675,True
39625,64,9.675,True
39626,64,9.675,True
39627,63,9.897,True
39628,63,9.675,True
39629,63,9.675,True
39630,67,9.675,True
39631,67,9.675,True
39632,67,9.675,True
39633,67,9.675,True
39634,64,9.675,True
39635,64,9.675,True
39636,64,9.675,True
39637,63,9.675,True
39638,63,9.675,True
39639,64,9.675,True
39640,63,9.675,True
39641,63,9.675,True
39642,63,9.675,True
39643,63,9.675,True
39644,63,9.675,True
39645,63,9.675,True
39646,63,9.675,True
39647,63,9.675,True
39648,65,9.675,True
39649,65,9.675,True
39650,65,9.675,True
39651,66,9.675,True
39652,64,9.675,True
39653,64,9.675,True
39654,64,9.675,True
39655,62,9.675,True
39656,62,9.675,True
39657,62,9.675,True
39658,62,9.675,True
39659,61,9.675,True
39660,61,9.675,True
39661,63,9.675,True
39662,63,9.675,True
39663,63,9.675,True
39664,63,9.675,True
39665,67,9.675,True
39666,73,9.675,True
39667,73,9.675,True
39668,73,9.675,True
39669,73,9.675,True
39670,75,9.675,True
39671,71,9.675,True
39672,67,9.675,True
39673,67,9.675,True
39674,67,9.675,True
39675,67,9.675,True
39676,67,9.675,True
39677,67,9.675,True
39678,67,9.675,True
39679,66,9.675,True
39680,67,9.675,True
39681,65,9.675,True
39682,65,9.675,True
39683,67,9.675,True
39684,65,9.675,True
39685,65,9.675,True
39686,65,9.675,True
39687,65,9.675,True
39688,65,9.675,True
39689,61,9.675,True
39690,61,9.675,True
39691,63,9.675,True
39692,63,9.675,True
39693,65,9.675,True
39694,65,9.675,True
39695,67,9.675,True
39696,65,9.675,True
39697,65,9.675,True
39698,69,9.675,True
39699,66,9.675,True
39700,68,9.675,True
39701,64,9.675,True
39702,64,9.675,True
39703,64,9.675,True
39704,65,9.675,True
39705,64,9.675,True
39706,64,9.675,True
39707,63,9.675,True
39708,65,7.038,True
39709,65,7.038,True
39710,66,6.755,True
39711,65,7.038,True
39712,66,7.038,True
39713,66,7.038,True
39714,66,7.038,True
39715,66,7.038,True
39716,66,7.038,True
39717,66,7.038,True
39718,66,7.038,True
39719,66,7.038,True
39720,67,7.038,True
39721,70,7.038,True
39722,68,7.038,True
39723,67,7.038,True
39724,67,7.038,True
39725,67,7.038,True
39726,67,7.038,True
39727,67,7.038,True
39728,67,7.038,True
39729,67,7.79,True
39730,66,7.79,True
39731,69,7.79,True
39732,66,7.79,True
39733,66,7.79,True
39734,69,7.038,True
39735,70,7.056,True
39736,70,7.056,True
39737,67,7.79,True
39738,67,7.79,True
39739,66,9.675,True
39740,66,9.675,True
39741,66,9.675,True
39742,66,9.675,True
39743,66,9.675,True
39744,69,9.675,True
39745,66,9.675,True
39746,70,7.892,True
39747,71,7.892,True
39748,74,7.892,True
39749,70,9.675,True
39750,67,9.675,True
39751,67,9.675,True
39752,67,9.675,True
39753,69,9.748,True
39754,70,9.748,True
39755,69,9.748,True
39756,67,9.748,True
39757,67,9.748,True
39758,67,9.748,True
39759,67,9.748,True
39760,67,9.748,True
39761,67,9.748,True
39762,67,9.748,True
39763,67,9.748,True
39764,70,9.675,True
39765,72,9.675,True
39766,72,9.675,True
39767,73,9.675,True
39768,72,8.88,True
39769,72,8.88,True
39770,75,8.88,True
39771,75,8.88,True
39772,73,9.796,True
39773,73,9.796,True
39774,73,9.796,True
39775,73,9.796,True
39776,73,9.796,True
39777,73,9.796,True
39778,72,9.796,True
39779,74,9.141,True
39780,74,9.141,True
39781,70,7.038,True
39782,69,7.038,True
39783,68,7.038,True
39784,69,7.038,True
39785,69,7.038,True
39786,69,7.337,True
39787,70,7.337,True
39788,65,7.337,True
39789,63,8.013,True
39790,63,8.013,True
39791,67,8.013,True
39792,67,8.013,True
39793,70,7.658,True
39794,69,7.658,True
39795,69,7.658,True
39796,72,7.038,True
39797,66,7.038,True
39798,66,7.038,True
39799,66,7.038,True
39800,66,9.675,True
39801,68,9.675,True
39802,68,7.058,True
39803,68,7.058,True
39804,68,7.058,True
39805,64,7.038,True
39806,64,7.038,True
39807,64,7.038,True
39808,64,7.038,True
39809,64,7.038,True
39810,67,7.038,True
39811,67,7.038,True
39812,67,7.038,True
39813,65,7.642,True
39814,65,7.642,True
39815,65,7.642,True
39816,65,7.642,True
39817,65,7.642,True
39818,64,8.013,True
39819,64,8.013,True
39820,64,8.013,True
39821,64,8.013,True
39822,64,8.013,True
39823,64,8.013,True
39824,62,8.013,True
39825,62,8.013,True
39826,62,6.067,True
39827,62,6.067,True
39828,62,6.067,True
39829,63,6.067,True
39830,63,6.067,True
39831,63,6.067,True
39832,64,8.725,True
39833,65,6.067,True
39834,63,6.067,True
39835,63,4.031,True
39836,64,9.238,True
39837,64,9.238,True
39838,64,9.238,True
39839,67,9.238,True
39840,69,8.663,True
39841,66,8.663,True
39842,66,8.663,True
39843,66,8.663,True
39844,64,9.238,True
39845,64,9.238,True
39846,64,9.238,True
39847,64,9.238,True
39848,60,9.238,True
39849,60,9.238,True
39850,61,9.238,True
39851,64,9.238,True
39852,64,9.238,True
39853,64,9.238,True
39854,61,9.238,True
39855,62,9.238,True
39856,64,9.238,True
39857,63,9.238,True
39858,63,9.238,True
39859,62,6.973,True
39860,63,9.238,True
39861,63,9.238,True
39862,61,9.238,True
39863,63,9.238,True
39864,63,5.582,True
39865,63,5.582,True
39866,65,5.582,True
39867,65,5.582,True
39868,65,7.579,True
39869,65,7.579,True
39870,65,7.579,True
39871,65,7.579,True
39872,63,7.579,True
39873,63,7.579,True
39874,63,8.744,True
39875,63,8.744,True
39876,63,8.744,True
39877,64,9.939,True
39878,63,9.939,True
39879,64,8.102,True
39880,64,8.102,True
39881,66,8.102,True
39882,65,8.102,True
39883,65,8.102,True
39884,64,9.939,True
39885,64,9.939,True
39886,64,9.939,True
39887,63,9.939,True
39888,61,9.939,True
39889,61,9.939,True
39890,61,9.939,True
39891,60,9.601,True
39892,61,9.939,True
39893,64,9.939,True
39894,64,5.269,True
39895,64,5.269,True
39896,64,5.269,True
39897,64,5.269,True
39898,64,5.269,True
39899,64,5.269,True
39900,64,5.269,True
39901,64,5.269,True
39902,64,5.269,True
39903,64,5.269,True
39904,63,9.748,True
39905,65,8.579,True
39906,65,8.579,True
39907,67,9.822,True
39908,67,9.822,True
39909,67,9.822,True
39910,67,9.822,True
39911,67,9.822,True
39912,68,8.924,True
39913,66,8.924,True
39914,66,8.924,True
39915,66,8.924,True
39916,66,8.924,True
39917,66,9.939,True
39918,66,9.939,True
39919,66,9.939,True
39920,67,9.939,True
39921,67,9.939,True
39922,64,9.939,True
39923,64,9.939,True
39924,65,9.939,True
39925,65,9.939,True
39926,66,9.939,True
39927,66,9.939,True
39928,73,9.939,True
39929,73,9.939,True
39930,71,9.939,True
39931,69,9.939,True
39932,71,9.939,True
39933,70,7.387,True
39934,70,8.744,True
39935,70,8.744,True
39936,71,8.744,True
39937,71,8.744,True
39938,70,8.744,True
39939,70,8.744,True
39940,70,8.744,True
39941,70,8.744,True
39942,73,8.744,True
39943,73,8.744,True
39944,70,8.744,True
39945,69,8.744,True
39946,71,8.744,True
39947,72,8.744,True
39948,75,8.706,True
39949,75,8.706,True
39950,75,8.706,True
39951,75,8.706,True
39952,73,5.482,True
39953,74,7.726,True
39954,72,8.682,True
39955,71,8.954,True
39956,71,8.954,True
39957,71,8.954,True
39958,69,8.954,True
39959,68,9.456,True
39960,68,9.456,True
39961,68,9.456,True
39962,69,9.456,True
39963,69,9.456,True
39964,64,9.456,True
39965,65,9.456,True
39966,65,9.456,True
39967,65,9.456,True
39968,66,9.456,True
39969,66,9.456,True
39970,67,9.456,True
39971,67,9.456,True
39972,67,9.456,True
39973,67,9.456,True
39974,67,9.456,True
39975,67,9.456,True
39976,69,6.067,True
39977,69,6.067,True
39978,69,6.067,True
39979,68,6.609,True
39980,68,6.609,True
39981,68,6.609,True
39982,67,7.351,True
39983,67,7.351,True
39984,68,7.688,True
39985,74,7.688,True
39986,74,7.688,True
39987,74,7.688,True
39988,72,9.139,True
39989,72,9.139,True
39990,74,8.085,True
39991,72,7.351,True
39992,72,7.351,True
39993,72,9.039,True
39994,72,9.039,True
39995,72,9.039,True
39996,69,7.351,True
39997,69,7.351,True
39998,66,7.351,True
39999,74,9.813,True
40000,74,9.813,True
40001,74,9.813,True
40002,71,9.418,True
40003,69,9.418,True
40004,69,9.418,True
40005,69,9.418,True
40006,69,9.418,True
40007,69,9.418,True
40008,69,6.609,True
40009,69,9.418,True
40010,69,9.418,True
40011,69,9.776,True
40012,66,9.897,True
40013,67,9.897,True
40014,70,9.897,True
40015,69,9.897,True
40016,69,9.897,True
40017,69,9.897,True
40018,69,9.897,True
40019,69,9.897,True
40020,70,9.897,True
40021,73,9.867,True
40022,74,9.867,True
40023,74,9.867,True
40024,72,9.71,True
40025,71,9.71,True
40026,73,9.71,True
40027,72,9.71,True
40028,74,9.279,True
40029,69,6.609,True
40030,68,6.609,True
40031,68,7.643,True
40032,68,7.643,True
40033,68,7.643,True
40034,68,7.643,True
40035,68,7.643,True
40036,71,7.643,True
40037,67,8.272,True
40038,68,8.272,True
40039,66,7.686,True
40040,69,7.686,True
40041,69,7.686,True
40042,69,7.686,True
40043,68,7.686,True
40044,69,7.686,True
40045,69,7.686,True
40046,70,7.643,True
40047,69,7.643,True
40048,69,8.822,True
40049,74,9.318,True
40050,74,9.318,True
40051,68,8.822,True
40052,70,7.686,True
40053,70,7.686,True
40054,72,8.272,True
40055,72,8.272,True
40056,72,8.272,True
40057,72,8.272,True
40058,69,9.798,True
40059,69,9.798,True
40060,69,9.798,True
40061,70,9.798,True
40062,69,9.798,True
40063,72,7.953,True
40064,70,7.953,True
40065,70,7.953,True
40066,70,7.953,True
40067,70,7.953,True
40068,65,9.027,True
40069,69,7.953,True
40070,67,7.953,True
40071,64,7.953,True
40072,68,7.953,True
40073,68,7.953,True
40074,69,7.953,True
40075,68,9.601,True
40076,68,9.601,True
40077,68,9.601,True
40078,68,9.601,True
40079,64,9.601,True
40080,64,8.816,True
40081,64,8.816,True
40082,62,9.798,True
40083,62,9.798,True
40084,62,9.798,True
40085,61,9.798,True
40086,62,9.798,True
40087,62,9.798,True
40088,62,9.798,True
40089,62,9.798,True
40090,65,7.953,True
40091,65,7.953,True
40092,70,7.953,True
40093,73,7.953,True
40094,73,7.953,True
40095,70,7.953,True
40096,70,7.953,True
40097,70,7.953,True
40098,69,7.953,True
40099,66,9.798,True
40100,66,9.798,True
40101,66,9.798,True
40102,66,9.798,True
40103,66,9.798,True
40104,66,9.798,True
40105,66,9.798,True
40106,66,9.798,True
40107,70,8.381,True
40108,70,8.381,True
40109,66,9.027,True
40110,66,9.027,True
40111,66,9.027,True
40112,66,9.027,True
40113,66,9.027,True
40114,66,9.027,True
40115,66,9.027,True
40116,66,9.027,True
40117,66,9.027,True
40118,66,9.027,True
40119,74,9.027,True
40120,74,9.027,True
40121,74,9.027,True
40122,74,9.027,True
40123,74,9.027,True
40124,74,9.027,True
40125,74,9.027,True
40126,74,9.027,True
40127,74,9.027,True
40128,76,9.027,True
40129,76,9.027,True
40130,75,9.027,True
40131,77,8.341,True
40132,79,8.923,True
40133,76,8.923,True
40134,76,8.923,True
40135,76,8.923,True
40136,73,8.923,True
40137,74,8.923,True
40138,72,8.923,True
40139,70,7.461,True
40140,70,7.461,True
40141,71,4.953,True
40142,73,4.953,True
40143,73,4.953,True
40144,73,4.953,True
40145,75,4.953,True
40146,74,7.812,True
40147,72,8.876,True
40148,70,8.876,True
40149,72,8.876,True
40150,71,7.652,True
40151,71,7.652,True
40152,71,7.652,True
40153,69,7.451,True
40154,67,7.451,True
40155,67,7.451,True
40156,65,7.451,True
40157,65,7.451,True
40158,66,9.446,True
40159,71,9.625,True
40160,71,9.625,True
40161,65,7.451,True
40162,65,7.451,True
40163,66,7.044,True
40164,70,7.044,True
40165,72,9.385,True
40166,72,9.385,True
40167,75,9.385,True
40168,77,9.385,True
40169,75,9.67,True
40170,74,9.67,True
40171,76,9.67,True
40172,75,9.67,True
40173,74,9.67,True
40174,74,9.67,True
40175,73,9.67,True
40176,74,9.67,True
40177,74,9.67,True
40178,73,9.67,True
40179,71,9.67,True
40180,72,9.67,True
40181,72,9.67,True
40182,71,9.67,True
40183,68,9.67,True
40184,70,9.67,True
40185,70,9.67,True
40186,70,9.67,True
40187,70,9.2,True
40188,67,9.2,True
40189,67,9.2,True
40190,75,9.2,True
40191,67,9.2,True
40192,67,9.2,True
40193,67,9.2,True
40194,67,8.601,True
40195,68,7.785,True
40196,68,7.785,True
40197,70,7.785,True
40198,70,7.785,True
40199,70,7.785,True
40200,70,7.785,True
40201,70,7.785,True
40202,70,7.328,True
40203,72,9.423,True
40204,69,9.423,True
40205,71,9.004,True
40206,68,9.897,True
40207,68,9.897,True
40208,68,9.897,True
40209,68,9.897,True
40210,68,9.897,True
40211,70,9.897,True
40212,67,9.897,True
40213,69,9.897,True
40214,68,9.897,True
40215,70,9.897,True
40216,70,9.897,True
40217,70,9.897,True
40218,67,9.897,True
40219,67,9.897,True
40220,67,9.897,True
40221,68,9.897,True
40222,70,9.382,True
40223,71,7.656,True
40224,71,7.656,True
40225,69,7.401,True
40226,68,8.397,True
40227,68,8.397,True
40228,70,8.397,True
40229,70,8.397,True
40230,70,8.397,True
40231,68,8.397,True
40232,66,9.57,True
40233,67,9.57,True
40234,67,9.57,True
40235,64,9.57,True
40236,64,9.57,True
40237,68,9.57,True
40238,68,9.57,True
40239,66,9.57,True
40240,66,9.57,True
40241,66,9.57,True
40242,64,9.57,True
40243,64,9.57,True
40244,64,9.57,True
40245,66,9.57,True
40246,66,9.57,True
40247,66,9.57,True
40248,67,9.57,True
40249,68,9.57,True
40250,65,9.57,True
40251,64,9.57,True
40252,64,9.57,True
40253,63,9.897,True
40254,62,9.897,True
40255,62,9.897,True
40256,62,9.897,True
40257,63,9.897,True
40258,63,9.897,True
40259,65,8.694,True
40260,66,8.694,True
40261,66,8.694,True
40262,66,8.694,True
40263,66,8.694,True
40264,67,8.694,True
40265,66,7.451,True
40266,66,7.451,True
40267,67,6.092,True
40268,68,7.656,True
40269,70,7.656,True
40270,67,9.027,True
40271,67,9.027,True
40272,67,9.027,True
40273,67,9.027,True
40274,67,9.027,True
40275,73,9.027,True
40276,73,9.027,True
40277,73,8.124,True
40278,74,8.124,True
40279,75,8.124,True
40280,75,8.124,True
40281,73,9.027,True
40282,73,9.027,True
40283,73,9.027,True
40284,73,9.027,True
40285,74,9.027,True
40286,74,9.027,True
40287,71,9.027,True
40288,69,9.2,True
40289,67,9.897,True
40290,66,9.897,True
40291,67,9.897,True
40292,67,9.897,True
40293,67,9.897,True
40294,67,9.897,True
40295,66,9.897,True
40296,66,9.897,True
40297,66,9.897,True
40298,67,9.897,True
40299,68,7.694,True
40300,67,9.027,True
40301,67,9.027,True
40302,68,9.027,True
40303,68,9.027,True
40304,65,9.027,True
40305,65,9.027,True
40306,65,9.027,True
40307,65,7.451,True
40308,68,7.451,True
40309,66,7.451,True
40310,66,7.451,True
40311,66,7.451,True
40312,66,7.451,True
40313,64,7.451,True
40314,64,5.566,True
40315,64,5.566,True
40316,65,5.566,True
40317,67,8.76,True
40318,67,8.76,True
40319,67,9.438,True
40320,69,9.438,True
40321,72,9.438,True
40322,69,9.438,True
40323,69,9.438,True
40324,69,9.47,True
40325,68,9.2,True
40326,67,9.2,True
40327,67,9.2,True
40328,67,9.2,True
40329,67,9.2,True
40330,68,9.616,True
40331,67,9.616,True
40332,67,9.616,True
40333,66,9.027,True
40334,66,9.027,True
40335,67,9.027,True
40336,71,9.027,True
40337,71,9.027,True
40338,71,9.027,True
40339,70,9.027,True
40340,70,9.027,True
40341,70,9.027,True
40342,70,9.745,True
40343,69,9.745,True
40344,67,9.745,True
40345,69,9.745,True
40346,67,9.027,True
40347,68,6.888,True
40348,67,6.888,True
40349,67,6.888,True
40350,67,6.888,True
40351,72,8.202,True
40352,73,8.202,True
40353,71,8.202,True
40354,71,8.202,True
40355,67,7.358,True
40356,73,7.358,True
40357,69,7.358,True
40358,71,7.358,True
40359,70,7.358,True
40360,70,7.358,True
40361,70,7.358,True
40362,72,7.563,True
40363,73,7.563,True
40364,73,7.563,True
40365,71,7.454,True
40366,71,7.454,True
40367,72,7.454,True
40368,74,7.166,True
40369,72,7.454,True
40370,71,7.454,True
40371,71,7.454,True
40372,71,7.454,True
40373,68,7.454,True
40374,68,7.454,True
40375,66,7.454,True
40376,66,7.454,True
40377,66,7.454,True
40378,66,9.798,True
40379,66,9.798,True
40380,66,9.798,True
40381,66,9.798,True
40382,65,9.798,True
40383,66,9.798,True
40384,66,9.798,True
40385,66,9.798,True
40386,66,9.798,True
40387,69,8.923,True
40388,69,9.663,True
40389,70,9.663,True
40390,70,9.663,True
40391,69,9.663,True
40392,69,9.663,True
40393,69,9.663,True
40394,69,9.663,True
40395,70,9.634,True
40396,67,9.798,True
40397,67,9.798,True
40398,67,9.798,True
40399,66,9.798,True
40400,66,9.798,True
40401,67,9.798,True
40402,67,9.798,True
40403,68,9.798,True
40404,68,9.798,True
40405,70,7.896,True
40406,70,7.896,True
40407,73,7.896,True
40408,77,7.896,True
40409,76,7.896,True
40410,73,7.896,True
40411,69,8.791,True
40412,68,8.791,True
40413,72,8.791,True
40414,71,9.635,True
40415,73,9.635,True
40416,73,9.635,True
40417,73,9.635,True
40418,73,9.635,True
40419,73,9.635,True
40420,75,9.635,True
40421,75,9.635,True
40422,75,9.635,True
40423,75,9.635,True
40424,75,9.635,True
40425,73,9.635,True
40426,73,9.635,True
40427,73,9.635,True
40428,70,9.635,True
40429,70,9.635,True
40430,70,9.635,True
40431,69,9.635,True
40432,66,9.635,True
40433,66,9.635,True
40434,69,9.635,True
40435,68,9.635,True
40436,67,9.745,True
40437,68,9.935,True
40438,67,9.745,True
40439,67,9.745,True
40440,67,9.745,True
40441,67,9.745,True
40442,68,9.601,True
40443,68,9.601,True
40444,67,9.745,True
40445,69,9.601,True
40446,67,9.745,True
40447,67,9.745,True
40448,67,9.745,True
40449,67,9.745,True
40450,68,9.601,True
40451,64,9.897,True
40452,64,9.897,True
40453,63,9.897,True
40454,63,9.897,True
40455,63,9.897,True
40456,63,9.897,True
40457,64,9.675,True
40458,64,9.675,True
40459,64,9.675,True
40460,64,9.675,True
40461,66,9.675,True
40462,66,9.675,True
40463,66,9.675,True
40464,66,9.675,True
40465,66,9.675,True
40466,66,9.675,True
40467,66,9.675,True
40468,65,9.675,True
40469,66,9.675,True
40470,68,9.675,True
40471,68,9.675,True
40472,68,9.157,True
40473,68,9.157,True
40474,68,9.157,True
40475,69,9.157,True
40476,69,9.157,True
40477,69,9.157,True
40478,69,9.157,True
40479,72,9.278,True
40480,72,9.278,True
40481,72,9.278,True
40482,68,9.278,True
40483,68,9.601,True
40484,67,9.601,True
40485,67,9.601,True
40486,67,9.601,True
40487,67,9.601,True
40488,67,9.601,True
40489,68,9.635,True
40490,68,9.635,True
40491,65,9.635,True
40492,65,9.635,True
40493,66,9.601,True
40494,66,9.601,True
40495,65,9.635,True
40496,67,9.635,True
40497,67,9.635,True
40498,66,9.157,True
40499,66,9.95,True
40500,66,9.95,True
40501,69,9.95,True
40502,69,9.157,True
40503,69,9.157,True
40504,69,9.157,True
40505,69,9.157,True
40506,74,9.321,True
40507,72,9.321,True
40508,72,9.321,True
40509,73,9.321,True
40510,69,9.157,True
40511,69,9.157,True
40512,73,7.696,True
40513,76,7.696,True
40514,76,7.267,True
40515,74,7.806,True
40516,73,9.601,True
40517,73,9.601,True
40518,75,9.601,True
40519,75,9.601,True
40520,75,9.601,True
40521,72,9.601,True
40522,72,9.601,True
40523,72,9.601,True
40524,72,9.601,True
40525,74,9.601,True
40526,74,9.601,True
40527,73,9.622,True
40528,73,9.622,True
40529,74,9.776,True
40530,76,9.776,True
40531,76,9.776,True
40532,74,9.776,True
40533,74,9.776,True
40534,74,9.776,True
40535,71,9.776,True
40536,71,9.776,True
40537,68,9.635,True
40538,69,9.635,True
40539,69,9.635,True
40540,68,9.601,True
40541,68,9.157,True
40542,68,9.157,True
40543,69,9.971,True
40544,69,9.971,True
40545,69,9.971,True
40546,66,9.971,True
40547,67,9.971,True
40548,67,9.971,True
40549,67,9.971,True
40550,68,9.971,True
40551,68,9.971,True
40552,68,9.971,True
40553,68,9.971,True
40554,68,9.971,True
40555,71,9.971,True
40556,70,9.971,True
40557,70,9.971,True
40558,70,9.971,True
40559,69,9.971,True
40560,69,9.971,True
40561,69,9.971,True
40562,70,9.971,True
40563,70,9.971,True
40564,70,9.971,True
40565,69,9.971,True
40566,66,9.971,True
40567,66,9.971,True
40568,66,9.971,True
40569,66,9.971,True
40570,66,9.971,True
40571,66,9.971,True
40572,66,9.971,True
40573,66,9.971,True
40574,66,9.971,True
40575,66,9.971,True
40576,66,9.971,True
40577,67,9.635,True
40578,65,9.635,True
40579,65,9.635,True
40580,64,9.971,True
40581,64,9.971,True
40582,65,9.971,True
40583,65,9.971,True
40584,65,9.971,True
40585,66,9.971,True
40586,66,9.971,True
40587,66,9.971,True
40588,66,9.971,True
40589,65,9.971,True
40590,65,9.971,True
40591,65,9.971,True
40592,68,9.971,True
40593,68,9.971,True
40594,70,9.971,True
40595,70,9.971,True
40596,70,9.971,True
40597,70,9.971,True
40598,70,9.971,True
40599,69,9.971,True
40600,69,9.971,True
40601,69,9.971,True
40602,69,9.971,True
40603,69,9.971,True
40604,68,9.157,True
40605,68,9.157,True
40606,68,9.157,True
40607,67,9.157,True
40608,67,9.157,True
40609,67,9.157,True
40610,69,8.659,True
40611,68,8.659,True
40612,68,8.659,True
40613,65,9.601,True
40614,69,8.659,True
40615,69,8.659,True
40616,70,7.773,True
40617,70,7.773,True
40618,69,8.659,True
40619,70,8.659,True
40620,71,8.659,True
40621,71,8.659,True
40622,72,8.659,True
40623,76,9.269,True
40624,75,9.269,True
40625,75,9.269,True
40626,75,9.269,True
40627,72,8.659,True
40628,72,8.659,True
40629,71,8.659,True
40630,70,8.659,True
40631,70,8.659,True
40632,70,8.659,True
40633,71,9.625,True
40634,71,9.625,True
40635,71,9.625,True
40636,73,9.625,True
40637,72,6.835,True
40638,72,6.773,True
40639,72,9.209,True
40640,72,9.209,True
40641,71,9.209,True
40642,71,9.209,True
40643,71,9.209,True
40644,71,9.209,True
40645,72,9.209,True
40646,72,9.209,True
40647,72,9.209,True
40648,72,8.659,True
40649,72,8.659,True
40650,72,8.659,True
40651,67,9.418,True
40652,67,9.418,True
40653,67,9.418,True
40654,67,9.418,True
40655,65,9.418,True
40656,65,9.418,True
40657,66,9.418,True
40658,66,9.418,True
40659,66,9.418,True
40660,66,9.418,True
40661,66,9.418,True
40662,64,9.418,True
40663,64,9.675,True
40664,64,9.675,True
40665,64,9.675,True
40666,64,9.675,True
40667,64,9.675,True
40668,63,9.675,True
40669,63,9.675,True
40670,63,9.675,True
40671,63,9.675,True
40672,63,9.675,True
40673,63,9.675,True
40674,63,9.675,True
40675,63,9.675,True
40676,63,9.675,True
40677,62,9.675,True
40678,62,9.675,True
40679,62,9.675,True
40680,63,9.635,True
40681,62,9.675,True
40682,62,9.675,True
40683,62,9.675,True
40684,63,9.675,True
40685,64,9.675,True
40686,64,9.675,True
40687,64,9.675,True
40688,64,9.675,True
40689,63,9.675,True
40690,63,9.675,True
40691,65,9.675,True
40692,63,9.675,True
40693,66,9.675,True
40694,66,9.675,True
40695,66,9.675,True
40696,67,9.635,True
40697,67,9.635,True
40698,71,8.696,True
40699,71,8.696,True
40700,67,9.635,True
40701,67,9.675,True
40702,67,9.675,True
40703,67,9.675,True
40704,64,9.675,True
40705,64,9.675,True
40706,64,9.675,True
40707,64,9.675,True
40708,67,9.675,True
40709,70,9.635,True
40710,70,9.635,True
40711,70,9.635,True
40712,70,9.635,True
40713,70,9.635,True
40714,70,9.635,True
40715,70,9.157,True
40716,70,9.157,True
40717,70,9.157,True
40718,67,9.157,True
40719,68,9.157,True
40720,68,9.157,True
40721,69,9.157,True
40722,68,9.157,True
40723,68,9.157,True
40724,68,9.157,True
40725,65,9.157,True
40726,65,9.157,True
40727,68,9.157,True
40728,68,9.157,True
40729,71,9.157,True
40730,68,9.157,True
40731,68,9.157,True
40732,70,9.157,True
40733,68,9.157,True
40734,71,9.157,True
40735,71,9.157,True
40736,71,9.157,True
40737,71,9.157,True
40738,71,9.157,True
40739,68,9.157,True
40740,71,9.157,True
40741,70,9.157,True
40742,70,9.157,True
40743,70,9.157,True
40744,70,9.157,True
40745,70,9.157,True
40746,70,9.157,True
40747,66,9.897,True
40748,64,9.897,True
40749,64,9.897,True
40750,64,9.897,True
40751,64,9.897,True
40752,64,9.897,True
40753,63,9.897,True
40754,63,9.897,True
40755,63,9.897,True
40756,67,9.897,True
40757,69,9.157,True
40758,69,9.157,True
40759,73,9.514,True
40760,73,6.948,True
40761,73,8.052,True
40762,73,8.052,True
40763,69,9.675,True
40764,69,9.675,True
40765,70,9.675,True
40766,70,9.675,True
40767,70,9.675,True
40768,70,8.052,True
40769,70,8.052,True
40770,70,8.052,True
40771,66,9.157,True
40772,66,9.157,True
40773,64,9.157,True
40774,66,9.157,True
40775,66,9.157,True
40776,69,9.157,True
40777,69,9.157,True
40778,69,9.157,True
40779,69,9.157,True
40780,66,9.157,True
40781,66,9.157,True
40782,66,9.157,True
40783,66,9.157,True
40784,66,9.635,True
40785,65,9.675,True
40786,65,9.675,True
40787,65,9.675,True
40788,65,9.675,True
40789,65,9.675,True
40790,66,9.675,True
40791,68,9.675,True
40792,68,9.382,True
40793,67,9.382,True
40794,71,9.382,True
40795,71,9.675,True
40796,70,9.675,True
40797,71,9.675,True
40798,69,9.675,True
40799,71,7.016,True
40800,71,6.755,True
40801,71,6.755,True
40802,71,6.698,True
40803,69,8.696,True
40804,69,8.696,True
40805,68,8.696,True
40806,68,8.696,True
40807,68,8.696,True
40808,69,8.694,True
40809,69,8.694,True
40810,69,8.694,True
40811,69,8.694,True
40812,65,9.099,True
40813,65,9.099,True
40814,65,9.099,True
40815,65,9.099,True
40816,67,9.099,True
40817,67,9.278,True
40818,65,9.278,True
40819,66,9.382,True
40820,68,9.278,True
40821,68,9.278,True
40822,68,9.099,True
40823,68,9.099,True
40824,68,9.099,True
40825,65,9.635,True
40826,68,9.099,True
40827,65,9.635,True
40828,65,9.635,True
40829,65,9.635,True
40830,65,9.635,True
40831,69,9.099,True
40832,69,9.099,True
40833,68,9.099,True
40834,71,9.099,True
40835,70,9.099,True
40836,70,9.099,True
40837,70,9.099,True
40838,73,9.099,True
40839,73,9.099,True
40840,69,9.157,True
40841,69,9.157,True
40842,69,9.157,True
40843,70,9.157,True
40844,70,9.157,True
40845,69,9.157,True
40846,73,9.099,True
40847,72,9.099,True
40848,75,9.099,True
40849,74,9.382,True
40850,74,9.382,True
40851,74,9.382,True
40852,74,9.382,True
40853,73,9.382,True
40854,73,9.382,True
40855,73,9.382,True
40856,72,8.532,True
40857,72,8.532,True
40858,72,8.532,True
40859,72,8.532,True
40860,73,8.532,True
40861,73,8.532,True
40862,72,8.532,True
40863,70,8.454,True
40864,70,8.454,True
40865,70,8.454,True
40866,70,8.454,True
40867,70,8.454,True
40868,70,8.454,True
40869,72,8.454,True
40870,72,8.454,True
40871,72,8.454,True
40872,72,8.454,True
40873,72,8.454,True
40874,72,9.099,True
40875,72,9.099,True
40876,73,9.099,True
40877,73,9.099,True
40878,71,9.099,True
40879,71,9.099,True
40880,69,9.099,True
40881,69,9.099,True
40882,67,9.099,True
40883,67,9.099,True
40884,69,9.099,True
40885,74,9.099,True
40886,74,8.495,True
40887,71,7.331,True
40888,71,7.331,True
40889,72,7.806,True
40890,72,7.806,True
40891,71,8.836,True
40892,71,8.836,True
40893,72,9.382,True
40894,72,9.382,True
40895,71,9.382,True
40896,71,9.382,True
40897,69,9.382,True
40898,69,9.382,True
40899,69,9.382,True
40900,69,9.382,True
40901,67,9.157,True
40902,67,9.157,True
40903,67,9.157,True
40904,67,9.157,True
40905,67,9.157,True
40906,67,9.971,True
40907,67,9.971,True
40908,67,9.971,True
40909,67,9.971,True
40910,67,9.971,True
40911,67,9.971,True
40912,68,9.635,True
40913,68,9.635,True
40914,68,9.635,True
40915,65,9.897,True
40916,65,9.897,True
40917,66,9.897,True
40918,66,9.897,True
40919,64,9.897,True
40920,65,9.635,True
40921,65,9.635,True
40922,65,9.635,True
40923,64,9.635,True
40924,64,9.635,True
40925,66,9.635,True
40926,66,9.635,True
40927,66,9.635,True
40928,66,9.635,True
40929,66,9.635,True
40930,66,9.635,True
40931,64,9.635,True
40932,66,9.635,True
40933,66,9.635,True
40934,66,9.635,True
40935,66,9.635,True
40936,66,9.635,True
40937,65,9.635,True
40938,67,9.635,True
40939,68,9.635,True
40940,68,9.635,True
40941,68,9.635,True
40942,68,9.635,True
40943,68,9.635,True
40944,68,9.157,True
40945,68,9.157,True
40946,66,9.157,True
40947,66,9.157,True
40948,68,9.157,True
40949,68,9.157,True
40950,68,9.635,True
40951,68,9.635,True
40952,71,9.949,True
40953,74,9.949,True
40954,74,9.949,True
40955,74,9.949,True
40956,74,9.899,True
40957,71,9.899,True
40958,72,9.899,True
40959,72,9.899,True
40960,72,9.899,True
40961,69,9.899,True
40962,65,9.899,True
40963,64,9.899,True
40964,65,9.899,True
40965,65,9.899,True
40966,65,9.899,True
40967,65,9.899,True
40968,65,9.899,True
40969,66,9.899,True
40970,68,9.899,True
40971,66,9.899,True
40972,66,9.899,True
40973,66,9.899,True
40974,66,9.899,True
40975,66,9.899,True
40976,66,9.899,True
40977,68,9.899,True
40978,69,9.157,True
40979,69,9.157,True
40980,69,9.157,True
40981,69,9.157,True
40982,70,9.157,True
40983,70,9.157,True
40984,71,9.157,True
40985,71,9.157,True
40986,68,9.157,True
40987,68,9.635,True
40988,66,9.635,True
40989,66,9.635,True
40990,65,9.897,True
40991,65,9.897,True
40992,65,9.897,True
40993,65,9.899,True
40994,65,9.897,True
40995,64,9.897,True
40996,64,9.897,True
40997,64,9.897,True
40998,64,9.897,True
40999,64,9.897,True
41000,64,9.897,True
41001,64,9.897,True
41002,64,9.897,True
41003,65,9.897,True
41004,66,9.897,True
41005,66,9.897,True
41006,66,9.897,True
41007,66,9.897,True
41008,66,9.897,True
41009,66,9.897,True
41010,65,9.897,True
41011,65,9.897,True
41012,65,9.897,True
41013,67,9.897,True
41014,67,9.897,True
41015,70,9.124,True
41016,70,9.124,True
41017,70,9.124,True
41018,71,9.124,True
41019,69,9.124,True
41020,69,9.124,True
41021,68,9.124,True
41022,71,8.836,True
41023,71,8.836,True
41024,71,8.836,True
41025,71,8.836,True
41026,71,8.836,True
41027,69,8.836,True
41028,70,8.836,True
41029,67,8.836,True
41030,68,9.987,True
41031,68,9.987,True
41032,68,9.987,True
41033,66,8.6,True
41034,68,7.681,True
41035,70,9.935,True
41036,70,9.935,True
41037,66,9.935,True
41038,66,9.935,True
41039,67,9.935,True
41040,67,9.935,True
41041,67,9.935,True
41042,67,9.935,True
41043,67,9.935,True
41044,66,9.935,True
41045,66,8.696,True
41046,66,8.696,True
41047,66,9.987,True
41048,66,9.987,True
41049,66,9.987,True
41050,66,9.987,True
41051,66,9.987,True
41052,66,9.987,True
41053,68,9.987,True
41054,67,8.696,True
41055,67,8.696,True
41056,65,8.696,True
41057,64,8.954,True
41058,65,8.954,True
41059,65,8.954,True
41060,65,9.601,True
41061,65,9.601,True
41062,64,9.897,True
41063,64,9.897,True
41064,67,9.601,True
41065,68,9.297,True
41066,68,9.297,True
41067,65,9.897,True
41068,65,9.897,True
41069,67,9.897,True
41070,67,9.897,True
41071,67,9.897,True
41072,67,9.897,True
41073,67,9.897,True
41074,65,9.897,True
41075,61,9.897,True
41076,61,9.897,True
41077,63,9.897,True
41078,65,8.755,True
41079,69,8.755,True
41080,68,6.869,True
41081,65,6.869,True
41082,65,6.869,True
41083,64,6.869,True
41084,65,9.297,True
41085,65,9.297,True
41086,66,6.869,True
41087,66,6.869,True
41088,66,6.869,True
41089,66,6.869,True
41090,65,9.297,True
41091,65,9.297,True
41092,65,9.297,True
41093,65,9.297,True
41094,65,9.297,True
41095,65,9.297,True
41096,65,9.297,True
41097,65,9.297,True
41098,65,9.297,True
41099,65,9.297,True
41100,65,9.297,True
41101,65,9.297,True
41102,68,9.297,True
41103,65,9.297,True
41104,64,9.297,True
41105,61,8.696,True
41106,61,8.696,True
41107,61,8.696,True
41108,61,9.935,True
41109,62,9.97,True
41110,62,9.97,True
41111,63,9.97,True
41112,63,9.97,True
41113,64,9.97,True
41114,67,9.97,True
41115,67,9.97,True
41116,66,9.97,True
41117,65,9.97,True
41118,71,9.97,True
41119,71,9.97,True
41120,71,9.97,True
41121,71,9.97,True
41122,71,9.97,True
41123,73,9.97,True
41124,73,9.97,True
41125,73,9.97,True
41126,73,9.97,True
41127,73,9.97,True
41128,74,9.97,True
41129,74,9.97,True
41130,75,9.97,True
41131,71,9.97,True
41132,71,9.97,True
41133,70,9.97,True
41134,70,9.97,True
41135,69,6.609,True
41136,69,6.609,True
41137,72,8.251,True
41138,72,8.251,True
41139,72,8.251,True
41140,72,8.251,True
41141,72,8.251,True
41142,72,8.251,True
41143,73,8.251,True
41144,72,8.251,True
41145,70,8.251,True
41146,69,8.251,True
41147,72,8.251,True
41148,73,8.251,True
41149,72,8.251,True
41150,71,8.251,True
41151,72,8.251,True
41152,71,8.251,True
41153,74,8.251,True
41154,72,8.251,True
41155,72,8.251,True
41156,72,8.251,True
41157,72,8.251,True
41158,72,8.251,True
41159,72,8.251,True
41160,72,8.251,True
41161,77,8.251,True
41162,72,8.251,True
41163,69,6.081,True
41164,69,6.081,True
41165,69,6.081,True
41166,75,6.081,True
41167,75,6.081,True
41168,76,7.967,True
41169,77,7.967,True
41170,78,7.967,True
41171,80,8.181,True
41172,80,8.181,True
41173,80,8.181,True
41174,78,8.181,True
41175,74,9.796,True
41176,74,9.796,True
41177,74,9.796,True
41178,76,9.796,True
41179,75,9.796,True
41180,75,9.796,True
41181,76,9.796,True
41182,77,9.796,True
41183,78,9.796,True
41184,78,9.796,True
41185,77,9.796,True
41186,77,9.796,True
41187,77,9.796,True
41188,75,9.84,True
41189,75,9.84,True
41190,75,9.84,True
41191,74,9.84,True
41192,74,9.84,True
41193,75,9.84,True
41194,75,9.84,True
41195,74,9.84,True
41196,73,9.84,True
41197,73,9.84,True
41198,73,9.84,True
41199,73,9.84,True
41200,72,9.84,True
41201,73,9.84,True
41202,72,9.84,True
41203,71,9.84,True
41204,73,9.84,True
41205,73,9.84,True
41206,73,9.84,True
41207,74,9.596,True
41208,74,9.596,True
41209,74,9.596,True
41210,74,9.596,True
41211,74,9.596,True
41212,74,9.596,True
41213,74,9.596,True
41214,73,9.596,True
41215,73,9.596,True
41216,73,9.596,True
41217,73,9.596,True
41218,79,9.596,True
41219,79,9.596,True
41220,80,9.72,True
41221,80,9.72,True
41222,80,9.72,True
41223,75,9.72,True
41224,75,9.72,True
41225,73,9.596,True
41226,73,9.596,True
41227,73,9.596,True
41228,73,9.596,True
41229,71,9.596,True
41230,71,9.596,True
41231,71,9.596,True
41232,72,9.596,True
41233,75,9.596,True
41234,71,9.596,True
41235,70,9.596,True
41236,70,9.596,True
41237,70,9.596,True
41238,68,9.261,True
41239,67,6.72,True
41240,66,7.721,True
41241,66,7.721,True
41242,66,7.721,True
41243,66,7.721,True
41244,66,7.721,True
41245,66,7.721,True
41246,69,6.72,True
41247,69,6.72,True
41248,69,6.72,True
41249,69,6.72,True
41250,68,6.72,True
41251,69,8.532,True
41252,71,8.913,True
41253,75,9.395,True
41254,71,8.913,True
41255,71,8.913,True
41256,72,8.913,True
41257,76,8.913,True
41258,74,7.017,True
41259,73,8.532,True
41260,73,8.532,True
41261,73,8.532,True
41262,70,8.954,True
41263,72,8.954,True
41264,72,8.954,True
41265,72,8.954,True
41266,73,8.954,True
41267,72,8.954,True
41268,72,8.954,True
41269,71,8.954,True
41270,73,9.299,True
41271,73,9.299,True
41272,73,9.299,True
41273,73,9.299,True
41274,73,9.299,True
41275,72,9.299,True
41276,72,9.299,True
41277,71,8.954,True
41278,72,9.298,True
41279,72,9.298,True
41280,72,9.298,True
41281,65,9.298,True
41282,68,9.223,True
41283,68,9.223,True
41284,68,9.223,True
41285,68,8.954,True
41286,68,9.223,True
41287,68,9.223,True
41288,68,9.223,True
41289,68,9.223,True
41290,68,9.223,True
41291,68,9.223,True
41292,68,9.223,True
41293,70,9.223,True
41294,70,9.223,True
41295,70,9.223,True
41296,70,9.223,True
41297,70,9.223,True
41298,70,9.529,True
41299,70,9.529,True
41300,70,9.529,True
41301,71,9.223,True
41302,71,9.223,True
41303,74,9.116,True
41304,75,9.956,True
41305,75,9.956,True
41306,75,9.956,True
41307,75,9.956,True
41308,70,9.956,True
41309,70,9.956,True
41310,70,9.956,True
41311,70,9.956,True
41312,70,9.956,True
41313,69,9.298,True
41314,69,9.298,True
41315,69,9.298,True
41316,69,9.298,True
41317,69,9.298,True
41318,74,9.298,True
41319,71,9.298,True
41320,66,9.298,True
41321,66,9.298,True
41322,69,9.298,True
41323,69,9.298,True
41324,70,9.956,True
41325,70,9.956,True
41326,69,9.298,True
41327,69,9.298,True
41328,68,8.155,True
41329,68,8.155,True
41330,68,8.155,True
41331,68,8.155,True
41332,66,7.487,True
41333,66,7.487,True
41334,66,7.487,True
41335,69,8.864,True
41336,69,8.864,True
41337,71,8.864,True
41338,70,8.024,True
41339,70,8.024,True
41340,69,9.685,True
41341,69,9.685,True
41342,67,7.487,True
41343,67,7.487,True
41344,65,7.487,True
41345,67,8.155,True
41346,69,8.155,True
41347,69,8.155,True
41348,69,8.155,True
41349,69,8.155,True
41350,70,9.116,True
41351,74,9.116,True
41352,74,9.116,True
41353,74,9.116,True
41354,69,9.116,True
41355,68,8.195,True
41356,68,8.195,True
41357,69,9.394,True
41358,69,9.394,True
41359,69,9.394,True
41360,69,9.394,True
41361,66,9.394,True
41362,66,9.394,True
41363,66,9.394,True
41364,68,9.394,True
41365,71,9.394,True
41366,71,9.394,True
41367,68,9.394,True
41368,68,9.394,True
41369,66,9.394,True
41370,69,9.394,True
41371,69,9.394,True
41372,69,9.394,True
41373,69,9.394,True
41374,69,9.394,True
41375,69,9.394,True
41376,69,9.394,True
41377,68,9.394,True
41378,71,9.394,True
41379,71,9.394,True
41380,71,9.394,True
41381,71,9.394,True
41382,71,9.394,True
41383,71,9.394,True
41384,71,9.394,True
41385,71,9.394,True
41386,68,9.394,True
41387,70,9.369,True
41388,70,9.369,True
41389,66,9.413,True
41390,66,9.413,True
41391,66,9.413,True
41392,66,9.413,True
41393,66,9.369,True
41394,66,9.369,True
41395,66,9.369,True
41396,63,8.954,True
41397,65,8.954,True
41398,69,8.954,True
41399,67,8.954,True
41400,67,8.954,True
41401,67,8.954,True
41402,67,8.954,True
41403,67,8.954,True
41404,67,8.954,True
41405,67,8.954,True
41406,66,8.954,True
41407,66,8.954,True
41408,66,8.954,True
41409,66,8.954,True
41410,65,8.954,True
41411,64,8.954,True
41412,64,8.954,True
41413,64,8.954,True
41414,64,8.954,True
41415,67,8.954,True
41416,67,8.954,True
41417,67,8.954,True
41418,68,8.954,True
41419,68,8.954,True
41420,67,8.954,True
41421,67,8.954,True
41422,69,8.954,True
41423,69,8.954,True
41424,69,8.954,True
41425,70,9.732,True
41426,68,9.732,True
41427,70,9.732,True
41428,70,9.732,True
41429,72,9.101,True
41430,67,8.989,True
41431,67,8.989,True
41432,67,8.989,True
41433,68,9.526,True
41434,68,9.526,True
41435,66,8.989,True
41436,67,8.989,True
41437,67,8.989,True
41438,73,9.791,True
41439,73,9.791,True
41440,73,9.791,True
41441,73,9.791,True
41442,73,9.791,True
41443,73,9.791,True
41444,73,9.791,True
41445,73,9.791,True
41446,74,9.547,True
41447,68,8.989,True
41448,65,9.358,True
41449,65,9.358,True
41450,62,8.989,True
41451,62,8.989,True
41452,65,8.989,True
41453,65,8.989,True
41454,62,8.989,True
41455,62,8.989,True
41456,62,8.989,True
41457,65,8.989,True
41458,62,8.989,True
41459,62,8.989,True
41460,62,8.989,True
41461,62,8.989,True
41462,62,8.989,True
41463,62,8.989,True
41464,62,8.989,True
41465,62,8.989,True
41466,61,8.989,True
41467,63,8.989,True
41468,63,8.989,True
41469,67,8.989,True
41470,70,8.989,True
41471,70,8.989,True
41472,66,8.989,True
41473,63,8.989,True
41474,63,8.989,True
41475,63,8.989,True
41476,63,8.989,True
41477,63,8.989,True
41478,63,8.989,True
41479,63,8.989,True
41480,67,8.989,True
41481,67,8.989,True
41482,67,8.989,True
41483,67,8.989,True
41484,70,8.989,True
41485,67,8.989,True
41486,68,8.989,True
41487,68,8.989,True
41488,66,8.989,True
41489,66,8.989,True
41490,68,8.989,True
41491,69,8.954,True
41492,68,9.329,True
41493,68,9.329,True
41494,68,9.329,True
41495,70,9.329,True
41496,75,9.329,True
41497,71,9.329,True
41498,71,9.329,True
41499,71,9.329,True
41500,69,9.329,True
41501,68,8.584,True
41502,68,8.584,True
41503,68,9.22,True
41504,68,7.626,True
41505,70,8.19,True
41506,66,8.19,True
41507,66,8.19,True
41508,66,8.19,True
41509,70,8.19,True
41510,71,8.19,True
41511,73,8.19,True
41512,75,8.19,True
41513,71,8.19,True
41514,73,8.19,True
41515,73,8.19,True
41516,71,8.19,True
41517,69,8.19,True
41518,69,8.19,True
41519,69,8.19,True
41520,68,8.19,True
41521,68,8.19,True
41522,71,8.19,True
41523,71,8.19,True
41524,71,8.19,True
41525,71,8.19,True
41526,71,8.19,True
41527,71,8.19,True
41528,71,8.19,True
41529,71,8.19,True
41530,69,7.626,True
41531,69,7.626,True
41532,69,7.626,True
41533,69,7.626,True
41534,68,9.512,True
41535,68,9.512,True
41536,68,9.512,True
41537,68,9.512,True
41538,68,9.512,True
41539,68,9.512,True
41540,71,9.512,True
41541,71,6.864,True
41542,71,6.864,True
41543,71,6.864,True
41544,71,6.864,True
41545,71,6.864,True
41546,72,7.999,True
41547,69,6.864,True
41548,69,6.864,True
41549,69,8.924,True
41550,69,6.79,True
41551,69,6.79,True
41552,69,6.79,True
41553,69,6.79,True
41554,70,7.176,True
41555,70,7.176,True
41556,70,7.176,True
41557,70,7.176,True
41558,69,7.176,True
41559,68,7.176,True
41560,70,7.176,True
41561,69,7.176,True
41562,67,7.176,True
41563,66,6.524,True
41564,66,6.524,True
41565,66,6.524,True
41566,66,6.524,True
41567,66,6.524,True
41568,66,6.524,True
41569,66,8.543,True
41570,66,8.543,True
41571,66,8.543,True
41572,69,8.543,True
41573,68,8.543,True
41574,68,8.543,True
41575,68,8.543,True
41576,69,8.543,True
41577,69,8.543,True
41578,69,8.543,True
41579,69,7.999,True
41580,68,7.254,True
41581,68,7.257,True
41582,68,7.257,True
41583,70,9.367,True
41584,70,9.367,True
41585,68,9.367,True
41586,68,9.367,True
41587,72,9.32,True
41588,73,7.257,True
41589,73,7.257,True
41590,70,5.711,True
41591,72,9.924,True
41592,74,9.924,True
41593,74,9.924,True
41594,74,9.924,True
41595,74,9.924,True
41596,71,7.267,True
41597,71,7.267,True
41598,71,7.267,True
41599,71,7.267,True
41600,71,7.267,True
41601,71,7.267,True
41602,71,7.267,True
41603,71,7.267,True
41604,67,7.267,True
41605,65,7.267,True
41606,67,6.386,True
41607,65,6.386,True
41608,65,5.537,True
41609,65,5.537,True
41610,68,5.589,True
41611,65,5.537,True
41612,63,7.832,True
41613,64,7.832,True
41614,64,7.832,True
41615,65,7.888,True
41616,69,7.888,True
41617,69,9.369,True
41618,74,9.369,True
41619,74,9.369,True
41620,71,9.369,True
41621,71,9.369,True
41622,71,9.369,True
41623,72,9.369,True
41624,72,9.369,True
41625,73,9.3,True
41626,72,9.3,True
41627,70,9.3,True
41628,69,7.647,True
41629,69,7.647,True
41630,68,7.647,True
41631,68,9.31,True
41632,69,9.31,True
41633,69,9.31,True
41634,72,9.971,True
41635,72,9.971,True
41636,72,9.971,True
41637,72,9.971,True
41638,72,9.971,True
41639,72,9.971,True
41640,72,9.971,True
41641,72,9.971,True
41642,69,9.394,True
41643,69,9.394,True
41644,69,9.394,True
41645,69,9.394,True
41646,69,9.394,True
41647,72,8.073,True
41648,69,8.599,True
41649,73,8.599,True
41650,73,8.599,True
41651,73,8.599,True
41652,73,8.599,True
41653,73,9.394,True
41654,73,9.394,True
41655,74,8.305,True
41656,74,9.663,True
41657,74,9.663,True
41658,74,9.663,True
41659,73,9.663,True
41660,77,9.663,True
41661,77,9.663,True
41662,74,9.957,True
41663,74,9.957,True
41664,73,8.599,True
41665,69,9.31,True
41666,69,9.31,True
41667,73,9.31,True
41668,73,9.31,True
41669,73,8.599,True
41670,74,3.479,True
41671,74,3.479,True
41672,75,3.479,True
41673,75,3.479,True
41674,78,3.479,True
41675,77,3.479,True
41676,77,9.043,True
41677,74,7.108,True
41678,74,7.108,True
41679,74,7.108,True
41680,73,7.108,True
41681,71,7.493,True
41682,75,7.493,True
41683,75,7.493,True
41684,75,7.493,True
41685,74,7.493,True
41686,74,7.493,True
41687,74,7.493,True
41688,75,6.973,True
41689,75,6.973,True
41690,75,9.017,True
41691,74,9.056,True
41692,72,8.725,True
41693,72,8.725,True
41694,72,8.725,True
41695,74,8.725,True
41696,77,8.725,True
41697,75,9.675,True
41698,75,9.675,True
41699,75,9.675,True
41700,75,9.675,True
41701,75,9.675,True
41702,71,9.675,True
41703,72,9.675,True
41704,72,9.675,True
41705,72,9.675,True
41706,72,9.675,True
41707,72,9.675,True
41708,72,9.675,True
41709,72,9.675,True
41710,73,9.675,True
41711,72,9.675,True
41712,69,9.675,True
41713,69,9.675,True
41714,71,9.675,True
41715,71,9.675,True
41716,69,9.675,True
41717,69,9.675,True
41718,68,9.675,True
41719,68,9.675,True
41720,68,9.675,True
41721,68,9.675,True
41722,68,9.675,True
41723,69,9.675,True
41724,71,9.675,True
41725,70,9.675,True
41726,70,9.675,True
41727,69,9.675,True
41728,74,9.675,True
41729,74,9.675,True
41730,75,8.558,True
41731,75,8.558,True
41732,69,4.244,True
41733,69,4.244,True
41734,70,7.121,True
41735,74,8.305,True
41736,75,7.121,True
41737,75,7.121,True
41738,75,9.745,True
41739,75,9.745,True
41740,75,9.745,True
41741,73,9.745,True
41742,73,9.745,True
41743,74,9.583,True
41744,74,9.533,True
41745,73,9.533,True
41746,72,9.745,True
41747,73,5.37,True
41748,73,9.003,True
41749,73,9.003,True
41750,76,7.358,True
41751,74,9.897,True
41752,73,9.897,True
41753,70,7.358,True
41754,70,7.358,True
41755,70,7.358,True
41756,70,7.358,True
41757,70,7.358,True
41758,69,7.469,True
41759,69,7.469,True
41760,68,7.469,True
41761,68,7.469,True
41762,69,7.358,True
41763,68,7.722,True
41764,70,7.722,True
41765,69,8.197,True
41766,69,8.197,True
41767,70,8.197,True
41768,70,8.197,True
41769,69,9.675,True
41770,76,9.675,True
41771,69,9.675,True
41772,69,9.675,True
41773,69,9.675,True
41774,69,9.675,True
41775,69,9.675,True
41776,68,9.675,True
41777,68,9.675,True
41778,69,9.675,True
41779,69,9.675,True
41780,69,9.675,True
41781,68,9.675,True
41782,68,9.675,True
41783,68,9.675,True
41784,68,9.675,True
41785,68,9.675,True
41786,68,9.675,True
41787,68,9.675,True
41788,68,9.675,True
41789,67,9.675,True
41790,67,9.675,True
41791,67,9.675,True
41792,67,9.675,True
41793,67,9.675,True
41794,68,9.329,True
41795,68,9.329,True
41796,68,9.329,True
41797,68,9.329,True
41798,68,9.329,True
41799,68,9.329,True
41800,68,9.329,True
41801,68,9.329,True
41802,68,7.967,True
41803,68,7.967,True
41804,66,6.274,True
41805,66,6.274,True
41806,70,6.274,True
41807,70,6.274,True
41808,67,4.416,True
41809,67,4.416,True
41810,67,4.416,True
41811,67,4.416,True
41812,67,4.416,True
41813,67,4.416,True
41814,68,4.435,True
41815,68,4.435,True
41816,70,8.24,True
41817,70,8.24,True
41818,70,7.281,True
41819,73,7.281,True
41820,73,7.281,True
41821,72,6.302,True
41822,74,9.159,True
41823,72,9.159,True
41824,72,9.159,True
41825,72,9.159,True
41826,73,8.86,True
41827,77,8.86,True
41828,76,8.86,True
41829,71,8.86,True
41830,71,8.86,True
41831,67,7.812,True
41832,67,7.812,True
41833,66,7.812,True
41834,69,8.954,True
41835,69,9.004,True
41836,69,9.004,True
41837,69,9.004,True
41838,69,9.004,True
41839,68,9.596,True
41840,71,9.596,True
41841,68,9.596,True
41842,67,9.897,True
41843,67,9.897,True
41844,67,9.897,True
41845,67,9.897,True
41846,67,9.897,True
41847,70,9.897,True
41848,70,9.897,True
41849,70,9.897,True
41850,70,9.897,True
41851,71,9.897,True
41852,72,9.897,True
41853,72,9.897,True
41854,72,9.897,True
41855,74,9.897,True
41856,76,9.897,True
41857,75,9.897,True
41858,75,9.897,True
41859,75,9.897,True
41860,75,9.897,True
41861,70,9.897,True
41862,70,9.897,True
41863,68,9.897,True
41864,68,9.897,True
41865,68,9.897,True
41866,68,9.897,True
41867,68,9.897,True
41868,68,9.897,True
41869,68,9.897,True
41870,70,9.897,True
41871,70,9.897,True
41872,70,9.897,True
41873,70,9.897,True
41874,70,9.897,True
41875,72,9.897,True
41876,72,9.728,True
41877,70,9.601,True
41878,72,9.601,True
41879,72,9.601,True
41880,71,9.601,True
41881,72,9.601,True
41882,72,9.601,True
41883,72,9.601,True
41884,72,9.601,True
41885,71,9.601,True
41886,71,9.601,True
41887,69,9.601,True
41888,69,9.601,True
41889,71,9.601,True
41890,71,9.601,True
41891,74,9.601,True
41892,74,9.601,True
41893,72,9.601,True
41894,71,9.601,True
41895,75,9.601,True
41896,73,9.601,True
41897,73,9.601,True
41898,75,7.359,True
41899,75,7.359,True
41900,75,7.359,True
41901,75,7.359,True
41902,75,7.359,True
41903,75,7.359,True
41904,79,7.608,True
41905,79,7.608,True
41906,79,7.608,True
41907,84,7.608,True
41908,82,7.608,True
41909,75,9.601,True
41910,78,9.601,True
41911,80,9.601,True
41912,80,9.601,True
41913,74,9.601,True
41914,73,9.601,True
41915,72,5.843,True
41916,73,6.067,True
41917,71,6.067,True
41918,75,6.067,True
41919,71,6.067,True
41920,71,6.494,True
41921,73,7.747,True
41922,74,7.879,True
41923,72,6.494,True
41924,73,7.806,True
41925,71,7.806,True
41926,71,7.806,True
41927,72,7.806,True
41928,72,7.806,True
41929,70,9.97,True
41930,70,9.97,True
41931,75,9.97,True
41932,73,9.97,True
41933,73,9.97,True
41934,69,9.97,True
41935,69,9.97,True
41936,69,9.97,True
41937,68,9.97,True
41938,70,9.97,True
41939,67,9.97,True
41940,68,9.97,True
41941,67,9.97,True
41942,67,9.97,True
41943,65,9.97,True
41944,65,9.97,True
41945,66,9.97,True
41946,66,9.97,True
41947,65,9.97,True
41948,65,9.97,True
41949,67,9.97,True
41950,67,9.97,True
41951,67,9.97,True
41952,67,9.97,True
41953,67,9.97,True
41954,65,9.97,True
41955,65,9.97,True
41956,65,9.97,True
41957,65,9.97,True
41958,66,9.97,True
41959,68,9.97,True
41960,68,9.97,True
41961,68,9.97,True
41962,68,9.935,True
41963,68,9.935,True
41964,68,9.935,True
41965,68,9.97,True
41966,68,9.97,True
41967,68,9.97,True
41968,68,9.97,True
41969,68,9.97,True
41970,68,9.97,True
41971,66,9.97,True
41972,66,9.97,True
41973,68,9.97,True
41974,68,9.97,True
41975,68,9.97,True
41976,68,9.97,True
41977,69,9.97,True
41978,71,9.97,True
41979,68,9.97,True
41980,69,9.97,True
41981,65,9.97,True
41982,65,8.696,True
41983,68,7.999,True
41984,67,7.493,True
41985,66,6.812,True
41986,66,6.812,True
41987,68,6.424,True
41988,67,8.154,True
41989,67,8.154,True
41990,67,8.154,True
41991,70,7.955,True
41992,70,7.955,True
41993,70,7.955,True
41994,68,8.907,True
41995,68,8.907,True
41996,68,8.907,True
41997,68,8.907,True
41998,70,8.907,True
41999,70,8.907,True
42000,70,8.907,True
42001,70,8.907,True
42002,70,8.907,True
42003,70,8.907,True
42004,72,8.907,True
42005,72,8.278,True
42006,72,8.278,True
42007,69,8.278,True
42008,67,9.663,True
42009,64,9.897,True
42010,64,9.897,True
42011,64,9.897,True
42012,64,9.897,True
42013,65,9.663,True
42014,65,9.835,True
42015,67,9.835,True
42016,67,9.835,True
42017,67,9.835,True
42018,65,9.835,True
42019,69,9.835,True
42020,69,9.835,True
42021,69,9.835,True
42022,69,9.835,True
42023,69,9.835,True
42024,69,9.835,True
42025,69,9.835,True
42026,69,9.835,True
42027,65,9.835,True
42028,65,9.835,True
42029,65,9.835,True
42030,65,9.835,True
42031,65,9.3,True
42032,64,9.127,True
42033,64,9.127,True
42034,65,9.3,True
42035,65,9.3,True
42036,68,9.3,True
42037,68,9.3,True
42038,69,7.193,True
42039,69,7.193,True
42040,69,7.193,True
42041,66,6.683,True
42042,68,6.52,True
42043,65,7.034,True
42044,64,9.3,True
42045,64,9.3,True
42046,64,9.3,True
42047,64,9.3,True
42048,64,9.3,True
42049,64,9.3,True
42050,64,9.3,True
42051,64,9.3,True
42052,65,9.3,True
42053,65,9.3,True
42054,68,9.3,True
42055,68,9.3,True
42056,68,9.3,True
42057,70,7.354,True
42058,70,7.354,True
42059,70,7.354,True
42060,70,6.424,True
42061,70,6.424,True
42062,70,6.424,True
42063,69,8.696,True
42064,67,9.3,True
42065,66,9.3,True
42066,73,9.3,True
42067,73,9.3,True
42068,74,9.3,True
42069,74,9.3,True
42070,76,8.696,True
42071,73,8.696,True
42072,74,8.696,True
42073,72,8.696,True
42074,74,8.696,True
42075,74,8.696,True
42076,74,8.696,True
42077,74,8.696,True
42078,78,8.205,True
42079,74,8.205,True
42080,72,4.895,True
42081,72,4.895,True
42082,72,4.895,True
42083,72,4.895,True
42084,72,4.895,True
42085,71,4.895,True
42086,71,4.895,True
42087,69,4.724,True
42088,70,5.986,True
42089,70,5.986,True
42090,70,5.986,True
42091,74,5.986,True
42092,71,7.882,True
42093,71,7.882,True
42094,71,7.882,True
42095,72,7.882,True
42096,71,7.882,True
42097,70,7.882,True
42098,70,7.882,True
42099,64,7.882,True
42100,64,7.882,True
42101,64,7.882,True
42102,64,7.882,True
42103,66,9.635,True
42104,70,9.635,True
42105,69,9.635,True
42106,69,9.635,True
42107,69,9.635,True
42108,69,9.635,True
42109,69,9.635,True
42110,67,8.755,True
42111,66,8.755,True
42112,65,8.755,True
42113,68,8.755,True
42114,68,8.755,True
42115,68,8.755,True
42116,68,8.755,True
42117,68,8.755,True
42118,68,8.755,True
42119,68,8.755,True
42120,68,8.755,True
42121,66,8.954,True
42122,66,8.954,True
42123,67,8.954,True
42124,66,8.954,True
42125,68,8.013,True
42126,68,9.2,True
42127,62,9.897,True
42128,64,9.897,True
42129,67,9.897,True
42130,63,9.897,True
42131,66,9.897,True
42132,66,9.897,True
42133,66,9.897,True
42134,67,9.897,True
42135,64,9.897,True
42136,64,9.897,True
42137,64,9.897,True
42138,65,8.954,True
42139,64,8.954,True
42140,64,8.954,True
42141,63,8.954,True
42142,64,8.954,True
42143,64,8.954,True
42144,64,8.954,True
42145,66,8.954,True
42146,66,8.954,True
42147,66,8.954,True
42148,68,8.954,True
42149,68,8.954,True
42150,67,8.954,True
42151,67,8.954,True
42152,68,8.954,True
42153,68,8.954,True
42154,68,8.954,True
42155,68,8.954,True
42156,68,9.806,True
42157,69,9.806,True
42158,69,9.806,True
42159,70,9.223,True
42160,67,9.223,True
42161,70,9.223,True
42162,70,9.223,True
42163,69,8.954,True
42164,66,8.954,True
42165,68,8.954,True
42166,68,8.954,True
42167,68,8.954,True
42168,68,8.954,True
42169,71,9.893,True
42170,69,9.893,True
42171,71,9.893,True
42172,69,9.893,True
42173,69,9.893,True
42174,68,8.954,True
42175,68,8.954,True
42176,68,8.954,True
42177,68,8.954,True
42178,70,8.954,True
42179,70,8.954,True
42180,70,8.954,True
42181,70,8.954,True
42182,68,8.954,True
42183,68,8.954,True
42184,68,8.954,True
42185,66,8.954,True
42186,65,8.954,True
42187,65,8.954,True
42188,65,8.954,True
42189,65,8.954,True
42190,65,9.957,True
42191,66,9.437,True
42192,66,8.954,True
42193,66,8.954,True
42194,65,8.954,True
42195,65,8.954,True
42196,65,9.437,True
42197,68,9.437,True
42198,68,9.437,True
42199,68,9.437,True
42200,69,8.154,True
42201,69,8.027,True
42202,69,8.027,True
42203,69,8.027,True
42204,69,8.027,True
42205,69,8.027,True
42206,69,8.027,True
42207,69,8.027,True
42208,69,8.027,True
42209,70,9.912,True
42210,70,9.912,True
42211,70,9.912,True
42212,70,9.912,True
42213,70,9.912,True
42214,67,8.954,True
42215,67,8.954,True
42216,68,8.954,True
42217,68,8.954,True
42218,68,8.954,True
42219,68,8.954,True
42220,68,8.954,True
42221,68,8.954,True
42222,68,8.954,True
42223,68,8.954,True
42224,68,8.954,True
42225,69,8.954,True
42226,69,8.954,True
42227,70,9.387,True
42228,69,9.387,True
42229,68,9.387,True
42230,68,9.387,True
42231,68,9.387,True
42232,68,9.387,True
42233,69,9.029,True
42234,69,9.029,True
42235,68,9.387,True
42236,68,9.387,True
42237,68,9.387,True
42238,68,9.387,True
42239,74,9.902,True
42240,74,9.902,True
42241,68,9.387,True
42242,71,9.387,True
42243,71,9.387,True
42244,69,6.696,True
42245,73,8.1,True
42246,72,8.1,True
42247,72,8.1,True
42248,73,9.001,True
42249,72,9.001,True
42250,74,9.001,True
42251,74,9.001,True
42252,74,8.413,True
42253,74,9.001,True
42254,75,8.413,True
42255,75,8.413,True
42256,75,8.413,True
42257,73,8.954,True
42258,73,8.954,True
42259,73,8.954,True
42260,71,8.954,True
42261,72,8.954,True
42262,76,8.827,True
42263,73,8.827,True
42264,73,8.827,True
42265,73,8.827,True
42266,73,8.827,True
42267,73,8.827,True
42268,73,8.827,True
42269,69,8.954,True
42270,69,8.954,True
42271,69,8.954,True
42272,69,8.954,True
42273,69,8.954,True
42274,67,8.954,True
42275,66,8.954,True
42276,66,8.954,True
42277,66,8.954,True
42278,67,9.535,True
42279,70,9.535,True
42280,69,9.456,True
42281,71,9.456,True
42282,71,9.456,True
42283,70,9.456,True
42284,70,9.456,True
42285,70,9.456,True
42286,74,6.344,True
42287,70,9.456,True
42288,70,9.456,True
42289,71,9.456,True
42290,71,9.456,True
42291,71,9.456,True
42292,71,9.456,True
42293,71,9.456,True
42294,71,9.456,True
42295,71,9.456,True
42296,71,9.456,True
42297,71,9.456,True
42298,71,9.456,True
42299,71,9.456,True
42300,72,9.456,True
42301,72,9.456,True
42302,72,9.456,True
42303,72,9.456,True
42304,72,9.456,True
42305,72,9.456,True
42306,70,9.456,True
42307,70,9.456,True
42308,73,8.673,True
42309,74,7.093,True
42310,74,7.093,True
42311,74,7.093,True
42312,73,9.263,True
42313,75,9.263,True
42314,73,9.263,True
42315,74,9.393,True
42316,77,9.393,True
42317,76,8.469,True
42318,76,8.469,True
42319,76,8.516,True
42320,71,8.516,True
42321,71,8.516,True
42322,71,8.516,True
42323,71,8.516,True
42324,71,8.516,True
42325,74,5.566,True
42326,76,8.701,True
42327,77,8.701,True
42328,77,8.701,True
42329,77,8.701,True
42330,77,8.701,True
42331,77,8.701,True
42332,75,5.566,True
42333,74,5.65,True
42334,76,5.678,True
42335,76,8.332,True
42336,72,7.256,True
42337,72,7.256,True
42338,69,7.256,True
42339,71,7.256,True
42340,71,9.635,True
42341,71,9.635,True
42342,73,7.256,True
42343,73,7.256,True
42344,71,7.256,True
42345,71,7.256,True
42346,71,7.256,True
42347,70,7.256,True
42348,70,9.861,True
42349,69,7.256,True
42350,69,7.256,True
42351,69,7.256,True
42352,68,7.256,True
42353,68,7.256,True
42354,68,7.256,True
42355,68,9.911,True
42356,68,9.911,True
42357,68,9.911,True
42358,68,9.911,True
42359,68,9.911,True
42360,68,9.911,True
42361,68,9.911,True
42362,69,9.911,True
42363,70,9.446,True
42364,70,9.446,True
42365,70,9.446,True
42366,70,9.446,True
42367,70,9.446,True
42368,73,9.446,True
42369,73,9.446,True
42370,73,9.446,True
42371,70,9.446,True
42372,70,9.635,True
42373,70,9.635,True
42374,69,9.446,True
42375,69,9.446,True
42376,69,9.446,True
42377,69,9.446,True
42378,69,9.446,True
42379,69,9.446,True
42380,69,9.446,True
42381,69,9.446,True
42382,69,9.446,True
42383,72,7.749,True
42384,72,7.749,True
42385,72,7.749,True
42386,72,7.749,True
42387,72,7.749,True
42388,71,8.907,True
42389,71,8.907,True
42390,69,9.446,True
42391,69,9.446,True
42392,69,9.446,True
42393,68,9.446,True
42394,68,9.446,True
42395,69,9.446,True
42396,67,9.446,True
42397,67,9.446,True
42398,67,9.446,True
42399,67,9.446,True
42400,66,9.446,True
42401,67,9.446,True
42402,68,9.446,True
42403,68,9.446,True
42404,68,9.446,True
42405,68,9.446,True
42406,69,9.446,True
42407,69,9.446,True
42408,69,9.446,True
42409,69,9.298,True
42410,69,9.298,True
42411,68,9.298,True
42412,68,9.298,True
42413,68,9.298,True
42414,69,9.935,True
42415,69,9.935,True
42416,69,9.935,True
42417,69,9.935,True
42418,66,9.298,True
42419,66,9.298,True
42420,67,7.806,True
42421,67,7.806,True
42422,67,7.806,True
42423,69,7.806,True
42424,69,7.806,True
42425,69,7.806,True
42426,73,7.806,True
42427,69,7.806,True
42428,70,9.635,True
42429,70,9.635,True
42430,70,9.635,True
42431,70,9.635,True
42432,68,7.416,True
42433,69,7.416,True
42434,69,7.416,True
42435,69,7.416,True
42436,69,7.416,True
42437,69,7.416,True
42438,72,7.416,True
42439,72,7.574,True
42440,69,7.574,True
42441,69,7.574,True
42442,69,7.574,True
42443,72,7.574,True
42444,73,8.459,True
42445,73,9.554,True
42446,73,9.554,True
42447,77,9.554,True
42448,75,9.724,True
42449,75,9.724,True
42450,75,9.724,True
42451,74,9.724,True
42452,72,9.724,True
42453,73,9.724,True
42454,71,7.171,True
42455,71,7.171,True
42456,71,7.171,True
42457,68,9.663,True
42458,68,9.663,True
42459,70,9.663,True
42460,68,9.663,True
42461,71,9.663,True
42462,73,7.267,True
42463,73,7.267,True
42464,69,8.758,True
42465,69,8.758,True
42466,69,8.758,True
42467,69,8.758,True
42468,72,9.798,True
42469,72,9.798,True
42470,71,9.798,True
42471,68,8.274,True
42472,68,8.274,True
42473,68,8.274,True
42474,69,8.274,True
42475,71,9.256,True
42476,72,8.229,True
42477,73,7.226,True
42478,73,7.226,True
42479,73,7.226,True
42480,74,7.226,True
42481,74,7.226,True
42482,74,7.226,True
42483,74,7.226,True
42484,75,7.226,True
42485,74,7.226,True
42486,73,8.229,True
42487,72,8.229,True
42488,72,8.229,True
42489,73,8.229,True
42490,73,8.229,True
42491,73,8.229,True
42492,74,8.459,True
42493,73,9.219,True
42494,73,9.219,True
42495,73,9.219,True
42496,72,6.477,True
42497,70,7.769,True
42498,71,7.769,True
42499,71,9.965,True
42500,71,9.965,True
42501,71,8.944,True
42502,71,8.944,True
42503,71,8.944,True
42504,71,8.944,True
42505,74,8.944,True
42506,74,8.944,True
42507,76,8.944,True
42508,74,8.778,True
42509,72,8.778,True
42510,77,8.778,True
42511,79,8.778,True
42512,78,8.778,True
42513,78,8.778,True
42514,78,8.778,True
42515,76,8.778,True
42516,76,8.778,True
42517,71,8.778,True
42518,71,8.778,True
42519,71,8.778,True
42520,74,7.267,True
42521,72,7.631,True
42522,71,7.572,True
42523,74,7.572,True
42524,74,7.572,True
42525,75,7.572,True
42526,76,6.477,True
42527,75,7.572,True
42528,74,7.572,True
42529,74,8.056,True
42530,76,9.063,True
42531,76,9.063,True
42532,75,9.063,True
42533,75,9.063,True
42534,72,9.988,True
42535,72,9.988,True
42536,72,9.988,True
42537,73,9.063,True
42538,73,9.063,True
42539,73,9.063,True
42540,73,9.063,True
42541,73,9.595,True
42542,73,9.595,True
42543,73,9.595,True
42544,74,9.595,True
42545,74,9.595,True
42546,72,9.595,True
42547,72,9.595,True
42548,72,9.595,True
42549,70,7.267,True
42550,70,7.267,True
42551,72,7.267,True
42552,75,7.267,True
42553,79,8.939,True
42554,79,8.939,True
42555,77,8.939,True
42556,77,8.939,True
42557,74,7.972,True
42558,70,9.369,True
42559,71,9.369,True
42560,70,9.369,True
42561,69,9.369,True
42562,69,9.369,True
42563,70,8.744,True
42564,72,7.267,True
42565,72,7.267,True
42566,72,8.504,True
42567,72,8.504,True
42568,73,7.649,True
42569,74,8.936,True
42570,73,8.936,True
42571,74,8.936,True
42572,74,8.936,True
42573,74,8.936,True
42574,75,8.936,True
42575,75,8.936,True
42576,75,8.936,True
42577,76,8.936,True
42578,76,8.936,True
42579,76,8.936,True
42580,75,8.936,True
42581,75,8.936,True
42582,73,8.936,True
42583,73,8.936,True
42584,74,8.936,True
42585,75,9.584,True
42586,75,9.584,True
42587,74,8.936,True
42588,74,8.936,True
42589,72,9.163,True
42590,73,9.163,True
42591,72,9.163,True
42592,72,9.163,True
42593,72,9.163,True
42594,71,9.163,True
42595,72,9.163,True
42596,67,9.97,True
42597,67,9.97,True
42598,67,9.97,True
42599,67,9.97,True
42600,67,9.97,True
42601,68,9.97,True
42602,68,9.97,True
42603,67,9.971,True
42604,68,9.97,True
42605,68,9.97,True
42606,68,9.97,True
42607,68,9.163,True
42608,69,8.989,True
42609,69,8.989,True
42610,68,8.989,True
42611,67,9.446,True
42612,67,9.446,True
42613,68,9.446,True
42614,65,9.446,True
42615,65,9.446,True
42616,65,9.446,True
42617,63,9.446,True
42618,63,9.97,True
42619,63,9.97,True
42620,63,9.97,True
42621,65,9.97,True
42622,65,9.97,True
42623,65,9.97,True
42624,66,9.97,True
42625,66,9.97,True
42626,66,9.97,True
42627,66,9.97,True
42628,66,9.97,True
42629,66,9.97,True
42630,66,9.97,True
42631,66,9.97,True
42632,66,9.97,True
42633,66,9.97,True
42634,66,9.97,True
42635,70,9.97,True
42636,70,9.97,True
42637,70,9.97,True
42638,70,9.97,True
42639,68,9.97,True
42640,68,9.97,True
42641,69,9.97,True
42642,68,9.97,True
42643,65,9.97,True
42644,65,9.97,True
42645,65,9.97,True
42646,63,9.97,True
42647,68,9.97,True
42648,71,9.97,True
42649,71,9.97,True
42650,71,9.97,True
42651,71,9.008,True
42652,68,9.899,True
42653,68,9.899,True
42654,65,9.899,True
42655,67,9.899,True
42656,67,9.899,True
42657,67,9.899,True
42658,67,9.97,True
42659,70,9.063,True
42660,73,9.063,True
42661,73,9.063,True
42662,73,9.063,True
42663,73,9.063,True
42664,68,9.988,True
42665,68,9.988,True
42666,66,9.988,True
42667,66,9.988,True
42668,66,9.988,True
42669,68,9.988,True
42670,68,9.988,True
42671,67,9.988,True
42672,66,9.988,True
42673,67,9.988,True
42674,67,9.988,True
42675,67,9.988,True
42676,67,9.988,True
42677,68,9.988,True
42678,70,9.988,True
42679,71,9.988,True
42680,72,9.988,True
42681,71,9.988,True
42682,71,9.988,True
42683,72,9.988,True
42684,72,9.988,True
42685,68,9.988,True
42686,66,9.988,True
42687,66,9.988,True
42688,66,9.988,True
42689,66,9.988,True
42690,66,9.988,True
42691,67,9.988,True
42692,67,9.988,True
42693,67,9.988,True
42694,67,9.988,True
42695,68,9.988,True
42696,68,9.988,True
42697,67,9.97,True
42698,66,9.97,True
42699,69,9.163,True
42700,69,9.163,True
42701,69,9.163,True
42702,68,9.163,True
42703,68,9.163,True
42704,68,9.163,True
42705,68,9.163,True
42706,68,9.163,True
42707,68,9.31,True
42708,68,9.31,True
42709,68,9.31,True
42710,69,9.785,True
42711,69,9.785,True
42712,69,9.785,True
42713,67,9.988,True
42714,67,9.988,True
42715,67,9.988,True
42716,67,9.988,True
42717,69,9.988,True
42718,69,9.988,True
42719,69,9.988,True
42720,69,9.97,True
42721,70,9.97,True
42722,70,9.97,True
42723,72,9.97,True
42724,69,9.97,True
42725,71,9.84,True
42726,71,9.84,True
42727,72,9.84,True
42728,71,9.84,True
42729,72,9.84,True
42730,76,6.418,True
42731,76,9.263,True
42732,78,9.263,True
42733,77,9.31,True
42734,71,9.31,True
42735,69,9.31,True
42736,68,9.31,True
42737,68,9.31,True
42738,69,8.405,True
42739,67,6.683,True
42740,67,6.683,True
42741,69,8.405,True
42742,69,8.405,True
42743,70,8.405,True
42744,70,8.405,True
42745,69,6.14,True
42746,69,6.14,True
42747,71,6.14,True
42748,71,6.14,True
42749,74,9.724,True
42750,72,9.724,True
42751,72,9.724,True
42752,72,9.724,True
42753,72,9.724,True
42754,72,9.724,True
42755,68,9.412,True
42756,68,9.412,True
42757,68,9.412,True
42758,68,9.412,True
42759,65,7.79,True
42760,65,7.79,True
42761,65,7.79,True
42762,65,7.79,True
42763,65,7.79,True
42764,65,7.79,True
42765,66,7.79,True
42766,66,7.79,True
42767,66,7.79,True
42768,66,7.79,True
42769,66,7.79,True
42770,66,7.79,True
42771,65,9.675,True
42772,65,9.675,True
42773,65,9.675,True
42774,65,9.675,True
42775,67,9.675,True
42776,67,9.675,True
42777,66,9.675,True
42778,66,9.675,True
42779,66,9.675,True
42780,66,9.675,True
42781,68,9.675,True
42782,64,9.675,True
42783,64,9.675,True
42784,64,9.675,True
42785,66,9.675,True
42786,67,9.675,True
42787,67,9.675,True
42788,68,9.675,True
42789,68,9.675,True
42790,68,9.675,True
42791,68,9.675,True
42792,69,9.675,True
42793,67,9.675,True
42794,67,9.675,True
42795,67,9.675,True
42796,70,9.675,True
42797,69,9.675,True
42798,72,7.155,True
42799,72,7.155,True
42800,69,7.155,True
42801,69,7.155,True
42802,70,7.155,True
42803,71,7.155,True
42804,71,7.155,True
42805,73,7.155,True
42806,73,7.155,True
42807,73,7.155,True
42808,70,9.675,True
42809,70,9.675,True
42810,70,9.675,True
42811,69,9.675,True
42812,69,9.675,True
42813,69,9.675,True
42814,69,9.675,True
42815,68,9.675,True
42816,68,9.675,True
42817,65,9.675,True
42818,65,9.675,True
42819,65,9.675,True
42820,65,9.675,True
42821,66,9.675,True
42822,68,9.675,True
42823,68,9.675,True
42824,69,9.675,True
42825,70,9.675,True
42826,70,9.675,True
42827,70,9.675,True
42828,67,9.675,True
42829,63,9.675,True
42830,65,9.675,True
42831,65,9.675,True
42832,65,9.675,True
42833,66,9.675,True
42834,66,9.238,True
42835,66,9.238,True
42836,67,9.139,True
42837,67,9.139,True
42838,68,9.399,True
42839,71,9.139,True
42840,71,9.675,True
42841,72,9.675,True
42842,74,9.675,True
42843,72,9.675,True
42844,72,9.675,True
42845,72,9.675,True
42846,71,9.675,True
42847,70,9.675,True
42848,70,9.675,True
42849,70,9.675,True
42850,71,9.675,True
42851,71,9.675,True
42852,67,9.675,True
42853,72,9.675,True
42854,72,9.675,True
42855,72,9.675,True
42856,72,9.675,True
42857,72,9.675,True
42858,72,9.675,True
42859,72,9.675,True
42860,72,9.675,True
42861,66,9.675,True
42862,66,9.675,True
42863,70,9.675,True
42864,66,9.675,True
42865,65,9.675,True
42866,64,9.675,True
42867,64,9.675,True
42868,64,9.675,True
42869,64,9.675,True
42870,64,9.675,True
42871,64,9.675,True
42872,64,9.675,True
42873,64,9.675,True
42874,64,9.675,True
42875,64,9.675,True
42876,63,9.675,True
42877,63,9.675,True
42878,63,9.675,True
42879,63,9.675,True
42880,63,9.675,True
42881,63,9.675,True
42882,63,9.675,True
42883,63,9.675,True
42884,63,9.675,True
42885,63,9.675,True
42886,63,9.675,True
42887,63,9.675,True
42888,63,9.675,True
42889,63,9.675,True
42890,63,9.675,True
42891,63,9.675,True
42892,63,9.675,True
42893,63,9.675,True
42894,63,9.675,True
42895,64,9.004,True
42896,64,9.278,True
42897,64,9.278,True
42898,64,9.278,True
42899,64,9.278,True
42900,64,9.278,True
42901,64,9.278,True
42902,64,9.278,True
42903,63,9.675,True
42904,65,9.278,True
42905,65,9.278,True
42906,65,9.278,True
42907,65,9.278,True
42908,67,9.651,True
42909,70,9.651,True
42910,70,9.651,True
42911,72,9.004,True
42912,69,9.004,True
42913,68,9.278,True
42914,68,9.278,True
42915,68,9.278,True
42916,69,9.278,True
42917,67,9.675,True
42918,67,9.675,True
42919,67,9.675,True
42920,67,9.675,True
42921,67,9.675,True
42922,67,9.675,True
42923,67,9.675,True
42924,67,9.675,True
42925,67,9.675,True
42926,69,9.675,True
42927,69,9.675,True
42928,76,9.675,True
42929,69,9.724,True
42930,69,9.724,True
42931,69,9.724,True
42932,65,9.724,True
42933,65,9.724,True
42934,65,9.675,True
42935,65,9.675,True
42936,65,9.675,True
42937,65,9.675,True
42938,65,9.675,True
42939,65,9.675,True
42940,65,9.675,True
42941,65,9.675,True
42942,65,9.675,True
42943,65,9.724,True
42944,65,9.724,True
42945,72,9.675,True
42946,71,9.675,True
42947,71,9.675,True
42948,71,9.826,True
42949,71,9.826,True
42950,71,9.826,True
42951,71,9.826,True
42952,71,9.675,True
42953,71,9.675,True
42954,71,9.675,True
42955,72,9.675,True
42956,70,9.675,True
42957,70,9.675,True
42958,70,9.675,True
42959,70,9.675,True
42960,70,9.675,True
42961,67,9.675,True
42962,67,9.675,True
42963,67,9.675,True
42964,71,9.675,True
42965,74,9.675,True
42966,74,9.675,True
42967,70,9.675,True
42968,72,9.675,True
42969,71,9.675,True
42970,70,9.675,True
42971,72,9.26,True
42972,72,9.26,True
42973,77,8.66,True
42974,76,8.66,True
42975,78,8.669,True
42976,78,8.669,True
42977,73,9.26,True
42978,73,9.26,True
42979,75,8.669,True
42980,74,8.669,True
42981,72,8.66,True
42982,72,8.66,True
42983,71,8.66,True
42984,71,8.66,True
42985,71,8.66,True
42986,75,7.721,True
42987,75,7.721,True
42988,72,7.869,True
42989,74,8.835,True
42990,77,8.835,True
42991,75,8.835,True
42992,74,8.835,True
42993,75,8.835,True
42994,73,8.835,True
42995,79,8.835,True
42996,80,8.835,True
42997,76,8.835,True
42998,78,8.381,True
42999,78,8.381,True
43000,78,8.381,True
43001,78,8.381,True
43002,79,7.717,True
43003,78,7.717,True
43004,75,7.717,True
43005,75,7.717,True
43006,75,7.717,True
43007,77,7.717,True
43008,79,5.994,True
43009,79,5.994,True
43010,75,7.067,True
43011,75,7.067,True
43012,72,7.067,True
43013,72,7.067,True
43014,72,7.067,True
43015,72,7.067,True
43016,72,7.067,True
43017,72,7.067,True
43018,74,7.875,True
43019,73,7.875,True
43020,73,7.875,True
43021,76,9.796,True
43022,75,9.796,True
43023,75,9.796,True
43024,75,9.796,True
43025,74,8.691,True
43026,74,8.691,True
43027,74,8.691,True
43028,74,8.691,True
43029,74,8.691,True
43030,74,8.691,True
43031,73,8.691,True
43032,74,9.568,True
43033,75,9.568,True
43034,75,9.568,True
43035,75,9.568,True
43036,76,9.568,True
43037,75,9.568,True
43038,75,9.568,True
43039,76,9.568,True
43040,74,9.382,True
43041,70,9.382,True
43042,70,9.382,True
43043,70,9.382,True
43044,70,9.382,True
43045,70,9.382,True
43046,75,9.382,True
43047,77,9.382,True
43048,77,9.382,True
43049,74,9.382,True
43050,72,9.382,True
43051,72,9.382,True
43052,72,9.382,True
43053,72,9.382,True
43054,71,9.382,True
43055,71,9.382,True
43056,71,9.382,True
43057,67,9.382,True
43058,66,9.004,True
43059,71,6.927,True
43060,69,8.66,True
43061,67,8.66,True
43062,69,6.927,True
43063,72,6.927,True
43064,73,6.927,True
43065,73,6.927,True
43066,73,7.819,True
43067,74,8.013,True
43068,74,8.013,True
43069,74,8.013,True
43070,73,8.29,True
43071,73,8.29,True
43072,73,8.29,True
43073,73,8.29,True
43074,72,8.29,True
43075,72,8.29,True
43076,74,8.29,True
43077,74,8.29,True
43078,74,8.29,True
43079,74,8.29,True
43080,74,8.29,True
43081,73,3.793,True
43082,74,3.093,True
43083,74,3.093,True
43084,74,6.777,True
43085,74,6.777,True
43086,74,7.746,True
43087,72,7.746,True
43088,72,7.746,True
43089,72,7.267,True
43090,71,7.267,True
43091,72,7.267,True
43092,72,7.267,True
43093,72,7.267,True
43094,74,7.267,True
43095,76,9.844,True
43096,75,9.844,True
43097,77,9.844,True
43098,74,8.758,True
43099,75,8.758,True
43100,75,8.758,True
43101,75,8.758,True
43102,75,8.758,True
43103,74,8.758,True
43104,72,8.758,True
43105,72,8.758,True
43106,72,8.758,True
43107,72,8.758,True
43108,72,8.758,True
43109,72,8.758,True
43110,72,8.758,True
43111,72,6.624,True
43112,72,6.624,True
43113,72,6.624,True
43114,74,9.709,True
43115,77,6.968,True
43116,78,6.968,True
43117,78,6.968,True
43118,78,6.968,True
43119,78,6.968,True
43120,77,7.056,True
43121,77,7.056,True
43122,74,7.056,True
43123,72,7.056,True
43124,73,7.056,True
43125,72,9.131,True
43126,72,9.131,True
43127,72,9.131,True
43128,72,9.131,True
43129,71,9.86,True
43130,71,9.86,True
43131,71,9.86,True
43132,71,9.86,True
43133,71,9.86,True
43134,71,9.86,True
43135,74,9.86,True
43136,75,9.056,True
43137,72,9.056,True
43138,72,9.056,True
43139,72,9.056,True
43140,72,9.056,True
43141,72,9.056,True
43142,71,8.652,True
43143,71,8.652,True
43144,71,8.652,True
43145,71,8.652,True
43146,72,9.521,True
43147,69,9.521,True
43148,70,9.521,True
43149,69,8.652,True
43150,70,9.008,True
43151,70,9.008,True
43152,73,9.008,True
43153,73,9.008,True
43154,73,9.008,True
43155,73,9.008,True
43156,71,9.008,True
43157,71,9.008,True
43158,71,9.008,True
43159,71,9.008,True
43160,75,9.008,True
43161,75,9.008,True
43162,76,9.008,True
43163,76,9.008,True
43164,73,8.599,True
43165,73,8.599,True
43166,74,8.599,True
43167,74,8.599,True
43168,74,8.599,True
43169,76,6.933,True
43170,76,6.933,True
43171,76,6.933,True
43172,76,6.933,True
43173,76,6.933,True
43174,76,6.933,True
43175,74,8.599,True
43176,74,8.599,True
43177,74,8.599,True
43178,74,8.599,True
43179,74,8.599,True
43180,74,8.599,True
43181,72,8.599,True
43182,75,8.599,True
43183,75,8.599,True
43184,75,8.599,True
43185,75,8.599,True
43186,80,9.483,True
43187,78,9.483,True
43188,78,9.483,True
43189,76,9.483,True
43190,76,9.483,True
43191,76,9.483,True
43192,76,9.483,True
43193,74,9.483,True
43194,73,9.483,True
43195,76,9.483,True
43196,77,9.483,True
43197,77,9.738,True
43198,73,9.738,True
43199,73,9.738,True
43200,73,9.298,True
43201,72,9.09,True
43202,72,9.09,True
43203,72,9.09,True
43204,72,9.09,True
43205,72,9.09,True
43206,72,8.266,True
43207,72,8.266,True
43208,72,8.266,True
43209,70,8.599,True
43210,70,8.599,True
43211,71,8.599,True
43212,71,8.599,True
43213,72,8.599,True
43214,75,8.599,True
43215,72,8.599,True
43216,69,8.599,True
43217,68,8.599,True
43218,68,8.599,True
43219,68,8.599,True
43220,68,8.599,True
43221,68,8.599,True
43222,68,8.599,True
43223,70,8.599,True
43224,70,8.629,True
43225,70,8.629,True
43226,70,8.629,True
43227,70,8.629,True
43228,72,7.671,True
43229,72,7.671,True
43230,72,7.671,True
43231,72,7.671,True
43232,72,7.671,True
43233,71,6.249,True
43234,72,6.249,True
43235,72,8.393,True
43236,72,8.393,True
43237,72,8.393,True
43238,71,7.82,True
43239,71,7.82,True
43240,71,7.82,True
43241,71,7.82,True
43242,71,7.82,True
43243,70,7.82,True
43244,70,7.82,True
43245,70,7.82,True
43246,70,7.82,True
43247,70,7.82,True
43248,71,7.82,True
43249,71,7.82,True
43250,71,7.82,True
43251,71,7.82,True
43252,72,7.82,True
43253,75,9.042,True
43254,75,9.042,True
43255,75,9.042,True
43256,75,9.042,True
43257,75,9.042,True
43258,74,9.042,True
43259,71,7.82,True
43260,71,7.82,True
43261,71,7.82,True
43262,71,7.82,True
43263,71,7.82,True
43264,74,7.833,True
43265,75,7.833,True
43266,75,7.833,True
43267,75,7.833,True
43268,75,7.833,True
43269,75,7.833,True
43270,76,9.298,True
43271,76,9.298,True
43272,76,9.298,True
43273,76,9.298,True
43274,78,7.833,True
43275,78,7.833,True
43276,78,7.833,True
43277,78,9.223,True
43278,78,9.223,True
43279,78,9.223,True
43280,78,7.833,True
43281,78,7.833,True
43282,75,6.411,True
43283,78,6.411,True
43284,78,6.411,True
43285,78,6.411,True
43286,77,6.741,True
43287,77,6.741,True
43288,75,6.741,True
43289,74,6.741,True
43290,75,6.741,True
43291,75,6.741,True
43292,78,9.532,True
43293,78,9.532,True
43294,78,9.532,True
43295,78,9.532,True
43296,75,7.164,True
43297,75,6.741,True
43298,76,6.741,True
43299,75,6.741,True
43300,76,6.552,True
43301,76,6.552,True
43302,74,6.552,True
43303,76,8.142,True
43304,75,8.599,True
43305,75,8.599,True
43306,77,9.476,True
43307,76,9.476,True
43308,76,9.476,True
43309,79,9.476,True
43310,77,9.476,True
43311,80,9.476,True
43312,80,9.476,True
43313,80,9.476,True
43314,80,9.476,True
43315,81,9.476,True
43316,81,9.476,True
43317,78,9.476,True
43318,77,9.476,True
43319,77,9.476,True
43320,75,9.339,True
43321,75,9.339,True
43322,75,9.339,True
43323,75,9.339,True
43324,75,9.339,True
43325,75,9.339,True
43326,75,9.339,True
43327,75,9.339,True
43328,75,9.223,True
43329,75,9.223,True
43330,74,9.223,True
43331,75,9.223,True
43332,75,9.223,True
43333,75,9.223,True
43334,75,9.223,True
43335,75,9.223,True
43336,73,9.223,True
43337,73,9.387,True
43338,75,9.387,True
43339,76,9.387,True
43340,76,9.387,True
43341,76,9.387,True
43342,76,9.387,True
43343,74,9.387,True
43344,74,7.7,True
43345,74,7.7,True
43346,75,8.19,True
43347,77,8.99,True
43348,77,8.99,True
43349,73,9.655,True
43350,75,8.19,True
43351,75,8.19,True
43352,75,8.19,True
43353,75,8.19,True
43354,77,8.19,True
43355,77,8.19,True
43356,77,8.19,True
43357,77,8.19,True
43358,75,9.663,True
43359,71,9.663,True
43360,71,9.663,True
43361,71,9.663,True
43362,70,9.663,True
43363,70,9.663,True
43364,69,9.663,True
43365,70,9.663,True
43366,69,9.663,True
43367,70,9.663,True
43368,66,9.663,True
43369,70,9.663,True
43370,65,9.663,True
43371,64,9.663,True
43372,64,9.663,True
43373,65,9.663,True
43374,65,9.663,True
43375,65,9.663,True
43376,65,9.663,True
43377,65,9.663,True
43378,66,9.027,True
43379,69,9.387,True
43380,66,9.027,True
43381,66,9.027,True
43382,67,9.027,True
43383,67,9.027,True
43384,66,9.897,True
43385,67,9.897,True
43386,67,9.897,True
43387,67,9.897,True
43388,66,9.897,True
43389,66,9.897,True
43390,66,9.897,True
43391,67,9.897,True
43392,67,9.897,True
43393,67,9.897,True
43394,67,8.696,True
43395,68,8.696,True
43396,68,8.696,True
43397,70,9.84,True
43398,70,9.84,True
43399,70,9.84,True
43400,71,9.84,True
43401,71,9.84,True
43402,71,9.84,True
43403,71,9.84,True
43404,71,9.84,True
43405,71,9.84,True
43406,69,9.988,True
43407,69,9.988,True
43408,69,9.988,True
43409,67,9.988,True
43410,69,9.988,True
43411,72,9.988,True
43412,70,9.988,True
43413,75,9.988,True
43414,73,9.988,True
43415,73,9.988,True
43416,70,9.988,True
43417,72,9.988,True
43418,71,9.97,True
43419,71,9.97,True
43420,72,9.97,True
43421,72,9.97,True
43422,69,9.97,True
43423,71,9.97,True
43424,71,9.97,True
43425,72,9.97,True
43426,70,9.97,True
43427,70,9.97,True
43428,70,9.97,True
43429,71,9.97,True
43430,68,9.97,True
43431,69,9.988,True
43432,69,9.988,True
43433,69,9.988,True
43434,69,9.988,True
43435,69,9.988,True
43436,69,9.988,True
43437,70,9.988,True
43438,67,9.988,True
43439,68,9.988,True
43440,68,9.988,True
43441,67,9.988,True
43442,67,9.988,True
43443,67,9.988,True
43444,67,9.988,True
43445,69,9.988,True
43446,69,9.988,True
43447,69,9.988,True
43448,69,9.988,True
43449,70,9.988,True
43450,72,8.626,True
43451,72,8.626,True
43452,73,8.764,True
43453,71,8.764,True
43454,70,8.764,True
43455,70,8.764,True
43456,68,9.14,True
43457,67,9.14,True
43458,67,9.14,True
43459,67,9.14,True
43460,66,9.14,True
43461,66,9.14,True
43462,66,9.14,True
43463,66,9.14,True
43464,66,9.242,True
43465,66,9.242,True
43466,66,9.242,True
43467,66,9.242,True
43468,66,9.242,True
43469,68,9.242,True
43470,69,6.935,True
43471,69,6.935,True
43472,69,6.935,True
43473,69,6.935,True
43474,69,6.935,True
43475,69,6.935,True
43476,68,6.935,True
43477,68,6.935,True
43478,68,6.935,True
43479,68,6.935,True
43480,68,6.935,True
43481,68,6.935,True
43482,68,6.935,True
43483,68,6.935,True
43484,69,6.935,True
43485,71,6.063,True
43486,71,6.063,True
43487,71,6.063,True
43488,71,6.063,True
43489,68,6.063,True
43490,68,5.37,True
43491,68,5.37,True
43492,65,5.37,True
43493,65,5.37,True
43494,66,5.37,True
43495,66,3.483,True
43496,66,3.483,True
43497,66,3.483,True
43498,66,3.483,True
43499,66,3.483,True
43500,66,3.483,True
43501,67,5.881,True
43502,67,5.881,True
43503,67,5.881,True
43504,67,5.881,True
43505,67,6.958,True
43506,67,6.958,True
43507,66,8.427,True
43508,66,8.427,True
43509,66,8.427,True
43510,67,8.427,True
43511,68,5.843,True
43512,68,5.843,True
43513,68,5.843,True
43514,68,5.37,True
43515,67,6.683,True
43516,67,6.683,True
43517,67,6.683,True
43518,67,6.683,True
43519,67,6.683,True
43520,69,7.158,True
43521,69,7.158,True
43522,69,7.158,True
43523,76,6.697,True
43524,76,8.427,True
43525,76,8.427,True
43526,76,8.427,True
43527,75,6.697,True
43528,77,6.697,True
43529,77,6.697,True
43530,77,6.697,True
43531,75,6.697,True
43532,78,6.697,True
43533,75,6.697,True
43534,75,6.697,True
43535,75,6.697,True
43536,76,7.176,True
43537,77,8.427,True
43538,77,8.427,True
43539,76,7.176,True
43540,76,7.176,True
43541,77,7.176,True
43542,77,7.176,True
43543,78,6.336,True
43544,77,5.857,True
43545,76,9.727,True
43546,76,9.727,True
43547,78,9.727,True
43548,78,9.727,True
43549,69,9.727,True
43550,72,9.727,True
43551,72,9.727,True
43552,73,9.727,True
43553,73,9.727,True
43554,73,9.727,True
43555,72,9.727,True
43556,74,9.727,True
43557,74,9.727,True
43558,74,9.727,True
43559,74,9.727,True
43560,74,9.727,True
43561,67,9.897,True
43562,69,9.897,True
43563,69,9.897,True
43564,67,9.897,True
43565,67,9.897,True
43566,67,9.897,True
43567,67,9.897,True
43568,67,9.897,True
43569,65,9.897,True
43570,65,9.897,True
43571,65,9.897,True
43572,65,9.897,True
43573,66,9.727,True
43574,67,9.727,True
43575,67,9.727,True
43576,65,9.897,True
43577,65,9.897,True
43578,65,9.897,True
43579,65,9.897,True
43580,65,9.897,True
43581,67,9.897,True
43582,69,9.897,True
43583,67,9.897,True
43584,71,9.897,True
43585,68,9.897,True
43586,65,9.897,True
43587,65,9.897,True
43588,65,9.897,True
43589,65,9.897,True
43590,65,9.897,True
43591,69,9.897,True
43592,69,9.897,True
43593,65,9.897,True
43594,65,9.897,True
43595,65,9.897,True
43596,65,9.897,True
43597,65,9.897,True
43598,65,9.897,True
43599,65,9.897,True
43600,67,9.897,True
43601,67,9.897,True
43602,69,9.897,True
43603,69,9.897,True
43604,69,9.897,True
43605,69,9.897,True
43606,69,9.897,True
43607,68,9.897,True
43608,68,9.897,True
43609,68,9.897,True
43610,68,9.897,True
43611,68,9.897,True
43612,68,9.897,True
43613,68,9.897,True
43614,67,9.897,True
43615,68,9.897,True
43616,70,9.727,True
43617,70,9.727,True
43618,70,9.727,True
43619,70,9.727,True
43620,70,9.727,True
43621,70,9.727,True
43622,70,8.526,True
43623,70,8.526,True
43624,70,8.526,True
43625,69,8.526,True
43626,69,8.526,True
43627,69,8.526,True
43628,71,7.52,True
43629,71,7.52,True
43630,71,7.52,True
43631,72,7.52,True
43632,72,7.52,True
43633,71,7.52,True
43634,69,8.696,True
43635,72,8.696,True
43636,71,8.696,True
43637,71,8.696,True
43638,71,8.696,True
43639,70,8.696,True
43640,71,8.696,True
43641,70,9.601,True
43642,70,9.601,True
43643,70,9.601,True
43644,70,9.601,True
43645,70,9.601,True
43646,73,9.601,True
43647,72,9.825,True
43648,72,9.825,True
43649,72,9.825,True
43650,72,9.825,True
43651,72,9.825,True
43652,72,9.825,True
43653,72,9.825,True
43654,74,9.825,True
43655,74,9.825,True
43656,74,9.825,True
43657,74,9.825,True
43658,71,6.102,True
43659,71,6.102,True
43660,71,6.102,True
43661,70,5.566,True
43662,70,5.566,True
43663,67,9.897,True
43664,68,9.897,True
43665,67,9.897,True
43666,69,9.897,True
43667,67,9.897,True
43668,67,9.897,True
43669,67,9.897,True
43670,68,9.897,True
43671,68,9.897,True
43672,68,9.897,True
43673,69,9.897,True
43674,70,9.897,True
43675,70,9.897,True
43676,71,9.897,True
43677,71,9.897,True
43678,71,9.897,True
43679,71,9.897,True
43680,71,9.897,True
43681,70,9.897,True
43682,70,9.897,True
43683,70,9.897,True
43684,72,9.209,True
43685,72,9.209,True
43686,72,9.209,True
43687,71,9.209,True
43688,70,9.897,True
43689,70,9.897,True
43690,70,9.897,True
43691,69,9.897,True
43692,68,9.897,True
43693,74,9.209,True
43694,72,9.209,True
43695,72,9.209,True
43696,73,7.267,True
43697,73,7.267,True
43698,68,7.267,True
43699,67,9.897,True
43700,69,7.267,True
43701,69,7.267,True
43702,67,9.897,True
43703,67,9.897,True
43704,69,9.897,True
43705,69,9.897,True
43706,69,9.897,True
43707,69,9.897,True
43708,69,9.897,True
43709,68,9.897,True
43710,67,9.897,True
43711,67,9.897,True
43712,63,9.897,True
43713,63,9.897,True
43714,63,9.897,True
43715,63,9.897,True
43716,62,9.897,True
43717,62,9.027,True
43718,62,9.027,True
43719,62,9.027,True
43720,68,9.027,True
43721,69,9.027,True
43722,70,9.027,True
43723,70,9.027,True
43724,70,9.027,True
43725,69,9.027,True
43726,70,9.027,True
43727,73,7.806,True
43728,70,9.027,True
43729,72,9.027,True
43730,72,9.027,True
43731,71,9.027,True
43732,71,9.027,True
43733,70,7.999,True
43734,70,7.999,True
43735,68,7.999,True
43736,71,7.858,True
43737,70,7.176,True
43738,68,7.232,True
43739,71,7.515,True
43740,71,7.515,True
43741,71,9.085,True
43742,71,9.085,True
43743,72,9.342,True
43744,73,9.085,True
43745,73,9.085,True
43746,74,9.085,True
43747,74,9.085,True
43748,73,9.085,True
43749,73,9.085,True
43750,76,9.085,True
43751,76,9.085,True
43752,76,7.267,True
43753,76,7.267,True
43754,77,7.267,True
43755,74,7.267,True
43756,74,7.806,True
43757,69,9.775,True
43758,72,7.806,True
43759,69,9.775,True
43760,69,9.3,True
43761,69,9.3,True
43762,69,9.3,True
43763,69,9.3,True
43764,69,9.3,True
43765,69,9.3,True
43766,69,9.3,True
43767,69,9.3,True
43768,69,9.3,True
43769,70,9.3,True
43770,72,9.3,True
43771,71,9.3,True
43772,71,9.3,True
43773,69,9.3,True
43774,68,9.3,True
43775,68,8.76,True
43776,68,8.76,True
43777,68,8.76,True
43778,68,9.3,True
43779,68,9.3,True
43780,71,9.971,True
43781,68,9.971,True
43782,69,9.971,True
43783,69,9.971,True
43784,69,9.971,True
43785,72,9.971,True
43786,72,9.971,True
43787,68,9.971,True
43788,68,9.971,True
43789,68,9.971,True
43790,68,9.971,True
43791,68,9.971,True
43792,68,9.971,True
43793,68,9.971,True
43794,69,9.971,True
43795,69,9.971,True
43796,69,9.971,True
43797,69,9.971,True
43798,73,9.971,True
43799,73,9.971,True
43800,73,9.971,True
43801,73,9.971,True
43802,73,9.971,True
43803,73,9.971,True
43804,73,9.971,True
43805,76,9.737,True
43806,75,9.737,True
43807,76,9.829,True
43808,76,9.829,True
43809,74,9.829,True
43810,72,9.737,True
43811,73,9.737,True
43812,73,9.566,True
43813,73,9.566,True
43814,75,9.566,True
43815,73,8.697,True
43816,70,8.697,True
43817,70,8.697,True
43818,69,8.697,True
43819,71,8.697,True
43820,71,8.697,True
43821,71,8.697,True
43822,69,8.697,True
43823,70,8.697,True
43824,71,8.697,True
43825,71,8.697,True
43826,71,8.697,True
43827,71,8.697,True
43828,70,8.697,True
43829,70,8.697,True
43830,72,7.681,True
43831,72,7.681,True
43832,74,9.59,True
43833,74,9.59,True
43834,73,7.681,True
43835,73,7.681,True
43836,71,6.6,True
43837,71,6.6,True
43838,71,6.6,True
43839,71,6.6,True
43840,71,6.6,True
43841,71,7.86,True
43842,70,7.86,True
43843,68,8.511,True
43844,66,5.382,True
43845,64,8.013,True
43846,64,8.013,True
43847,64,8.013,True
43848,64,8.013,True
43849,64,8.013,True
43850,64,8.013,True
43851,64,8.013,True
43852,65,9.663,True
43853,65,9.663,True
43854,70,9.663,True
43855,70,9.663,True
43856,70,9.663,True
43857,70,9.663,True
43858,70,9.663,True
43859,68,9.663,True
43860,68,9.663,True
43861,68,9.663,True
43862,71,9.663,True
43863,71,9.663,True
43864,67,9.663,True
43865,66,7.353,True
43866,65,7.353,True
43867,65,7.353,True
43868,67,5.537,True
43869,67,8.744,True
43870,72,8.744,True
43871,72,8.744,True
43872,70,8.744,True
43873,70,8.744,True
43874,67,8.744,True
43875,67,8.744,True
43876,65,8.744,True
43877,65,8.744,True
43878,63,8.744,True
43879,64,9.663,True
43880,68,9.056,True
43881,71,9.056,True
43882,71,9.056,True
43883,72,9.056,True
43884,70,8.744,True
43885,70,8.744,True
43886,71,7.806,True
43887,71,9.663,True
43888,71,9.663,True
43889,71,9.663,True
43890,73,7.806,True
43891,72,7.806,True
43892,72,7.806,True
43893,75,7.806,True
43894,72,7.806,True
43895,74,6.648,True
43896,75,6.648,True
43897,75,6.648,True
43898,75,6.648,True
43899,75,6.648,True
43900,74,6.648,True
43901,74,7.344,True
43902,74,7.344,True
43903,74,9.309,True
43904,74,9.309,True
43905,73,9.309,True
43906,74,9.309,True
43907,71,9.663,True
43908,72,9.792,True
43909,72,9.792,True
43910,72,9.792,True
43911,71,9.792,True
43912,71,9.792,True
43913,71,9.792,True
43914,71,9.792,True
43915,71,9.792,True
43916,71,9.792,True
43917,71,9.792,True
43918,72,9.792,True
43919,71,9.792,True
43920,74,9.792,True
43921,70,9.798,True
43922,66,9.798,True
43923,65,9.798,True
43924,65,9.798,True
43925,65,9.798,True
43926,69,9.663,True
43927,70,9.663,True
43928,69,9.663,True
43929,69,9.663,True
43930,71,9.663,True
43931,69,9.663,True
43932,69,9.663,True
43933,69,9.256,True
43934,68,9.329,True
43935,68,9.329,True
43936,68,9.329,True
43937,70,9.329,True
43938,69,9.329,True
43939,71,9.22,True
43940,76,9.22,True
43941,77,9.22,True
43942,74,9.22,True
43943,70,9.22,True
43944,70,9.22,True
43945,68,9.22,True
43946,68,9.22,True
43947,68,9.22,True
43948,70,7.351,True
43949,70,9.663,True
43950,68,9.663,True
43951,66,9.663,True
43952,66,9.663,True
43953,66,9.663,True
43954,66,9.663,True
43955,66,9.601,True
43956,66,9.601,True
43957,66,9.601,True
43958,65,9.601,True
43959,63,9.601,True
43960,64,9.601,True
43961,65,9.601,True
43962,65,9.601,True
43963,68,9.601,True
43964,69,9.601,True
43965,64,9.601,True
43966,64,9.601,True
43967,64,9.601,True
43968,70,9.601,True
43969,74,6.719,True
43970,79,8.987,True
43971,79,8.987,True
43972,68,6.719,True
43973,69,7.431,True
43974,71,8.486,True
43975,66,8.694,True
43976,66,8.694,True
43977,66,8.694,True
43978,66,9.003,True
43979,68,6.609,True
43980,69,7.171,True
43981,70,6.609,True
43982,70,6.609,True
43983,70,6.609,True
43984,70,6.609,True
43985,70,6.609,True
43986,70,6.609,True
43987,71,6.609,True
43988,71,6.609,True
43989,71,6.609,True
43990,70,6.609,True
43991,70,6.609,True
43992,70,6.609,True
43993,70,6.609,True
43994,70,6.609,True
43995,70,6.609,True
43996,72,9.268,True
43997,72,9.268,True
43998,72,9.268,True
43999,70,9.268,True
44000,70,8.067,True
44001,70,8.067,True
44002,72,8.541,True
44003,72,8.541,True
44004,73,8.541,True
44005,75,8.067,True
44006,75,6.609,True
44007,75,6.609,True
44008,75,6.609,True
44009,79,9.288,True
44010,79,9.288,True
44011,79,9.288,True
44012,79,9.288,True
44013,78,7.408,True
44014,78,7.408,True
44015,78,7.408,True
44016,78,6.902,True
44017,78,6.902,True
44018,75,6.902,True
44019,75,6.902,True
44020,74,6.902,True
44021,74,5.849,True
44022,73,7.953,True
44023,73,7.953,True
44024,72,9.099,True
44025,71,9.099,True
44026,71,9.099,True
44027,71,9.099,True
44028,72,6.869,True
44029,73,6.869,True
44030,74,6.869,True
44031,74,6.869,True
44032,71,6.869,True
44033,71,6.869,True
44034,71,6.869,True
44035,71,6.902,True
44036,71,6.902,True
44037,71,6.902,True
44038,73,9.891,True
44039,70,9.521,True
44040,70,9.521,True
44041,70,9.521,True
44042,75,9.521,True
44043,75,9.521,True
44044,75,9.521,True
44045,75,9.521,True
44046,75,9.521,True
44047,75,9.521,True
44048,75,9.521,True
44049,69,9.521,True
44050,69,9.521,True
44051,69,9.521,True
44052,68,9.296,True
44053,68,9.296,True
44054,69,9.099,True
44055,69,9.099,True
44056,69,9.099,True
44057,74,9.099,True
44058,74,9.099,True
44059,74,9.099,True
44060,74,9.099,True
44061,74,9.099,True
44062,69,9.099,True
44063,70,9.099,True
44064,74,9.099,True
44065,75,9.601,True
44066,75,9.601,True
44067,75,9.601,True
44068,75,9.601,True
44069,75,9.601,True
44070,77,9.601,True
44071,77,9.601,True
44072,77,9.601,True
44073,77,9.601,True
44074,77,9.601,True
44075,77,9.601,True
44076,77,9.601,True
44077,76,9.601,True
44078,76,9.601,True
44079,76,9.601,True
44080,76,9.601,True
44081,76,9.601,True
44082,76,9.601,True
44083,75,9.601,True
44084,75,9.601,True
44085,74,9.601,True
44086,75,9.601,True
44087,75,9.601,True
44088,73,9.601,True
44089,73,9.601,True
44090,73,9.601,True
44091,68,9.601,True
44092,68,9.601,True
44093,68,9.601,True
44094,68,9.601,True
44095,72,9.601,True
44096,72,9.601,True
44097,69,9.601,True
44098,67,9.601,True
44099,69,9.601,True
44100,69,9.601,True
44101,72,9.601,True
44102,69,9.601,True
44103,69,9.601,True
44104,70,9.601,True
44105,70,9.601,True
44106,70,9.601,True
44107,71,9.601,True
44108,71,9.601,True
44109,71,9.601,True
44110,69,9.601,True
44111,69,9.601,True
44112,69,9.601,True
44113,69,9.601,True
44114,71,9.601,True
44115,71,9.601,True
44116,71,9.601,True
44117,71,9.601,True
44118,71,9.601,True
44119,71,9.2,True
44120,67,9.2,True
44121,69,9.2,True
44122,68,9.663,True
44123,68,9.663,True
44124,68,9.663,True
44125,70,9.795,True
44126,70,9.795,True
44127,72,9.795,True
44128,70,9.663,True
44129,70,9.663,True
44130,70,9.663,True
44131,68,9.663,True
44132,68,9.663,True
44133,68,9.663,True
44134,68,9.663,True
44135,66,9.663,True
44136,66,9.663,True
44137,68,9.663,True
44138,68,9.663,True
44139,68,9.663,True
44140,70,9.663,True
44141,68,9.663,True
44142,68,9.663,True
44143,68,9.663,True
44144,68,9.663,True
44145,68,9.663,True
44146,68,9.663,True
44147,68,9.663,True
44148,72,9.263,True
44149,75,9.263,True
44150,75,9.063,True
44151,73,8.697,True
44152,72,8.697,True
44153,73,9.691,True
44154,69,9.691,True
44155,69,9.691,True
44156,71,9.691,True
44157,69,9.232,True
44158,67,9.232,True
44159,67,9.232,True
44160,69,8.221,True
44161,70,9.463,True
44162,70,9.463,True
44163,73,9.463,True
44164,70,8.221,True
44165,67,7.671,True
44166,70,8.697,True
44167,71,7.671,True
44168,66,7.671,True
44169,67,8.629,True
44170,68,7.543,True
44171,67,7.543,True
44172,69,7.543,True
44173,69,7.543,True
44174,69,7.543,True
44175,67,7.543,True
44176,67,7.543,True
44177,69,7.543,True
44178,69,7.543,True
44179,73,4.334,True
44180,71,3.91,True
44181,71,4.379,True
44182,75,8.157,True
44183,74,9.86,True
44184,74,9.86,True
44185,72,9.86,True
44186,72,9.86,True
44187,70,9.86,True
44188,66,9.86,True
44189,68,9.86,True
44190,67,9.86,True
44191,65,9.86,True
44192,65,9.86,True
44193,65,9.86,True
44194,65,9.86,True
44195,65,9.86,True
44196,65,9.86,True
44197,71,5.818,True
44198,70,8.989,True
44199,70,4.334,True
44200,65,4.334,True
44201,65,4.334,True
44202,65,5.818,True
44203,65,5.818,True
44204,65,5.818,True
44205,65,5.818,True
44206,65,5.818,True
44207,64,9.935,True
44208,64,9.935,True
44209,64,9.935,True
44210,64,9.86,True
44211,64,9.86,True
44212,64,9.935,True
44213,67,5.818,True
44214,67,5.818,True
44215,67,5.031,True
44216,65,6.737,True
44217,65,6.737,True
44218,65,6.737,True
44219,65,6.737,True
44220,65,6.737,True
44221,67,4.072,True
44222,67,4.072,True
44223,65,4.072,True
44224,62,9.935,True
44225,62,9.935,True
44226,62,9.935,True
44227,62,9.935,True
44228,62,9.935,True
44229,62,9.935,True
44230,62,9.935,True
44231,62,9.935,True
44232,67,9.935,True
44233,67,9.935,True
44234,68,9.935,True
44235,68,9.935,True
44236,68,9.935,True
44237,67,9.935,True
44238,64,9.935,True
44239,64,9.935,True
44240,61,9.935,True
44241,61,9.935,True
44242,61,9.935,True
44243,64,9.935,True
44244,66,9.935,True
44245,66,9.935,True
44246,66,9.935,True
44247,64,9.935,True
44248,61,9.935,True
44249,59,9.935,True
44250,61,9.935,True
44251,61,9.935,True
44252,61,9.935,True
44253,61,9.935,True
44254,61,9.935,True
44255,61,9.935,True
44256,61,9.935,True
44257,61,9.935,True
44258,61,9.935,True
44259,61,9.935,True
44260,67,9.935,True
44261,67,9.935,True
44262,61,9.935,True
44263,61,9.935,True
44264,61,9.935,True
44265,61,9.935,True
44266,63,8.694,True
44267,61,9.066,True
44268,60,8.694,True
44269,63,8.694,True
44270,64,7.053,True
44271,63,9.97,True
44272,63,9.97,True
44273,63,9.97,True
44274,63,9.97,True
44275,66,9.97,True
44276,67,9.97,True
44277,65,6.808,True
44278,65,7.579,True
44279,65,9.583,True
44280,64,9.583,True
44281,63,9.583,True
44282,63,9.583,True
44283,63,9.583,True
44284,63,9.583,True
44285,59,9.86,True
44286,59,9.86,True
44287,59,9.86,True
44288,59,9.86,True
44289,59,9.86,True
44290,60,9.86,True
44291,60,9.86,True
44292,62,8.694,True
44293,62,8.694,True
44294,64,8.694,True
44295,65,8.694,True
44296,65,8.659,True
44297,66,8.659,True
44298,66,8.659,True
44299,66,8.659,True
44300,66,8.659,True
44301,66,8.659,True
44302,66,8.659,True
44303,66,8.659,True
44304,63,8.696,True
44305,65,8.659,True
44306,65,8.659,True
44307,65,8.659,True
44308,62,8.659,True
44309,62,8.659,True
44310,62,8.659,True
44311,62,8.659,True
44312,65,8.659,True
44313,65,8.659,True
44314,64,8.659,True
44315,61,8.659,True
44316,60,9.935,True
44317,59,9.935,True
44318,59,9.897,True
44319,59,9.897,True
44320,59,9.897,True
44321,59,9.897,True
44322,59,9.897,True
44323,59,9.897,True
44324,59,9.935,True
44325,59,9.935,True
44326,59,9.935,True
44327,59,9.935,True
44328,59,9.935,True
44329,59,9.935,True
44330,62,9.2,True
44331,63,8.796,True
44332,63,9.86,True
44333,63,9.86,True
44334,62,9.86,True
44335,62,9.86,True
44336,62,9.86,True
44337,62,9.86,True
44338,62,9.86,True
44339,65,9.86,True
44340,65,9.86,True
44341,65,9.86,True
44342,65,9.86,True
44343,66,9.86,True
44344,64,9.86,True
44345,64,9.935,True
44346,61,9.935,True
44347,61,9.935,True
44348,61,9.935,True
44349,61,9.935,True
44350,61,9.935,True
44351,61,9.935,True
44352,61,9.935,True
44353,61,9.935,True
44354,61,9.935,True
44355,61,9.935,True
44356,61,9.935,True
44357,61,9.935,True
44358,61,9.935,True
44359,61,9.935,True
44360,60,9.935,True
44361,66,9.505,True
44362,66,9.505,True
44363,66,9.505,True
44364,61,8.659,True
44365,61,8.659,True
44366,61,8.659,True
44367,62,6.773,True
44368,62,6.773,True
44369,65,6.773,True
44370,65,6.773,True
44371,65,6.773,True
44372,67,6.737,True
44373,72,7.764,True
44374,71,8.03,True
44375,73,6.737,True
44376,69,6.812,True
44377,69,6.812,True
44378,69,6.812,True
44379,70,6.812,True
44380,69,9.86,True
44381,65,9.86,True
44382,67,9.86,True
44383,67,9.86,True
44384,67,9.86,True
44385,67,9.86,True
44386,67,9.86,True
44387,67,9.413,True
44388,67,9.413,True
44389,68,9.413,True
44390,67,9.86,True
44391,67,9.86,True
44392,70,9.413,True
44393,70,9.413,True
44394,70,9.413,True
44395,68,9.413,True
44396,69,9.413,True
44397,69,9.413,True
44398,69,9.413,True
44399,69,9.413,True
44400,71,9.413,True
44401,71,9.413,True
44402,69,9.413,True
44403,68,9.413,True
44404,68,9.413,True
44405,68,9.413,True
44406,68,9.413,True
44407,71,9.413,True
44408,71,9.413,True
44409,71,9.413,True
44410,72,9.683,True
44411,72,9.683,True
44412,72,9.683,True
44413,72,9.683,True
44414,72,9.683,True
44415,72,9.683,True
44416,72,9.683,True
44417,72,9.683,True
44418,70,9.413,True
44419,70,9.413,True
44420,70,9.413,True
44421,69,9.413,True
44422,69,9.413,True
44423,69,9.413,True
44424,71,9.942,True
44425,69,9.413,True
44426,69,9.413,True
44427,69,9.413,True
44428,69,9.413,True
44429,70,9.413,True
44430,70,9.413,True
44431,70,9.413,True
44432,70,9.413,True
44433,71,9.413,True
44434,72,9.413,True
44435,72,9.413,True
44436,71,9.413,True
44437,71,9.413,True
44438,71,9.413,True
44439,71,9.413,True
44440,71,9.413,True
44441,71,9.413,True
44442,72,9.413,True
44443,74,9.413,True
44444,73,9.413,True
44445,73,9.413,True
44446,73,9.413,True
44447,71,9.413,True
44448,71,9.413,True
44449,73,9.2,True
44450,74,9.2,True
44451,74,9.2,True
44452,73,9.2,True
44453,72,9.2,True
44454,74,9.246,True
44455,74,9.246,True
44456,74,9.246,True
44457,74,9.246,True
44458,77,9.246,True
44459,76,8.588,True
44460,73,7.357,True
44461,73,7.357,True
44462,74,9.468,True
44463,73,9.468,True
44464,73,9.529,True
44465,74,9.529,True
44466,73,9.468,True
44467,73,9.468,True
44468,73,9.468,True
44469,73,9.468,True
44470,72,8.907,True
44471,76,8.907,True
44472,74,8.907,True
44473,74,8.907,True
44474,76,8.907,True
44475,76,8.907,True
44476,71,9.232,True
44477,69,9.232,True
44478,68,9.232,True
44479,66,9.232,True
44480,66,9.232,True
44481,66,9.232,True
44482,66,9.232,True
44483,66,9.232,True
44484,66,6.253,True
44485,66,9.232,True
44486,66,9.232,True
44487,66,9.232,True
44488,66,9.232,True
44489,66,9.232,True
44490,68,9.232,True
44491,69,9.232,True
44492,69,9.232,True
44493,69,9.232,True
44494,69,9.232,True
44495,67,9.97,True
44496,64,9.97,True
44497,64,9.97,True
44498,64,9.97,True
44499,67,9.232,True
44500,63,9.232,True
44501,63,7.386,True
44502,63,7.053,True
44503,63,7.053,True
44504,63,7.053,True
44505,63,7.053,True
44506,60,9.97,True
44507,61,9.97,True
44508,62,9.97,True
44509,62,9.97,True
44510,62,9.97,True
44511,62,9.97,True
44512,62,9.97,True
44513,66,9.97,True
44514,70,9.97,True
44515,72,9.97,True
44516,73,9.97,True
44517,73,9.97,True
44518,71,9.97,True
44519,67,9.97,True
44520,67,9.97,True
44521,67,9.97,True
44522,67,9.97,True
44523,68,9.001,True
44524,69,9.131,True
44525,69,9.131,True
44526,70,9.131,True
44527,70,9.131,True
44528,70,8.251,True
44529,66,8.251,True
44530,66,8.251,True
44531,66,8.251,True
44532,66,8.251,True
44533,66,8.251,True
44534,66,8.251,True
44535,67,8.251,True
44536,67,8.251,True
44537,66,9.554,True
44538,66,9.554,True
44539,66,9.554,True
44540,66,9.554,True
44541,67,8.251,True
44542,68,8.251,True
44543,68,8.251,True
44544,65,6.942,True
44545,64,8.561,True
44546,65,6.942,True
44547,65,6.942,True
44548,65,6.942,True
44549,65,8.561,True
44550,65,8.561,True
44551,64,8.561,True
44552,64,8.561,True
44553,64,8.561,True
44554,64,8.561,True
44555,65,4.45,True
44556,65,4.45,True
44557,65,4.45,True
44558,65,4.45,True
44559,65,4.45,True
44560,65,4.45,True
44561,65,4.45,True
44562,67,6.907,True
44563,65,8.659,True
44564,66,8.659,True
44565,65,8.659,True
44566,65,8.659,True
44567,65,8.659,True
44568,69,8.659,True
44569,68,8.659,True
44570,68,8.659,True
44571,69,8.659,True
44572,69,8.659,True
44573,65,8.659,True
44574,65,8.659,True
44575,65,8.659,True
44576,64,8.659,True
44577,64,8.659,True
44578,64,8.659,True
44579,64,8.659,True
44580,64,8.659,True
44581,61,8.684,True
44582,62,8.659,True
44583,69,8.659,True
44584,69,8.659,True
44585,69,8.659,True
44586,69,8.659,True
44587,68,8.659,True
44588,68,8.659,True
44589,71,8.659,True
44590,71,8.659,True
44591,67,8.659,True
44592,69,8.498,True
44593,69,8.498,True
44594,69,7.461,True
44595,65,6.14,True
44596,65,6.14,True
44597,65,6.14,True
44598,63,8.659,True
44599,63,8.659,True
44600,63,8.659,True
44601,63,8.659,True
44602,63,8.659,True
44603,63,8.659,True
44604,63,8.659,True
44605,64,8.659,True
44606,64,8.659,True
44607,67,8.659,True
44608,69,6.14,True
44609,69,6.14,True
44610,67,6.14,True
44611,64,8.694,True
44612,70,8.694,True
44613,70,8.694,True
44614,70,8.694,True
44615,68,9.97,True
44616,69,8.694,True
44617,69,8.694,True
44618,69,8.694,True
44619,69,8.694,True
44620,69,8.694,True
44621,69,8.694,True
44622,69,8.694,True
44623,69,8.694,True
44624,69,9.487,True
44625,72,9.487,True
44626,72,9.487,True
44627,72,9.487,True
44628,72,9.487,True
44629,73,9.487,True
44630,72,9.487,True
44631,76,9.487,True
44632,73,9.487,True
44633,73,9.487,True
44634,73,9.487,True
44635,73,9.827,True
44636,69,9.827,True
44637,69,9.827,True
44638,69,9.827,True
44639,69,9.827,True
44640,69,9.827,True
44641,69,9.827,True
44642,69,9.827,True
44643,69,9.827,True
44644,69,9.827,True
44645,69,9.827,True
44646,69,7.204,True
44647,68,6.14,True
44648,68,6.718,True
44649,68,6.718,True
44650,67,8.944,True
44651,71,8.944,True
44652,71,8.944,True
44653,70,8.944,True
44654,70,8.944,True
44655,70,8.944,True
44656,70,8.944,True
44657,70,8.944,True
44658,70,8.944,True
44659,71,6.718,True
44660,70,6.718,True
44661,73,9.395,True
44662,73,9.395,True
44663,71,9.395,True
44664,71,9.395,True
44665,67,7.038,True
44666,67,7.038,True
44667,69,7.038,True
44668,69,7.038,True
44669,70,8.091,True
44670,69,7.038,True
44671,69,7.038,True
44672,69,7.038,True
44673,71,7.769,True
44674,71,7.769,True
44675,70,7.038,True
44676,69,7.038,True
44677,69,7.038,True
44678,69,7.038,True
44679,69,7.038,True
44680,69,7.038,True
44681,70,8.835,True
44682,70,8.835,True
44683,66,8.835,True
44684,65,8.989,True
44685,68,9.07,True
44686,68,9.07,True
44687,68,9.07,True
44688,68,9.07,True
44689,68,9.07,True
44690,68,9.07,True
44691,67,9.394,True
44692,67,9.394,True
44693,67,9.394,True
44694,67,9.394,True
44695,70,9.07,True
44696,70,9.07,True
44697,68,7.833,True
44698,68,8.989,True
44699,70,7.246,True
44700,70,9.625,True
44701,70,9.625,True
44702,70,9.625,True
44703,70,9.625,True
44704,70,9.625,True
44705,71,9.625,True
44706,71,9.625,True
44707,71,9.625,True
44708,71,9.625,True
44709,71,9.625,True
44710,71,9.625,True
44711,71,9.625,True
44712,72,9.625,True
44713,71,9.625,True
44714,71,9.625,True
44715,71,9.625,True
44716,71,9.625,True
44717,72,9.625,True
44718,70,9.625,True
44719,68,9.625,True
44720,69,9.625,True
44721,70,7.647,True
44722,70,7.647,True
44723,70,7.647,True
44724,69,9.625,True
44725,69,9.625,True
44726,69,9.625,True
44727,65,7.038,True
44728,65,7.038,True
44729,66,9.004,True
44730,64,9.004,True
44731,64,9.004,True
44732,63,9.004,True
44733,63,9.004,True
44734,63,9.004,True
44735,63,9.004,True
44736,63,9.004,True
44737,63,9.004,True
44738,63,9.004,True
44739,63,9.004,True
44740,64,7.998,True
44741,67,7.572,True
44742,69,7.572,True
44743,69,7.572,True
44744,69,7.572,True
44745,69,7.572,True
44746,68,7.572,True
44747,69,7.86,True
44748,69,7.86,True
44749,69,8.956,True
44750,69,8.956,True
44751,69,8.956,True
44752,69,7.579,True
44753,69,7.579,True
44754,69,7.579,True
44755,69,7.579,True
44756,69,7.579,True
44757,69,7.579,True
44758,69,7.579,True
44759,69,7.579,True
44760,71,7.579,True
44761,71,7.579,True
44762,71,7.579,True
44763,71,4.823,True
44764,68,4.823,True
44765,65,4.823,True
44766,66,4.823,True
44767,66,4.823,True
44768,65,6.637,True
44769,66,6.2,True
44770,68,6.2,True
44771,68,6.2,True
44772,69,7.647,True
44773,66,7.348,True
44774,66,7.348,True
44775,66,7.348,True
44776,66,7.348,True
44777,66,6.624,True
44778,66,6.624,True
44779,66,6.624,True
44780,66,6.624,True
44781,66,6.624,True
44782,69,6.624,True
44783,70,7.45,True
44784,69,7.572,True
44785,69,7.572,True
44786,65,7.572,True
44787,65,7.572,True
44788,65,7.038,True
44789,66,7.642,True
44790,71,9.278,True
44791,70,9.278,True
44792,70,7.393,True
44793,70,7.393,True
44794,68,7.393,True
44795,67,7.393,True
44796,66,7.642,True
44797,66,7.642,True
44798,65,8.694,True
44799,65,9.367,True
44800,65,9.367,True
44801,65,9.367,True
44802,67,7.917,True
44803,68,7.806,True
44804,67,7.917,True
44805,66,7.917,True
44806,67,7.917,True
44807,67,7.267,True
44808,66,7.267,True
44809,66,7.267,True
44810,66,7.267,True
44811,68,9.352,True
44812,68,9.352,True
44813,68,9.352,True
44814,70,9.352,True
44815,68,9.352,True
44816,68,9.352,True
44817,68,9.352,True
44818,67,9.352,True
44819,67,9.352,True
44820,67,9.352,True
44821,71,9.352,True
44822,71,9.352,True
44823,71,9.352,True
44824,71,9.352,True
44825,71,9.352,True
44826,71,9.352,True
44827,71,9.352,True
44828,71,9.352,True
44829,67,9.352,True
44830,68,7.267,True
44831,70,7.806,True
44832,69,7.806,True
44833,69,7.806,True
44834,69,9.263,True
44835,67,9.97,True
44836,67,9.97,True
44837,66,9.97,True
44838,64,9.97,True
44839,67,9.97,True
44840,65,9.97,True
44841,65,9.97,True
44842,65,9.97,True
44843,65,9.97,True
44844,65,9.97,True
44845,72,9.97,True
44846,72,9.97,True
44847,65,9.97,True
44848,70,9.97,True
44849,70,9.97,True
44850,73,9.97,True
44851,72,8.771,True
44852,72,8.771,True
44853,72,8.771,True
44854,72,8.771,True
44855,72,8.771,True
44856,71,8.771,True
44857,72,8.771,True
44858,72,8.771,True
44859,69,8.771,True
44860,71,9.3,True
44861,71,9.3,True
44862,71,9.3,True
44863,71,9.3,True
44864,73,9.3,True
44865,73,9.3,True
44866,74,9.3,True
44867,72,9.3,True
44868,73,9.3,True
44869,73,9.3,True
44870,73,9.3,True
44871,73,9.3,True
44872,73,9.3,True
44873,73,9.3,True
44874,72,8.814,True
44875,72,8.814,True
44876,69,7.806,True
44877,69,8.763,True
44878,69,8.763,True
44879,71,8.763,True
44880,71,8.763,True
44881,68,9.248,True
44882,67,9.248,True
44883,65,9.248,True
44884,64,9.474,True
44885,64,9.474,True
44886,64,9.474,True
44887,64,9.474,True
44888,64,9.474,True
44889,65,7.098,True
44890,65,7.098,True
44891,65,7.098,True
44892,64,7.544,True
44893,64,7.544,True
44894,64,9.204,True
44895,64,9.204,True
44896,67,9.204,True
44897,69,6.41,True
44898,69,7.909,True
44899,69,7.909,True
44900,72,7.909,True
44901,72,7.909,True
44902,71,8.267,True
44903,70,8.267,True
44904,70,8.267,True
44905,68,8.267,True
44906,68,8.267,True
44907,69,8.267,True
44908,69,8.267,True
44909,69,8.267,True
44910,69,8.267,True
44911,66,8.267,True
44912,65,8.267,True
44913,66,8.267,True
44914,66,8.267,True
44915,66,8.267,True
44916,64,7.806,True
44917,64,7.806,True
44918,64,7.806,True
44919,64,7.806,True
44920,64,7.806,True
44921,64,7.806,True
44922,66,7.806,True
44923,66,7.806,True
44924,71,7.806,True
44925,71,7.806,True
44926,71,8.694,True
44927,71,9.95,True
44928,71,9.95,True
44929,71,9.95,True
44930,71,9.95,True
44931,71,8.694,True
44932,71,8.694,True
44933,71,8.694,True
44934,71,8.694,True
44935,71,8.694,True
44936,69,9.07,True
44937,69,9.07,True
44938,67,8.87,True
44939,67,8.87,True
44940,64,8.87,True
44941,67,8.87,True
44942,67,8.87,True
44943,65,8.694,True
44944,66,8.994,True
44945,65,9.95,True
44946,65,9.95,True
44947,65,9.95,True
44948,65,9.95,True
44949,67,8.764,True
44950,67,8.764,True
44951,67,8.764,True
44952,65,8.764,True
44953,65,8.764,True
44954,65,8.764,True
44955,65,8.764,True
44956,65,8.764,True
44957,65,8.764,True
44958,65,8.764,True
44959,65,8.764,True
44960,65,8.764,True
44961,65,8.764,True
44962,65,9.367,True
44963,65,9.367,True
44964,64,9.367,True
44965,64,9.367,True
44966,64,9.367,True
44967,62,8.694,True
44968,63,8.694,True
44969,62,8.694,True
44970,62,8.694,True
44971,63,8.694,True
44972,68,8.694,True
44973,71,8.694,True
44974,71,8.694,True
44975,71,8.694,True
44976,71,8.694,True
44977,70,8.694,True
44978,73,8.694,True
44979,73,8.694,True
44980,70,8.694,True
44981,70,8.694,True
44982,71,9.382,True
44983,71,9.382,True
44984,72,8.694,True
44985,72,8.694,True
44986,72,8.694,True
44987,69,8.694,True
44988,69,8.694,True
44989,69,8.694,True
44990,69,8.694,True
44991,68,8.694,True
44992,71,8.694,True
44993,72,8.694,True
44994,72,8.694,True
44995,71,8.694,True
44996,72,8.694,True
44997,67,8.694,True
44998,68,8.694,True
44999,68,8.694,True
45000,68,8.694,True
45001,72,9.195,True
45002,72,9.195,True
45003,74,9.195,True
45004,74,9.195,True
45005,71,9.195,True
45006,70,9.195,True
45007,70,9.195,True
45008,68,6.589,True
45009,68,6.589,True
45010,71,6.255,True
45011,69,9.541,True
45012,69,9.541,True
45013,69,9.541,True
45014,69,9.541,True
45015,71,9.541,True
45016,72,9.541,True
45017,71,9.541,True
45018,71,9.541,True
45019,70,9.541,True
45020,70,9.541,True
45021,73,9.541,True
45022,73,9.541,True
45023,73,9.541,True
45024,73,9.541,True
45025,73,9.541,True
45026,73,9.541,True
45027,74,9.541,True
45028,75,9.541,True
45029,76,9.924,True
45030,75,9.541,True
45031,73,9.541,True
45032,72,8.107,True
45033,72,8.107,True
45034,72,8.107,True
45035,72,9.004,True
45036,74,9.004,True
45037,71,9.004,True
45038,69,9.004,True
45039,66,9.004,True
45040,66,9.004,True
45041,66,9.004,True
45042,67,9.004,True
45043,67,9.897,True
45044,67,9.897,True
45045,69,9.897,True
45046,69,9.897,True
45047,66,9.897,True
45048,66,9.897,True
45049,66,9.897,True
45050,66,9.897,True
45051,66,9.004,True
45052,66,9.221,True
45053,66,9.221,True
45054,69,9.221,True
45055,69,9.221,True
45056,69,9.221,True
45057,69,9.221,True
45058,71,9.004,True
45059,68,9.004,True
45060,68,9.897,True
45061,68,9.897,True
45062,68,9.897,True
45063,69,9.897,True
45064,66,9.897,True
45065,66,9.897,True
45066,66,9.897,True
45067,66,9.897,True
45068,66,9.897,True
45069,65,9.897,True
45070,65,9.897,True
45071,63,9.897,True
45072,63,9.897,True
45073,67,9.2,True
45074,64,9.2,True
45075,64,9.2,True
45076,64,9.2,True
45077,64,9.2,True
45078,67,9.2,True
45079,71,9.2,True
45080,71,7.999,True
45081,78,7.999,True
45082,74,8.954,True
45083,73,8.954,True
45084,73,8.954,True
45085,70,9.285,True
45086,70,9.285,True
45087,66,8.954,True
45088,65,9.456,True
45089,65,9.456,True
45090,67,9.456,True
45091,67,9.456,True
45092,65,9.456,True
45093,65,9.456,True
45094,68,9.456,True
45095,68,9.456,True
45096,67,9.456,True
45097,70,9.456,True
45098,68,9.456,True
45099,68,9.456,True
45100,67,9.456,True
45101,67,9.456,True
45102,66,9.456,True
45103,66,9.456,True
45104,67,8.05,True
45105,72,6.609,True
45106,72,6.609,True
45107,73,9.314,True
45108,72,6.609,True
45109,67,6.609,True
45110,66,9.86,True
45111,66,9.86,True
45112,66,9.86,True
45113,70,8.659,True
45114,70,8.659,True
45115,70,8.659,True
45116,70,8.659,True
45117,70,8.659,True
45118,70,8.659,True
45119,70,8.659,True
45120,70,8.659,True
45121,70,8.659,True
45122,67,9.272,True
45123,67,9.272,True
45124,68,9.272,True
45125,68,9.272,True
45126,69,9.272,True
45127,69,9.272,True
45128,69,9.272,True
45129,69,9.272,True
45130,71,9.272,True
45131,72,6.609,True
45132,72,6.609,True
45133,72,6.609,True
45134,71,9.272,True
45135,71,9.272,True
45136,73,9.272,True
45137,69,9.272,True
45138,68,9.272,True
45139,68,9.272,True
45140,68,9.272,True
45141,67,9.272,True
45142,67,8.154,True
45143,67,8.154,True
45144,67,8.154,True
45145,68,8.154,True
45146,67,8.154,True
45147,72,9.007,True
45148,72,9.007,True
45149,72,9.007,True
45150,71,9.007,True
45151,71,9.007,True
45152,66,8.154,True
45153,66,8.154,True
45154,64,8.954,True
45155,64,8.954,True
45156,64,8.954,True
45157,64,8.954,True
45158,65,8.954,True
45159,64,8.954,True
45160,63,8.954,True
45161,64,8.954,True
45162,65,8.954,True
45163,65,8.954,True
45164,61,9.004,True
45165,61,9.004,True
45166,61,9.004,True
45167,61,9.004,True
45168,62,9.004,True
45169,62,9.004,True
45170,62,9.004,True
45171,62,9.004,True
45172,62,9.004,True
45173,66,9.004,True
45174,66,9.004,True
45175,66,9.004,True
45176,71,9.004,True
45177,66,9.004,True
45178,66,9.004,True
45179,66,9.004,True
45180,70,9.004,True
45181,70,9.004,True
45182,69,9.004,True
45183,69,9.004,True
45184,70,9.004,True
45185,70,9.004,True
45186,69,9.004,True
45187,70,9.004,True
45188,71,9.004,True
45189,71,9.004,True
45190,71,9.004,True
45191,69,9.004,True
45192,70,9.004,True
45193,70,9.004,True
45194,68,9.004,True
45195,68,9.004,True
45196,68,9.004,True
45197,68,9.004,True
45198,67,9.004,True
45199,67,9.004,True
45200,67,9.004,True
45201,66,9.004,True
45202,66,9.446,True
45203,67,9.004,True
45204,68,9.004,True
45205,71,8.857,True
45206,73,8.857,True
45207,73,8.857,True
45208,73,8.857,True
45209,73,8.857,True
45210,73,8.857,True
45211,71,8.857,True
45212,71,8.857,True
45213,71,8.857,True
45214,73,8.857,True
45215,73,8.857,True
45216,73,8.857,True
45217,73,8.857,True
45218,73,8.857,True
45219,71,9.815,True
45220,74,8.397,True
45221,74,8.397,True
45222,74,8.397,True
45223,74,8.43,True
45224,75,8.43,True
45225,73,8.09,True
45226,73,8.09,True
45227,73,8.09,True
45228,71,9.897,True
45229,74,9.897,True
45230,74,9.897,True
45231,71,9.897,True
45232,71,9.897,True
45233,71,9.897,True
45234,71,9.897,True
45235,69,9.897,True
45236,67,9.897,True
45237,67,9.897,True
45238,67,9.897,True
45239,67,9.897,True
45240,67,9.897,True
45241,67,9.897,True
45242,70,9.897,True
45243,70,9.897,True
45244,70,9.897,True
45245,69,9.897,True
45246,69,9.897,True
45247,69,9.897,True
45248,69,9.897,True
45249,69,9.897,True
45250,67,9.897,True
45251,65,9.897,True
45252,66,8.954,True
45253,66,8.954,True
45254,68,6.714,True
45255,68,6.714,True
45256,71,7.039,True
45257,71,7.039,True
45258,71,7.039,True
45259,71,7.039,True
45260,72,7.039,True
45261,71,6.714,True
45262,71,6.714,True
45263,72,7.819,True
45264,73,7.819,True
45265,72,7.819,True
45266,71,8.624,True
45267,71,8.624,True
45268,70,8.624,True
45269,70,9.59,True
45270,70,9.59,True
45271,70,9.59,True
45272,70,8.624,True
45273,70,8.624,True
45274,70,8.624,True
45275,71,9.815,True
45276,70,8.624,True
45277,72,8.624,True
45278,75,8.624,True
45279,78,9.263,True
45280,78,9.263,True
45281,79,9.263,True
45282,76,9.263,True
45283,75,9.965,True
45284,75,9.965,True
45285,75,9.965,True
45286,74,9.965,True
45287,72,9.965,True
45288,72,9.965,True
45289,73,9.965,True
45290,72,9.965,True
45291,73,9.965,True
45292,73,9.965,True
45293,76,9.965,True
45294,73,9.965,True
45295,76,9.965,True
45296,75,9.263,True
45297,75,9.263,True
45298,75,9.263,True
45299,75,9.263,True
45300,73,9.263,True
45301,71,7.081,True
45302,71,7.711,True
45303,71,7.711,True
45304,74,7.711,True
45305,74,7.711,True
45306,71,7.711,True
45307,71,7.711,True
45308,69,8.624,True
45309,76,9.072,True
45310,74,9.2,True
45311,76,9.269,True
45312,76,9.269,True
45313,76,9.269,True
45314,78,9.269,True
45315,78,9.269,True
45316,78,9.269,True
45317,82,9.269,True
45318,82,9.269,True
45319,81,9.072,True
45320,76,9.2,True
45321,71,9.897,True
45322,71,9.897,True
45323,75,9.897,True
45324,76,9.897,True
45325,76,9.897,True
45326,74,9.897,True
45327,74,9.897,True
45328,72,9.897,True
45329,72,9.897,True
45330,75,8.161,True
45331,75,8.161,True
45332,73,8.161,True
45333,75,8.161,True
45334,75,4.919,True
45335,77,4.919,True
45336,74,4.919,True
45337,75,4.919,True
45338,71,7.154,True
45339,71,7.154,True
45340,70,7.154,True
45341,70,7.154,True
45342,69,7.154,True
45343,69,7.154,True
45344,68,9.897,True
45345,68,9.897,True
45346,68,9.897,True
45347,68,9.897,True
45348,69,9.897,True
45349,70,7.262,True
45350,70,7.262,True
45351,70,3.83,True
45352,74,5.381,True
45353,75,6.037,True
45354,70,9.675,True
45355,70,9.675,True
45356,70,9.675,True
45357,73,9.675,True
45358,73,9.675,True
45359,73,9.675,True
45360,70,9.675,True
45361,69,9.675,True
45362,70,9.675,True
45363,70,9.768,True
45364,69,9.768,True
45365,69,9.768,True
45366,68,9.675,True
45367,68,9.675,True
45368,68,9.675,True
45369,68,9.838,True
45370,68,9.838,True
45371,68,9.838,True
45372,68,9.838,True
45373,69,9.675,True
45374,68,9.675,True
45375,68,9.675,True
45376,65,9.675,True
45377,66,9.675,True
45378,65,9.86,True
45379,65,9.86,True
45380,65,9.86,True
45381,65,9.935,True
45382,64,9.935,True
45383,64,9.935,True
45384,63,9.935,True
45385,63,9.935,True
45386,63,9.935,True
45387,65,9.935,True
45388,65,9.935,True
45389,65,9.935,True
45390,65,9.935,True
45391,66,9.935,True
45392,65,9.935,True
45393,65,9.935,True
45394,65,9.935,True
45395,64,9.935,True
45396,64,9.935,True
45397,64,9.935,True
45398,64,9.935,True
45399,64,9.935,True
45400,65,9.935,True
45401,65,9.935,True
45402,67,9.935,True
45403,67,9.935,True
45404,67,9.935,True
45405,67,9.935,True
45406,67,9.935,True
45407,64,9.935,True
45408,68,8.111,True
45409,70,8.111,True
45410,70,8.111,True
45411,69,8.111,True
45412,70,8.111,True
45413,70,8.111,True
45414,66,9.935,True
45415,67,9.935,True
45416,67,9.935,True
45417,67,9.935,True
45418,67,9.935,True
45419,67,9.935,True
45420,67,9.935,True
45421,67,9.935,True
45422,68,9.935,True
45423,69,9.935,True
45424,73,9.935,True
45425,73,9.935,True
45426,71,9.935,True
45427,76,8.679,True
45428,74,9.307,True
45429,74,9.307,True
45430,75,9.307,True
45431,75,9.403,True
45432,75,7.56,True
45433,75,7.56,True
45434,75,7.56,True
45435,75,7.56,True
45436,72,7.56,True
45437,72,7.56,True
45438,71,8.154,True
45439,71,8.154,True
45440,71,8.154,True
45441,70,8.154,True
45442,70,8.154,True
45443,70,8.154,True
45444,70,8.154,True
45445,70,8.154,True
45446,71,8.924,True
45447,71,8.924,True
45448,71,8.924,True
45449,71,8.924,True
45450,70,8.154,True
45451,69,8.154,True
45452,70,7.256,True
45453,70,7.256,True
45454,70,7.256,True
45455,70,7.256,True
45456,70,7.256,True
45457,70,7.256,True
45458,68,7.256,True
45459,68,7.256,True
45460,67,7.256,True
45461,66,7.256,True
45462,67,7.256,True
45463,67,7.256,True
45464,66,5.818,True
45465,68,8.035,True
45466,68,8.035,True
45467,68,8.408,True
45468,68,8.408,True
45469,68,8.408,True
45470,68,8.408,True
45471,66,5.818,True
45472,68,6.725,True
45473,70,6.725,True
45474,68,7.953,True
45475,68,7.953,True
45476,66,7.953,True
45477,65,9.838,True
45478,66,7.256,True
45479,66,7.256,True
45480,66,7.213,True
45481,66,7.213,True
45482,66,7.213,True
45483,66,7.213,True
45484,66,7.213,True
45485,66,7.213,True
45486,66,7.213,True
45487,65,9.86,True
45488,66,9.86,True
45489,66,9.86,True
45490,65,9.86,True
45491,65,9.86,True
45492,64,9.745,True
45493,64,9.745,True
45494,63,9.745,True
45495,64,9.745,True
45496,68,9.745,True
45497,68,9.745,True
45498,70,9.505,True
45499,70,9.505,True
45500,71,9.505,True
45501,71,9.505,True
45502,69,9.456,True
45503,72,9.456,True
45504,72,9.456,True
45505,71,9.456,True
45506,71,9.456,True
45507,73,9.505,True
45508,73,9.505,True
45509,73,9.505,True
45510,73,9.505,True
45511,73,9.505,True
45512,73,9.505,True
45513,73,9.505,True
45514,74,9.505,True
45515,73,9.505,True
45516,73,9.505,True
45517,71,9.394,True
45518,69,9.394,True
45519,69,9.394,True
45520,69,9.394,True
45521,72,9.394,True
45522,72,9.394,True
45523,72,9.394,True
45524,72,9.394,True
45525,74,4.487,True
45526,74,7.806,True
45527,74,9.97,True
45528,74,9.97,True
45529,73,9.97,True
45530,75,9.97,True
45531,77,8.733,True
45532,76,8.733,True
45533,76,8.733,True
45534,76,8.733,True
45535,76,8.733,True
45536,73,8.733,True
45537,70,9.616,True
45538,70,9.616,True
45539,73,9.616,True
45540,75,7.7,True
45541,75,8.771,True
45542,75,8.771,True
45543,75,4.211,True
45544,75,4.211,True
45545,75,4.211,True
45546,75,4.211,True
45547,75,4.211,True
45548,73,9.461,True
45549,73,9.461,True
45550,73,9.461,True
45551,73,9.461,True
45552,75,9.461,True
45553,75,9.461,True
45554,74,8.771,True
45555,72,8.771,True
45556,72,8.771,True
45557,72,8.771,True
45558,74,7.7,True
45559,75,7.256,True
45560,74,7.4,True
45561,74,7.4,True
45562,74,7.4,True
45563,73,7.647,True
45564,73,7.647,True
45565,73,7.647,True
45566,72,7.647,True
45567,73,7.647,True
45568,72,8.696,True
45569,72,8.696,True
45570,72,8.696,True
45571,72,8.696,True
45572,72,8.696,True
45573,72,8.696,True
45574,71,8.696,True
45575,71,8.696,True
45576,71,8.696,True
45577,71,8.696,True
45578,69,8.696,True
45579,69,8.696,True
45580,69,8.696,True
45581,69,8.696,True
45582,71,7.038,True
45583,74,7.487,True
45584,73,8.827,True
45585,75,8.827,True
45586,77,8.827,True
45587,74,8.827,True
45588,74,8.827,True
45589,74,8.827,True
45590,78,9.263,True
45591,78,9.263,True
45592,77,8.827,True
45593,77,8.827,True
45594,75,8.827,True
45595,73,8.827,True
45596,74,8.827,True
45597,73,8.827,True
45598,73,8.827,True
45599,72,8.624,True
45600,72,8.624,True
45601,72,7.688,True
45602,74,7.688,True
45603,74,7.688,True
45604,71,7.688,True
45605,69,7.688,True
45606,69,7.688,True
45607,69,7.688,True
45608,66,7.688,True
45609,68,7.839,True
45610,68,7.839,True
45611,68,7.839,True
45612,66,8.954,True
45613,66,8.954,True
45614,66,8.954,True
45615,66,8.954,True
45616,66,8.954,True
45617,67,8.954,True
45618,67,8.954,True
45619,69,8.954,True
45620,65,8.954,True
45621,65,8.954,True
45622,65,8.954,True
45623,67,8.954,True
45624,67,8.954,True
45625,67,8.954,True
45626,67,8.954,True
45627,67,8.954,True
45628,67,8.954,True
45629,67,8.954,True
45630,66,8.954,True
45631,64,8.954,True
45632,64,8.954,True
45633,66,8.954,True
45634,66,8.954,True
45635,66,8.954,True
45636,63,8.954,True
45637,65,9.413,True
45638,63,9.413,True
45639,63,9.413,True
45640,63,9.413,True
45641,63,9.413,True
45642,63,9.413,True
45643,63,9.413,True
45644,63,8.755,True
45645,62,9.004,True
45646,62,9.004,True
45647,62,9.004,True
45648,62,9.004,True
45649,62,9.004,True
45650,62,9.004,True
45651,62,9.004,True
45652,62,9.004,True
45653,62,9.004,True
45654,62,9.004,True
45655,68,9.004,True
45656,71,9.004,True
45657,71,9.004,True
45658,72,9.004,True
45659,70,9.693,True
45660,71,9.693,True
45661,71,9.693,True
45662,71,9.693,True
45663,71,9.693,True
45664,71,9.693,True
45665,71,9.693,True
45666,68,9.693,True
45667,68,9.693,True
45668,68,9.693,True
45669,68,7.999,True
45670,69,9.385,True
45671,69,9.385,True
45672,70,9.385,True
45673,70,9.385,True
45674,70,9.385,True
45675,70,9.385,True
45676,70,9.385,True
45677,70,9.385,True
45678,70,9.385,True
45679,70,9.385,True
45680,70,9.385,True
45681,70,9.2,True
45682,68,9.2,True
45683,68,8.02,True
45684,70,9.277,True
45685,68,8.02,True
45686,68,8.02,True
45687,68,8.02,True
45688,70,7.043,True
45689,69,7.974,True
45690,68,7.043,True
45691,68,7.043,True
45692,68,7.999,True
45693,68,7.999,True
45694,70,7.043,True
45695,70,7.043,True
45696,71,7.974,True
45697,70,7.974,True
45698,71,7.974,True
45699,71,7.974,True
45700,71,7.974,True
45701,71,7.974,True
45702,71,7.974,True
45703,70,7.974,True
45704,70,7.974,True
45705,70,7.974,True
45706,68,9.2,True
45707,67,9.2,True
45708,66,9.86,True
45709,66,9.86,True
45710,66,9.86,True
45711,66,9.86,True
45712,66,9.86,True
45713,67,9.86,True
45714,69,9.86,True
45715,70,9.86,True
45716,70,9.86,True
45717,70,8.02,True
45718,70,8.02,True
45719,69,8.02,True
45720,67,8.02,True
45721,66,8.02,True
45722,68,8.02,True
45723,68,8.02,True
45724,68,8.02,True
45725,68,8.02,True
45726,68,8.02,True
45727,68,8.02,True
45728,65,8.02,True
45729,68,8.02,True
45730,67,7.882,True
45731,67,7.882,True
45732,67,7.882,True
45733,67,7.882,True
45734,67,7.882,True
45735,69,7.749,True
45736,69,7.749,True
45737,72,7.964,True
45738,72,7.964,True
45739,71,7.964,True
45740,71,7.964,True
45741,68,7.749,True
45742,69,8.708,True
45743,68,9.897,True
45744,69,7.749,True
45745,69,7.749,True
45746,69,9.004,True
45747,69,7.749,True
45748,68,7.749,True
45749,70,7.749,True
45750,71,8.923,True
45751,71,8.923,True
45752,70,8.923,True
45753,71,9.936,True
45754,71,9.936,True
45755,75,9.936,True
45756,72,8.455,True
45757,74,8.455,True
45758,75,8.455,True
45759,71,7.351,True
45760,72,7.351,True
45761,74,7.351,True
45762,75,7.351,True
45763,73,8.522,True
45764,71,7.45,True
45765,71,7.45,True
45766,70,7.45,True
45767,71,7.45,True
45768,69,9.309,True
45769,71,9.309,True
45770,72,9.339,True
45771,72,9.339,True
45772,71,9.339,True
45773,71,9.339,True
45774,71,9.339,True
45775,70,7.649,True
45776,70,7.649,True
45777,71,8.629,True
45778,71,8.629,True
45779,72,9.163,True
45780,70,9.163,True
45781,70,9.163,True
45782,70,9.163,True
45783,70,9.163,True
45784,70,9.163,True
45785,70,9.163,True
45786,70,9.163,True
45787,70,7.985,True
45788,68,7.985,True
45789,67,9.238,True
45790,66,9.238,True
45791,66,9.238,True
45792,66,9.238,True
45793,66,9.238,True
45794,66,9.238,True
45795,68,9.238,True
45796,70,9.238,True
45797,70,9.238,True
45798,71,9.238,True
45799,71,9.238,True
45800,67,9.97,True
45801,67,9.97,True
45802,67,9.97,True
45803,67,9.97,True
45804,67,9.97,True
45805,67,9.97,True
45806,69,9.97,True
45807,70,9.97,True
45808,71,9.987,True
45809,73,9.987,True
45810,73,9.987,True
45811,73,9.987,True
45812,73,9.987,True
45813,72,9.987,True
45814,74,9.987,True
45815,74,9.987,True
45816,74,9.987,True
45817,74,9.987,True
45818,74,9.987,True
45819,69,9.987,True
45820,69,9.987,True
45821,69,9.987,True
45822,69,9.987,True
45823,69,9.987,True
45824,63,9.987,True
45825,63,9.987,True
45826,64,9.987,True
45827,66,9.987,True
45828,66,9.987,True
45829,66,9.97,True
45830,69,9.581,True
45831,69,9.581,True
45832,69,7.572,True
45833,69,7.572,True
45834,69,7.572,True
45835,67,7.806,True
45836,67,7.806,True
45837,67,7.806,True
45838,70,7.806,True
45839,70,7.806,True
45840,74,7.782,True
45841,74,7.782,True
45842,70,7.806,True
45843,71,7.806,True
45844,71,7.806,True
45845,71,7.806,True
45846,71,7.806,True
45847,70,7.806,True
45848,70,7.806,True
45849,70,7.806,True
45850,70,8.757,True
45851,70,8.757,True
45852,70,8.757,True
45853,70,8.757,True
45854,70,8.757,True
45855,70,8.757,True
45856,70,8.757,True
45857,70,8.757,True
45858,67,7.806,True
45859,65,7.806,True
45860,64,7.806,True
45861,64,7.806,True
45862,64,7.806,True
45863,66,7.267,True
45864,66,7.267,True
45865,66,7.267,True
45866,66,7.267,True
45867,66,7.267,True
45868,66,8.013,True
45869,68,9.36,True
45870,77,9.36,True
45871,77,9.36,True
45872,69,9.36,True
45873,69,9.36,True
45874,69,9.36,True
45875,67,7.267,True
45876,69,7.267,True
45877,71,5.994,True
45878,71,5.994,True
45879,71,9.427,True
45880,69,9.427,True
45881,71,9.427,True
45882,70,9.427,True
45883,76,9.427,True
45884,76,9.427,True
45885,76,9.601,True
45886,76,9.601,True
45887,76,9.601,True
45888,76,9.601,True
45889,76,9.601,True
45890,73,9.91,True
45891,70,9.91,True
45892,70,9.91,True
45893,70,9.91,True
45894,70,9.91,True
45895,67,9.601,True
45896,67,9.601,True
45897,68,9.601,True
45898,68,9.601,True
45899,69,9.601,True
45900,69,9.95,True
45901,69,9.95,True
45902,67,9.601,True
45903,67,9.601,True
45904,67,9.601,True
45905,67,9.601,True
45906,67,9.601,True
45907,67,9.601,True
45908,68,9.601,True
45909,66,9.601,True
45910,66,9.601,True
45911,66,9.601,True
45912,68,9.601,True
45913,66,9.601,True
45914,66,9.601,True
45915,66,9.601,True
45916,64,9.601,True
45917,66,9.601,True
45918,66,9.601,True
45919,67,9.601,True
45920,67,9.601,True
45921,67,9.601,True
45922,67,9.601,True
45923,68,9.601,True
45924,68,9.601,True
45925,66,9.601,True
45926,65,9.601,True
45927,64,9.601,True
45928,66,9.601,True
45929,63,9.601,True
45930,63,9.601,True
45931,66,9.601,True
45932,67,9.601,True
45933,65,9.601,True
45934,66,9.601,True
45935,65,9.768,True
45936,65,9.768,True
45937,63,9.601,True
45938,61,9.601,True
45939,61,9.601,True
45940,61,9.601,True
45941,61,9.601,True
45942,62,9.601,True
45943,62,9.601,True
45944,62,9.601,True
45945,62,9.601,True
45946,65,9.601,True
45947,65,9.601,True
45948,64,9.601,True
45949,64,9.601,True
45950,67,9.601,True
45951,67,9.601,True
45952,66,9.601,True
45953,66,9.601,True
45954,66,9.601,True
45955,67,7.328,True
45956,67,7.328,True
45957,67,7.328,True
45958,66,7.981,True
45959,66,7.981,True
45960,70,8.879,True
45961,70,8.879,True
45962,70,8.879,True
45963,71,8.879,True
45964,71,8.879,True
45965,71,8.879,True
45966,71,8.879,True
45967,70,8.879,True
45968,71,8.879,True
45969,74,8.879,True
45970,74,8.879,True
45971,74,8.879,True
45972,72,7.988,True
45973,72,7.988,True
45974,70,7.344,True
45975,70,7.344,True
45976,70,7.344,True
45977,70,9.003,True
45978,69,7.256,True
45979,69,7.256,True
45980,71,7.233,True
45981,71,7.233,True
45982,72,7.233,True
45983,72,7.233,True
45984,73,7.233,True
45985,70,7.174,True
45986,70,7.174,True
45987,69,7.111,True
45988,69,7.111,True
45989,69,7.111,True
45990,68,7.039,True
45991,68,7.039,True
45992,67,7.039,True
45993,68,6.637,True
45994,68,7.806,True
45995,69,9.899,True
45996,67,9.899,True
45997,66,9.899,True
45998,66,9.899,True
45999,66,9.899,True
46000,66,9.899,True
46001,65,7.806,True
46002,65,5.921,True
46003,65,5.921,True
46004,65,5.921,True
46005,65,5.921,True
46006,67,6.715,True
46007,66,6.942,True
46008,66,6.942,True
46009,66,6.942,True
46010,68,5.921,True
46011,68,5.921,True
46012,66,7.166,True
46013,64,6.683,True
46014,64,6.683,True
46015,66,6.683,True
46016,69,6.683,True
46017,69,6.683,True
46018,71,6.683,True
46019,72,6.683,True
46020,72,6.683,True
46021,71,6.683,True
46022,71,6.683,True
46023,70,9.45,True
46024,70,9.45,True
46025,70,9.45,True
46026,70,9.45,True
46027,69,9.45,True
46028,71,9.45,True
46029,73,9.45,True
46030,72,9.45,True
46031,71,9.73,True
46032,71,9.73,True
46033,72,9.73,True
46034,72,9.73,True
46035,72,9.73,True
46036,72,9.73,True
46037,72,9.73,True
46038,74,9.45,True
46039,71,6.551,True
46040,71,6.551,True
46041,71,6.551,True
46042,71,6.551,True
46043,69,9.73,True
46044,68,9.73,True
46045,68,9.73,True
46046,68,9.73,True
46047,69,6.698,True
46048,70,7.643,True
46049,70,7.643,True
46050,70,7.643,True
46051,70,7.643,True
46052,70,7.643,True
46053,65,9.357,True
46054,65,9.357,True
46055,66,9.357,True
46056,67,9.357,True
46057,67,9.357,True
46058,70,9.36,True
46059,71,9.36,True
46060,70,9.36,True
46061,71,9.36,True
46062,73,9.36,True
46063,70,9.36,True
46064,67,9.897,True
46065,67,9.897,True
46066,67,9.897,True
46067,67,9.897,True
46068,67,9.897,True
46069,69,9.768,True
46070,69,9.768,True
46071,69,9.768,True
46072,69,9.768,True
46073,67,9.897,True
46074,65,9.899,True
46075,67,9.899,True
46076,69,9.899,True
46077,68,9.899,True
46078,69,9.899,True
46079,69,9.899,True
46080,69,9.899,True
46081,69,9.899,True
46082,67,9.899,True
46083,67,9.899,True
46084,67,9.899,True
46085,67,9.899,True
46086,67,9.899,True
46087,67,9.899,True
46088,69,9.897,True
46089,67,9.899,True
46090,67,9.899,True
46091,69,9.899,True
46092,68,9.899,True
46093,68,9.899,True
46094,66,9.899,True
46095,66,9.899,True
46096,66,9.899,True
46097,66,9.899,True
46098,66,9.899,True
46099,66,9.899,True
46100,66,9.899,True
46101,68,9.899,True
46102,68,9.899,True
46103,67,9.899,True
46104,68,9.099,True
46105,68,9.099,True
46106,68,9.099,True
46107,69,9.099,True
46108,69,9.099,True
46109,68,8.1,True
46110,68,8.1,True
46111,68,8.1,True
46112,67,6.316,True
46113,68,8.1,True
46114,67,8.1,True
46115,67,8.1,True
46116,67,8.1,True
46117,67,8.1,True
46118,67,8.1,True
46119,66,8.1,True
46120,66,8.1,True
46121,66,8.1,True
46122,66,8.1,True
46123,67,9.31,True
46124,67,9.627,True
46125,69,9.627,True
46126,70,9.31,True
46127,70,9.31,True
46128,69,8.694,True
46129,66,8.694,True
46130,66,8.694,True
46131,65,8.694,True
46132,66,8.694,True
46133,66,8.694,True
46134,66,8.694,True
46135,64,9.614,True
46136,66,9.614,True
46137,65,9.614,True
46138,65,9.614,True
46139,70,9.614,True
46140,70,9.614,True
46141,65,9.614,True
46142,65,9.614,True
46143,65,9.614,True
46144,65,9.614,True
46145,65,9.614,True
46146,62,8.694,True
46147,62,8.694,True
46148,62,8.694,True
46149,64,8.694,True
46150,64,8.694,True
46151,64,6.859,True
46152,64,6.859,True
46153,61,8.696,True
46154,63,8.696,True
46155,65,8.696,True
46156,65,8.696,True
46157,62,8.696,True
46158,62,8.696,True
46159,62,8.696,True
46160,64,6.859,True
46161,64,6.859,True
46162,65,8.136,True
46163,65,8.136,True
46164,68,8.136,True
46165,70,8.725,True
46166,70,8.725,True
46167,72,9.155,True
46168,70,9.155,True
46169,69,9.742,True
46170,69,9.742,True
46171,66,9.97,True
46172,66,9.97,True
46173,68,9.97,True
46174,67,9.97,True
46175,68,9.97,True
46176,68,9.97,True
46177,68,9.97,True
46178,68,9.97,True
46179,70,9.838,True
46180,66,9.838,True
46181,66,9.838,True
46182,62,9.838,True
46183,62,9.838,True
46184,61,9.935,True
46185,62,9.935,True
46186,62,9.935,True
46187,62,9.935,True
46188,62,9.935,True
46189,63,7.256,True
46190,63,7.256,True
46191,63,7.256,True
46192,65,6.773,True
46193,65,6.773,True
46194,65,6.773,True
46195,68,6.773,True
46196,68,6.773,True
46197,68,6.773,True
46198,68,6.773,True
46199,68,9.91,True
46200,68,9.91,True
46201,68,9.91,True
46202,68,9.91,True
46203,67,9.91,True
46204,68,9.91,True
46205,68,9.91,True
46206,66,9.91,True
46207,66,9.91,True
46208,67,9.91,True
46209,67,9.91,True
46210,68,9.91,True
46211,68,9.91,True
46212,70,9.91,True
46213,67,9.621,True
46214,66,9.601,True
46215,66,9.601,True
46216,65,9.601,True
46217,68,9.9,True
46218,70,9.601,True
46219,70,9.601,True
46220,70,9.601,True
46221,72,9.601,True
46222,71,9.601,True
46223,73,9.156,True
46224,73,9.156,True
46225,73,9.156,True
46226,73,9.156,True
46227,73,9.156,True
46228,72,9.897,True
46229,75,9.156,True
46230,75,9.156,True
46231,75,9.156,True
46232,74,5.357,True
46233,73,5.357,True
46234,73,7.242,True
46235,72,7.242,True
46236,72,7.242,True
46237,73,7.242,True
46238,70,8.696,True
46239,73,8.696,True
46240,70,8.696,True
46241,67,8.696,True
46242,67,8.696,True
46243,67,9.775,True
46244,67,9.775,True
46245,69,9.532,True
46246,68,8.696,True
46247,71,8.696,True
46248,68,8.696,True
46249,66,8.696,True
46250,66,8.696,True
46251,68,8.696,True
46252,68,8.696,True
46253,69,8.696,True
46254,69,8.696,True
46255,68,8.696,True
46256,68,8.696,True
46257,68,8.696,True
46258,68,8.696,True
46259,68,8.696,True
46260,70,8.696,True
46261,69,8.696,True
46262,69,8.696,True
46263,71,8.325,True
46264,70,8.325,True
46265,70,8.325,True
46266,70,8.325,True
46267,70,8.325,True
46268,71,9.512,True
46269,71,9.512,True
46270,71,9.512,True
46271,71,9.512,True
46272,71,9.512,True
46273,68,9.512,True
46274,67,9.2,True
46275,66,9.2,True
46276,66,9.2,True
46277,66,9.2,True
46278,65,9.2,True
46279,68,9.2,True
46280,69,9.2,True
46281,69,9.2,True
46282,67,9.897,True
46283,67,9.897,True
46284,67,9.897,True
46285,69,9.897,True
46286,68,9.897,True
46287,68,9.897,True
46288,71,9.212,True
46289,73,9.212,True
46290,75,9.212,True
46291,75,9.212,True
46292,73,9.2,True
46293,72,9.873,True
46294,74,9.873,True
46295,77,9.2,True
46296,75,9.2,True
46297,75,9.2,True
46298,75,9.2,True
46299,75,9.2,True
46300,75,9.795,True
46301,75,9.795,True
46302,75,9.795,True
46303,77,7.626,True
46304,79,7.626,True
46305,79,8.684,True
46306,77,8.684,True
46307,74,8.684,True
46308,74,8.684,True
46309,74,6.799,True
46310,74,6.799,True
46311,71,8.954,True
46312,71,8.954,True
46313,71,8.954,True
46314,73,9.302,True
46315,73,9.302,True
46316,74,9.302,True
46317,72,7.254,True
46318,72,7.254,True
46319,74,8.29,True
46320,74,8.29,True
46321,74,8.29,True
46322,74,7.254,True
46323,74,7.254,True
46324,76,7.254,True
46325,76,6.799,True
46326,76,6.799,True
46327,76,6.799,True
46328,77,6.799,True
46329,77,6.799,True
46330,77,6.799,True
46331,78,7.359,True
46332,75,7.359,True
46333,71,7.359,True
46334,71,7.359,True
46335,71,7.359,True
46336,71,7.359,True
46337,68,3.115,True
46338,67,6.737,True
46339,67,6.737,True
46340,70,6.737,True
46341,70,6.737,True
46342,69,8.623,True
46343,67,9.508,True
46344,64,9.935,True
46345,64,9.935,True
46346,64,9.935,True
46347,64,9.935,True
46348,64,9.935,True
46349,65,9.935,True
46350,63,9.935,True
46351,63,9.935,True
46352,63,9.935,True
46353,65,9.935,True
46354,65,9.935,True
46355,65,9.935,True
46356,63,9.935,True
46357,63,9.935,True
46358,62,9.935,True
46359,62,9.935,True
46360,62,9.935,True
46361,62,9.935,True
46362,62,9.935,True
46363,62,9.935,True
46364,62,9.935,True
46365,63,9.935,True
46366,63,9.935,True
46367,63,9.935,True
46368,62,9.935,True
46369,62,9.675,True
46370,63,9.675,True
46371,63,9.675,True
46372,63,9.675,True
46373,63,9.675,True
46374,65,9.675,True
46375,66,9.675,True
46376,66,9.675,True
46377,66,9.675,True
46378,66,9.675,True
46379,66,9.675,True
46380,66,9.675,True
46381,66,9.675,True
46382,66,9.675,True
46383,66,9.675,True
46384,67,9.492,True
46385,67,9.492,True
46386,66,7.039,True
46387,66,8.154,True
46388,66,8.154,True
46389,66,8.154,True
46390,66,8.154,True
46391,67,6.114,True
46392,67,6.114,True
46393,67,6.114,True
46394,66,6.114,True
46395,65,6.114,True
46396,65,6.114,True
46397,65,9.675,True
46398,65,9.675,True
46399,66,7.999,True
46400,66,7.999,True
46401,66,7.999,True
46402,69,7.999,True
46403,68,9.675,True
46404,66,9.675,True
46405,66,9.675,True
46406,66,9.675,True
46407,66,9.675,True
46408,71,9.675,True
46409,71,9.675,True
46410,68,9.935,True
46411,65,9.935,True
46412,64,9.935,True
46413,64,9.935,True
46414,70,9.935,True
46415,70,9.935,True
46416,70,9.86,True
46417,64,9.86,True
46418,64,9.86,True
46419,66,9.86,True
46420,68,9.86,True
46421,68,9.86,True
46422,68,9.86,True
46423,69,9.675,True
46424,69,9.675,True
46425,69,9.675,True
46426,69,9.675,True
46427,67,9.675,True
46428,67,9.675,True
46429,66,9.675,True
46430,66,9.675,True
46431,65,9.86,True
46432,65,9.86,True
46433,68,9.86,True
46434,69,7.401,True
46435,69,5.462,True
46436,69,5.462,True
46437,68,6.683,True
46438,69,9.263,True
46439,71,9.508,True
46440,76,9.263,True
46441,76,9.263,True
46442,76,9.263,True
46443,76,9.263,True
46444,76,7.7,True
46445,76,7.7,True
46446,76,5.283,True
46447,73,9.675,True
46448,78,9.675,True
46449,78,9.675,True
46450,73,9.675,True
46451,72,9.675,True
46452,74,9.675,True
46453,74,9.675,True
46454,72,9.675,True
46455,73,9.675,True
46456,73,9.675,True
46457,73,9.675,True
46458,73,9.675,True
46459,75,9.675,True
46460,75,9.675,True
46461,75,9.675,True
46462,76,9.675,True
46463,75,9.675,True
46464,77,9.675,True
46465,75,9.675,True
46466,75,9.675,True
46467,75,9.675,True
46468,75,7.805,True
46469,73,7.805,True
46470,73,7.805,True
46471,70,7.805,True
46472,66,9.163,True
46473,67,9.163,True
46474,67,7.839,True
46475,67,7.839,True
46476,67,7.839,True
46477,66,9.725,True
46478,66,9.725,True
46479,66,9.725,True
46480,66,9.481,True
46481,67,8.049,True
46482,67,8.049,True
46483,67,8.049,True
46484,67,8.049,True
46485,64,9.221,True
46486,70,9.221,True
46487,64,9.221,True
46488,67,9.632,True
46489,69,9.632,True
46490,67,9.314,True
46491,65,9.314,True
46492,65,9.314,True
46493,65,9.314,True
46494,65,9.314,True
46495,66,9.314,True
46496,66,9.314,True
46497,68,9.314,True
46498,69,9.314,True
46499,68,9.314,True
46500,70,9.632,True
46501,69,8.154,True
46502,69,8.154,True
46503,69,8.154,True
46504,69,8.154,True
46505,70,7.393,True
46506,70,7.393,True
46507,70,7.393,True
46508,69,7.393,True
46509,70,9.935,True
46510,68,9.935,True
46511,69,9.935,True
46512,69,9.935,True
46513,69,9.935,True
46514,72,5.128,True
46515,69,9.127,True
46516,69,9.127,True
46517,69,9.127,True
46518,69,9.127,True
46519,69,9.127,True
46520,69,9.127,True
46521,69,9.127,True
46522,68,9.675,True
46523,68,9.675,True
46524,69,9.675,True
46525,66,9.935,True
46526,67,9.935,True
46527,67,9.935,True
46528,66,9.935,True
46529,66,9.935,True
46530,66,9.935,True
46531,66,9.935,True
46532,65,9.935,True
46533,65,9.935,True
46534,65,9.935,True
46535,65,9.935,True
46536,64,9.935,True
46537,64,9.935,True
46538,64,9.935,True
46539,67,9.935,True
46540,68,9.935,True
46541,71,9.935,True
46542,75,8.569,True
46543,76,5.128,True
46544,76,6.777,True
46545,75,7.908,True
46546,75,7.908,True
46547,77,6.777,True
46548,75,7.908,True
46549,75,7.908,True
46550,75,7.908,True
46551,75,8.749,True
46552,75,8.749,True
46553,74,8.749,True
46554,76,8.749,True
46555,75,8.749,True
46556,75,8.749,True
46557,74,8.749,True
46558,71,9.675,True
46559,74,8.749,True
46560,73,8.599,True
46561,73,8.599,True
46562,73,8.599,True
46563,73,8.599,True
46564,73,8.599,True
46565,74,6.037,True
46566,74,6.037,True
46567,74,6.037,True
46568,75,6.037,True
46569,73,6.037,True
46570,73,6.037,True
46571,72,6.037,True
46572,73,6.037,True
46573,73,6.037,True
46574,73,6.037,True
46575,73,6.037,True
46576,73,6.037,True
46577,73,6.037,True
46578,73,6.037,True
46579,73,6.037,True
46580,73,6.037,True
46581,73,5.462,True
46582,73,5.462,True
46583,73,5.462,True
46584,72,9.004,True
46585,72,9.004,True
46586,72,9.952,True
46587,71,9.952,True
46588,72,9.952,True
46589,72,9.952,True
46590,71,9.952,True
46591,71,9.952,True
46592,73,9.952,True
46593,74,9.428,True
46594,75,9.428,True
46595,73,9.428,True
46596,73,9.428,True
46597,73,9.428,True
46598,73,9.428,True
46599,73,9.004,True
46600,74,5.241,True
46601,74,9.428,True
46602,72,9.952,True
46603,73,9.952,True
46604,76,9.428,True
46605,76,9.428,True
46606,76,9.428,True
46607,76,9.428,True
46608,75,9.428,True
46609,75,9.428,True
46610,73,9.428,True
46611,73,9.428,True
46612,75,9.428,True
46613,75,9.428,True
46614,76,8.989,True
46615,78,9.642,True
46616,79,9.642,True
46617,79,9.642,True
46618,78,9.642,True
46619,78,9.642,True
46620,76,9.642,True
46621,72,9.277,True
46622,72,9.277,True
46623,73,9.179,True
46624,73,9.179,True
46625,73,9.179,True
46626,73,9.179,True
46627,73,9.179,True
46628,73,9.179,True
46629,73,9.179,True
46630,73,8.989,True
46631,74,8.989,True
46632,75,9.693,True
46633,76,9.693,True
46634,76,9.693,True
46635,79,9.693,True
46636,77,9.693,True
46637,77,9.693,True
46638,77,9.693,True
46639,76,9.373,True
46640,75,9.373,True
46641,75,9.373,True
46642,75,9.373,True
46643,72,9.373,True
46644,73,9.373,True
46645,73,9.373,True
46646,76,9.373,True
46647,75,9.373,True
46648,75,9.373,True
46649,74,9.373,True
46650,74,9.373,True
46651,76,9.373,True
46652,76,9.373,True
46653,74,9.373,True
46654,74,9.373,True
46655,74,9.373,True
46656,72,9.373,True
46657,74,9.373,True
46658,73,9.373,True
46659,73,9.373,True
46660,72,9.373,True
46661,74,9.373,True
46662,73,9.2,True
46663,73,9.2,True
46664,74,9.2,True
46665,74,9.2,True
46666,77,9.2,True
46667,77,9.2,True
46668,77,9.2,True
46669,79,9.2,True
46670,75,9.314,True
46671,74,9.314,True
46672,74,9.314,True
46673,75,9.34,True
46674,71,9.897,True
46675,71,9.897,True
46676,71,9.897,True
46677,69,9.897,True
46678,69,9.897,True
46679,69,9.897,True
46680,70,9.897,True
46681,66,9.897,True
46682,65,9.897,True
46683,65,9.897,True
46684,65,9.897,True
46685,67,9.897,True
46686,69,9.897,True
46687,69,9.897,True
46688,63,9.97,True
46689,64,9.97,True
46690,64,9.897,True
46691,67,9.897,True
46692,67,9.897,True
46693,64,9.897,True
46694,61,9.897,True
46695,62,9.897,True
46696,62,9.897,True
46697,63,9.897,True
46698,62,9.897,True
46699,65,9.2,True
46700,65,9.2,True
46701,65,9.2,True
46702,64,9.2,True
46703,70,9.2,True
46704,69,9.2,True
46705,69,9.2,True
46706,69,9.2,True
46707,67,9.2,True
46708,67,9.2,True
46709,67,9.2,True
46710,67,9.2,True
46711,67,9.2,True
46712,67,9.2,True
46713,69,9.2,True
46714,69,9.2,True
46715,69,9.2,True
46716,70,9.693,True
46717,68,9.693,True
46718,65,9.897,True
46719,67,9.897,True
46720,65,9.897,True
46721,65,9.897,True
46722,65,9.897,True
46723,65,9.897,True
46724,65,9.897,True
46725,65,9.897,True
46726,67,9.897,True
46727,66,9.897,True
46728,63,9.897,True
46729,63,9.897,True
46730,63,9.897,True
46731,63,9.897,True
46732,63,9.897,True
46733,63,9.897,True
46734,65,9.897,True
46735,65,9.897,True
46736,65,9.897,True
46737,65,9.897,True
46738,65,9.897,True
46739,63,9.897,True
46740,65,7.643,True
46741,65,7.643,True
46742,65,7.643,True
46743,65,7.643,True
46744,65,7.643,True
46745,65,7.643,True
46746,65,7.643,True
46747,65,7.643,True
46748,63,9.897,True
46749,60,9.897,True
46750,60,9.897,True
46751,60,9.897,True
46752,60,9.897,True
46753,60,9.897,True
46754,60,9.897,True
46755,60,9.897,True
46756,62,8.659,True
46757,62,8.659,True
46758,65,8.659,True
46759,65,8.659,True
46760,62,8.659,True
46761,62,8.659,True
46762,65,8.659,True
46763,65,8.659,True
46764,64,8.659,True
46765,64,8.659,True
46766,64,8.659,True
46767,64,8.659,True
46768,64,8.659,True
46769,64,8.659,True
46770,64,8.659,True
46771,65,8.659,True
46772,72,8.659,True
46773,73,8.659,True
46774,73,8.659,True
46775,66,8.659,True
46776,69,8.659,True
46777,71,6.985,True
46778,70,4.956,True
46779,71,4.956,True
46780,71,4.956,True
46781,70,6.942,True
46782,71,6.942,True
46783,69,8.831,True
46784,69,8.831,True
46785,68,8.831,True
46786,68,9.693,True
46787,67,8.831,True
46788,69,8.659,True
46789,69,8.659,True
46790,69,8.659,True
46791,70,8.659,True
46792,71,6.942,True
46793,69,6.942,True
46794,70,6.942,True
46795,69,6.942,True
46796,71,9.279,True
46797,73,6.942,True
46798,73,6.942,True
46799,74,9.412,True
46800,74,9.412,True
46801,74,9.412,True
46802,75,9.412,True
46803,73,9.412,True
46804,71,4.928,True
46805,74,5.0,True
46806,71,7.953,True
46807,71,7.953,True
46808,72,7.953,True
46809,71,7.953,True
46810,68,8.694,True
46811,68,8.694,True
46812,68,8.694,True
46813,68,8.694,True
46814,69,7.953,True
46815,69,7.953,True
46816,69,7.953,True
46817,68,9.86,True
46818,68,9.86,True
46819,68,9.86,True
46820,67,9.86,True
46821,73,9.505,True
46822,73,9.505,True
46823,70,7.953,True
46824,76,7.615,True
46825,76,7.615,True
46826,73,9.86,True
46827,74,9.86,True
46828,72,9.86,True
46829,72,7.344,True
46830,72,7.344,True
46831,72,7.344,True
46832,72,7.344,True
46833,72,7.256,True
46834,72,7.256,True
46835,69,7.256,True
46836,71,9.08,True
46837,70,6.794,True
46838,74,6.773,True
46839,74,6.773,True
46840,69,7.314,True
46841,69,7.314,True
46842,69,7.314,True
46843,69,7.314,True
46844,69,7.314,True
46845,69,7.314,True
46846,69,7.314,True
46847,72,7.807,True
46848,72,7.807,True
46849,73,8.085,True
46850,73,8.085,True
46851,70,8.085,True
46852,67,9.935,True
46853,67,9.935,True
46854,67,9.935,True
46855,67,9.935,True
46856,67,9.935,True
46857,67,9.935,True
46858,67,9.935,True
46859,67,9.935,True
46860,67,9.935,True
46861,67,9.935,True
46862,66,9.935,True
46863,68,9.935,True
46864,71,9.935,True
46865,71,9.935,True
46866,74,8.085,True
46867,72,8.085,True
46868,69,8.085,True
46869,69,8.085,True
46870,67,7.314,True
46871,64,9.935,True
46872,64,9.935,True
46873,64,9.935,True
46874,65,9.935,True
46875,65,9.935,True
46876,65,9.935,True
46877,63,9.935,True
46878,63,9.897,True
46879,63,9.897,True
46880,63,9.897,True
46881,65,9.897,True
46882,65,9.897,True
46883,68,7.205,True
46884,68,7.205,True
46885,69,7.756,True
46886,70,7.756,True
46887,69,7.756,True
46888,69,7.756,True
46889,66,6.812,True
46890,67,6.683,True
46891,68,9.635,True
46892,68,9.635,True
46893,72,8.531,True
46894,72,8.531,True
46895,76,9.434,True
46896,76,9.434,True
46897,68,9.635,True
46898,71,9.635,True
46899,71,9.635,True
46900,68,9.635,True
46901,68,9.635,True
46902,68,9.635,True
46903,68,9.635,True
46904,68,9.635,True
46905,69,4.724,True
46906,69,4.724,True
46907,69,4.724,True
46908,68,5.392,True
46909,68,5.392,True
46910,68,5.392,True
46911,68,5.392,True
46912,66,5.392,True
46913,64,8.696,True
46914,66,5.392,True
46915,66,6.609,True
46916,66,6.609,True
46917,65,6.683,True
46918,65,6.683,True
46919,65,6.683,True
46920,65,6.683,True
46921,65,6.683,True
46922,64,8.696,True
46923,64,8.696,True
46924,64,8.696,True
46925,64,8.696,True
46926,64,8.696,True
46927,64,8.696,True
46928,64,8.696,True
46929,64,8.696,True
46930,64,8.696,True
46931,65,8.696,True
46932,65,8.696,True
46933,65,8.696,True
46934,65,8.696,True
46935,67,7.999,True
46936,67,7.999,True
46937,67,7.999,True
46938,67,7.999,True
46939,67,7.999,True
46940,69,8.661,True
46941,64,8.661,True
46942,64,8.661,True
46943,65,8.755,True
46944,65,8.755,True
46945,65,8.755,True
46946,65,8.755,True
46947,67,7.999,True
46948,65,8.696,True
46949,67,6.241,True
46950,67,6.241,True
46951,65,9.413,True
46952,65,9.935,True
46953,63,9.935,True
46954,63,9.935,True
46955,63,9.935,True
46956,66,9.163,True
46957,67,9.163,True
46958,66,9.163,True
46959,63,9.935,True
46960,63,9.935,True
46961,67,9.935,True
46962,63,9.935,True
46963,62,9.935,True
46964,62,9.935,True
46965,62,9.935,True
46966,62,9.935,True
46967,62,9.935,True
46968,62,9.935,True
46969,62,9.935,True
46970,62,9.935,True
46971,62,9.935,True
46972,62,9.935,True
46973,62,9.935,True
46974,62,9.935,True
46975,62,9.935,True
46976,62,9.935,True
46977,62,9.935,True
46978,62,8.954,True
46979,62,8.954,True
46980,62,8.954,True
46981,62,8.954,True
46982,63,6.869,True
46983,63,6.869,True
46984,66,7.165,True
46985,64,8.954,True
46986,61,8.954,True
46987,64,8.694,True
46988,64,8.694,True
46989,64,8.694,True
46990,64,8.694,True
46991,64,8.694,True
46992,64,8.694,True
46993,65,9.838,True
46994,65,9.838,True
46995,65,8.694,True
46996,65,8.694,True
46997,65,8.694,True
46998,65,8.694,True
46999,63,8.696,True
47000,63,8.696,True
47001,63,8.696,True
47002,63,8.696,True
47003,60,8.954,True
47004,60,8.954,True
47005,60,8.954,True
47006,60,8.954,True
47007,60,9.897,True
47008,61,8.954,True
47009,61,8.954,True
47010,61,8.954,True
47011,61,8.954,True
47012,61,8.954,True
47013,61,8.954,True
47014,61,8.954,True
47015,63,8.954,True
47016,63,8.954,True
47017,63,8.954,True
47018,63,8.954,True
47019,63,8.954,True
47020,63,8.954,True
47021,63,8.954,True
47022,66,9.163,True
47023,64,8.954,True
47024,64,8.954,True
47025,64,8.954,True
47026,67,8.694,True
47027,69,8.694,True
47028,67,8.694,True
47029,68,8.694,True
47030,69,8.694,True
47031,70,7.681,True
47032,70,7.681,True
47033,69,8.694,True
47034,68,8.694,True
47035,68,8.694,True
47036,70,7.108,True
47037,69,7.108,True
47038,67,8.694,True
47039,70,7.108,True
47040,70,7.108,True
47041,70,7.108,True
47042,70,7.108,True
47043,70,7.108,True
47044,68,8.154,True
47045,65,8.154,True
47046,65,8.694,True
47047,65,8.694,True
47048,65,8.694,True
47049,65,8.694,True
47050,65,8.694,True
47051,65,8.694,True
47052,65,8.694,True
47053,65,8.694,True
47054,65,8.694,True
47055,65,8.694,True
47056,65,8.694,True
47057,65,8.694,True
47058,65,8.694,True
47059,64,8.694,True
47060,65,8.694,True
47061,65,8.694,True
47062,65,8.694,True
47063,65,8.694,True
47064,65,8.694,True
47065,65,8.694,True
47066,66,8.694,True
47067,66,8.694,True
47068,66,8.694,True
47069,66,8.694,True
47070,63,9.004,True
47071,67,9.004,True
47072,69,9.004,True
47073,70,9.004,True
47074,69,9.004,True
47075,68,9.285,True
47076,68,9.285,True
47077,69,9.285,True
47078,68,9.285,True
47079,68,9.285,True
47080,68,9.285,True
47081,68,9.285,True
47082,69,9.285,True
47083,66,9.004,True
47084,65,9.897,True
47085,65,9.897,True
47086,65,9.897,True
47087,65,9.897,True
47088,65,9.897,True
47089,65,9.897,True
47090,64,9.897,True
47091,64,9.897,True
47092,64,9.897,True
47093,68,9.2,True
47094,74,9.2,True
47095,74,7.999,True
47096,74,7.999,True
47097,73,7.999,True
47098,67,7.999,True
47099,67,7.999,True
47100,68,7.487,True
47101,68,7.487,True
47102,68,7.487,True
47103,68,7.487,True
47104,65,9.004,True
47105,65,9.004,True
47106,63,9.004,True
47107,63,9.004,True
47108,60,9.004,True
47109,64,9.285,True
47110,64,9.285,True
47111,64,9.285,True
47112,64,9.285,True
47113,63,9.971,True
47114,63,9.971,True
47115,63,9.971,True
47116,63,9.971,True
47117,63,9.971,True
47118,63,9.971,True
47119,64,9.971,True
47120,64,9.971,True
47121,65,9.971,True
47122,63,9.971,True
47123,65,8.696,True
47124,69,8.696,True
47125,65,8.696,True
47126,66,8.696,True
47127,65,8.696,True
47128,65,8.696,True
47129,68,6.744,True
47130,68,6.744,True
47131,70,7.988,True
47132,69,7.988,True
47133,70,8.05,True
47134,67,8.05,True
47135,67,8.05,True
47136,67,8.05,True
47137,67,8.05,True
47138,70,8.05,True
47139,70,8.05,True
47140,69,8.154,True
47141,69,8.154,True
47142,71,9.382,True
47143,71,9.382,True
47144,71,9.382,True
47145,71,9.382,True
47146,68,9.382,True
47147,71,9.439,True
47148,71,9.439,True
47149,72,9.382,True
47150,72,9.382,True
47151,71,8.683,True
47152,71,8.683,True
47153,73,8.683,True
47154,75,8.199,True
47155,75,8.199,True
47156,74,9.73,True
47157,71,9.73,True
47158,71,9.73,True
47159,70,8.199,True
47160,74,8.199,True
47161,74,8.199,True
47162,72,8.954,True
47163,72,8.954,True
47164,72,8.954,True
47165,72,8.954,True
47166,70,8.954,True
47167,70,8.954,True
47168,67,9.139,True
47169,67,9.139,True
47170,69,9.382,True
47171,67,9.382,True
47172,66,9.139,True
47173,66,9.139,True
47174,66,9.139,True
47175,66,9.139,True
47176,66,9.139,True
47177,66,9.139,True
47178,66,9.139,True
47179,70,9.139,True
47180,70,9.139,True
47181,68,9.139,True
47182,68,9.139,True
47183,68,9.139,True
47184,66,9.637,True
47185,66,9.637,True
47186,66,9.637,True
47187,68,9.139,True
47188,68,9.139,True
47189,68,9.139,True
47190,68,9.139,True
47191,68,9.838,True
47192,67,9.838,True
47193,66,9.838,True
47194,68,9.838,True
47195,65,9.911,True
47196,66,9.911,True
47197,66,9.911,True
47198,66,9.911,True
47199,66,9.911,True
47200,67,9.911,True
47201,67,9.911,True
47202,67,9.911,True
47203,67,9.911,True
47204,67,9.911,True
47205,67,9.911,True
47206,67,9.911,True
47207,67,9.911,True
47208,66,9.911,True
47209,65,9.911,True
47210,63,9.139,True
47211,63,9.139,True
47212,69,9.139,True
47213,71,8.26,True
47214,70,9.298,True
47215,64,9.298,True
47216,64,9.298,True
47217,64,9.298,True
47218,66,9.298,True
47219,66,9.298,True
47220,66,9.298,True
47221,67,9.298,True
47222,67,9.376,True
47223,63,9.376,True
47224,63,9.376,True
47225,63,9.376,True
47226,65,9.376,True
47227,68,9.376,True
47228,68,9.376,True
47229,68,9.376,True
47230,68,9.376,True
47231,68,9.376,True
47232,65,9.376,True
47233,67,9.376,True
47234,69,9.376,True
47235,67,9.376,True
47236,65,9.376,True
47237,68,9.376,True
47238,69,9.187,True
47239,66,9.187,True
47240,66,9.187,True
47241,67,8.954,True
47242,67,8.954,True
47243,67,8.954,True
47244,67,8.954,True
47245,68,8.954,True
47246,68,8.954,True
47247,68,8.954,True
47248,68,8.954,True
47249,68,8.954,True
47250,68,8.954,True
47251,68,8.954,True
47252,70,8.954,True
47253,69,8.954,True
47254,69,8.954,True
47255,69,8.954,True
47256,68,8.954,True
47257,69,8.954,True
47258,71,8.954,True
47259,68,8.954,True
47260,65,9.289,True
47261,66,8.954,True
47262,66,8.954,True
47263,66,8.954,True
47264,68,9.951,True
47265,69,9.951,True
47266,67,8.954,True
47267,67,8.954,True
47268,67,8.954,True
47269,67,8.954,True
47270,67,8.954,True
47271,70,8.954,True
47272,70,8.954,True
47273,70,8.954,True
47274,70,8.954,True
47275,70,8.954,True
47276,70,8.954,True
47277,68,8.954,True
47278,70,8.696,True
47279,70,8.696,True
47280,68,8.954,True
47281,67,8.954,True
47282,67,8.954,True
47283,67,8.954,True
47284,67,9.815,True
47285,67,9.815,True
47286,67,9.815,True
47287,68,9.815,True
47288,72,9.815,True
47289,72,9.815,True
47290,72,9.815,True
47291,68,9.815,True
47292,71,8.954,True
47293,71,8.954,True
47294,71,8.954,True
47295,71,8.954,True
47296,72,8.954,True
47297,72,8.954,True
47298,68,9.911,True
47299,71,9.911,True
47300,71,9.911,True
47301,68,9.911,True
47302,68,9.911,True
47303,68,9.911,True
47304,68,9.911,True
47305,75,8.954,True
47306,74,8.954,True
47307,74,8.954,True
47308,75,8.954,True
47309,75,8.954,True
47310,75,8.954,True
47311,76,8.954,True
47312,78,8.954,True
47313,78,8.954,True
47314,78,8.954,True
47315,76,8.954,True
47316,74,8.954,True
47317,74,8.954,True
47318,78,8.422,True
47319,75,6.04,True
47320,74,6.04,True
47321,75,8.918,True
47322,76,8.918,True
47323,76,8.918,True
47324,76,9.924,True
47325,76,9.924,True
47326,76,9.924,True
47327,77,9.924,True
47328,77,9.924,True
47329,76,9.924,True
47330,78,9.924,True
47331,78,9.924,True
47332,77,9.924,True
47333,77,9.924,True
47334,78,9.924,True
47335,78,9.183,True
47336,75,9.183,True
47337,71,9.675,True
47338,71,9.675,True
47339,74,9.675,True
47340,72,9.675,True
47341,72,9.675,True
47342,71,9.675,True
47343,72,8.808,True
47344,72,8.808,True
47345,71,9.675,True
47346,71,9.675,True
47347,71,9.943,True
47348,72,9.943,True
47349,67,9.943,True
47350,68,9.943,True
47351,70,9.943,True
47352,70,9.943,True
47353,70,9.943,True
47354,69,9.675,True
47355,67,9.675,True
47356,67,9.675,True
47357,66,9.675,True
47358,68,9.675,True
47359,68,9.675,True
47360,68,9.675,True
47361,73,9.675,True
47362,73,9.675,True
47363,68,9.675,True
47364,68,9.675,True
47365,70,7.036,True
47366,67,7.036,True
47367,66,9.693,True
47368,68,9.693,True
47369,68,9.693,True
47370,67,9.693,True
47371,67,9.693,True
47372,66,9.693,True
47373,66,9.693,True
47374,67,9.693,True
47375,69,9.418,True
47376,68,9.418,True
47377,68,9.418,True
47378,73,9.265,True
47379,71,8.822,True
47380,70,8.822,True
47381,72,7.807,True
47382,73,7.807,True
47383,74,7.807,True
47384,75,7.334,True
47385,74,7.807,True
47386,73,7.807,True
47387,73,7.807,True
47388,72,8.085,True
47389,72,8.085,True
47390,71,9.693,True
47391,71,9.693,True
47392,71,9.693,True
47393,72,9.693,True
47394,72,9.693,True
47395,72,9.693,True
47396,72,9.693,True
47397,68,9.693,True
47398,70,9.693,True
47399,70,9.693,True
47400,71,8.522,True
47401,69,8.522,True
47402,69,8.522,True
47403,69,8.522,True
47404,70,8.522,True
47405,70,8.522,True
47406,70,8.522,True
47407,71,8.522,True
47408,70,9.693,True
47409,72,9.693,True
47410,70,9.693,True
47411,68,8.659,True
47412,68,8.659,True
47413,68,8.659,True
47414,68,8.659,True
47415,69,6.794,True
47416,69,6.794,True
47417,72,6.794,True
47418,70,9.127,True
47419,73,9.127,True
47420,71,9.127,True
47421,71,9.127,True
47422,69,6.444,True
47423,68,9.935,True
47424,67,9.935,True
47425,68,7.554,True
47426,67,9.935,True
47427,65,9.935,True
47428,65,9.935,True
47429,65,9.935,True
47430,65,9.935,True
47431,69,9.935,True
47432,69,9.935,True
47433,68,9.935,True
47434,68,9.935,True
47435,68,9.935,True
47436,68,9.935,True
47437,68,9.935,True
47438,65,9.935,True
47439,66,9.935,True
47440,66,9.935,True
47441,65,9.935,True
47442,65,9.935,True
47443,64,9.935,True
47444,67,9.935,True
47445,67,9.935,True
47446,65,9.935,True
47447,65,9.935,True
47448,65,9.935,True
47449,65,9.935,True
47450,65,9.935,True
47451,65,9.935,True
47452,65,9.935,True
47453,65,9.935,True
47454,65,9.935,True
47455,65,9.935,True
47456,65,9.935,True
47457,65,9.935,True
47458,66,9.935,True
47459,68,9.897,True
47460,67,9.897,True
47461,67,9.897,True
47462,67,9.897,True
47463,67,9.897,True
47464,67,9.897,True
47465,67,9.897,True
47466,67,9.897,True
47467,67,9.897,True
47468,67,9.897,True
47469,67,9.897,True
47470,68,9.897,True
47471,70,9.897,True
47472,69,9.897,True
47473,66,9.897,True
47474,66,9.897,True
47475,66,9.897,True
47476,66,9.897,True
47477,64,9.897,True
47478,64,9.897,True
47479,64,9.897,True
47480,63,9.897,True
47481,63,9.897,True
47482,63,9.897,True
47483,64,9.897,True
47484,64,9.897,True
47485,64,9.897,True
47486,64,9.897,True
47487,64,9.897,True
47488,66,9.897,True
47489,66,9.897,True
47490,64,9.897,True
47491,64,9.897,True
47492,63,9.897,True
47493,67,7.643,True
47494,66,8.957,True
47495,65,8.6,True
47496,65,8.6,True
47497,65,8.6,True
47498,65,8.6,True
47499,65,8.6,True
47500,69,8.6,True
47501,72,8.6,True
47502,72,8.6,True
47503,68,8.831,True
47504,68,8.831,True
47505,68,9.382,True
47506,69,8.831,True
47507,69,8.831,True
47508,72,8.6,True
47509,72,7.559,True
47510,72,8.6,True
47511,72,8.6,True
47512,72,8.6,True
47513,71,6.609,True
47514,71,8.305,True
47515,71,8.305,True
47516,71,8.305,True
47517,69,8.305,True
47518,69,8.305,True
47519,69,8.305,True
47520,69,8.305,True
47521,69,8.305,True
47522,69,8.305,True
47523,69,8.305,True
47524,67,7.891,True
47525,67,7.891,True
47526,67,7.891,True
47527,67,7.891,True
47528,67,7.891,True
47529,67,7.891,True
47530,68,7.891,True
47531,68,7.891,True
47532,69,7.891,True
47533,69,7.891,True
47534,69,7.891,True
47535,69,7.891,True
47536,72,5.613,True
47537,72,5.613,True
47538,70,5.613,True
47539,71,6.285,True
47540,71,6.285,True
47541,70,9.43,True
47542,70,9.43,True
47543,70,9.43,True
47544,74,9.43,True
47545,75,9.43,True
47546,79,9.43,True
47547,75,9.43,True
47548,72,9.43,True
47549,72,9.43,True
47550,72,8.983,True
47551,72,8.983,True
47552,72,8.983,True
47553,72,8.954,True
47554,72,8.954,True
47555,75,8.954,True
47556,74,8.983,True
47557,74,8.983,True
47558,75,9.541,True
47559,78,9.541,True
47560,78,9.541,True
47561,77,9.965,True
47562,76,9.965,True
47563,75,9.965,True
47564,73,9.541,True
47565,74,9.541,True
47566,73,9.541,True
47567,73,9.541,True
47568,73,9.541,True
47569,73,9.541,True
47570,69,9.541,True
47571,69,9.541,True
47572,69,9.541,True
47573,69,9.541,True
47574,69,9.874,True
47575,69,9.874,True
47576,69,9.874,True
47577,69,9.874,True
47578,68,7.688,True
47579,68,7.688,True
47580,68,7.688,True
47581,68,7.688,True
47582,68,7.688,True
47583,68,7.688,True
47584,69,7.688,True
47585,68,7.688,True
47586,68,7.688,True
47587,70,9.554,True
47588,69,9.554,True
47589,69,9.554,True
47590,69,9.554,True
47591,69,9.554,True
47592,69,9.554,True
47593,69,9.554,True
47594,69,9.554,True
47595,70,8.954,True
47596,71,8.954,True
47597,69,8.954,True
47598,69,8.954,True
47599,69,8.954,True
47600,69,8.954,True
47601,69,8.954,True
47602,69,8.954,True
47603,68,8.954,True
47604,68,8.954,True
47605,68,8.954,True
47606,70,8.954,True
47607,71,8.954,True
47608,73,9.693,True
47609,73,9.693,True
47610,71,9.693,True
47611,71,9.693,True
47612,71,9.693,True
47613,74,9.693,True
47614,73,9.693,True
47615,73,9.693,True
47616,71,9.693,True
47617,71,9.693,True
47618,69,9.693,True
47619,69,9.693,True
47620,70,9.693,True
47621,69,9.965,True
47622,69,9.965,True
47623,69,9.965,True
47624,70,9.965,True
47625,70,9.965,True
47626,70,9.965,True
47627,70,9.965,True
47628,69,9.965,True
47629,69,9.965,True
47630,67,9.965,True
47631,68,9.965,True
47632,66,9.965,True
47633,66,9.965,True
47634,63,8.954,True
47635,63,8.954,True
47636,63,8.954,True
47637,63,9.004,True
47638,63,9.004,True
47639,61,9.004,True
47640,64,8.954,True
47641,64,8.954,True
47642,69,8.954,True
47643,69,8.954,True
47644,77,7.461,True
47645,69,8.954,True
47646,71,7.461,True
47647,70,7.461,True
47648,70,7.749,True
47649,66,7.749,True
47650,66,7.749,True
47651,66,7.749,True
47652,66,7.749,True
47653,68,7.749,True
47654,68,8.147,True
47655,70,8.147,True
47656,71,7.749,True
47657,71,7.749,True
47658,73,7.749,True
47659,72,7.812,True
47660,70,7.812,True
47661,69,7.812,True
47662,67,7.882,True
47663,67,7.882,True
47664,67,7.882,True
47665,66,9.004,True
47666,67,7.882,True
47667,68,7.882,True
47668,68,7.882,True
47669,68,7.882,True
47670,66,7.882,True
47671,65,7.882,True
47672,65,7.882,True
47673,68,7.882,True
47674,65,7.882,True
47675,65,7.882,True
47676,65,7.882,True
47677,65,9.2,True
47678,65,7.999,True
47679,65,7.882,True
47680,67,7.882,True
47681,67,7.882,True
47682,67,7.882,True
47683,67,7.882,True
47684,70,7.871,True
47685,70,7.871,True
47686,70,7.871,True
47687,73,7.871,True
47688,73,7.871,True
47689,76,8.513,True
47690,76,7.871,True
47691,73,7.871,True
47692,73,7.871,True
47693,72,7.572,True
47694,72,7.572,True
47695,71,7.572,True
47696,71,7.572,True
47697,71,7.572,True
47698,71,7.572,True
47699,71,7.572,True
47700,73,7.572,True
47701,73,7.572,True
47702,71,7.572,True
47703,73,7.572,True
47704,72,8.371,True
47705,71,8.371,True
47706,69,7.403,True
47707,67,6.411,True
47708,67,6.411,True
47709,67,6.253,True
47710,67,6.253,True
47711,67,6.253,True
47712,67,6.253,True
47713,67,6.253,True
47714,67,7.45,True
47715,69,7.587,True
47716,69,7.587,True
47717,69,7.587,True
47718,69,7.587,True
47719,69,7.587,True
47720,71,7.587,True
47721,71,7.587,True
47722,68,9.004,True
47723,68,9.004,True
47724,63,9.004,True
47725,63,9.004,True
47726,65,9.004,True
47727,65,9.004,True
47728,65,9.004,True
47729,65,9.004,True
47730,68,9.775,True
47731,67,9.775,True
47732,67,9.775,True
47733,67,9.775,True
47734,70,9.775,True
47735,71,9.775,True
47736,71,9.775,True
47737,71,9.775,True
47738,72,9.077,True
47739,71,9.077,True
47740,71,9.077,True
47741,71,9.077,True
47742,70,7.403,True
47743,70,7.403,True
47744,68,7.403,True
47745,68,7.403,True
47746,68,7.403,True
47747,71,7.403,True
47748,71,7.403,True
47749,71,7.403,True
47750,71,7.403,True
47751,69,7.351,True
47752,69,7.45,True
47753,69,7.45,True
47754,69,7.45,True
47755,73,8.487,True
47756,72,8.487,True
47757,72,8.487,True
47758,76,8.487,True
47759,72,8.487,True
47760,73,7.45,True
47761,71,7.45,True
47762,71,7.45,True
47763,71,7.45,True
47764,67,8.397,True
47765,67,8.397,True
47766,67,8.397,True
47767,67,8.397,True
47768,71,8.397,True
47769,71,8.397,True
47770,69,8.397,True
47771,66,8.397,True
47772,66,8.397,True
47773,67,8.397,True
47774,67,8.397,True
47775,67,8.397,True
47776,67,8.397,True
47777,67,8.397,True
47778,67,8.397,True
47779,67,8.397,True
47780,67,8.397,True
47781,67,8.397,True
47782,67,8.397,True
47783,67,8.397,True
47784,67,8.397,True
47785,67,8.397,True
47786,67,8.397,True
47787,68,8.397,True
47788,68,8.397,True
47789,70,9.951,True
47790,70,9.951,True
47791,71,9.951,True
47792,71,9.951,True
47793,71,9.951,True
47794,71,9.951,True
47795,70,9.951,True
47796,70,9.951,True
47797,70,9.951,True
47798,70,9.951,True
47799,68,8.893,True
47800,71,8.893,True
47801,72,8.893,True
47802,71,8.893,True
47803,71,8.893,True
47804,74,8.893,True
47805,71,8.893,True
47806,71,8.893,True
47807,71,8.893,True
47808,71,8.893,True
47809,71,8.893,True
47810,71,8.43,True
47811,71,8.43,True
47812,68,8.623,True
47813,67,8.623,True
47814,66,9.601,True
47815,65,9.601,True
47816,65,9.601,True
47817,64,9.601,True
47818,64,9.601,True
47819,64,9.601,True
47820,65,8.696,True
47821,68,8.234,True
47822,72,8.234,True
47823,73,8.196,True
47824,73,8.196,True
47825,75,8.671,True
47826,75,8.671,True
47827,75,8.671,True
47828,73,7.49,True
47829,74,7.295,True
47830,75,7.295,True
47831,75,7.295,True
47832,76,7.067,True
47833,78,9.731,True
47834,74,8.954,True
47835,72,8.954,True
47836,72,9.331,True
47837,67,8.954,True
47838,66,8.954,True
47839,69,8.954,True
47840,67,8.954,True
47841,68,8.954,True
47842,69,8.954,True
47843,69,8.954,True
47844,69,8.954,True
47845,69,8.954,True
47846,69,8.954,True
47847,69,8.954,True
47848,67,8.954,True
47849,68,8.954,True
47850,68,8.954,True
47851,67,8.954,True
47852,67,8.954,True
47853,69,8.954,True
47854,71,8.954,True
47855,69,8.954,True
47856,69,8.954,True
47857,70,8.954,True
47858,70,8.954,True
47859,72,8.954,True
47860,72,8.954,True
47861,73,8.954,True
47862,73,8.954,True
47863,73,8.954,True
47864,75,9.663,True
47865,75,9.663,True
47866,75,9.663,True
47867,74,9.663,True
47868,75,8.954,True
47869,76,8.954,True
47870,72,8.954,True
47871,72,8.954,True
47872,67,9.521,True
47873,67,9.521,True
47874,67,9.521,True
47875,70,9.521,True
47876,70,9.521,True
47877,70,9.521,True
47878,71,9.521,True
47879,73,8.954,True
47880,73,8.954,True
47881,70,8.954,True
47882,73,8.954,True
47883,73,8.954,True
47884,69,9.363,True
47885,69,9.363,True
47886,66,9.363,True
47887,66,9.363,True
47888,66,9.363,True
47889,67,9.363,True
47890,67,9.363,True
47891,67,9.363,True
47892,69,9.363,True
47893,70,8.954,True
47894,69,8.954,True
47895,69,8.954,True
47896,73,7.358,True
47897,71,7.358,True
47898,73,7.358,True
47899,72,7.358,True
47900,72,7.358,True
47901,72,7.358,True
47902,72,7.358,True
47903,72,7.358,True
47904,72,7.358,True
47905,70,7.358,True
47906,70,7.358,True
47907,70,7.358,True
47908,70,8.993,True
47909,70,9.965,True
47910,66,9.965,True
47911,67,9.965,True
47912,67,9.965,True
47913,67,9.965,True
47914,67,9.965,True
47915,73,9.965,True
47916,73,9.965,True
47917,73,9.965,True
47918,73,9.965,True
47919,72,9.554,True
47920,72,9.554,True
47921,73,9.554,True
47922,73,9.554,True
47923,73,9.554,True
47924,70,9.554,True
47925,68,8.954,True
47926,70,9.028,True
47927,70,9.028,True
47928,68,8.954,True
47929,70,8.954,True
47930,71,8.954,True
47931,71,8.954,True
47932,71,8.954,True
47933,72,8.954,True
47934,72,8.954,True
47935,72,8.954,True
47936,72,8.954,True
47937,70,8.954,True
47938,72,9.063,True
47939,71,9.063,True
47940,71,9.063,True
47941,74,9.063,True
47942,74,9.063,True
47943,74,9.063,True
47944,73,9.541,True
47945,69,9.541,True
47946,69,9.541,True
47947,70,9.541,True
47948,73,9.807,True
47949,70,9.807,True
47950,70,9.807,True
47951,69,9.807,True
47952,73,9.807,True
47953,73,9.807,True
47954,73,9.807,True
47955,73,9.807,True
47956,70,9.807,True
47957,70,9.807,True
47958,70,9.807,True
47959,73,9.807,True
47960,73,9.807,True
47961,70,9.807,True
47962,67,9.541,True
47963,68,9.541,True
47964,68,9.541,True
47965,68,9.541,True
47966,68,9.541,True
47967,68,9.541,True
47968,68,9.541,True
47969,68,9.541,True
47970,69,7.721,True
47971,70,8.309,True
47972,70,8.309,True
47973,69,8.309,True
47974,69,8.309,True
47975,69,8.309,True
47976,70,8.309,True
47977,70,8.309,True
47978,71,8.309,True
47979,70,7.721,True
47980,70,7.721,True
47981,68,9.481,True
47982,70,9.481,True
47983,67,9.481,True
47984,69,9.481,True
47985,69,9.481,True
47986,68,9.481,True
47987,68,9.481,True
47988,69,9.481,True
47989,72,7.73,True
47990,71,7.73,True
47991,72,9.197,True
47992,75,9.197,True
47993,75,9.197,True
47994,74,7.73,True
47995,79,7.73,True
47996,80,8.266,True
47997,80,8.266,True
47998,80,8.266,True
47999,80,8.266,True
48000,78,9.263,True
48001,79,9.263,True
48002,79,9.263,True
48003,79,8.427,True
48004,75,8.427,True
48005,76,8.427,True
48006,77,8.427,True
48007,77,8.427,True
48008,76,8.427,True
48009,75,8.427,True
48010,74,8.43,True
48011,74,8.427,True
48012,75,8.427,True
48013,72,7.242,True
48014,70,8.694,True
48015,70,8.694,True
48016,70,8.694,True
48017,70,9.927,True
48018,73,9.927,True
48019,76,9.927,True
48020,76,9.927,True
48021,75,9.927,True
48022,75,9.927,True
48023,73,9.927,True
48024,73,9.927,True
48025,71,9.927,True
48026,69,9.927,True
48027,69,9.927,True
48028,71,9.927,True
48029,74,9.927,True
48030,74,9.927,True
48031,74,9.927,True
48032,74,9.927,True
48033,72,9.927,True
48034,69,9.927,True
48035,69,9.927,True
48036,69,9.927,True
48037,69,9.927,True
48038,70,9.915,True
48039,67,9.915,True
48040,67,9.915,True
48041,67,9.915,True
48042,68,9.915,True
48043,68,9.915,True
48044,69,9.915,True
48045,69,9.915,True
48046,69,9.915,True
48047,69,9.915,True
48048,69,9.915,True
48049,66,9.625,True
48050,68,9.625,True
48051,68,9.625,True
48052,69,9.625,True
48053,69,9.625,True
48054,69,9.625,True
48055,67,9.625,True
48056,67,9.625,True
48057,66,9.625,True
48058,67,9.625,True
48059,67,9.625,True
48060,67,9.625,True
48061,67,9.625,True
48062,65,8.696,True
48063,63,8.696,True
48064,63,8.696,True
48065,63,8.696,True
48066,64,8.696,True
48067,64,8.696,True
48068,64,8.696,True
48069,65,7.724,True
48070,67,7.724,True
48071,67,7.724,True
48072,67,7.724,True
48073,68,7.724,True
48074,69,7.724,True
48075,68,7.724,True
48076,71,7.724,True
48077,68,8.397,True
48078,68,8.397,True
48079,69,8.397,True
48080,68,8.397,True
48081,69,8.397,True
48082,69,8.397,True
48083,68,8.696,True
48084,66,8.696,True
48085,66,8.696,True
48086,66,8.696,True
48087,68,7.724,True
48088,67,7.724,True
48089,67,7.724,True
48090,63,7.724,True
48091,63,7.724,True
48092,63,7.724,True
48093,63,7.724,True
48094,63,7.724,True
48095,63,7.724,True
48096,62,7.724,True
48097,64,9.637,True
48098,64,9.637,True
48099,64,9.637,True
48100,63,7.724,True
48101,63,7.724,True
48102,63,7.724,True
48103,64,7.724,True
48104,67,7.724,True
48105,66,7.724,True
48106,66,7.724,True
48107,65,7.724,True
48108,65,7.724,True
48109,65,7.724,True
48110,65,7.724,True
48111,65,7.724,True
48112,68,7.724,True
48113,68,7.724,True
48114,68,7.724,True
48115,75,9.724,True
48116,75,9.971,True
48117,75,9.971,True
48118,75,9.971,True
48119,75,9.971,True
48120,75,9.971,True
48121,75,9.971,True
48122,74,9.971,True
48123,69,9.971,True
48124,73,9.724,True
48125,68,9.724,True
48126,70,9.724,True
48127,68,9.724,True
48128,68,9.724,True
48129,69,9.724,True
48130,68,9.951,True
48131,68,9.951,True
48132,68,9.951,True
48133,69,9.724,True
48134,70,9.724,True
48135,70,9.724,True
48136,70,9.724,True
48137,73,9.724,True
48138,73,9.724,True
48139,77,9.724,True
48140,70,9.013,True
48141,70,9.013,True
48142,69,9.91,True
48143,69,9.91,True
48144,69,9.91,True
48145,64,9.91,True
48146,64,9.91,True
48147,64,9.91,True
48148,64,9.91,True
48149,65,9.91,True
48150,65,9.91,True
48151,65,9.91,True
48152,71,8.259,True
48153,65,9.91,True
48154,65,9.91,True
48155,65,9.91,True
48156,65,9.91,True
48157,65,9.91,True
48158,65,9.91,True
48159,66,9.91,True
48160,66,9.91,True
48161,66,9.91,True
48162,72,9.91,True
48163,72,9.91,True
48164,68,9.91,True
48165,68,9.91,True
48166,68,9.91,True
48167,62,9.91,True
48168,62,9.91,True
48169,62,9.91,True
48170,62,9.91,True
48171,62,9.91,True
48172,62,9.91,True
48173,62,9.91,True
48174,62,9.91,True
48175,62,9.91,True
48176,62,9.91,True
48177,59,8.696,True
48178,59,8.696,True
48179,59,8.696,True
48180,59,9.897,True
48181,61,8.694,True
48182,61,8.694,True
48183,61,8.694,True
48184,64,6.609,True
48185,64,6.609,True
48186,64,6.609,True
48187,64,6.369,True
48188,64,6.369,True
48189,70,8.014,True
48190,70,8.014,True
48191,70,8.014,True
48192,70,8.014,True
48193,70,8.014,True
48194,70,8.014,True
48195,70,8.014,True
48196,70,8.014,True
48197,70,8.014,True
48198,70,8.014,True
48199,72,8.014,True
48200,69,8.014,True
48201,70,8.652,True
48202,70,8.652,True
48203,67,6.812,True
48204,67,6.812,True
48205,67,6.812,True
48206,68,6.812,True
48207,68,6.812,True
48208,66,7.643,True
48209,69,7.643,True
48210,70,6.037,True
48211,67,6.037,True
48212,68,5.408,True
48213,71,5.408,True
48214,70,9.492,True
48215,70,5.408,True
48216,70,5.408,True
48217,69,7.254,True
48218,69,7.254,True
48219,67,7.254,True
48220,67,7.254,True
48221,67,7.254,True
48222,67,8.397,True
48223,67,8.397,True
48224,67,8.397,True
48225,67,8.397,True
48226,67,8.397,True
48227,68,8.397,True
48228,69,8.397,True
48229,69,8.397,True
48230,69,8.397,True
48231,68,8.397,True
48232,70,8.075,True
48233,70,8.075,True
48234,69,8.455,True
48235,67,8.455,True
48236,67,8.455,True
48237,67,8.455,True
48238,66,8.455,True
48239,67,9.97,True
48240,67,9.97,True
48241,67,8.455,True
48242,68,9.635,True
48243,68,9.635,True
48244,65,9.635,True
48245,67,9.428,True
48246,65,6.737,True
48247,68,7.135,True
48248,68,7.135,True
48249,66,8.936,True
48250,66,8.936,True
48251,71,9.376,True
48252,71,9.376,True
48253,71,9.376,True
48254,71,9.376,True
48255,71,9.376,True
48256,70,9.376,True
48257,70,7.267,True
48258,71,9.31,True
48259,71,9.31,True
48260,71,9.31,True
48261,70,9.31,True
48262,70,9.31,True
48263,73,9.31,True
48264,73,9.775,True
48265,72,9.775,True
48266,72,9.775,True
48267,72,9.31,True
48268,72,9.31,True
48269,72,9.31,True
48270,67,9.31,True
48271,67,9.31,True
48272,68,9.31,True
48273,68,9.31,True
48274,68,9.31,True
48275,68,9.31,True
48276,67,9.31,True
48277,67,9.31,True
48278,65,9.31,True
48279,65,9.31,True
48280,68,9.31,True
48281,68,9.31,True
48282,67,9.31,True
48283,67,9.31,True
48284,70,7.812,True
48285,73,9.187,True
48286,70,8.831,True
48287,69,8.831,True
48288,68,8.831,True
48289,68,8.831,True
48290,68,8.831,True
48291,68,8.831,True
48292,69,8.831,True
48293,68,8.831,True
48294,69,8.831,True
48295,70,8.831,True
48296,71,8.831,True
48297,71,8.831,True
48298,71,8.831,True
48299,71,8.623,True
48300,72,8.623,True
48301,74,8.623,True
48302,71,8.623,True
48303,71,8.623,True
48304,71,8.623,True
48305,69,8.623,True
48306,69,8.623,True
48307,69,8.312,True
48308,70,7.74,True
48309,70,7.74,True
48310,69,8.791,True
48311,69,8.791,True
48312,67,9.731,True
48313,66,9.731,True
48314,66,9.731,True
48315,66,9.731,True
48316,66,9.731,True
48317,66,9.731,True
48318,66,9.731,True
48319,66,9.731,True
48320,66,9.731,True
48321,66,9.731,True
48322,66,9.731,True
48323,66,9.731,True
48324,66,9.731,True
48325,68,9.86,True
48326,67,9.86,True
48327,67,9.86,True
48328,66,9.663,True
48329,66,9.663,True
48330,66,9.663,True
48331,66,9.663,True
48332,66,9.663,True
48333,66,9.663,True
48334,66,9.663,True
48335,66,9.663,True
48336,66,9.663,True
48337,66,9.731,True
48338,68,9.731,True
48339,68,9.731,True
48340,67,9.635,True
48341,70,8.154,True
48342,70,8.154,True
48343,71,8.141,True
48344,71,8.141,True
48345,71,8.141,True
48346,73,8.141,True
48347,73,8.141,True
48348,74,8.141,True
48349,74,8.141,True
48350,74,8.141,True
48351,77,8.141,True
48352,77,8.141,True
48353,77,8.141,True
48354,73,9.775,True
48355,75,9.775,True
48356,73,9.775,True
48357,73,9.775,True
48358,72,9.775,True
48359,73,9.775,True
48360,73,9.775,True
48361,75,9.775,True
48362,75,9.775,True
48363,75,9.775,True
48364,75,9.775,True
48365,75,7.389,True
48366,78,9.7,True
48367,72,7.389,True
48368,68,9.508,True
48369,68,9.508,True
48370,69,8.675,True
48371,69,8.675,True
48372,69,8.675,True
48373,70,5.986,True
48374,70,5.986,True
48375,70,5.986,True
48376,70,5.986,True
48377,70,5.986,True
48378,70,5.986,True
48379,72,6.522,True
48380,74,9.835,True
48381,73,9.299,True
48382,73,6.424,True
48383,75,8.502,True
48384,76,8.502,True
48385,75,8.502,True
48386,72,8.502,True
48387,72,8.502,True
48388,72,8.502,True
48389,72,8.502,True
48390,72,8.502,True
48391,72,8.502,True
48392,72,8.502,True
48393,72,8.502,True
48394,74,8.502,True
48395,73,8.502,True
48396,73,8.502,True
48397,71,6.424,True
48398,69,9.663,True
48399,68,9.663,True
48400,68,9.663,True
48401,68,9.663,True
48402,68,9.663,True
48403,69,9.663,True
48404,68,9.663,True
48405,68,9.663,True
48406,68,9.663,True
48407,70,9.663,True
48408,70,9.663,True
48409,67,9.663,True
48410,67,9.663,True
48411,67,9.663,True
48412,67,9.663,True
48413,68,9.663,True
48414,68,9.663,True
48415,67,9.663,True
48416,66,9.663,True
48417,66,9.685,True
48418,66,9.685,True
48419,66,9.685,True
48420,68,9.685,True
48421,70,9.685,True
48422,70,9.685,True
48423,70,9.685,True
48424,70,9.685,True
48425,70,9.685,True
48426,70,9.685,True
48427,70,9.685,True
48428,70,9.685,True
48429,70,9.685,True
48430,70,9.685,True
48431,70,9.685,True
48432,70,9.971,True
48433,70,9.971,True
48434,69,9.971,True
48435,69,9.971,True
48436,69,9.971,True
48437,66,9.685,True
48438,66,9.685,True
48439,66,9.685,True
48440,66,9.685,True
48441,67,9.685,True
48442,68,9.685,True
48443,72,9.685,True
48444,70,9.685,True
48445,70,9.685,True
48446,70,9.685,True
48447,70,9.685,True
48448,71,9.387,True
48449,67,9.387,True
48450,67,9.387,True
48451,67,9.387,True
48452,67,9.387,True
48453,67,9.387,True
48454,67,9.387,True
48455,66,9.663,True
48456,67,9.663,True
48457,70,9.663,True
48458,71,9.663,True
48459,71,9.663,True
48460,69,9.663,True
48461,69,9.663,True
48462,69,9.663,True
48463,69,9.663,True
48464,68,9.663,True
48465,69,9.663,True
48466,69,9.663,True
48467,69,9.663,True
48468,69,9.663,True
48469,69,9.663,True
48470,71,9.663,True
48471,70,9.663,True
48472,70,9.663,True
48473,72,9.663,True
48474,69,9.663,True
48475,69,9.663,True
48476,69,9.663,True
48477,69,9.663,True
48478,69,9.663,True
48479,68,9.663,True
48480,68,9.663,True
48481,67,9.663,True
48482,67,9.663,True
48483,67,9.663,True
48484,69,9.663,True
48485,70,7.777,True
48486,69,8.317,True
48487,68,8.317,True
48488,71,9.775,True
48489,71,9.678,True
48490,71,9.678,True
48491,69,8.764,True
48492,68,8.764,True
48493,68,8.764,True
48494,68,8.764,True
48495,68,8.764,True
48496,68,8.764,True
48497,70,9.678,True
48498,71,9.678,True
48499,72,9.678,True
48500,73,9.678,True
48501,74,9.678,True
48502,74,9.678,True
48503,76,9.678,True
48504,77,9.678,True
48505,81,9.678,True
48506,82,9.308,True
48507,80,9.663,True
48508,79,9.663,True
48509,79,9.663,True
48510,79,9.663,True
48511,79,9.663,True
48512,78,9.663,True
48513,79,9.663,True
48514,78,9.663,True
48515,78,9.663,True
48516,77,9.663,True
48517,74,9.663,True
48518,74,9.663,True
48519,73,9.663,True
48520,72,9.663,True
48521,72,9.663,True
48522,70,9.663,True
48523,71,8.317,True
48524,70,8.002,True
48525,68,8.002,True
48526,66,9.97,True
48527,66,9.97,True
48528,69,8.002,True
48529,67,8.002,True
48530,67,8.002,True
48531,67,8.002,True
48532,65,8.002,True
48533,65,8.002,True
48534,65,8.002,True
48535,64,9.97,True
48536,65,9.97,True
48537,65,9.97,True
48538,66,8.002,True
48539,66,8.002,True
48540,67,8.002,True
48541,67,8.002,True
48542,68,7.833,True
48543,68,7.833,True
48544,68,7.833,True
48545,68,7.833,True
48546,68,7.833,True
48547,68,7.833,True
48548,68,7.833,True
48549,69,7.599,True
48550,71,7.599,True
48551,70,7.599,True
48552,72,7.416,True
48553,72,7.416,True
48554,72,7.416,True
48555,71,9.81,True
48556,70,9.81,True
48557,68,9.446,True
48558,68,9.446,True
48559,68,9.446,True
48560,68,9.446,True
48561,68,9.446,True
48562,71,9.446,True
48563,68,9.446,True
48564,71,9.446,True
48565,71,9.446,True
48566,71,9.446,True
48567,70,9.446,True
48568,70,9.446,True
48569,71,9.678,True
48570,71,9.446,True
48571,71,9.446,True
48572,74,9.481,True
48573,74,9.481,True
48574,73,9.446,True
48575,74,9.446,True
48576,74,9.446,True
48577,74,9.446,True
48578,74,9.446,True
48579,70,9.446,True
48580,70,9.298,True
48581,70,9.298,True
48582,70,9.298,True
48583,72,9.298,True
48584,72,9.004,True
48585,72,9.004,True
48586,72,9.004,True
48587,76,7.479,True
48588,76,7.479,True
48589,76,7.479,True
48590,73,7.479,True
48591,73,3.738,True
48592,73,3.738,True
48593,71,9.446,True
48594,73,9.446,True
48595,67,9.446,True
48596,68,9.446,True
48597,67,9.446,True
48598,67,9.446,True
48599,68,9.446,True
48600,69,9.446,True
48601,71,9.446,True
48602,69,9.897,True
48603,65,9.897,True
48604,65,9.446,True
48605,65,9.446,True
48606,65,9.446,True
48607,65,9.446,True
48608,65,9.446,True
48609,69,9.446,True
48610,73,9.934,True
48611,73,9.934,True
48612,73,9.934,True
48613,73,9.934,True
48614,77,9.934,True
48615,75,9.934,True
48616,75,9.934,True
48617,75,9.934,True
48618,75,9.934,True
48619,75,9.934,True
48620,73,9.934,True
48621,74,9.856,True
48622,74,9.856,True
48623,72,8.954,True
48624,71,8.954,True
48625,71,8.954,True
48626,71,8.954,True
48627,74,8.954,True
48628,74,8.954,True
48629,74,8.954,True
48630,73,8.954,True
48631,70,8.954,True
48632,72,8.954,True
48633,70,8.954,True
48634,70,8.954,True
48635,70,8.954,True
48636,70,8.954,True
48637,72,8.954,True
48638,72,8.954,True
48639,72,8.954,True
48640,72,8.954,True
48641,72,8.954,True
48642,72,8.954,True
48643,73,8.954,True
48644,73,8.954,True
48645,71,8.954,True
48646,73,8.954,True
48647,71,8.954,True
48648,71,8.954,True
48649,71,8.954,True
48650,74,8.954,True
48651,74,8.954,True
48652,74,8.954,True
48653,73,8.954,True
48654,72,8.954,True
48655,72,8.954,True
48656,72,8.954,True
48657,72,8.954,True
48658,72,8.954,True
48659,72,8.954,True
48660,72,8.954,True
48661,72,8.954,True
48662,72,8.954,True
48663,70,9.768,True
48664,70,9.768,True
48665,70,9.768,True
48666,70,8.954,True
48667,74,8.954,True
48668,74,8.954,True
48669,74,8.954,True
48670,70,8.954,True
48671,74,8.954,True
48672,74,8.954,True
48673,74,8.954,True
48674,74,8.954,True
48675,74,8.954,True
48676,76,8.954,True
48677,76,8.954,True
48678,75,8.954,True
48679,75,8.954,True
48680,75,8.954,True
48681,75,8.954,True
48682,75,8.954,True
48683,75,7.456,True
48684,75,7.456,True
48685,75,7.456,True
48686,75,7.456,True
48687,73,7.456,True
48688,73,7.456,True
48689,71,7.456,True
48690,69,7.456,True
48691,68,7.935,True
48692,68,7.935,True
48693,70,7.935,True
48694,70,8.954,True
48695,67,8.954,True
48696,67,8.954,True
48697,67,8.954,True
48698,67,8.954,True
48699,67,8.954,True
48700,67,8.954,True
48701,67,8.954,True
48702,67,8.954,True
48703,67,8.954,True
48704,67,8.954,True
48705,65,8.954,True
48706,65,8.954,True
48707,67,8.954,True
48708,71,7.041,True
48709,71,7.041,True
48710,76,7.041,True
48711,76,6.717,True
48712,76,6.717,True
48713,76,6.717,True
48714,76,6.717,True
48715,71,6.717,True
48716,71,6.717,True
48717,72,6.717,True
48718,71,6.717,True
48719,71,6.717,True
48720,71,6.197,True
48721,71,9.011,True
48722,71,9.011,True
48723,71,9.011,True
48724,71,9.011,True
48725,71,9.011,True
48726,71,9.011,True
48727,71,9.011,True
48728,71,9.011,True
48729,71,7.939,True
48730,72,7.939,True
48731,71,7.939,True
48732,73,7.46,True
48733,75,8.723,True
48734,73,9.988,True
48735,73,9.988,True
48736,73,9.988,True
48737,73,9.988,True
48738,73,9.988,True
48739,73,9.988,True
48740,73,9.988,True
48741,73,9.988,True
48742,73,9.988,True
48743,71,9.988,True
48744,70,9.988,True
48745,71,9.988,True
48746,72,9.988,True
48747,72,9.988,True
48748,71,9.988,True
48749,71,9.988,True
48750,71,9.988,True
48751,69,9.988,True
48752,71,9.988,True
48753,69,9.988,True
48754,71,9.988,True
48755,70,9.988,True
48756,70,9.988,True
48757,70,9.988,True
48758,70,9.988,True
48759,67,9.988,True
48760,71,9.988,True
48761,71,9.988,True
48762,69,9.988,True
48763,71,9.412,True
48764,71,9.412,True
48765,69,9.988,True
48766,67,9.988,True
48767,67,9.988,True
48768,65,9.988,True
48769,65,9.988,True
48770,65,9.988,True
48771,65,9.988,True
48772,65,9.988,True
48773,65,9.988,True
48774,67,9.988,True
48775,71,9.988,True
48776,73,9.84,True
48777,73,9.84,True
48778,75,9.84,True
48779,75,9.84,True
48780,74,9.84,True
48781,74,9.84,True
48782,74,9.84,True
48783,76,9.905,True
48784,74,9.84,True
48785,76,9.202,True
48786,76,9.202,True
48787,75,9.08,True
48788,74,7.861,True
48789,72,7.861,True
48790,69,5.582,True
48791,69,5.582,True
48792,68,6.241,True
48793,70,8.43,True
48794,70,8.43,True
48795,71,8.43,True
48796,68,8.43,True
48797,72,8.43,True
48798,72,8.43,True
48799,70,5.001,True
48800,67,6.522,True
48801,67,6.522,True
48802,65,9.663,True
48803,64,9.663,True
48804,66,9.663,True
48805,66,9.663,True
48806,66,9.663,True
48807,64,9.663,True
48808,66,8.623,True
48809,66,8.623,True
48810,64,9.663,True
48811,66,9.663,True
48812,66,9.663,True
48813,65,9.663,True
48814,68,9.663,True
48815,68,9.663,True
48816,66,9.663,True
48817,68,7.806,True
48818,67,7.806,True
48819,69,7.806,True
48820,71,7.806,True
48821,71,7.806,True
48822,71,7.806,True
48823,71,9.775,True
48824,71,9.775,True
48825,71,9.775,True
48826,71,9.775,True
48827,71,9.775,True
48828,71,9.775,True
48829,71,9.775,True
48830,71,9.775,True
48831,71,9.775,True
48832,71,9.775,True
48833,71,9.775,True
48834,71,9.775,True
48835,71,9.775,True
48836,71,9.775,True
48837,71,9.775,True
48838,71,9.775,True
48839,71,9.775,True
48840,71,7.806,True
48841,68,9.663,True
48842,68,9.663,True
48843,68,9.663,True
48844,68,9.663,True
48845,64,9.663,True
48846,64,9.663,True
48847,67,9.663,True
48848,67,9.663,True
48849,67,9.663,True
48850,67,9.663,True
48851,67,9.663,True
48852,69,9.663,True
48853,69,9.663,True
48854,69,9.663,True
48855,69,9.663,True
48856,66,9.663,True
48857,66,9.663,True
48858,62,9.663,True
48859,63,9.663,True
48860,63,9.663,True
48861,63,9.663,True
48862,63,9.663,True
48863,63,9.663,True
48864,66,9.663,True
48865,66,9.663,True
48866,66,9.663,True
48867,66,9.663,True
48868,66,9.663,True
48869,66,9.663,True
48870,67,9.663,True
48871,67,9.663,True
48872,68,9.663,True
48873,68,7.806,True
48874,68,7.806,True
48875,69,8.477,True
48876,67,8.272,True
48877,67,8.272,True
48878,67,9.663,True
48879,67,9.663,True
48880,67,9.663,True
48881,67,9.663,True
48882,68,9.663,True
48883,68,9.663,True
48884,71,5.582,True
48885,71,5.582,True
48886,70,5.582,True
48887,71,5.93,True
48888,70,7.817,True
48889,71,8.205,True
48890,68,7.817,True
48891,68,7.817,True
48892,68,9.675,True
48893,68,9.675,True
48894,68,9.675,True
48895,68,9.675,True
48896,73,9.675,True
48897,78,9.675,True
48898,72,9.675,True
48899,71,8.786,True
48900,74,8.786,True
48901,74,8.786,True
48902,71,9.897,True
48903,69,9.897,True
48904,71,8.786,True
48905,71,8.786,True
48906,71,8.786,True
48907,71,9.663,True
48908,71,9.663,True
48909,71,9.663,True
48910,68,9.663,True
48911,67,9.663,True
48912,69,9.663,True
48913,69,9.663,True
48914,67,9.663,True
48915,71,9.663,True
48916,71,9.663,True
48917,71,9.663,True
48918,71,9.663,True
48919,71,9.663,True
48920,71,9.663,True
48921,73,9.804,True
48922,72,9.663,True
48923,71,9.663,True
48924,67,9.663,True
48925,68,9.663,True
48926,68,9.663,True
48927,65,9.663,True
48928,65,9.663,True
48929,64,9.663,True
48930,63,9.897,True
48931,64,9.663,True
48932,64,9.663,True
48933,65,8.317,True
48934,67,8.317,True
48935,65,8.317,True
48936,64,8.317,True
48937,64,8.317,True
48938,63,8.317,True
48939,63,8.317,True
48940,62,9.897,True
48941,64,8.317,True
48942,64,8.317,True
48943,64,8.317,True
48944,64,8.317,True
48945,64,8.317,True
48946,64,8.317,True
48947,66,8.317,True
48948,66,8.317,True
48949,66,8.317,True
48950,66,8.317,True
48951,68,8.317,True
48952,67,8.317,True
48953,67,9.665,True
48954,65,9.665,True
48955,67,9.665,True
48956,68,9.665,True
48957,68,9.665,True
48958,69,9.665,True
48959,71,9.665,True
48960,66,9.665,True
48961,66,9.665,True
48962,66,9.665,True
48963,66,9.665,True
48964,68,9.665,True
48965,68,9.665,True
48966,68,9.665,True
48967,70,9.665,True
48968,71,9.665,True
48969,68,9.665,True
48970,68,9.665,True
48971,68,9.665,True
48972,68,9.665,True
48973,68,9.665,True
48974,68,9.665,True
48975,68,9.665,True
48976,68,9.665,True
48977,68,9.665,True
48978,69,9.665,True
48979,68,9.665,True
48980,67,9.665,True
48981,67,9.665,True
48982,67,9.665,True
48983,67,9.665,True
48984,68,9.665,True
48985,70,9.665,True
48986,72,9.665,True
48987,72,9.665,True
48988,73,7.879,True
48989,73,7.879,True
48990,73,3.946,True
48991,75,7.52,True
48992,72,7.52,True
48993,72,7.52,True
48994,72,7.52,True
48995,72,7.52,True
48996,72,7.52,True
48997,72,7.52,True
48998,78,7.52,True
48999,78,7.52,True
49000,76,7.52,True
49001,75,7.52,True
49002,76,7.52,True
49003,75,7.52,True
49004,73,7.52,True
49005,73,7.52,True
49006,73,7.52,True
49007,73,9.665,True
49008,73,9.665,True
49009,73,9.665,True
49010,74,9.665,True
49011,74,9.665,True
49012,73,9.665,True
49013,73,9.665,True
49014,73,9.665,True
49015,76,9.665,True
49016,74,9.665,True
49017,74,8.032,True
49018,74,8.032,True
49019,74,8.032,True
49020,72,7.951,True
49021,72,7.806,True
49022,73,7.806,True
49023,73,7.806,True
49024,75,7.806,True
49025,74,9.424,True
49026,75,9.424,True
49027,75,9.424,True
49028,73,9.437,True
49029,73,9.437,True
49030,73,9.437,True
49031,73,9.437,True
49032,74,9.424,True
49033,73,7.988,True
49034,73,7.988,True
49035,73,7.988,True
49036,70,7.988,True
49037,70,7.988,True
49038,70,7.988,True
49039,70,7.988,True
49040,71,7.988,True
49041,71,7.988,True
49042,72,7.988,True
49043,75,7.988,True
49044,76,7.988,True
49045,74,7.988,True
49046,74,7.988,True
49047,74,8.841,True
49048,74,8.841,True
49049,76,8.841,True
49050,76,8.841,True
49051,77,8.841,True
49052,75,8.841,True
49053,75,8.841,True
49054,75,8.841,True
49055,75,8.841,True
49056,75,6.683,True
49057,75,6.683,True
49058,75,6.683,True
49059,76,5.843,True
49060,69,8.954,True
49061,70,8.954,True
49062,70,8.954,True
49063,70,8.954,True
49064,70,8.954,True
49065,70,8.954,True
49066,70,8.954,True
49067,68,8.954,True
49068,68,8.954,True
49069,68,8.954,True
49070,67,8.954,True
49071,71,8.465,True
49072,73,8.587,True
49073,69,8.954,True
49074,69,8.954,True
49075,69,8.954,True
49076,69,8.954,True
49077,69,8.954,True
49078,69,8.954,True
49079,67,8.954,True
49080,67,8.954,True
49081,67,8.954,True
49082,67,8.954,True
49083,67,8.954,True
49084,66,8.954,True
49085,66,8.954,True
49086,67,8.954,True
49087,67,8.954,True
49088,68,8.954,True
49089,75,8.954,True
49090,68,8.954,True
49091,66,8.954,True
49092,66,8.954,True
49093,66,8.954,True
49094,67,8.954,True
49095,67,9.827,True
49096,67,8.954,True
49097,67,8.954,True
49098,70,8.954,True
49099,70,8.954,True
49100,70,8.954,True
49101,70,8.954,True
49102,70,8.954,True
49103,70,8.954,True
49104,70,8.954,True
49105,69,9.748,True
49106,69,9.748,True
49107,70,8.954,True
49108,70,8.954,True
49109,70,8.954,True
49110,71,8.954,True
49111,71,8.954,True
49112,71,8.954,True
49113,71,8.954,True
49114,71,8.954,True
49115,71,8.954,True
49116,70,8.954,True
49117,70,8.954,True
49118,70,8.954,True
49119,74,8.101,True
49120,71,4.693,True
49121,71,4.693,True
49122,71,4.693,True
49123,71,4.693,True
49124,71,4.693,True
49125,69,4.693,True
49126,70,8.221,True
49127,70,8.221,True
49128,70,8.221,True
49129,69,6.197,True
49130,70,6.197,True
49131,69,7.244,True
49132,69,7.244,True
49133,71,7.244,True
49134,71,7.244,True
49135,71,7.244,True
49136,71,7.244,True
49137,72,6.197,True
49138,74,6.197,True
49139,74,5.492,True
49140,73,7.244,True
49141,71,9.988,True
49142,71,9.988,True
49143,71,9.988,True
49144,71,9.988,True
49145,71,9.988,True
49146,71,9.988,True
49147,72,9.988,True
49148,73,9.988,True
49149,72,9.97,True
49150,71,9.97,True
49151,68,9.97,True
49152,69,9.97,True
49153,70,9.97,True
49154,72,8.912,True
49155,69,9.31,True
49156,69,9.31,True
49157,69,9.31,True
49158,72,9.31,True
49159,72,9.31,True
49160,72,9.31,True
49161,72,9.31,True
49162,75,9.053,True
49163,75,9.053,True
49164,75,7.755,True
49165,75,7.755,True
49166,71,7.713,True
49167,69,7.713,True
49168,69,7.713,True
49169,69,7.713,True
49170,69,7.713,True
49171,72,7.879,True
49172,72,7.879,True
49173,72,7.879,True
49174,71,9.232,True
49175,71,9.232,True
49176,71,9.232,True
49177,68,9.232,True
49178,68,9.232,True
49179,70,8.49,True
49180,70,8.49,True
49181,70,7.356,True
49182,69,7.356,True
49183,66,9.663,True
49184,69,9.663,True
49185,73,9.663,True
49186,72,9.897,True
49187,69,9.897,True
49188,65,9.897,True
49189,64,9.897,True
49190,64,9.897,True
49191,64,9.897,True
49192,64,9.897,True
49193,67,9.897,True
49194,67,9.897,True
49195,67,9.897,True
49196,68,9.663,True
49197,68,9.663,True
49198,68,9.663,True
49199,68,9.663,True
49200,65,9.663,True
49201,65,9.663,True
49202,65,9.663,True
49203,68,9.663,True
49204,68,9.663,True
49205,68,9.663,True
49206,68,9.663,True
49207,67,9.97,True
49208,64,9.97,True
49209,64,9.97,True
49210,64,9.97,True
49211,64,9.97,True
49212,65,9.988,True
49213,68,9.663,True
49214,69,9.663,True
49215,68,9.663,True
49216,69,9.663,True
49217,69,9.663,True
49218,71,9.663,True
49219,68,9.988,True
49220,68,9.988,True
49221,67,9.988,True
49222,67,9.988,True
49223,67,9.988,True
49224,69,9.988,True
49225,69,9.988,True
49226,69,9.988,True
49227,69,9.988,True
49228,69,9.988,True
49229,69,9.988,True
49230,68,9.988,True
49231,69,9.988,True
49232,69,9.988,True
49233,67,9.988,True
49234,70,9.988,True
49235,70,9.988,True
49236,70,9.988,True
49237,70,9.988,True
49238,70,9.988,True
49239,71,9.988,True
49240,71,9.988,True
49241,71,9.988,True
49242,71,9.988,True
49243,71,9.988,True
49244,71,9.988,True
49245,71,9.988,True
49246,70,9.988,True
49247,70,9.988,True
49248,71,9.988,True
49249,71,9.988,True
49250,71,9.988,True
49251,71,9.988,True
49252,70,9.988,True
49253,70,9.988,True
49254,70,9.988,True
49255,71,9.663,True
49256,71,9.663,True
49257,71,9.663,True
49258,73,9.663,True
49259,73,9.663,True
49260,73,9.663,True
49261,71,9.78,True
49262,71,9.78,True
49263,68,9.78,True
49264,69,9.663,True
49265,69,9.663,True
49266,69,9.663,True
49267,68,9.78,True
49268,72,9.663,True
49269,72,9.663,True
49270,72,9.663,True
49271,72,9.663,True
49272,71,9.663,True
49273,71,9.663,True
49274,71,9.663,True
49275,71,9.663,True
49276,71,9.663,True
49277,71,9.663,True
49278,68,9.663,True
49279,68,9.663,True
49280,68,9.663,True
49281,68,9.663,True
49282,70,9.663,True
49283,70,9.663,True
49284,70,9.663,True
49285,70,9.663,True
49286,68,9.663,True
49287,67,9.78,True
49288,67,9.78,True
49289,67,9.78,True
49290,67,9.78,True
49291,66,9.78,True
49292,66,9.78,True
49293,68,9.78,True
49294,70,9.663,True
49295,69,9.663,True
49296,69,9.663,True
49297,70,9.663,True
49298,70,9.663,True
49299,70,9.663,True
49300,73,9.663,True
49301,74,9.663,True
49302,72,9.663,True
49303,71,9.663,True
49304,69,9.663,True
49305,66,9.663,True
49306,66,9.663,True
49307,68,9.663,True
49308,67,9.663,True
49309,67,9.663,True
49310,67,9.663,True
49311,67,9.663,True
49312,67,9.663,True
49313,71,9.663,True
49314,71,9.663,True
49315,70,9.663,True
49316,70,9.663,True
49317,70,9.663,True
49318,70,9.663,True
49319,67,9.663,True
49320,72,9.663,True
49321,73,9.663,True
49322,68,9.663,True
49323,68,9.663,True
49324,68,9.663,True
49325,68,9.663,True
49326,68,9.663,True
49327,70,9.663,True
49328,70,9.663,True
49329,70,9.663,True
49330,71,9.663,True
49331,71,9.663,True
49332,71,9.663,True
49333,71,9.663,True
49334,71,9.663,True
49335,71,9.663,True
49336,71,9.663,True
49337,71,9.663,True
49338,70,9.663,True
49339,71,9.663,True
49340,71,9.663,True
49341,71,9.663,True
49342,71,9.663,True
49343,71,9.663,True
49344,71,9.663,True
49345,71,9.663,True
49346,71,9.663,True
49347,73,9.663,True
49348,70,9.663,True
49349,73,8.975,True
49350,73,8.975,True
49351,73,8.747,True
49352,74,8.747,True
49353,76,9.754,True
49354,76,9.754,True
49355,76,9.754,True
49356,76,9.754,True
49357,74,9.881,True
49358,72,9.881,True
49359,72,9.881,True
49360,72,9.881,True
49361,72,9.881,True
49362,72,9.881,True
49363,74,9.881,True
49364,74,9.881,True
49365,72,9.881,True
49366,72,9.881,True
49367,72,9.881,True
49368,73,9.223,True
49369,72,9.881,True
49370,72,9.881,True
49371,71,6.501,True
49372,69,6.501,True
49373,69,6.501,True
49374,70,6.501,True
49375,70,8.002,True
49376,70,6.501,True
49377,70,6.501,True
49378,70,6.501,True
49379,70,6.501,True
49380,72,6.501,True
49381,71,6.501,True
49382,71,6.501,True
49383,74,6.501,True
49384,70,4.969,True
49385,72,8.764,True
49386,69,8.764,True
49387,69,8.764,True
49388,65,9.952,True
49389,65,9.952,True
49390,65,9.952,True
49391,65,9.952,True
49392,65,9.952,True
49393,65,9.952,True
49394,65,9.952,True
49395,65,9.952,True
49396,65,9.952,True
49397,65,9.952,True
49398,65,9.952,True
49399,65,9.952,True
49400,65,9.952,True
49401,65,9.952,True
49402,65,9.952,True
49403,65,9.952,True
49404,64,9.952,True
49405,64,9.952,True
49406,62,9.952,True
49407,65,9.952,True
49408,65,9.952,True
49409,70,9.952,True
49410,70,9.952,True
49411,70,9.952,True
49412,70,9.952,True
49413,62,9.952,True
49414,62,9.952,True
49415,64,7.038,True
49416,64,7.038,True
49417,64,7.038,True
49418,67,7.038,True
49419,69,7.038,True
49420,66,7.038,True
49421,66,7.038,True
49422,69,7.038,True
49423,72,7.038,True
49424,70,9.952,True
49425,67,9.952,True
49426,69,9.342,True
49427,68,9.342,True
49428,68,9.342,True
49429,66,9.342,True
49430,66,9.342,True
49431,66,9.342,True
49432,64,9.342,True
49433,64,9.342,True
49434,64,9.342,True
49435,66,7.038,True
49436,66,7.038,True
49437,62,9.952,True
49438,62,9.952,True
49439,64,7.038,True
49440,66,8.173,True
49441,66,8.173,True
49442,65,7.038,True
49443,65,7.038,True
49444,65,7.038,True
49445,65,7.038,True
49446,65,7.038,True
49447,65,7.038,True
49448,65,9.943,True
49449,65,9.943,True
49450,66,9.943,True
49451,73,9.943,True
49452,72,9.943,True
49453,72,9.943,True
49454,72,9.943,True
49455,73,9.943,True
49456,67,9.943,True
49457,66,9.943,True
49458,66,9.943,True
49459,66,9.943,True
49460,66,9.943,True
49461,65,9.663,True
49462,65,9.663,True
49463,64,9.663,True
49464,64,9.663,True
49465,65,9.663,True
49466,66,9.663,True
49467,66,9.663,True
49468,66,9.663,True
49469,66,9.663,True
49470,65,9.663,True
49471,65,9.663,True
49472,65,9.663,True
49473,64,9.663,True
49474,64,9.877,True
49475,64,9.877,True
49476,64,9.877,True
49477,64,9.877,True
49478,64,9.877,True
49479,64,9.877,True
49480,64,9.877,True
49481,64,9.877,True
49482,64,9.877,True
49483,64,8.002,True
49484,64,8.002,True
49485,68,8.831,True
49486,68,9.663,True
49487,68,9.663,True
49488,68,9.663,True
49489,68,9.663,True
49490,68,9.663,True
49491,67,9.663,True
49492,67,9.663,True
49493,67,9.663,True
49494,67,9.663,True
49495,67,9.663,True
49496,67,9.663,True
49497,65,9.663,True
49498,65,9.663,True
49499,65,9.663,True
49500,65,9.663,True
49501,64,9.663,True
49502,65,8.764,True
49503,65,9.771,True
49504,65,9.771,True
49505,64,9.363,True
49506,64,9.363,True
49507,65,9.771,True
49508,65,9.771,True
49509,66,9.771,True
49510,64,8.764,True
49511,64,8.764,True
49512,64,8.764,True
49513,66,8.764,True
49514,66,8.764,True
49515,66,8.764,True
49516,66,8.764,True
49517,66,8.764,True
49518,66,8.764,True
49519,65,8.662,True
49520,64,8.002,True
49521,64,8.002,True
49522,64,8.002,True
49523,64,8.002,True
49524,66,7.483,True
49525,65,7.483,True
49526,65,7.483,True
49527,65,7.483,True
49528,65,7.483,True
49529,65,7.483,True
49530,65,7.483,True
49531,65,7.483,True
49532,65,7.483,True
49533,65,7.483,True
49534,69,8.321,True
49535,69,8.321,True
49536,69,8.321,True
49537,71,8.321,True
49538,71,6.524,True
49539,71,9.981,True
49540,71,9.981,True
49541,72,9.981,True
49542,72,9.981,True
49543,70,9.981,True
49544,71,8.764,True
49545,71,8.764,True
49546,71,8.764,True
49547,71,8.764,True
49548,73,9.007,True
49549,73,9.007,True
49550,73,9.007,True
49551,70,8.78,True
49552,70,8.78,True
49553,71,8.78,True
49554,70,9.91,True
49555,70,9.91,True
49556,66,9.91,True
49557,67,9.91,True
49558,68,9.91,True
49559,68,9.91,True
49560,66,8.002,True
49561,66,8.002,True
49562,66,8.002,True
49563,66,8.002,True
49564,68,8.002,True
49565,66,8.002,True
49566,68,5.65,True
49567,68,5.65,True
49568,67,5.473,True
49569,67,9.31,True
49570,67,9.31,True
49571,67,9.31,True
49572,67,9.31,True
49573,66,8.907,True
49574,70,7.807,True
49575,70,7.807,True
49576,70,7.807,True
49577,70,9.367,True
49578,70,9.367,True
49579,70,9.367,True
49580,70,9.367,True
49581,70,9.367,True
49582,70,9.367,True
49583,70,9.367,True
49584,70,9.367,True
49585,68,9.367,True
49586,70,9.935,True
49587,70,9.935,True
49588,71,9.935,True
49589,71,9.935,True
49590,70,9.935,True
49591,70,9.935,True
49592,69,9.367,True
49593,68,9.367,True
49594,68,9.367,True
49595,68,9.367,True
49596,69,9.367,True
49597,69,9.367,True
49598,69,9.367,True
49599,67,7.807,True
49600,67,7.807,True
49601,66,8.174,True
49602,66,8.174,True
49603,70,8.174,True
49604,70,8.174,True
49605,70,8.174,True
49606,70,8.174,True
49607,72,8.174,True
49608,71,8.174,True
49609,68,8.174,True
49610,68,8.174,True
49611,68,8.174,True
49612,68,8.174,True
49613,69,8.174,True
49614,71,8.073,True
49615,67,7.807,True
49616,67,7.807,True
49617,67,7.807,True
49618,64,7.807,True
49619,64,7.807,True
49620,65,7.807,True
49621,68,7.807,True
49622,68,7.807,True
49623,68,7.807,True
49624,73,9.897,True
49625,73,9.897,True
49626,73,9.897,True
49627,76,9.897,True
49628,76,9.897,True
49629,77,7.695,True
49630,72,8.504,True
49631,71,8.504,True
49632,71,8.504,True
49633,71,8.504,True
49634,74,8.767,True
49635,74,8.767,True
49636,74,8.767,True
49637,74,8.767,True
49638,73,8.767,True
49639,73,5.654,True
49640,70,5.654,True
49641,73,7.692,True
49642,73,7.692,True
49643,71,9.044,True
49644,71,9.044,True
49645,74,9.044,True
49646,74,9.044,True
49647,73,9.044,True
49648,74,9.044,True
49649,71,9.044,True
49650,69,9.044,True
49651,69,9.044,True
49652,69,9.044,True
49653,69,9.044,True
49654,69,9.044,True
49655,71,9.583,True
49656,71,8.694,True
49657,69,8.694,True
49658,68,8.694,True
49659,67,9.099,True
49660,67,9.099,True
49661,70,9.099,True
49662,70,9.099,True
49663,71,9.099,True
49664,71,9.099,True
49665,70,9.099,True
49666,70,9.099,True
49667,70,9.099,True
49668,70,9.099,True
49669,71,9.099,True
49670,72,9.099,True
49671,75,9.367,True
49672,75,9.367,True
49673,76,9.367,True
49674,73,9.367,True
49675,72,9.367,True
49676,72,9.381,True
49677,72,9.381,True
49678,69,9.381,True
49679,69,9.381,True
49680,71,9.381,True
49681,71,9.381,True
49682,71,9.381,True
49683,71,9.381,True
49684,71,9.381,True
49685,73,9.263,True
49686,75,9.263,True
49687,74,9.263,True
49688,74,9.263,True
49689,72,9.263,True
49690,72,9.263,True
49691,72,9.263,True
49692,72,9.263,True
49693,72,9.263,True
49694,73,9.263,True
49695,73,9.263,True
49696,73,9.263,True
49697,73,9.263,True
49698,74,9.883,True
49699,74,9.883,True
49700,74,9.883,True
49701,72,9.883,True
49702,72,9.883,True
49703,70,9.883,True
49704,70,9.883,True
49705,71,9.883,True
49706,71,9.883,True
49707,68,9.883,True
49708,67,9.456,True
49709,68,9.456,True
49710,69,9.955,True
49711,70,9.955,True
49712,73,9.456,True
49713,73,9.456,True
49714,73,9.456,True
49715,70,9.955,True
49716,72,9.456,True
49717,72,9.456,True
49718,71,9.789,True
49719,71,9.789,True
49720,71,9.789,True
49721,71,9.789,True
49722,71,9.789,True
49723,71,9.789,True
49724,71,9.456,True
49725,71,9.456,True
49726,71,9.456,True
49727,70,9.456,True
49728,70,9.456,True
49729,70,9.456,True
49730,70,9.456,True
49731,70,9.456,True
49732,71,7.875,True
49733,71,7.875,True
49734,71,7.875,True
49735,73,8.723,True
49736,73,8.723,True
49737,73,8.723,True
49738,76,8.723,True
49739,73,8.723,True
49740,75,8.723,True
49741,75,8.723,True
49742,76,8.723,True
49743,76,8.694,True
49744,70,8.694,True
49745,70,8.694,True
49746,70,8.694,True
49747,69,8.694,True
49748,66,8.694,True
49749,67,8.694,True
49750,67,8.694,True
49751,69,9.514,True
49752,68,9.514,True
49753,71,9.514,True
49754,71,9.514,True
49755,70,8.694,True
49756,70,8.694,True
49757,69,8.694,True
49758,69,8.694,True
49759,69,8.694,True
49760,69,8.694,True
49761,69,8.694,True
49762,69,8.694,True
49763,69,8.694,True
49764,69,8.694,True
49765,71,8.694,True
49766,68,8.694,True
49767,68,9.044,True
49768,69,9.044,True
49769,69,9.044,True
49770,74,9.044,True
49771,78,9.044,True
49772,78,9.044,True
49773,81,9.34,True
49774,81,9.34,True
49775,81,9.34,True
49776,81,9.34,True
49777,78,9.044,True
49778,75,9.044,True
49779,73,9.044,True
49780,73,9.044,True
49781,73,9.044,True
49782,76,9.465,True
49783,76,9.465,True
49784,79,9.465,True
49785,80,9.044,True
49786,80,9.044,True
49787,80,9.044,True
49788,80,9.044,True
49789,79,9.044,True
49790,79,9.044,True
49791,79,9.044,True
49792,75,9.044,True
49793,76,9.044,True
49794,74,9.044,True
49795,74,9.044,True
49796,73,9.044,True
49797,73,9.044,True
49798,73,9.044,True
49799,72,9.044,True
49800,72,9.044,True
49801,72,9.044,True
49802,75,9.044,True
49803,77,9.044,True
49804,77,9.044,True
49805,77,9.044,True
49806,77,9.044,True
49807,77,9.044,True
49808,77,9.044,True
49809,77,9.044,True
49810,77,9.044,True
49811,75,9.044,True
49812,77,8.694,True
49813,77,8.694,True
49814,74,8.694,True
49815,77,6.863,True
49816,78,6.863,True
49817,78,6.863,True
49818,76,9.044,True
49819,76,9.044,True
49820,75,6.29,True
49821,75,6.29,True
49822,75,6.29,True
49823,75,8.135,True
49824,77,8.135,True
49825,76,8.135,True
49826,75,9.663,True
49827,75,9.663,True
49828,75,9.663,True
49829,75,9.663,True
49830,71,9.663,True
49831,72,9.663,True
49832,72,9.663,True
49833,72,9.663,True
49834,73,9.663,True
49835,73,9.663,True
49836,73,9.663,True
49837,73,9.663,True
49838,72,9.663,True
49839,72,9.663,True
49840,72,9.663,True
49841,72,9.663,True
49842,72,9.663,True
49843,72,9.663,True
49844,72,9.663,True
49845,72,9.663,True
49846,71,9.663,True
49847,71,9.663,True
49848,70,9.663,True
49849,70,9.663,True
49850,71,9.663,True
49851,71,9.663,True
49852,71,9.663,True
49853,71,9.663,True
49854,70,9.663,True
49855,74,9.663,True
49856,74,9.851,True
49857,74,9.663,True
49858,71,9.663,True
49859,71,9.663,True
49860,71,9.663,True
49861,71,9.663,True
49862,70,9.663,True
49863,70,9.663,True
49864,70,9.663,True
49865,70,9.663,True
49866,70,9.663,True
49867,70,9.663,True
49868,69,7.643,True
49869,69,7.643,True
49870,70,7.721,True
49871,72,7.721,True
49872,74,7.721,True
49873,74,8.433,True
49874,72,8.433,True
49875,72,8.433,True
49876,72,8.433,True
49877,74,8.433,True
49878,77,8.433,True
49879,77,8.433,True
49880,77,8.433,True
49881,77,5.611,True
49882,75,9.897,True
49883,75,9.897,True
49884,75,9.897,True
49885,75,9.897,True
49886,75,9.897,True
49887,77,9.897,True
49888,76,9.897,True
49889,74,9.897,True
49890,73,9.897,True
49891,75,9.897,True
49892,73,9.897,True
49893,73,8.836,True
49894,73,8.836,True
49895,75,8.836,True
49896,75,8.836,True
49897,75,8.836,True
49898,73,8.836,True
49899,73,8.836,True
49900,73,8.836,True
49901,73,8.836,True
49902,71,8.836,True
49903,74,8.836,True
49904,74,8.836,True
49905,73,8.696,True
49906,74,8.696,True
49907,72,8.696,True
49908,72,8.696,True
49909,73,8.696,True
49910,72,8.696,True
49911,70,8.696,True
49912,70,8.696,True
49913,70,8.696,True
49914,70,8.696,True
49915,70,8.696,True
49916,71,8.696,True
49917,71,8.696,True
49918,71,8.696,True
49919,71,8.696,True
49920,70,8.696,True
49921,70,8.696,True
49922,71,8.696,True
49923,71,8.696,True
49924,71,8.696,True
49925,72,8.836,True
49926,73,8.836,True
49927,72,8.836,True
49928,75,8.836,True
49929,75,8.836,True
49930,74,9.965,True
49931,74,9.965,True
49932,76,9.965,True
49933,76,9.965,True
49934,76,9.965,True
49935,76,9.965,True
49936,74,9.965,True
49937,76,9.965,True
49938,73,9.965,True
49939,75,9.965,True
49940,78,9.965,True
49941,78,9.965,True
49942,78,9.965,True
49943,79,9.14,True
49944,79,9.14,True
49945,79,9.14,True
49946,79,9.14,True
49947,78,9.14,True
49948,81,6.993,True
49949,80,7.866,True
49950,80,7.866,True
49951,80,7.866,True
49952,80,7.866,True
49953,77,7.866,True
49954,77,7.866,True
49955,76,7.866,True
49956,76,9.012,True
49957,76,9.012,True
49958,77,9.012,True
49959,77,9.012,True
49960,77,9.012,True
49961,77,9.012,True
49962,76,9.012,True
49963,76,9.012,True
49964,74,9.012,True
49965,77,9.012,True
49966,76,9.012,True
49967,78,9.268,True
49968,78,9.012,True
49969,78,9.367,True
49970,78,9.367,True
49971,76,9.139,True
49972,71,9.139,True
49973,71,9.139,True
49974,71,9.139,True
49975,71,9.139,True
49976,72,8.085,True
49977,70,9.897,True
49978,69,9.897,True
49979,68,9.897,True
49980,67,9.897,True
49981,67,9.897,True
49982,67,9.897,True
49983,67,9.897,True
49984,67,9.897,True
49985,67,9.897,True
49986,67,9.897,True
49987,65,9.897,True
49988,66,9.897,True
49989,66,9.897,True
49990,66,9.897,True
49991,66,9.897,True
49992,63,9.897,True
49993,63,9.897,True
49994,63,9.897,True
49995,63,9.897,True
49996,65,9.897,True
49997,65,9.897,True
49998,65,9.897,True
49999,65,9.897,True
