step,cut_edges,max_dev_pct
0,254,25.27
1,243,26.994
2,246,26.994
3,247,23.792
4,264,26.62
5,255,26.62
6,255,26.62
7,276,26.62
8,250,26.62
9,242,20.388
10,241,20.388
11,241,20.388
12,254,24.106
13,257,24.106
14,251,25.577
15,240,25.212
16,227,25.212
17,232,25.984
18,239,25.984
19,248,25.984
20,245,24.423
21,245,24.423
22,232,22.448
23,231,26.542
24,214,26.542
25,227,26.542
26,227,26.542
27,229,26.542
28,217,26.542
29,225,26.542
30,234,24.116
31,231,24.116
32,234,17.04
33,225,23.61
34,255,23.61
35,244,23.61
36,253,24.95
37,256,24.95
38,238,24.95
39,237,24.95
40,248,24.95
41,224,26.902
42,214,26.902
43,218,26.902
44,225,26.902
45,233,26.902
46,242,26.902
47,235,26.902
48,249,18.131
49,246,15.718
50,248,15.008
51,250,15.008
52,253,15.008
53,256,23.416
54,254,23.416
55,257,26.336
56,260,26.336
57,255,26.336
58,261,25.688
59,274,26.244
60,273,27.068
61,260,27.068
62,264,27.068
63,252,27.068
64,263,27.068
65,250,27.068
66,250,27.068
67,258,27.068
68,253,25.957
69,254,25.957
70,257,25.957
71,261,25.957
72,260,26.698
73,255,26.698
74,261,26.698
75,252,25.957
76,253,25.957
77,258,25.957
78,247,25.957
79,256,25.957
80,260,25.957
81,259,25.957
82,254,25.957
83,247,25.957
84,271,25.201
85,272,25.201
86,248,24.094
87,254,24.094
88,264,24.094
89,279,24.094
90,278,24.094
91,268,26.854
92,268,26.854
93,262,26.854
94,255,26.854
95,257,26.854
96,264,26.854
97,265,26.854
98,268,22.459
99,271,23.981
100,278,23.981
101,264,23.981
102,266,23.981
103,282,23.981
104,287,24.182
105,298,27.003
106,302,27.003
107,294,27.003
108,290,27.003
109,301,27.003
110,288,27.003
111,269,27.003
112,266,27.003
113,267,27.003
114,264,27.003
115,259,27.003
116,268,27.003
117,273,27.164
118,268,27.212
119,307,27.212
120,298,27.164
121,295,27.164
122,306,27.164
123,293,27.003
124,262,27.003
125,242,26.767
126,247,24.032
127,249,24.032
128,249,24.032
129,251,24.032
130,257,24.032
131,258,24.032
132,257,24.702
133,257,24.702
134,250,24.702
135,261,16.141
136,260,16.141
137,270,15.584
138,261,15.584
139,267,25.201
140,271,25.201
141,271,25.201
142,273,25.201
143,292,25.201
144,276,25.347
145,248,25.347
146,247,25.383
147,252,25.383
148,259,26.716
149,265,25.383
150,278,25.383
151,268,25.383
152,271,25.703
153,268,25.703
154,260,25.703
155,250,25.703
156,248,24.31
157,266,26.137
158,265,26.137
159,264,23.263
160,254,22.474
161,241,22.474
162,234,25.802
163,232,25.802
164,230,25.802
165,218,25.802
166,217,25.802
167,219,25.802
168,225,25.802
169,241,25.802
170,238,27.012
171,243,25.802
172,247,25.802
173,257,25.365
174,257,25.365
175,262,23.676
176,257,23.676
177,247,23.676
178,261,23.676
179,254,23.676
180,263,23.676
181,287,25.353
182,289,26.953
183,289,25.353
184,306,26.77
185,291,26.77
186,276,25.353
187,272,22.474
188,273,22.474
189,276,25.533
190,278,25.533
191,279,25.407
192,274,25.407
193,280,25.407
194,273,25.407
195,278,25.407
196,280,25.407
197,280,26.842
198,287,26.842
199,291,26.842
200,264,26.842
201,270,26.842
202,272,26.842
203,267,26.842
204,263,26.842
205,263,26.842
206,265,26.842
207,255,26.842
208,264,26.842
209,275,24.953
210,278,25.598
211,280,25.598
212,294,26.163
213,294,26.163
214,295,26.163
215,301,26.163
216,284,26.163
217,278,26.163
218,272,26.163
219,272,26.163
220,274,26.163
221,266,26.163
222,268,22.681
223,249,22.459
224,247,23.064
225,254,23.064
226,263,23.064
227,271,24.358
228,266,24.358
229,268,22.185
230,271,22.185
231,263,22.2
232,263,22.2
233,228,22.2
234,233,23.073
235,253,23.073
236,246,23.073
237,259,22.2
238,267,19.001
239,273,19.001
240,271,19.001
241,259,23.572
242,262,21.446
243,250,21.446
244,261,21.446
245,244,21.446
246,262,19.001
247,263,23.318
248,285,23.936
249,292,23.318
250,288,23.318
251,282,23.318
252,280,23.318
253,263,23.318
254,284,23.318
255,284,23.318
256,274,26.486
257,263,26.486
258,277,26.486
259,280,26.486
260,248,26.486
261,245,26.486
262,270,26.486
263,287,26.486
264,307,26.486
265,290,26.486
266,296,26.486
267,277,26.486
268,289,26.704
269,281,26.704
270,302,26.704
271,308,26.767
272,303,26.767
273,289,26.704
274,268,25.972
275,266,25.972
276,265,25.972
277,255,19.001
278,267,26.444
279,257,26.444
280,239,26.444
281,244,26.444
282,237,26.444
283,239,26.444
284,241,24.385
285,236,24.385
286,215,24.385
287,253,24.385
288,262,24.385
289,260,26.046
290,251,26.046
291,252,18.496
292,232,13.319
293,230,15.549
294,242,13.319
295,242,13.319
296,245,13.319
297,235,27.057
298,252,27.057
299,252,27.057
300,260,26.423
301,270,26.423
302,274,25.048
303,281,22.106
304,292,23.24
305,279,25.051
306,280,17.446
307,284,21.097
308,267,21.097
309,269,21.796
310,282,21.796
311,286,21.097
312,298,18.2
313,288,18.2
314,278,18.2
315,270,20.997
316,258,20.997
317,258,20.997
318,258,23.138
319,255,20.997
320,258,20.997
321,246,24.044
322,235,20.997
323,245,20.941
324,232,19.327
325,231,19.327
326,250,20.086
327,251,19.327
328,250,19.327
329,246,19.327
330,254,17.348
331,253,22.767
332,253,22.767
333,264,22.767
334,252,25.962
335,261,25.962
336,252,25.105
337,273,25.105
338,280,27.063
339,288,27.063
340,288,27.063
341,284,25.969
342,272,25.969
343,247,25.969
344,244,25.969
345,245,25.969
346,253,25.969
347,253,25.969
348,250,25.969
349,255,26.495
350,253,26.495
351,263,26.495
352,259,26.495
353,269,26.495
354,251,26.495
355,246,26.495
356,250,26.495
357,260,26.495
358,251,26.495
359,251,26.495
360,250,26.495
361,245,25.574
362,244,25.918
363,257,25.574
364,244,25.822
365,239,25.822
366,233,25.574
367,233,25.574
368,240,25.948
369,243,25.574
370,258,25.574
371,242,25.574
372,250,25.95
373,234,21.736
374,230,21.736
375,218,20.083
376,248,20.337
377,260,26.143
378,267,20.337
379,260,20.337
380,254,20.337
381,251,20.205
382,259,20.205
383,256,18.897
384,269,22.908
385,270,18.897
386,259,18.897
387,262,27.108
388,260,27.108
389,263,27.108
390,248,27.108
391,238,26.686
392,241,26.409
393,243,26.409
394,241,26.409
395,239,26.409
396,239,26.409
397,238,26.409
398,240,26.409
399,263,26.409
400,263,26.409
401,265,25.954
402,241,21.29
403,247,21.855
404,244,21.855
405,250,21.855
406,252,26.734
407,276,26.734
408,262,26.734
409,266,26.734
410,283,22.668
411,283,22.668
412,283,22.668
413,293,16.32
414,294,15.866
415,295,27.173
416,273,27.173
417,257,27.173
418,255,27.173
419,264,27.173
420,252,27.173
421,252,27.173
422,244,27.173
423,239,22.358
424,248,22.358
425,254,22.358
426,260,21.951
427,259,21.192
428,284,21.192
429,294,21.192
430,266,21.192
431,265,25.699
432,250,25.699
433,237,18.914
434,232,18.914
435,237,18.914
436,239,13.542
437,252,24.238
438,267,24.238
439,249,27.113
440,249,27.113
441,266,27.113
442,280,27.113
443,281,20.272
444,285,20.272
445,261,20.272
446,271,20.272
447,278,20.272
448,290,26.955
449,287,26.955
450,273,26.955
451,273,26.955
452,266,26.955
453,265,26.955
454,263,27.239
455,268,27.239
456,268,27.239
457,275,27.239
458,260,27.239
459,268,27.239
460,268,27.239
461,254,27.239
462,278,27.239
463,277,27.239
464,255,27.239
465,262,27.239
466,274,27.239
467,280,21.661
468,284,17.793
469,284,21.195
470,287,21.195
471,281,24.558
472,284,26.092
473,268,26.092
474,278,26.092
475,265,26.092
476,267,26.243
477,261,26.243
478,271,27.17
479,271,27.17
480,267,26.243
481,266,26.243
482,240,26.866
483,239,26.866
484,262,26.866
485,262,26.866
486,259,25.568
487,269,25.568
488,268,25.568
489,262,25.568
490,266,25.568
491,269,25.568
492,259,25.568
493,264,25.568
494,267,25.568
495,273,25.568
496,283,25.568
497,275,25.568
498,267,23.593
499,271,23.593
500,262,23.774
501,266,26.648
502,267,26.648
503,261,20.314
504,251,20.314
505,252,20.314
506,248,20.314
507,243,24.185
508,242,24.185
509,233,24.185
510,234,24.185
511,236,24.185
512,249,24.185
513,240,24.185
514,248,24.185
515,254,24.185
516,251,24.185
517,234,26.1
518,247,24.185
519,241,20.206
520,247,20.206
521,251,26.279
522,248,20.206
523,254,26.878
524,249,20.206
525,244,20.206
526,244,20.206
527,244,20.206
528,242,17.955
529,247,17.955
530,257,23.766
531,263,23.766
532,249,21.417
533,244,21.417
534,248,26.782
535,233,18.059
536,242,19.993
537,230,25.179
538,225,25.179
539,229,17.028
540,237,17.028
541,249,26.157
542,244,26.157
543,238,26.157
544,231,26.157
545,230,26.157
546,220,21.613
547,213,26.527
548,211,26.527
549,229,26.527
550,217,26.527
551,214,26.527
552,238,26.016
553,238,26.016
554,215,26.387
555,223,26.387
556,237,26.387
557,237,26.387
558,232,22.133
559,257,27.149
560,277,19.372
561,273,19.867
562,271,19.867
563,257,16.218
564,258,16.218
565,275,26.509
566,275,26.509
567,256,24.394
568,239,24.394
569,244,24.394
570,244,24.8
571,247,24.8
572,234,24.8
573,232,25.125
574,243,25.128
575,242,25.128
576,235,25.362
577,244,25.362
578,234,25.362
579,265,25.362
580,233,25.362
581,279,25.362
582,245,25.362
583,253,25.362
584,253,25.362
585,260,25.362
586,269,25.362
587,271,22.325
588,263,20.612
589,240,20.612
590,239,20.612
591,243,25.978
592,246,25.978
593,254,25.978
594,247,25.978
595,252,25.978
596,245,25.978
597,243,25.978
598,239,25.978
599,237,26.799
600,236,26.799
601,249,26.799
602,269,26.799
603,279,26.322
604,291,24.791
605,294,24.791
606,291,24.791
607,294,24.791
608,296,22.463
609,305,20.486
610,302,20.486
611,293,19.668
612,284,19.668
613,284,19.668
614,272,23.087
615,270,24.136
616,266,24.136
617,249,24.136
618,248,26.208
619,247,26.208
620,242,24.94
621,253,24.94
622,257,24.94
623,255,24.94
624,249,24.94
625,267,24.94
626,249,24.94
627,251,24.94
628,249,24.94
629,236,18.765
630,235,18.765
631,246,18.765
632,247,21.961
633,250,21.961
634,260,21.961
635,247,21.961
636,249,26.94
637,258,26.94
638,259,26.94
639,241,26.94
640,242,26.94
641,241,26.528
642,243,26.85
643,239,26.85
644,253,27.006
645,255,27.006
646,235,27.108
647,235,27.108
648,232,27.108
649,237,27.108
650,233,27.108
651,255,27.108
652,249,27.108
653,239,27.108
654,267,27.006
655,275,27.006
656,290,27.006
657,284,27.006
658,283,27.006
659,286,27.006
660,322,27.006
661,320,27.006
662,318,27.006
663,314,27.006
664,273,27.006
665,263,27.006
666,248,21.058
667,262,21.058
668,267,23.15
669,254,23.15
670,255,23.15
671,257,23.15
672,263,25.075
673,262,25.075
674,262,26.893
675,266,26.893
676,278,26.893
677,273,26.893
678,292,26.893
679,295,26.893
680,287,26.893
681,279,26.893
682,264,26.237
683,262,26.237
684,257,26.237
685,260,26.237
686,260,26.965
687,256,26.965
688,257,26.965
689,260,26.965
690,263,26.965
691,256,26.965
692,248,26.965
693,261,26.237
694,245,26.237
695,254,26.237
696,264,26.237
697,247,26.926
698,251,26.926
699,256,27.069
700,253,27.069
701,261,27.069
702,261,27.069
703,270,27.069
704,255,27.069
705,280,27.069
706,269,27.069
707,256,27.069
708,262,27.069
709,267,27.069
710,269,27.069
711,271,26.952
712,268,26.952
713,266,26.952
714,266,26.952
715,258,26.952
716,266,26.952
717,263,26.952
718,261,26.952
719,272,26.952
720,275,26.952
721,253,26.952
722,263,26.952
723,253,26.952
724,248,24.603
725,249,24.603
726,265,24.408
727,265,24.408
728,287,24.408
729,277,24.408
730,258,24.408
731,258,24.36
732,260,25.394
733,268,24.465
734,288,24.465
735,304,27.236
736,306,27.236
737,308,25.702
738,306,25.702
739,303,25.702
740,294,25.702
741,294,25.702
742,286,25.702
743,277,23.088
744,283,27.23
745,286,25.254
746,286,25.254
747,280,23.088
748,275,23.088
749,268,23.75
750,263,23.75
751,262,23.75
752,262,23.75
753,264,23.75
754,269,23.75
755,265,25.717
756,257,25.717
757,255,25.717
758,255,25.717
759,224,23.75
760,221,23.75
761,221,23.75
762,227,23.75
763,235,23.75
764,238,23.75
765,253,23.75
766,258,23.75
767,270,23.75
768,268,23.75
769,267,23.75
770,260,25.765
771,238,25.765
772,236,23.75
773,240,23.75
774,230,23.75
775,235,20.454
776,214,20.454
777,232,24.863
778,236,24.863
779,237,24.863
780,234,24.863
781,229,20.439
782,247,20.439
783,244,26.902
784,239,26.902
785,237,26.902
786,243,26.902
787,249,26.902
788,257,26.902
789,244,26.902
790,262,26.902
791,269,26.902
792,267,26.902
793,281,26.902
794,280,21.559
795,262,25.738
796,254,26.755
797,252,26.755
798,236,26.755
799,237,26.755
800,246,21.834
801,246,21.834
802,252,21.834
803,251,24.043
804,225,20.595
805,235,20.595
806,241,23.309
807,231,23.309
808,222,21.135
809,239,21.135
810,246,19.374
811,242,19.374
812,264,18.834
813,248,18.834
814,246,18.834
815,253,23.931
816,245,22.179
817,240,22.179
818,237,22.179
819,233,22.179
820,235,22.179
821,252,23.04
822,260,25.882
823,262,25.882
824,243,25.882
825,242,22.179
826,260,22.179
827,247,22.179
828,225,26.844
829,223,26.844
830,229,23.174
831,229,23.174
832,242,26.779
833,244,26.779
834,255,26.779
835,267,26.779
836,267,25.155
837,279,25.155
838,280,23.213
839,280,23.213
840,290,23.213
841,280,23.213
842,290,23.213
843,274,23.428
844,258,23.428
845,277,26.699
846,276,26.699
847,280,26.699
848,269,12.323
849,260,25.882
850,274,26.626
851,267,26.626
852,268,26.142
853,260,26.142
854,263,26.548
855,259,26.548
856,253,26.548
857,250,22.651
858,249,23.144
859,239,27.114
860,242,27.114
861,243,25.518
862,243,25.518
863,245,25.518
864,253,25.518
865,237,25.568
866,245,25.568
867,245,25.568
868,264,25.568
869,246,25.568
870,265,22.594
871,271,27.03
872,270,27.03
873,272,27.03
874,261,27.03
875,267,27.03
876,280,25.26
877,286,25.26
878,286,25.26
879,289,25.26
880,287,25.26
881,278,25.26
882,277,25.26
883,271,23.771
884,275,23.771
885,291,23.771
886,278,23.771
887,282,23.771
888,280,23.771
889,281,23.771
890,281,23.771
891,268,23.771
892,274,24.131
893,279,24.131
894,282,24.131
895,287,24.131
896,277,24.131
897,299,24.131
898,283,25.962
899,269,25.962
900,257,25.962
901,259,25.962
902,263,25.962
903,264,25.962
904,266,26.062
905,263,26.896
906,282,26.896
907,260,26.896
908,276,26.896
909,283,26.896
910,292,27.219
911,286,27.219
912,284,27.219
913,265,27.219
914,263,27.219
915,255,26.684
916,241,26.247
917,241,26.247
918,243,26.247
919,247,26.247
920,245,26.247
921,242,26.345
922,248,26.5
923,252,26.5
924,244,26.5
925,259,26.5
926,255,26.5
927,250,26.5
928,257,25.425
929,235,25.425
930,247,25.425
931,249,23.987
932,235,25.52
933,234,23.987
934,227,26.689
935,231,26.689
936,234,27.065
937,240,23.987
938,235,23.987
939,248,23.987
940,246,23.987
941,244,23.987
942,239,22.761
943,250,22.761
944,237,26.36
945,229,26.36
946,234,25.318
947,238,25.318
948,240,22.227
949,243,22.227
950,250,21.653
951,255,21.653
952,245,25.984
953,250,25.984
954,251,25.984
955,257,24.406
956,259,24.406
957,264,24.406
958,251,24.406
959,266,26.971
960,272,26.971
961,272,26.971
962,270,26.561
963,255,26.561
964,248,26.561
965,247,26.561
966,243,26.743
967,255,26.743
968,256,26.743
969,264,26.743
970,261,26.743
971,276,25.371
972,291,25.371
973,288,25.371
974,296,25.371
975,284,17.907
976,282,20.801
977,281,20.801
978,283,20.801
979,281,20.801
980,280,19.805
981,278,23.849
982,278,19.431
983,269,19.431
984,259,24.172
985,253,25.159
986,249,25.159
987,245,24.172
988,251,24.172
989,257,27.165
990,261,27.165
991,260,27.18
992,252,27.243
993,247,27.243
994,239,27.243
995,223,27.243
996,220,27.243
997,217,27.243
998,218,27.243
999,206,27.243
1000,219,27.243
1001,216,27.243
1002,211,27.243
1003,211,27.243
1004,230,27.243
1005,239,27.243
1006,244,27.243
1007,254,27.243
1008,258,26.023
1009,257,27.084
1010,252,27.084
1011,248,27.084
1012,252,27.084
1013,229,27.084
1014,228,27.084
1015,232,27.084
1016,231,27.084
1017,229,27.084
1018,234,23.347
1019,244,26.483
1020,251,26.483
1021,252,26.085
1022,268,26.085
1023,272,26.085
1024,261,26.085
1025,272,27.183
1026,286,26.085
1027,290,26.085
1028,274,26.085
1029,262,26.085
1030,280,26.085
1031,280,26.085
1032,283,26.085
1033,282,26.085
1034,281,23.889
1035,279,23.889
1036,269,23.889
1037,276,23.889
1038,294,23.889
1039,274,23.037
1040,280,23.037
1041,286,20.266
1042,268,20.266
1043,252,20.266
1044,252,26.004
1045,255,26.004
1046,253,26.004
1047,252,26.004
1048,247,26.004
1049,246,17.641
1050,259,13.776
1051,254,27.14
1052,247,27.14
1053,248,27.14
1054,237,27.14
1055,248,25.219
1056,235,26.569
1057,237,26.569
1058,244,26.569
1059,248,20.054
1060,249,19.007
1061,293,20.576
1062,248,18.376
1063,253,24.385
1064,270,24.752
1065,275,24.752
1066,266,24.752
1067,272,24.385
1068,265,24.385
1069,259,26.799
1070,250,26.799
1071,259,24.732
1072,255,24.732
1073,252,21.33
1074,246,21.33
1075,250,21.33
1076,245,21.33
1077,246,21.33
1078,239,23.984
1079,237,23.984
1080,240,23.984
1081,238,23.984
1082,240,23.984
1083,235,23.984
1084,240,23.984
1085,245,23.984
1086,253,23.984
1087,274,19.82
1088,282,24.666
1089,289,24.666
1090,301,24.666
1091,282,23.853
1092,300,23.853
1093,295,23.853
1094,295,23.853
1095,292,23.853
1096,283,23.853
1097,282,23.853
1098,296,23.853
1099,287,23.853
1100,289,25.299
1101,285,25.299
1102,293,21.296
1103,288,18.621
1104,274,23.452
1105,281,23.452
1106,262,23.452
1107,257,23.452
1108,243,23.452
1109,252,23.452
1110,225,23.452
1111,245,23.452
1112,248,23.452
1113,249,23.452
1114,258,26.806
1115,260,21.667
1116,284,25.021
1117,280,25.021
1118,286,21.667
1119,286,19.223
1120,294,25.805
1121,285,27.227
1122,274,27.227
1123,250,23.153
1124,251,21.679
1125,249,24.654
1126,249,24.654
1127,248,24.654
1128,256,26.796
1129,261,26.796
1130,261,25.446
1131,267,21.679
1132,270,21.679
1133,270,22.286
1134,268,23.478
1135,259,23.478
1136,272,23.478
1137,264,25.75
1138,262,25.75
1139,271,25.75
1140,278,25.75
1141,277,25.75
1142,279,25.75
1143,273,25.75
1144,271,26.429
1145,276,26.851
1146,268,25.75
1147,272,23.736
1148,250,24.827
1149,255,24.827
1150,252,23.736
1151,254,23.736
1152,253,23.736
1153,238,23.616
1154,242,21.506
1155,270,22.032
1156,256,22.032
1157,240,21.506
1158,255,23.841
1159,235,21.506
1160,233,20.764
1161,222,20.764
1162,229,20.764
1163,241,20.764
1164,243,22.116
1165,245,24.665
1166,249,24.665
1167,247,24.665
1168,244,24.665
1169,242,24.665
1170,263,24.665
1171,262,24.665
1172,249,24.665
1173,249,24.665
1174,227,24.665
1175,232,26.773
1176,231,26.51
1177,239,26.51
1178,234,26.51
1179,223,26.51
1180,218,26.51
1181,224,26.743
1182,245,26.51
1183,226,26.51
1184,233,18.992
1185,214,21.883
1186,216,26.823
1187,232,27.006
1188,232,27.006
1189,221,21.088
1190,223,23.685
1191,226,23.685
1192,228,23.685
1193,228,23.685
1194,233,25.658
1195,236,25.658
1196,243,27.111
1197,231,27.111
1198,233,27.111
1199,228,27.111
1200,218,27.111
1201,220,27.111
1202,217,27.111
1203,239,27.111
1204,241,27.111
1205,262,26.805
1206,267,26.805
1207,278,24.641
1208,256,24.641
1209,260,24.641
1210,262,22.008
1211,263,24.865
1212,265,21.387
1213,271,25.52
1214,269,25.52
1215,270,25.52
1216,265,25.52
1217,267,25.52
1218,265,22.926
1219,262,24.127
1220,248,25.418
1221,244,22.926
1222,250,22.926
1223,250,22.926
1224,273,22.926
1225,271,22.926
1226,243,22.926
1227,240,22.926
1228,239,22.926
1229,253,26.345
1230,238,22.926
1231,250,26.752
1232,248,26.752
1233,230,25.527
1234,225,25.527
1235,237,25.527
1236,241,25.527
1237,253,25.269
1238,244,18.092
1239,232,24.214
1240,228,24.214
1241,237,26.217
1242,232,24.214
1243,246,24.214
1244,238,26.429
1245,228,26.429
1246,231,26.261
1247,230,26.261
1248,224,26.261
1249,263,26.261
1250,251,26.261
1251,230,26.261
1252,232,26.261
1253,234,26.261
1254,231,26.343
1255,237,26.261
1256,221,26.261
1257,229,26.261
1258,241,26.261
1259,225,26.261
1260,229,26.716
1261,229,26.716
1262,225,26.716
1263,265,26.267
1264,255,26.438
1265,225,26.438
1266,220,26.438
1267,250,23.55
1268,262,23.55
1269,261,25.255
1270,262,25.255
1271,262,25.255
1272,267,25.255
1273,266,25.255
1274,268,25.733
1275,236,25.733
1276,234,25.733
1277,235,25.733
1278,229,25.733
1279,226,25.733
1280,228,23.108
1281,237,23.108
1282,240,26.214
1283,238,26.214
1284,235,20.184
1285,231,24.175
1286,224,24.297
1287,244,24.175
1288,239,22.794
1289,240,20.824
1290,245,20.824
1291,253,20.824
1292,251,25.374
1293,243,25.374
1294,241,20.824
1295,240,22.809
1296,223,26.599
1297,246,26.599
1298,217,26.599
1299,223,26.599
1300,232,26.958
1301,231,15.331
1302,246,15.139
1303,263,26.584
1304,250,24.865
1305,251,24.865
1306,251,24.865
1307,257,24.865
1308,263,27.128
1309,262,25.765
1310,274,19.849
1311,236,15.68
1312,231,23.604
1313,222,23.604
1314,226,23.604
1315,234,24.913
1316,237,26.136
1317,238,26.136
1318,264,26.136
1319,278,26.136
1320,278,26.136
1321,273,25.739
1322,270,25.739
1323,271,25.739
1324,259,25.739
1325,244,25.739
1326,269,25.739
1327,300,25.739
1328,304,23.299
1329,295,22.334
1330,304,17.231
1331,295,23.99
1332,292,23.99
1333,289,23.99
1334,285,23.99
1335,269,23.99
1336,271,23.99
1337,272,23.703
1338,265,23.703
1339,261,26.901
1340,233,18.465
1341,236,18.465
1342,243,18.465
1343,246,25.138
1344,243,25.138
1345,233,26.591
1346,238,26.591
1347,243,26.591
1348,232,26.591
1349,241,26.591
1350,248,26.591
1351,255,26.591
1352,263,26.591
1353,260,26.591
1354,266,26.591
1355,269,26.591
1356,281,26.591
1357,268,26.591
1358,234,26.591
1359,239,26.591
1360,241,19.225
1361,260,20.917
1362,264,15.77
1363,265,15.77
1364,257,15.77
1365,257,15.77
1366,269,18.433
1367,267,18.433
1368,267,18.433
1369,278,18.433
1370,274,19.931
1371,271,24.324
1372,264,24.324
1373,272,24.324
1374,271,24.324
1375,277,20.481
1376,266,26.456
1377,269,25.912
1378,257,25.912
1379,252,19.835
1380,239,24.288
1381,245,25.431
1382,244,25.431
1383,240,25.431
1384,257,25.431
1385,267,20.275
1386,278,20.275
1387,279,17.859
1388,285,26.403
1389,279,26.403
1390,262,26.53
1391,251,26.53
1392,251,26.403
1393,251,26.403
1394,242,26.403
1395,244,26.403
1396,245,24.881
1397,241,24.881
1398,242,24.881
1399,237,23.589
1400,239,24.983
1401,237,24.983
1402,235,24.983
1403,235,24.983
1404,238,24.983
1405,254,26.465
1406,254,26.465
1407,274,26.465
1408,284,26.465
1409,263,26.465
1410,261,26.465
1411,255,26.465
1412,252,26.465
1413,256,26.465
1414,241,26.465
1415,256,26.465
1416,260,21.497
1417,261,24.747
1418,258,24.747
1419,258,18.11
1420,270,21.635
1421,259,21.888
1422,262,21.888
1423,268,24.044
1424,262,21.888
1425,263,21.635
1426,267,21.635
1427,266,21.635
1428,271,26.169
1429,271,26.169
1430,281,21.635
1431,265,25.09
1432,266,25.09
1433,277,25.09
1434,287,26.566
1435,282,26.566
1436,283,26.566
1437,280,26.566
1438,292,26.812
1439,298,26.812
1440,308,26.812
1441,286,26.812
1442,280,26.812
1443,275,21.452
1444,269,21.452
1445,265,22.749
1446,272,22.749
1447,275,22.749
1448,275,26.573
1449,283,26.573
1450,278,22.749
1451,269,22.749
1452,265,22.749
1453,250,26.552
1454,253,26.552
1455,236,26.552
1456,250,26.552
1457,264,26.552
1458,267,26.552
1459,262,26.552
1460,237,26.552
1461,240,26.552
1462,240,26.552
1463,236,26.552
1464,242,25.706
1465,243,22.819
1466,252,22.819
1467,256,22.819
1468,254,22.819
1469,255,22.819
1470,272,23.261
1471,260,26.917
1472,243,26.917
1473,254,26.917
1474,230,26.917
1475,232,26.917
1476,232,26.917
1477,210,26.917
1478,215,26.917
1479,215,26.917
1480,215,26.917
1481,215,26.917
1482,235,26.917
1483,215,26.917
1484,202,26.917
1485,200,27.243
1486,225,27.243
1487,198,27.243
1488,207,27.243
1489,210,27.243
1490,211,27.243
1491,202,27.243
1492,205,27.243
1493,209,27.243
1494,225,27.243
1495,237,27.243
1496,237,27.243
1497,243,27.243
1498,231,27.243
1499,232,22.819
1500,234,22.819
1501,234,22.819
1502,211,22.819
1503,219,22.819
1504,210,26.22
1505,208,22.819
1506,213,22.819
1507,240,25.553
1508,221,26.988
1509,231,22.819
1510,247,22.819
1511,248,26.872
1512,247,26.872
1513,277,24.546
1514,246,24.546
1515,223,25.246
1516,218,25.246
1517,224,23.511
1518,223,23.511
1519,224,23.511
1520,223,23.511
1521,220,22.819
1522,226,25.942
1523,228,25.942
1524,229,25.942
1525,245,22.819
1526,240,22.819
1527,252,22.819
1528,267,25.478
1529,283,23.718
1530,266,24.176
1531,257,24.176
1532,256,26.228
1533,239,24.176
1534,248,22.819
1535,250,22.819
1536,241,23.984
1537,244,25.12
1538,246,25.12
1539,253,22.819
1540,253,22.819
1541,250,22.819
1542,245,22.819
1543,255,24.669
1544,274,24.669
1545,271,22.819
1546,247,22.819
1547,267,22.819
1548,260,22.819
1549,260,22.819
1550,266,27.024
1551,232,27.024
1552,230,27.024
1553,228,22.819
1554,239,22.819
1555,232,22.819
1556,229,22.819
1557,235,22.819
1558,240,22.819
1559,235,22.819
1560,246,24.115
1561,248,22.819
1562,249,22.819
1563,235,22.819
1564,233,27.251
1565,234,27.251
1566,224,27.251
1567,217,27.251
1568,213,25.536
1569,214,25.536
1570,218,25.536
1571,217,25.536
1572,230,25.536
1573,230,25.536
1574,235,24.152
1575,234,25.703
1576,247,25.703
1577,233,25.703
1578,233,25.703
1579,240,25.703
1580,250,23.33
1581,248,22.819
1582,242,22.819
1583,221,22.819
1584,232,22.819
1585,235,22.819
1586,241,22.819
1587,240,22.819
1588,237,22.819
1589,231,22.819
1590,229,22.819
1591,216,23.837
1592,216,23.837
1593,232,23.837
1594,259,23.837
1595,250,23.837
1596,255,24.256
1597,229,24.256
1598,244,23.837
1599,236,23.837
1600,238,23.837
1601,258,23.837
1602,258,23.837
1603,256,26.148
1604,262,22.819
1605,269,25.795
1606,260,25.795
1607,252,25.795
1608,247,22.819
1609,242,22.819
1610,255,22.819
1611,247,27.062
1612,234,27.062
1613,233,27.062
1614,247,27.062
1615,248,27.062
1616,248,27.062
1617,248,22.819
1618,250,23.114
1619,255,26.611
1620,240,24.516
1621,243,24.031
1622,241,24.031
1623,247,24.031
1624,241,24.031
1625,251,24.376
1626,250,26.603
1627,271,26.603
1628,255,26.638
1629,258,26.638
1630,244,26.899
1631,241,26.899
1632,239,26.899
1633,238,26.899
1634,235,26.899
1635,237,26.638
1636,234,26.638
1637,240,26.638
1638,256,26.638
1639,261,26.638
1640,258,26.638
1641,260,26.638
1642,261,26.638
1643,273,26.638
1644,273,26.345
1645,279,26.345
1646,281,26.345
1647,300,26.345
1648,276,26.345
1649,239,26.345
1650,243,26.345
1651,246,26.345
1652,238,26.345
1653,243,26.345
1654,245,26.345
1655,252,26.345
1656,258,26.345
1657,271,26.345
1658,259,26.345
1659,249,26.345
1660,246,26.345
1661,246,26.345
1662,243,26.345
1663,245,26.345
1664,251,26.345
1665,241,26.345
1666,222,26.017
1667,228,26.017
1668,224,26.017
1669,223,23.712
1670,233,23.712
1671,254,23.712
1672,263,25.628
1673,266,23.41
1674,262,23.41
1675,274,23.41
1676,281,23.41
1677,270,23.41
1678,272,23.359
1679,274,22.429
1680,254,25.093
1681,258,25.093
1682,257,25.093
1683,267,25.093
1684,273,25.093
1685,274,23.469
1686,287,23.469
1687,260,23.469
1688,262,23.469
1689,264,20.358
1690,259,20.358
1691,262,20.358
1692,263,21.808
1693,268,21.808
1694,271,21.808
1695,270,21.808
1696,267,22.819
1697,270,22.819
1698,270,22.819
1699,271,22.819
1700,259,22.819
1701,253,22.819
1702,249,22.819
1703,244,22.819
1704,251,22.819
1705,246,22.819
1706,252,22.819
1707,256,18.77
1708,283,18.77
1709,287,24.02
1710,287,24.02
1711,291,24.02
1712,295,24.02
1713,274,24.02
1714,281,24.02
1715,281,24.02
1716,283,24.02
1717,277,13.531
1718,266,13.531
1719,275,13.531
1720,275,14.855
1721,271,26.086
1722,273,26.086
1723,273,26.086
1724,265,15.591
1725,269,15.259
1726,255,22.723
1727,259,22.723
1728,255,23.783
1729,264,23.754
1730,264,23.754
1731,260,23.754
1732,262,23.754
1733,247,23.754
1734,247,23.847
1735,239,25.013
1736,243,26.707
1737,242,26.707
1738,240,26.707
1739,239,25.126
1740,260,24.22
1741,282,24.22
1742,254,26.692
1743,247,26.692
1744,250,26.692
1745,252,26.692
1746,249,26.692
1747,265,24.812
1748,271,24.812
1749,266,24.023
1750,260,24.023
1751,264,26.878
1752,264,26.878
1753,264,26.878
1754,255,27.266
1755,258,27.266
1756,257,27.266
1757,254,26.516
1758,259,26.516
1759,248,26.516
1760,255,26.516
1761,262,26.516
1762,277,26.516
1763,285,20.516
1764,281,20.516
1765,275,20.516
1766,278,20.516
1767,290,27.221
1768,281,27.221
1769,281,27.221
1770,282,27.221
1771,276,26.913
1772,281,27.195
1773,280,27.195
1774,270,26.913
1775,278,26.913
1776,279,22.513
1777,279,22.513
1778,279,22.513
1779,258,22.513
1780,251,20.364
1781,240,19.94
1782,238,19.243
1783,237,19.243
1784,241,20.535
1785,239,20.535
1786,244,17.793
1787,253,25.439
1788,250,25.439
1789,250,25.439
1790,247,18.908
1791,254,26.345
1792,259,26.345
1793,254,26.345
1794,260,26.68
1795,257,24.809
1796,252,21.999
1797,261,21.999
1798,271,26.781
1799,267,26.781
1800,262,26.781
1801,263,26.781
1802,276,26.781
1803,270,21.999
1804,257,26.803
1805,254,27.135
1806,258,25.455
1807,250,26.611
1808,254,26.611
1809,262,25.455
1810,266,25.455
1811,279,25.714
1812,281,25.714
1813,295,27.069
1814,290,27.069
1815,284,25.455
1816,279,24.495
1817,281,24.495
1818,279,24.495
1819,266,24.495
1820,264,24.495
1821,247,16.577
1822,242,16.577
1823,253,21.852
1824,251,25.075
1825,259,25.075
1826,253,25.075
1827,252,25.075
1828,247,24.483
1829,263,24.949
1830,252,24.949
1831,256,24.949
1832,237,22.777
1833,235,25.043
1834,233,25.043
1835,235,25.043
1836,235,25.043
1837,246,25.879
1838,237,25.043
1839,240,25.043
1840,239,25.043
1841,241,25.043
1842,244,25.043
1843,240,25.043
1844,239,25.64
1845,262,25.64
1846,248,25.64
1847,263,26.994
1848,265,26.994
1849,249,26.62
1850,253,26.62
1851,258,26.62
1852,269,23.765
1853,264,23.622
1854,272,23.622
1855,265,23.622
1856,259,23.622
1857,270,23.622
1858,279,23.622
1859,277,25.389
1860,279,26.602
1861,284,26.602
1862,287,26.602
1863,269,27.159
1864,259,26.633
1865,294,26.602
1866,289,25.915
1867,279,25.915
1868,260,25.915
1869,260,25.915
1870,244,25.915
1871,255,25.915
1872,247,25.915
1873,234,25.915
1874,235,25.915
1875,238,24.998
1876,236,24.998
1877,239,19.001
1878,240,19.001
1879,240,19.001
1880,239,19.001
1881,242,19.001
1882,261,19.001
1883,261,19.001
1884,262,26.02
1885,249,26.02
1886,249,26.02
1887,239,25.771
1888,249,25.771
1889,257,25.771
1890,258,25.771
1891,259,24.448
1892,265,24.448
1893,277,24.448
1894,272,24.448
1895,272,24.448
1896,264,24.448
1897,258,24.448
1898,272,24.448
1899,265,24.448
1900,264,25.727
1901,266,26.049
1902,249,26.049
1903,244,26.049
1904,241,26.049
1905,221,26.049
1906,217,21.482
1907,227,25.876
1908,224,21.482
1909,217,23.401
1910,220,23.401
1911,225,23.401
1912,218,19.796
1913,228,19.796
1914,235,19.796
1915,226,27.26
1916,227,27.26
1917,245,27.26
1918,253,27.26
1919,259,27.26
1920,275,27.26
1921,282,27.26
1922,299,27.26
1923,299,27.26
1924,282,27.26
1925,275,25.924
1926,276,25.924
1927,276,25.924
1928,257,25.924
1929,257,25.924
1930,252,25.924
1931,269,25.924
1932,263,24.776
1933,262,24.776
1934,267,24.776
1935,265,24.776
1936,255,24.776
1937,258,24.776
1938,249,25.841
1939,289,25.841
1940,261,25.841
1941,258,26.764
1942,257,25.841
1943,264,25.841
1944,253,25.841
1945,261,25.841
1946,277,16.026
1947,285,16.026
1948,289,23.338
1949,288,22.053
1950,302,24.432
1951,296,24.432
1952,299,25.59
1953,281,25.59
1954,282,25.59
1955,280,22.02
1956,284,20.956
1957,272,21.446
1958,293,21.446
1959,289,21.446
1960,289,16.179
1961,275,15.835
1962,294,14.449
1963,281,14.449
1964,282,14.449
1965,290,14.449
1966,290,14.449
1967,282,14.449
1968,279,14.165
1969,289,11.92
1970,298,27.243
1971,296,27.243
1972,292,27.243
1973,268,27.243
1974,273,27.243
1975,283,27.243
1976,279,27.243
1977,267,27.243
1978,272,27.243
1979,283,27.243
1980,277,27.243
1981,276,27.243
1982,259,27.243
1983,259,27.243
1984,262,27.243
1985,266,27.243
1986,268,26.166
1987,268,26.166
1988,261,20.532
1989,261,27.201
1990,261,27.201
1991,265,26.074
1992,267,26.074
1993,265,26.074
1994,270,26.074
1995,269,19.915
1996,252,19.915
1997,252,19.915
1998,257,19.915
1999,251,23.763
2000,247,23.763
2001,243,23.763
2002,253,23.763
2003,242,23.763
2004,244,24.611
2005,247,25.463
2006,256,25.463
2007,262,25.463
2008,264,26.746
2009,265,26.746
2010,265,26.746
2011,241,18.708
2012,245,18.708
2013,229,18.708
2014,230,20.349
2015,229,20.349
2016,222,20.349
2017,228,18.708
2018,231,18.708
2019,246,18.708
2020,241,11.91
2021,253,20.343
2022,263,26.521
2023,259,26.521
2024,256,26.521
2025,260,26.521
2026,254,26.521
2027,246,26.521
2028,247,24.42
2029,242,24.42
2030,242,24.42
2031,248,24.42
2032,272,24.42
2033,264,24.42
2034,252,24.42
2035,250,24.42
2036,244,24.42
2037,251,24.42
2038,249,24.42
2039,257,25.418
2040,251,24.42
2041,268,25.903
2042,261,25.903
2043,250,24.42
2044,234,24.34
2045,235,24.34
2046,236,24.917
2047,250,24.917
2048,247,26.847
2049,248,26.847
2050,235,24.34
2051,230,26.671
2052,239,26.671
2053,244,26.184
2054,241,26.447
2055,258,26.447
2056,256,26.184
2057,259,26.184
2058,245,25.069
2059,261,26.406
2060,261,26.406
2061,257,26.506
2062,275,26.506
2063,264,22.83
2064,277,22.83
2065,273,26.817
2066,256,27.056
2067,266,27.056
2068,284,23.844
2069,291,23.844
2070,293,23.395
2071,286,25.224
2072,268,25.224
2073,257,25.41
2074,254,25.224
2075,260,18.851
2076,254,26.787
2077,275,26.988
2078,280,26.988
2079,278,26.988
2080,266,24.929
2081,266,24.929
2082,259,22.783
2083,278,25.494
2084,280,25.494
2085,291,25.494
2086,269,21.168
2087,290,15.079
2088,287,15.079
2089,288,27.107
2090,281,27.107
2091,286,26.231
2092,263,26.231
2093,257,22.875
2094,272,22.875
2095,278,22.493
2096,286,22.493
2097,283,22.493
2098,292,22.493
2099,284,22.493
2100,288,23.216
2101,305,23.853
2102,306,23.853
2103,298,26.112
2104,299,26.112
2105,281,21.667
2106,274,24.158
2107,266,24.158
2108,264,24.158
2109,263,24.158
2110,272,27.162
2111,264,27.162
2112,258,27.162
2113,272,27.162
2114,262,23.697
2115,261,23.697
2116,248,27.215
2117,248,27.215
2118,252,23.697
2119,262,23.697
2120,253,26.065
2121,260,26.065
2122,277,26.065
2123,270,26.065
2124,263,26.065
2125,274,26.065
2126,279,26.065
2127,284,24.785
2128,291,26.638
2129,284,26.638
2130,281,27.243
2131,274,27.243
2132,274,27.243
2133,275,27.243
2134,283,27.243
2135,279,27.243
2136,277,27.243
2137,283,27.243
2138,266,27.243
2139,260,27.243
2140,257,27.243
2141,258,27.243
2142,269,27.243
2143,273,27.243
2144,270,27.243
2145,265,27.243
2146,266,27.243
2147,270,27.243
2148,272,27.243
2149,273,21.644
2150,275,21.644
2151,283,21.643
2152,285,19.124
2153,283,22.878
2154,285,19.124
2155,278,18.888
2156,255,18.888
2157,287,18.888
2158,284,18.888
2159,296,26.973
2160,284,25.454
2161,285,24.794
2162,274,24.794
2163,257,22.11
2164,265,22.11
2165,272,22.11
2166,271,26.319
2167,274,26.319
2168,281,22.11
2169,280,18.801
2170,280,18.801
2171,273,18.801
2172,259,18.801
2173,264,25.32
2174,284,25.32
2175,286,25.32
2176,278,26.805
2177,265,25.32
2178,270,25.32
2179,276,25.32
2180,273,25.32
2181,272,25.32
2182,263,25.32
2183,264,25.32
2184,264,25.32
2185,280,25.32
2186,277,25.32
2187,276,25.32
2188,254,25.32
2189,272,25.32
2190,268,22.621
2191,270,22.621
2192,277,22.621
2193,260,22.621
2194,260,25.897
2195,256,24.765
2196,237,26.106
2197,219,26.106
2198,236,26.106
2199,276,26.106
2200,273,26.106
2201,266,26.106
2202,264,23.479
2203,250,26.477
2204,249,26.477
2205,257,24.56
2206,260,26.971
2207,259,26.971
2208,248,26.716
2209,244,26.919
2210,248,26.919
2211,243,23.479
2212,243,23.366
2213,259,21.138
2214,261,21.138
2215,282,21.138
2216,286,21.138
2217,295,22.525
2218,278,22.525
2219,268,22.525
2220,268,22.525
2221,269,24.788
2222,276,24.788
2223,278,24.788
2224,261,24.788
2225,269,25.733
2226,272,25.733
2227,271,24.788
2228,268,24.788
2229,272,24.788
2230,270,24.788
2231,263,24.788
2232,267,24.788
2233,262,24.788
2234,287,24.788
2235,277,24.788
2236,281,24.788
2237,274,24.788
2238,280,24.788
2239,295,24.788
2240,303,24.788
2241,307,15.043
2242,306,20.388
2243,294,24.34
2244,299,24.584
2245,299,24.584
2246,293,20.707
2247,292,19.279
2248,291,21.551
2249,283,23.174
2250,271,23.174
2251,271,23.174
2252,281,23.174
2253,276,23.174
2254,272,23.174
2255,257,23.174
2256,262,23.174
2257,264,23.174
2258,274,23.174
2259,269,23.174
2260,281,25.087
2261,281,26.211
2262,285,26.211
2263,284,23.174
2264,293,19.462
2265,293,19.462
2266,288,21.832
2267,278,26.784
2268,269,26.784
2269,269,27.092
2270,273,23.44
2271,279,23.287
2272,278,23.287
2273,276,23.287
2274,272,23.422
2275,273,23.287
2276,267,23.287
2277,253,23.287
2278,269,23.287
2279,268,23.287
2280,261,23.287
2281,263,23.287
2282,264,23.945
2283,262,26.585
2284,265,26.585
2285,260,26.585
2286,260,26.585
2287,251,26.585
2288,259,26.585
2289,268,26.585
2290,249,26.585
2291,242,26.585
2292,248,26.585
2293,243,26.585
2294,246,26.585
2295,234,26.585
2296,242,26.585
2297,243,24.076
2298,236,21.216
2299,257,18.655
2300,262,18.655
2301,272,18.655
2302,264,23.129
2303,266,26.068
2304,271,26.068
2305,261,26.068
2306,270,23.129
2307,263,25.44
2308,254,25.44
2309,254,25.44
2310,251,26.952
2311,237,23.697
2312,247,23.129
2313,262,26.211
2314,256,23.129
2315,243,24.522
2316,265,24.522
2317,272,25.18
2318,261,23.697
2319,259,23.697
2320,264,26.513
2321,271,26.513
2322,284,26.513
2323,299,26.513
2324,311,26.513
2325,303,19.028
2326,302,20.585
2327,287,20.585
2328,284,20.585
2329,282,26.432
2330,289,26.69
2331,280,26.69
2332,281,26.432
2333,289,26.432
2334,274,26.432
2335,269,26.432
2336,259,26.432
2337,259,26.432
2338,257,26.432
2339,268,26.432
2340,261,25.53
2341,261,26.474
2342,252,25.53
2343,252,25.53
2344,242,23.595
2345,235,20.549
2346,229,20.549
2347,235,26.307
2348,242,26.307
2349,251,26.307
2350,244,26.307
2351,239,26.307
2352,241,23.375
2353,239,23.375
2354,241,23.375
2355,242,27.243
2356,241,22.819
2357,242,22.819
2358,246,21.718
2359,241,25.669
2360,237,25.669
2361,243,25.669
2362,239,25.669
2363,243,22.819
2364,243,26.477
2365,244,26.477
2366,243,20.585
2367,240,20.585
2368,261,20.585
2369,251,25.598
2370,247,26.991
2371,246,25.23
2372,254,20.585
2373,268,20.585
2374,280,25.057
2375,287,25.057
2376,283,25.057
2377,289,24.759
2378,271,26.495
2379,279,26.495
2380,273,24.744
2381,282,24.522
2382,289,24.522
2383,282,24.522
2384,287,24.992
2385,288,21.324
2386,283,18.741
2387,263,18.741
2388,279,25.194
2389,281,25.194
2390,290,24.755
2391,289,25.119
2392,298,25.553
2393,298,25.553
2394,293,25.649
2395,280,25.649
2396,292,25.864
2397,290,25.953
2398,289,27.021
2399,284,27.021
2400,270,27.021
2401,273,27.098
2402,280,27.098
2403,276,27.098
2404,272,27.098
2405,278,27.098
2406,278,27.098
2407,268,27.098
2408,257,24.429
2409,275,24.429
2410,271,19.79
2411,261,25.252
2412,256,25.252
2413,257,25.252
2414,249,25.252
2415,249,25.252
2416,250,25.252
2417,244,25.252
2418,242,25.252
2419,239,25.252
2420,229,25.252
2421,233,25.499
2422,227,25.252
2423,221,25.252
2424,223,25.463
2425,231,25.463
2426,240,25.463
2427,243,25.191
2428,251,19.767
2429,249,19.767
2430,241,23.416
2431,244,18.492
2432,241,20.686
2433,239,26.208
2434,235,26.208
2435,232,26.208
2436,227,26.208
2437,245,26.208
2438,244,25.995
2439,247,20.71
2440,246,20.71
2441,259,20.71
2442,262,20.71
2443,271,22.977
2444,269,26.886
2445,263,22.977
2446,266,20.191
2447,256,27.006
2448,258,26.833
2449,263,26.833
2450,250,26.833
2451,246,23.177
2452,234,23.177
2453,240,23.177
2454,248,23.177
2455,253,23.177
2456,261,21.924
2457,262,26.178
2458,270,26.178
2459,273,26.178
2460,258,23.584
2461,258,23.584
2462,250,25.98
2463,245,25.433
2464,251,25.433
2465,252,25.433
2466,247,25.161
2467,242,24.367
2468,240,24.367
2469,228,26.297
2470,232,26.297
2471,240,24.498
2472,230,24.498
2473,236,24.498
2474,241,27.266
2475,245,27.266
2476,239,27.116
2477,234,22.188
2478,237,23.111
2479,244,26.515
2480,239,26.515
2481,249,26.515
2482,252,24.339
2483,254,23.535
2484,263,25.978
2485,264,21.248
2486,260,25.015
2487,249,25.3
2488,232,25.3
2489,228,25.3
2490,220,25.3
2491,235,24.51
2492,237,24.51
2493,236,24.51
2494,236,24.51
2495,235,19.64
2496,234,19.64
2497,262,24.827
2498,279,24.827
2499,288,25.29
2500,290,25.29
2501,281,12.102
2502,279,12.102
2503,277,13.097
2504,273,25.431
2505,281,26.799
2506,281,26.799
2507,285,25.431
2508,294,25.431
2509,297,24.647
2510,269,24.647
2511,268,27.033
2512,262,27.033
2513,250,27.015
2514,258,27.015
2515,278,27.015
2516,277,27.015
2517,265,27.015
2518,261,25.862
2519,256,25.179
2520,259,26.683
2521,259,27.195
2522,266,27.195
2523,261,27.195
2524,254,27.195
2525,263,27.195
2526,262,27.195
2527,249,27.195
2528,254,26.246
2529,249,26.246
2530,245,25.279
2531,264,26.8
2532,267,26.8
2533,257,26.8
2534,264,26.8
2535,242,25.876
2536,236,26.291
2537,231,26.291
2538,236,26.291
2539,241,26.291
2540,243,26.291
2541,262,26.291
2542,271,16.792
2543,274,21.488
2544,268,21.488
2545,277,21.488
2546,272,21.889
2547,289,21.889
2548,269,21.889
2549,269,22.663
2550,257,26.869
2551,253,26.869
2552,261,26.869
2553,257,26.869
2554,251,26.869
2555,266,26.869
2556,262,27.219
2557,236,27.219
2558,243,27.219
2559,246,27.219
2560,243,27.219
2561,244,26.869
2562,237,26.869
2563,227,26.869
2564,223,26.869
2565,242,26.869
2566,254,26.441
2567,257,25.5
2568,245,25.5
2569,262,25.5
2570,264,25.832
2571,258,25.832
2572,262,25.832
2573,254,25.832
2574,249,25.832
2575,249,25.832
2576,257,25.832
2577,251,25.832
2578,260,24.821
2579,267,25.036
2580,294,22.582
2581,296,22.582
2582,285,26.252
2583,282,24.405
2584,292,24.614
2585,278,24.614
2586,283,24.614
2587,290,24.614
2588,307,24.614
2589,293,24.614
2590,303,22.582
2591,286,23.529
2592,282,23.529
2593,278,23.529
2594,275,23.075
2595,257,23.075
2596,251,23.075
2597,252,23.075
2598,256,22.582
2599,258,22.582
2600,246,22.582
2601,253,22.582
2602,246,24.507
2603,255,24.507
2604,248,25.034
2605,257,25.034
2606,257,25.034
2607,238,25.034
2608,238,25.034
2609,240,25.034
2610,255,23.798
2611,276,22.348
2612,283,22.348
2613,264,22.348
2614,251,22.348
2615,244,22.348
2616,241,19.13
2617,245,19.577
2618,245,19.577
2619,266,19.577
2620,254,26.292
2621,263,26.292
2622,278,26.292
2623,251,26.292
2624,252,26.292
2625,253,26.292
2626,255,26.292
2627,244,26.292
2628,241,26.292
2629,241,26.292
2630,240,26.961
2631,237,26.961
2632,248,26.961
2633,269,26.961
2634,269,27.036
2635,256,27.036
2636,255,27.036
2637,252,27.036
2638,263,26.829
2639,254,26.829
2640,241,26.829
2641,239,22.151
2642,240,22.151
2643,241,22.151
2644,249,22.151
2645,264,22.151
2646,264,24.28
2647,261,24.28
2648,259,25.661
2649,258,25.661
2650,265,25.661
2651,259,25.661
2652,257,25.661
2653,277,25.661
2654,275,25.661
2655,277,25.661
2656,276,25.661
2657,284,25.661
2658,272,25.661
2659,270,25.661
2660,268,25.661
2661,265,25.661
2662,264,25.661
2663,264,25.661
2664,268,25.661
2665,262,25.661
2666,250,25.661
2667,256,25.661
2668,256,25.661
2669,245,20.95
2670,233,26.337
2671,232,26.417
2672,210,26.898
2673,230,26.337
2674,237,26.337
2675,238,26.337
2676,233,26.337
2677,233,26.337
2678,233,26.337
2679,242,26.337
2680,242,26.337
2681,245,26.337
2682,256,26.337
2683,256,26.337
2684,257,24.665
2685,250,26.654
2686,263,26.654
2687,260,26.654
2688,260,26.654
2689,243,26.654
2690,252,22.576
2691,251,17.886
2692,261,25.219
2693,265,25.219
2694,256,24.352
2695,258,17.886
2696,258,18.687
2697,264,25.502
2698,264,26.83
2699,270,26.83
2700,249,26.83
2701,250,26.83
2702,257,26.83
2703,272,26.83
2704,274,26.83
2705,262,26.83
2706,255,26.83
2707,250,26.83
2708,257,26.83
2709,261,26.028
2710,246,26.028
2711,262,26.028
2712,259,26.028
2713,257,26.028
2714,261,26.028
2715,255,25.587
2716,249,25.587
2717,253,25.587
2718,268,25.792
2719,262,25.587
2720,259,26.414
2721,268,26.653
2722,268,25.587
2723,271,25.587
2724,274,25.587
2725,274,25.587
2726,272,24.038
2727,275,24.038
2728,260,24.038
2729,260,24.038
2730,263,24.038
2731,268,24.038
2732,275,24.038
2733,253,26.683
2734,252,26.683
2735,251,26.683
2736,270,26.683
2737,284,16.247
2738,303,27.197
2739,315,27.197
2740,312,27.197
2741,307,20.266
2742,298,22.642
2743,291,22.642
2744,291,23.619
2745,273,25.464
2746,270,23.619
2747,263,15.579
2748,263,18.531
2749,250,18.531
2750,254,18.531
2751,242,18.531
2752,264,20.151
2753,269,22.759
2754,281,22.759
2755,265,22.759
2756,258,22.759
2757,253,22.759
2758,259,22.759
2759,248,24.662
2760,246,24.662
2761,242,24.662
2762,250,24.662
2763,247,24.662
2764,246,24.662
2765,240,26.758
2766,246,26.758
2767,241,26.758
2768,248,26.758
2769,252,24.973
2770,252,25.99
2771,257,26.878
2772,252,26.878
2773,260,25.99
2774,267,25.99
2775,263,24.973
2776,255,24.662
2777,258,24.662
2778,281,24.662
2779,259,24.662
2780,261,24.662
2781,256,24.662
2782,257,24.378
2783,262,22.441
2784,267,12.619
2785,259,19.802
2786,260,20.701
2787,250,22.606
2788,250,22.606
2789,254,22.606
2790,252,22.606
2791,243,22.606
2792,234,22.606
2793,235,20.218
2794,223,20.218
2795,234,18.28
2796,243,18.28
2797,228,18.28
2798,241,25.672
2799,268,25.672
2800,272,21.491
2801,269,21.491
2802,270,21.491
2803,270,21.491
2804,268,21.425
2805,266,20.307
2806,269,15.984
2807,271,21.652
2808,260,21.652
2809,274,21.652
2810,269,21.652
2811,269,21.652
2812,269,21.652
2813,261,21.652
2814,263,21.652
2815,271,24.484
2816,266,24.668
2817,263,24.668
2818,259,24.668
2819,267,25.798
2820,264,24.668
2821,269,24.668
2822,273,24.668
2823,280,24.668
2824,281,24.668
2825,276,24.668
2826,266,24.668
2827,260,24.668
2828,229,24.668
2829,237,24.856
2830,230,22.819
2831,225,22.819
2832,212,22.819
2833,207,22.819
2834,228,22.819
2835,234,23.042
2836,220,23.042
2837,225,23.042
2838,236,22.819
2839,255,22.819
2840,239,23.449
2841,247,23.449
2842,236,23.449
2843,231,25.876
2844,224,25.876
2845,214,25.876
2846,213,26.702
2847,212,26.702
2848,204,25.876
2849,234,25.634
2850,235,25.634
2851,281,23.38
2852,241,26.737
2853,242,22.819
2854,226,22.819
2855,235,22.819
2856,239,22.819
2857,231,22.819
2858,231,22.819
2859,249,22.819
2860,249,22.819
2861,254,26.528
2862,243,26.528
2863,249,26.528
2864,249,26.528
2865,250,26.528
2866,264,24.112
2867,258,23.168
2868,259,22.819
2869,258,24.073
2870,259,22.819
2871,279,22.819
2872,280,22.819
2873,279,22.819
2874,278,24.869
2875,284,26.432
2876,286,26.432
2877,266,26.432
2878,265,24.869
2879,269,24.869
2880,262,25.185
2881,256,25.185
2882,283,25.53
2883,276,25.53
2884,268,25.53
2885,275,25.53
2886,284,26.468
2887,303,26.572
2888,302,26.468
2889,284,26.468
2890,293,26.468
2891,285,26.468
2892,275,26.468
2893,276,26.468
2894,259,26.468
2895,252,25.353
2896,256,25.353
2897,272,23.102
2898,273,22.819
2899,284,22.819
2900,300,23.318
2901,314,23.318
2902,308,23.318
2903,304,25.108
2904,295,25.108
2905,281,25.108
2906,275,23.637
2907,275,23.637
2908,272,23.637
2909,270,23.637
2910,260,23.318
2911,263,23.318
2912,254,23.318
2913,250,18.474
2914,243,18.474
2915,251,18.474
2916,259,22.05
2917,259,22.05
2918,268,22.05
2919,269,22.05
2920,265,17.793
2921,264,19.548
2922,265,19.548
2923,267,19.548
2924,253,18.093
2925,249,18.093
2926,239,18.093
2927,243,25.649
2928,245,25.649
2929,242,25.649
2930,240,25.649
2931,251,25.649
2932,244,25.649
2933,261,25.649
2934,245,25.649
2935,240,25.649
2936,254,15.479
2937,258,15.479
2938,271,15.479
2939,281,26.447
2940,284,26.095
2941,299,26.095
2942,296,26.095
2943,288,26.095
2944,279,22.223
2945,258,27.227
2946,243,27.227
2947,254,27.227
2948,255,27.227
2949,260,27.227
2950,270,27.227
2951,264,20.612
2952,265,19.087
2953,266,26.079
2954,267,19.087
2955,255,18.636
2956,249,24.686
2957,245,16.675
2958,245,19.031
2959,262,21.36
2960,266,23.039
2961,268,26.37
2962,282,26.37
2963,270,26.37
2964,275,26.37
2965,271,26.37
2966,262,26.37
2967,246,26.035
2968,249,26.259
2969,269,25.99
2970,244,26.328
2971,254,23.718
2972,258,23.718
2973,257,23.718
2974,261,24.901
2975,263,23.718
2976,263,26.606
2977,244,26.606
2978,232,26.606
2979,236,26.809
2980,222,26.809
2981,228,26.809
2982,229,26.809
2983,237,24.158
2984,242,27.231
2985,243,27.231
2986,246,27.231
2987,229,20.958
2988,228,20.958
2989,238,26.249
2990,242,22.468
2991,246,22.468
2992,256,19.939
2993,261,19.939
2994,255,22.511
2995,248,24.136
2996,236,24.136
2997,226,24.136
2998,229,22.511
2999,237,22.511
3000,238,27.107
3001,244,27.107
3002,246,27.107
3003,236,24.844
3004,247,25.198
3005,242,25.198
3006,252,25.198
3007,252,25.198
3008,242,25.198
3009,240,25.198
3010,240,23.227
3011,235,23.227
3012,236,22.008
3013,223,18.684
3014,227,15.043
3015,247,23.401
3016,253,16.144
3017,263,16.144
3018,268,21.628
3019,261,21.628
3020,269,21.628
3021,262,21.628
3022,262,21.628
3023,252,20.346
3024,250,26.579
3025,259,26.579
3026,259,26.579
3027,253,26.579
3028,247,26.579
3029,236,26.579
3030,233,26.579
3031,237,26.579
3032,229,26.579
3033,231,25.727
3034,237,25.727
3035,237,25.727
3036,245,25.727
3037,234,25.727
3038,246,23.416
3039,243,23.416
3040,240,23.416
3041,231,27.057
3042,224,27.057
3043,235,27.057
3044,233,27.057
3045,234,27.057
3046,240,27.057
3047,261,24.836
3048,257,19.835
3049,242,17.993
3050,242,17.993
3051,243,17.993
3052,253,17.993
3053,246,26.397
3054,237,24.513
3055,248,24.513
3056,266,24.513
3057,267,25.559
3058,267,25.559
3059,240,25.559
3060,254,25.559
3061,259,25.559
3062,265,25.559
3063,262,25.559
3064,265,26.025
3065,263,26.025
3066,292,25.559
3067,287,22.292
3068,291,22.292
3069,278,22.292
3070,279,22.292
3071,276,18.872
3072,262,24.997
3073,267,25.735
3074,266,25.735
3075,264,25.735
3076,249,25.735
3077,244,25.735
3078,243,24.931
3079,247,25.948
3080,251,25.948
3081,247,25.948
3082,258,25.948
3083,264,25.948
3084,261,25.948
3085,268,20.896
3086,262,20.896
3087,260,20.896
3088,262,20.896
3089,269,20.896
3090,271,20.896
3091,261,20.896
3092,270,20.896
3093,275,20.896
3094,280,20.896
3095,286,20.896
3096,300,20.896
3097,263,23.359
3098,271,20.896
3099,256,21.309
3100,262,20.896
3101,274,20.896
3102,275,20.896
3103,297,24.961
3104,268,24.961
3105,268,24.089
3106,268,24.089
3107,273,25.14
3108,292,25.14
3109,294,24.543
3110,293,25.664
3111,297,24.543
3112,287,24.543
3113,290,24.543
3114,280,24.543
3115,273,24.543
3116,271,24.543
3117,267,24.543
3118,267,23.644
3119,252,23.644
3120,248,23.644
3121,255,20.956
3122,244,20.956
3123,250,20.956
3124,249,20.956
3125,267,20.956
3126,275,20.956
3127,275,23.165
3128,274,23.165
3129,276,23.165
3130,277,23.165
3131,272,23.165
3132,270,20.956
3133,268,20.956
3134,269,20.956
3135,281,25.015
3136,280,25.015
3137,273,21.976
3138,265,22.928
3139,265,22.928
3140,263,22.928
3141,282,22.928
3142,290,22.928
3143,292,24.091
3144,290,17.136
3145,291,17.136
3146,287,21.503
3147,288,21.503
3148,284,20.956
3149,283,20.956
3150,274,20.956
3151,287,19.357
3152,299,10.073
3153,281,11.548
3154,287,16.921
3155,283,11.548
3156,268,24.761
3157,278,23.06
3158,279,23.06
3159,270,23.06
3160,278,23.06
3161,264,18.155
3162,264,18.155
3163,257,19.311
3164,252,15.459
3165,255,24.507
3166,250,24.507
3167,254,25.272
3168,279,25.272
3169,286,26.832
3170,289,26.832
3171,300,25.992
3172,288,25.992
3173,277,25.992
3174,297,25.992
3175,296,25.992
3176,274,25.992
3177,274,26.019
3178,288,25.992
3179,271,25.992
3180,273,25.992
3181,277,25.992
3182,293,25.992
3183,289,23.641
3184,288,22.788
3185,300,26.116
3186,294,26.116
3187,298,26.116
3188,285,22.788
3189,298,22.788
3190,290,20.546
3191,297,20.546
3192,286,20.546
3193,286,20.546
3194,285,20.546
3195,282,24.414
3196,278,24.414
3197,282,24.414
3198,284,24.414
3199,298,20.161
3200,274,21.467
3201,296,20.161
3202,296,20.161
3203,299,25.804
3204,328,25.804
3205,301,25.804
3206,309,25.998
3207,281,25.804
3208,301,24.459
3209,300,24.459
3210,302,24.459
3211,290,24.459
3212,290,24.459
3213,274,24.459
3214,268,25.572
3215,278,25.572
3216,284,24.459
3217,291,24.459
3218,294,26.928
3219,289,26.928
3220,279,24.079
3221,284,24.079
3222,282,24.079
3223,284,27.101
3224,284,27.101
3225,291,27.101
3226,293,27.101
3227,288,27.101
3228,268,22.629
3229,281,22.629
3230,271,22.629
3231,273,25.992
3232,275,26.812
3233,274,26.812
3234,259,25.992
3235,277,25.992
3236,274,25.992
3237,264,23.215
3238,262,22.976
3239,261,26.037
3240,228,22.976
3241,228,24.824
3242,219,24.824
3243,219,20.496
3244,220,25.569
3245,232,25.569
3246,232,25.019
3247,231,25.019
3248,243,25.019
3249,253,25.359
3250,253,25.019
3251,254,25.019
3252,244,18.164
3253,246,23.168
3254,246,19.679
3255,254,19.679
3256,248,25.194
3257,245,27.024
3258,242,25.658
3259,231,25.194
3260,235,25.194
3261,225,25.194
3262,225,25.194
3263,226,25.194
3264,220,25.194
3265,217,25.526
3266,212,25.526
3267,207,26.268
3268,211,26.268
3269,216,25.715
3270,214,25.715
3271,223,25.715
3272,238,25.715
3273,257,21.163
3274,269,21.163
3275,286,21.163
3276,280,17.207
3277,284,17.207
3278,279,20.863
3279,253,20.863
3280,245,20.863
3281,239,20.863
3282,236,14.831
3283,238,14.831
3284,238,22.819
3285,234,26.474
3286,227,26.474
3287,233,25.131
3288,230,25.131
3289,234,25.131
3290,232,25.131
3291,245,25.131
3292,261,25.131
3293,241,25.131
3294,243,25.212
3295,228,26.489
3296,222,26.489
3297,232,26.489
3298,235,26.489
3299,221,26.489
3300,224,26.489
3301,224,26.489
3302,224,26.489
3303,226,22.819
3304,226,25.995
3305,226,24.731
3306,227,26.794
3307,231,26.794
3308,241,25.586
3309,245,23.682
3310,265,23.682
3311,265,23.682
3312,255,23.682
3313,258,23.682
3314,260,24.932
3315,281,22.819
3316,278,22.819
3317,270,22.819
3318,248,22.997
3319,246,25.798
3320,251,25.992
3321,252,25.992
3322,239,25.798
3323,240,22.819
3324,241,22.819
3325,243,22.819
3326,240,22.819
3327,249,22.819
3328,253,22.819
3329,250,22.819
3330,251,22.819
3331,252,22.819
3332,261,24.217
3333,262,22.819
3334,259,22.819
3335,260,25.296
3336,268,25.296
3337,257,25.296
3338,247,26.402
3339,259,26.402
3340,276,22.819
3341,279,22.819
3342,267,22.819
3343,257,22.819
3344,256,24.019
3345,263,24.019
3346,268,24.259
3347,268,24.259
3348,257,24.504
3349,277,26.256
3350,281,26.256
3351,271,26.256
3352,273,26.256
3353,272,26.991
3354,280,26.991
3355,280,26.991
3356,260,26.991
3357,267,26.991
3358,261,26.307
3359,267,26.307
3360,271,26.307
3361,283,26.307
3362,269,26.307
3363,274,26.307
3364,270,26.307
3365,272,22.821
3366,268,22.821
3367,264,22.821
3368,267,22.821
3369,279,22.821
3370,282,22.821
3371,265,22.821
3372,270,25.548
3373,274,25.548
3374,274,26.716
3375,277,26.716
3376,275,26.716
3377,266,26.716
3378,274,26.716
3379,267,26.716
3380,258,26.959
3381,250,27.06
3382,261,27.06
3383,277,27.06
3384,277,26.77
3385,267,26.716
3386,273,26.716
3387,256,26.716
3388,244,26.716
3389,256,26.716
3390,255,26.716
3391,263,26.716
3392,261,26.716
3393,263,26.716
3394,258,26.716
3395,267,26.716
3396,276,26.716
3397,258,26.716
3398,262,27.006
3399,266,26.716
3400,270,26.716
3401,253,26.971
3402,253,26.971
3403,262,26.971
3404,256,26.971
3405,284,26.971
3406,296,26.175
3407,286,26.824
3408,298,26.175
3409,286,26.175
3410,281,26.175
3411,278,24.672
3412,271,24.672
3413,264,24.672
3414,242,25.724
3415,236,25.724
3416,240,24.672
3417,229,21.999
3418,244,21.999
3419,238,21.999
3420,252,20.875
3421,239,22.959
3422,235,26.352
3423,237,22.959
3424,230,23.76
3425,225,25.924
3426,246,24.295
3427,237,24.295
3428,255,24.295
3429,259,27.078
3430,239,27.078
3431,226,23.036
3432,232,26.255
3433,231,21.076
3434,242,24.776
3435,233,26.403
3436,233,26.403
3437,216,26.403
3438,217,20.875
3439,216,20.875
3440,225,20.875
3441,235,25.741
3442,235,25.741
3443,249,25.741
3444,245,22.893
3445,252,26.662
3446,244,20.875
3447,251,22.632
3448,248,24.208
3449,250,24.208
3450,252,24.208
3451,251,22.728
3452,255,22.728
3453,259,19.135
3454,255,19.135
3455,248,19.135
3456,244,20.923
3457,243,20.923
3458,233,20.923
3459,225,20.923
3460,226,24.946
3461,251,24.946
3462,255,24.946
3463,256,24.946
3464,264,19.135
3465,276,25.267
3466,280,25.267
3467,272,25.267
3468,271,25.267
3469,258,25.267
3470,275,25.267
3471,278,24.528
3472,267,24.528
3473,266,24.528
3474,255,22.961
3475,255,22.961
3476,243,22.961
3477,240,22.961
3478,237,25.557
3479,243,25.273
3480,227,23.009
3481,231,23.213
3482,229,23.009
3483,241,23.009
3484,243,23.009
3485,238,24.274
3486,235,24.274
3487,239,22.807
3488,240,22.807
3489,238,22.807
3490,242,22.807
3491,247,22.807
3492,249,22.807
3493,251,22.807
3494,249,22.807
3495,255,26.579
3496,246,26.579
3497,257,26.579
3498,262,26.579
3499,256,26.579
3500,250,26.579
3501,260,26.579
3502,275,22.807
3503,259,22.807
3504,276,24.456
3505,270,24.456
3506,288,24.456
3507,292,24.456
3508,278,24.456
3509,278,24.456
3510,275,24.456
3511,265,24.456
3512,269,24.456
3513,268,24.456
3514,258,24.456
3515,241,24.456
3516,240,23.596
3517,242,23.596
3518,236,23.596
3519,260,23.596
3520,239,23.596
3521,246,26.427
3522,251,26.427
3523,250,26.427
3524,252,26.621
3525,255,26.621
3526,257,26.621
3527,261,21.446
3528,267,23.419
3529,260,25.631
3530,256,26.621
3531,260,26.621
3532,257,25.631
3533,249,22.819
3534,246,22.819
3535,247,23.248
3536,248,22.819
3537,269,22.819
3538,244,22.819
3539,241,22.819
3540,247,24.564
3541,255,24.564
3542,252,24.564
3543,262,24.564
3544,271,23.204
3545,269,26.599
3546,261,27.183
3547,259,27.183
3548,262,27.183
3549,280,27.183
3550,282,27.204
3551,268,24.067
3552,266,25.43
3553,266,24.067
3554,264,22.819
3555,264,22.819
3556,279,24.378
3557,287,22.819
3558,288,22.819
3559,291,26.037
3560,281,26.037
3561,303,26.037
3562,293,26.037
3563,286,26.037
3564,279,26.037
3565,275,26.037
3566,264,26.037
3567,271,26.037
3568,273,26.037
3569,274,22.819
3570,280,22.819
3571,256,22.819
3572,261,22.819
3573,251,22.819
3574,241,22.819
3575,256,22.819
3576,256,22.819
3577,251,22.819
3578,245,22.819
3579,253,22.819
3580,249,22.819
3581,244,22.819
3582,227,22.819
3583,231,25.294
3584,232,25.294
3585,224,25.294
3586,236,25.294
3587,249,25.294
3588,259,25.294
3589,247,25.294
3590,264,22.819
3591,266,25.777
3592,256,25.777
3593,255,25.777
3594,261,25.777
3595,267,25.777
3596,265,25.777
3597,278,22.819
3598,272,22.819
3599,281,22.819
3600,275,22.819
3601,275,22.819
3602,296,22.819
3603,285,22.819
3604,283,22.819
3605,274,22.819
3606,266,22.819
3607,268,22.819
3608,254,22.819
3609,278,22.819
3610,276,22.819
3611,267,27.197
3612,273,27.197
3613,262,27.197
3614,253,27.197
3615,287,26.152
3616,282,26.152
3617,291,26.152
3618,283,26.152
3619,288,26.152
3620,287,26.152
3621,288,26.152
3622,285,26.152
3623,278,26.152
3624,274,26.152
3625,276,26.152
3626,275,26.152
3627,277,26.152
3628,232,26.282
3629,218,26.865
3630,213,26.865
3631,225,26.468
3632,245,26.468
3633,243,26.468
3634,240,26.468
3635,256,26.468
3636,266,26.468
3637,267,26.468
3638,257,26.468
3639,266,26.468
3640,256,26.468
3641,254,26.561
3642,259,26.468
3643,250,24.345
3644,253,24.345
3645,257,24.345
3646,256,24.345
3647,255,24.345
3648,252,24.345
3649,250,18.905
3650,250,24.729
3651,250,24.729
3652,247,24.729
3653,242,24.729
3654,241,24.729
3655,245,24.729
3656,237,24.729
3657,246,24.729
3658,234,24.729
3659,235,24.729
3660,248,24.729
3661,239,24.729
3662,232,24.729
3663,237,24.729
3664,242,24.729
3665,239,24.035
3666,249,24.035
3667,249,24.035
3668,238,24.035
3669,236,24.035
3670,257,24.035
3671,268,24.035
3672,274,24.035
3673,264,24.035
3674,261,27.2
3675,256,24.035
3676,255,24.035
3677,272,24.376
3678,267,24.035
3679,243,24.035
3680,243,24.035
3681,252,24.035
3682,254,23.479
3683,250,22.645
3684,248,22.827
3685,249,22.827
3686,258,24.735
3687,248,24.271
3688,252,24.271
3689,249,24.271
3690,245,26.184
3691,235,21.859
3692,242,25.852
3693,232,25.852
3694,239,18.083
3695,257,13.065
3696,255,13.065
3697,237,23.93
3698,239,23.93
3699,235,23.93
3700,232,23.93
3701,236,23.93
3702,258,21.817
3703,263,22.731
3704,270,22.731
3705,272,25.425
3706,262,25.425
3707,263,25.425
3708,275,25.425
3709,269,26.937
3710,292,25.425
3711,288,25.425
3712,268,23.661
3713,271,23.661
3714,250,24.103
3715,246,24.103
3716,240,24.484
3717,246,24.103
3718,250,24.103
3719,240,24.103
3720,241,24.019
3721,238,24.695
3722,236,24.695
3723,241,24.695
3724,254,24.695
3725,247,24.695
3726,248,25.051
3727,244,26.444
3728,246,26.444
3729,244,26.444
3730,229,26.606
3731,228,26.606
3732,246,26.606
3733,252,26.606
3734,261,26.606
3735,253,26.606
3736,263,26.606
3737,261,26.606
3738,259,22.887
3739,262,27.24
3740,264,27.24
3741,256,27.24
3742,269,27.24
3743,253,27.24
3744,262,27.24
3745,266,27.24
3746,254,27.24
3747,271,27.24
3748,274,27.24
3749,272,24.492
3750,271,24.492
3751,277,23.67
3752,276,14.616
3753,272,17.509
3754,261,16.296
3755,269,16.753
3756,259,26.599
3757,255,26.599
3758,265,26.599
3759,256,26.599
3760,247,26.599
3761,259,26.599
3762,257,20.791
3763,244,26.671
3764,245,27.17
3765,251,22.067
3766,252,22.067
3767,248,22.067
3768,251,19.739
3769,257,20.985
3770,249,26.414
3771,260,26.414
3772,248,26.414
3773,246,24.092
3774,269,24.092
3775,271,24.092
3776,258,24.092
3777,256,24.092
3778,247,18.257
3779,254,20.752
3780,252,20.752
3781,238,15.904
3782,232,15.904
3783,232,15.904
3784,249,18.128
3785,240,24.593
3786,221,24.593
3787,224,24.593
3788,221,24.593
3789,228,24.593
3790,224,24.593
3791,252,24.593
3792,225,24.593
3793,243,25.885
3794,235,21.338
3795,235,21.338
3796,234,21.338
3797,236,23.279
3798,237,23.279
3799,238,23.279
3800,273,23.279
3801,270,26.39
3802,293,25.14
3803,284,25.14
3804,294,25.14
3805,286,25.14
3806,283,25.14
3807,280,26.943
3808,272,24.964
3809,254,23.293
3810,257,23.293
3811,252,23.632
3812,242,23.632
3813,238,26.289
3814,252,25.572
3815,253,25.572
3816,246,25.572
3817,239,23.293
3818,254,25.197
3819,262,25.197
3820,246,25.197
3821,251,25.197
3822,238,25.197
3823,240,23.194
3824,246,22.208
3825,262,20.765
3826,278,26.693
3827,267,26.693
3828,266,26.693
3829,256,20.765
3830,254,20.765
3831,251,18.463
3832,267,21.473
3833,275,21.473
3834,271,21.473
3835,266,24.992
3836,270,24.992
3837,276,25.311
3838,287,25.012
3839,303,25.012
3840,330,25.012
3841,324,26.252
3842,331,26.252
3843,303,26.252
3844,278,24.992
3845,292,24.992
3846,273,22.798
3847,256,22.798
3848,258,22.798
3849,260,20.301
3850,252,20.301
3851,249,20.301
3852,268,20.301
3853,261,20.17
3854,258,20.17
3855,257,20.17
3856,254,22.39
3857,253,23.434
3858,249,23.434
3859,245,23.434
3860,247,23.434
3861,257,22.39
3862,248,22.39
3863,252,23.715
3864,259,24.457
3865,265,24.457
3866,264,24.457
3867,277,24.457
3868,270,24.457
3869,277,26.743
3870,285,26.743
3871,285,26.743
3872,290,26.743
3873,289,26.743
3874,288,26.743
3875,283,26.743
3876,269,26.743
3877,268,25.362
3878,272,25.362
3879,278,25.362
3880,280,25.362
3881,279,25.362
3882,272,25.481
3883,274,25.362
3884,271,25.362
3885,275,25.362
3886,281,25.362
3887,261,26.71
3888,261,26.71
3889,260,26.943
3890,258,26.943
3891,258,26.943
3892,252,26.943
3893,252,26.943
3894,253,18.54
3895,249,14.745
3896,246,21.189
3897,247,21.189
3898,244,21.189
3899,241,20.719
3900,241,17.369
3901,239,19.563
3902,240,19.563
3903,238,19.563
3904,240,24.94
3905,234,26.471
3906,231,26.471
3907,230,26.881
3908,230,26.881
3909,234,26.881
3910,231,26.881
3911,244,26.881
3912,245,26.881
3913,225,26.881
3914,227,26.881
3915,226,21.171
3916,236,24.782
3917,237,24.782
3918,228,25.23
3919,222,25.23
3920,223,25.23
3921,221,25.23
3922,216,22.588
3923,218,22.588
3924,219,22.588
3925,221,18.55
3926,236,18.55
3927,255,21.88
3928,255,21.88
3929,253,18.55
3930,268,18.55
3931,289,25.503
3932,286,25.814
3933,291,25.814
3934,293,25.814
3935,281,24.45
3936,261,24.163
3937,281,26.668
3938,275,26.668
3939,273,26.285
3940,266,26.076
3941,266,26.076
3942,253,26.076
3943,268,26.429
3944,267,26.429
3945,281,25.885
3946,280,25.885
3947,287,25.362
3948,288,25.362
3949,288,25.362
3950,300,22.943
3951,320,22.943
3952,307,22.943
3953,314,17.165
3954,297,27.201
3955,281,27.201
3956,279,27.201
3957,284,27.201
3958,278,27.201
3959,279,27.201
3960,279,27.201
3961,294,27.201
3962,268,27.201
3963,266,27.201
3964,270,27.201
3965,282,27.201
3966,281,27.201
3967,278,27.201
3968,260,27.201
3969,272,27.201
3970,258,27.201
3971,259,27.201
3972,238,27.201
3973,251,26.937
3974,255,26.937
3975,251,24.57
3976,253,26.246
3977,261,24.57
3978,260,24.57
3979,258,24.57
3980,255,24.57
3981,271,24.57
3982,257,24.57
3983,269,26.988
3984,267,26.988
3985,264,26.988
3986,269,26.988
3987,259,26.988
3988,263,26.988
3989,244,26.988
3990,258,18.795
3991,260,18.795
3992,254,26.253
3993,255,26.253
3994,278,26.349
3995,273,26.349
3996,278,20.786
3997,298,18.795
3998,296,23.533
3999,296,23.533
4000,269,23.533
4001,278,17.157
4002,265,23.778
4003,278,22.197
4004,268,22.197
4005,279,19.832
4006,273,21.168
4007,264,26.659
4008,264,26.659
4009,244,26.659
4010,244,26.659
4011,250,26.659
4012,248,24.184
4013,282,24.184
4014,280,24.184
4015,252,24.184
4016,251,23.194
4017,263,23.194
4018,268,23.194
4019,268,25.272
4020,275,25.272
4021,273,25.272
4022,257,25.272
4023,258,21.356
4024,262,18.834
4025,270,21.888
4026,272,21.888
4027,240,24.824
4028,274,21.888
4029,277,18.834
4030,275,18.834
4031,292,18.834
4032,294,17.187
4033,287,24.572
4034,287,22.256
4035,282,14.398
4036,288,13.988
4037,284,14.131
4038,277,16.002
4039,280,19.647
4040,282,21.091
4041,288,21.091
4042,291,21.091
4043,273,21.514
4044,271,21.514
4045,268,21.514
4046,269,26.279
4047,268,26.279
4048,276,26.279
4049,275,26.279
4050,260,26.279
4051,264,26.279
4052,265,15.498
4053,276,20.648
4054,273,20.648
4055,284,20.648
4056,307,20.648
4057,309,20.648
4058,313,20.648
4059,299,20.648
4060,301,20.648
4061,295,24.68
4062,290,24.68
4063,291,24.68
4064,294,24.68
4065,268,24.68
4066,261,24.68
4067,259,24.68
4068,234,24.68
4069,233,24.68
4070,251,24.68
4071,244,24.68
4072,236,24.68
4073,240,24.68
4074,232,19.344
4075,229,19.344
4076,225,19.344
4077,231,21.634
4078,230,21.634
4079,233,21.634
4080,236,21.634
4081,234,27.141
4082,233,25.105
4083,218,24.298
4084,218,24.089
4085,213,24.089
4086,218,21.634
4087,209,21.634
4088,221,21.634
4089,242,21.634
4090,242,21.763
4091,259,24.315
4092,243,21.763
4093,247,21.763
4094,246,21.763
4095,250,21.763
4096,238,21.763
4097,236,25.856
4098,249,25.856
4099,245,25.856
4100,244,25.856
4101,250,22.077
4102,248,22.077
4103,254,22.077
4104,256,21.634
4105,255,23.667
4106,255,23.667
4107,264,23.667
4108,283,23.667
4109,278,21.877
4110,270,21.877
4111,273,21.877
4112,272,21.877
4113,265,26.812
4114,265,26.812
4115,248,26.812
4116,246,26.812
4117,239,26.812
4118,229,26.812
4119,229,26.812
4120,245,26.812
4121,231,26.812
4122,233,26.812
4123,248,26.812
4124,229,26.812
4125,247,26.812
4126,242,26.812
4127,257,27.128
4128,246,26.812
4129,257,26.812
4130,247,26.812
4131,227,26.812
4132,228,26.812
4133,234,26.812
4134,215,26.812
4135,221,26.812
4136,219,26.812
4137,230,26.812
4138,228,26.812
4139,214,26.812
4140,212,26.812
4141,224,26.812
4142,224,26.812
4143,236,26.812
4144,232,26.812
4145,236,26.812
4146,251,26.812
4147,238,26.812
4148,244,26.812
4149,230,26.812
4150,230,26.812
4151,212,26.812
4152,237,26.812
4153,240,26.812
4154,240,26.812
4155,241,26.812
4156,241,21.718
4157,244,21.718
4158,251,21.718
4159,252,21.718
4160,249,21.718
4161,251,21.718
4162,259,21.718
4163,252,21.718
4164,243,21.718
4165,256,21.718
4166,239,21.718
4167,229,21.718
4168,250,22.716
4169,255,26.043
4170,257,22.39
4171,261,24.489
4172,263,27.105
4173,266,27.105
4174,272,27.105
4175,264,27.105
4176,259,27.105
4177,257,27.105
4178,251,27.105
4179,251,27.105
4180,219,27.105
4181,227,27.105
4182,231,27.105
4183,237,26.821
4184,240,23.44
4185,243,23.44
4186,243,23.44
4187,228,26.337
4188,220,23.44
4189,234,23.44
4190,245,23.44
4191,254,23.44
4192,240,23.841
4193,229,23.841
4194,245,16.047
4195,247,16.047
4196,262,21.419
4197,270,25.318
4198,270,25.318
4199,284,25.318
4200,241,25.318
4201,242,24.749
4202,249,24.749
4203,249,24.749
4204,260,22.83
4205,255,22.83
4206,258,22.83
4207,258,22.83
4208,264,22.472
4209,267,22.807
4210,263,23.395
4211,266,25.835
4212,264,26.289
4213,269,26.289
4214,256,26.289
4215,267,26.289
4216,295,26.098
4217,286,25.449
4218,285,25.449
4219,289,22.274
4220,282,22.274
4221,272,22.274
4222,277,25.246
4223,287,25.246
4224,287,23.048
4225,277,22.541
4226,266,22.541
4227,262,22.541
4228,235,22.795
4229,238,22.795
4230,236,22.795
4231,250,24.63
4232,270,20.654
4233,273,25.291
4234,269,25.291
4235,286,22.845
4236,272,22.845
4237,263,23.099
4238,255,23.099
4239,257,23.099
4240,254,26.375
4241,250,23.463
4242,244,24.253
4243,244,24.253
4244,250,24.253
4245,250,22.92
4246,251,25.649
4247,249,25.649
4248,249,25.649
4249,253,25.649
4250,257,25.649
4251,257,25.649
4252,258,26.453
4253,255,26.453
4254,254,26.453
4255,247,20.457
4256,251,20.457
4257,251,20.457
4258,257,24.259
4259,266,24.259
4260,258,23.135
4261,254,23.135
4262,255,23.135
4263,279,19.141
4264,279,19.141
4265,281,19.141
4266,279,19.141
4267,279,16.289
4268,281,16.289
4269,259,20.472
4270,267,25.066
4271,275,25.44
4272,271,25.44
4273,265,25.44
4274,263,25.44
4275,264,25.44
4276,256,26.261
4277,256,26.261
4278,262,26.128
4279,281,26.128
4280,276,26.354
4281,273,26.354
4282,283,26.719
4283,278,26.719
4284,263,26.719
4285,264,26.749
4286,268,26.749
4287,271,26.719
4288,267,26.719
4289,263,26.719
4290,274,26.719
4291,260,26.719
4292,256,19.87
4293,255,19.87
4294,238,13.246
4295,237,13.246
4296,237,13.246
4297,227,23.831
4298,235,25.315
4299,211,27.048
4300,212,27.048
4301,240,27.048
4302,236,26.737
4303,234,26.737
4304,229,26.737
4305,229,26.737
4306,240,26.737
4307,246,26.737
4308,251,26.85
4309,250,26.85
4310,248,26.85
4311,251,26.85
4312,252,26.85
4313,252,26.85
4314,266,26.85
4315,264,26.85
4316,260,25.814
4317,265,25.814
4318,259,25.646
4319,264,25.646
4320,260,25.646
4321,271,23.407
4322,265,23.407
4323,251,26.542
4324,249,26.542
4325,247,26.542
4326,246,26.952
4327,248,26.952
4328,254,26.952
4329,261,26.952
4330,266,26.952
4331,277,26.952
4332,292,26.952
4333,255,26.952
4334,259,26.952
4335,262,26.952
4336,248,27.107
4337,251,27.107
4338,250,27.107
4339,252,27.107
4340,255,27.107
4341,255,27.107
4342,263,24.854
4343,266,24.854
4344,263,25.418
4345,268,25.418
4346,271,26.277
4347,276,26.277
4348,295,23.641
4349,297,23.641
4350,287,23.641
4351,280,23.641
4352,292,23.641
4353,292,23.641
4354,291,23.641
4355,287,23.138
4356,286,23.138
4357,291,25.61
4358,283,22.597
4359,283,22.597
4360,257,25.55
4361,278,25.55
4362,273,25.55
4363,269,25.55
4364,314,20.017
4365,320,20.017
4366,317,23.252
4367,307,26.157
4368,308,26.157
4369,302,24.402
4370,302,24.402
4371,303,24.402
4372,308,26.178
4373,315,26.178
4374,316,26.178
4375,313,26.178
4376,298,26.178
4377,294,27.042
4378,281,27.042
4379,275,24.178
4380,247,24.178
4381,250,24.178
4382,252,24.178
4383,254,24.178
4384,255,24.178
4385,244,24.178
4386,249,24.178
4387,251,24.178
4388,266,24.178
4389,272,24.178
4390,273,16.335
4391,272,16.335
4392,269,25.424
4393,268,25.424
4394,270,25.424
4395,256,25.424
4396,256,25.424
4397,250,25.424
4398,247,25.424
4399,247,25.424
4400,247,25.424
4401,247,25.424
4402,246,25.424
4403,246,25.424
4404,253,25.424
4405,256,25.424
4406,273,25.424
4407,268,25.424
4408,245,25.424
4409,244,23.457
4410,250,23.457
4411,234,23.457
4412,250,22.884
4413,247,22.884
4414,268,22.884
4415,267,19.389
4416,262,18.454
4417,254,24.641
4418,248,24.641
4419,248,24.641
4420,272,23.682
4421,263,23.807
4422,264,23.807
4423,245,23.807
4424,209,23.807
4425,207,23.807
4426,208,21.592
4427,212,21.592
4428,208,21.592
4429,210,21.592
4430,206,21.592
4431,216,21.592
4432,216,21.592
4433,216,24.22
4434,214,25.491
4435,228,25.491
4436,231,25.491
4437,243,24.426
4438,223,23.407
4439,210,23.216
4440,224,27.182
4441,236,20.326
4442,227,24.651
4443,229,24.651
4444,237,22.457
4445,240,26.821
4446,239,26.821
4447,241,26.821
4448,244,26.821
4449,264,23.398
4450,263,23.398
4451,264,23.398
4452,267,25.658
4453,269,25.658
4454,267,25.658
4455,263,25.658
4456,263,25.658
4457,263,25.658
4458,276,25.658
4459,268,25.658
4460,284,26.13
4461,274,26.13
4462,278,26.56
4463,282,26.866
4464,268,27.134
4465,269,27.134
4466,295,26.866
4467,276,26.866
4468,278,26.866
4469,268,17.698
4470,248,23.904
4471,256,26.707
4472,253,25.517
4473,263,25.517
4474,276,25.517
4475,258,25.517
4476,263,24.677
4477,258,25.291
4478,253,25.291
4479,247,23.904
4480,246,23.904
4481,242,23.904
4482,245,22.663
4483,239,21.653
4484,246,20.391
4485,244,20.391
4486,244,21.784
4487,258,21.784
4488,249,21.784
4489,249,21.784
4490,260,21.784
4491,262,22.935
4492,241,22.935
4493,242,22.935
4494,267,22.935
4495,243,22.935
4496,263,26.979
4497,253,26.979
4498,260,26.979
4499,263,26.979
4500,284,26.979
4501,296,25.715
4502,291,25.715
4503,285,26.065
4504,282,25.715
4505,275,26.758
4506,266,26.758
4507,281,26.758
4508,284,26.758
4509,283,25.715
4510,276,26.594
4511,260,25.715
4512,272,25.715
4513,277,25.715
4514,240,25.132
4515,236,25.132
4516,242,25.051
4517,245,25.051
4518,254,25.879
4519,256,25.879
4520,245,25.879
4521,254,25.879
4522,254,25.879
4523,246,25.879
4524,285,25.879
4525,254,25.879
4526,265,24.809
4527,251,24.809
4528,246,24.809
4529,261,24.809
4530,262,24.809
4531,262,24.809
4532,260,23.587
4533,261,23.587
4534,250,23.587
4535,246,23.587
4536,251,25.2
4537,247,25.2
4538,238,23.587
4539,262,25.655
4540,253,25.655
4541,258,25.655
4542,255,25.655
4543,253,25.655
4544,247,25.655
4545,268,23.144
4546,275,23.144
4547,271,23.144
4548,273,23.144
4549,265,23.144
4550,244,23.144
4551,225,23.144
4552,240,23.144
4553,236,27.155
4554,270,23.144
4555,266,23.416
4556,267,26.273
4557,268,23.144
4558,258,23.144
4559,247,23.144
4560,250,23.144
4561,248,23.144
4562,249,23.144
4563,245,27.246
4564,243,27.246
4565,236,27.246
4566,242,27.246
4567,244,27.246
4568,249,27.246
4569,252,27.246
4570,234,27.246
4571,238,27.246
4572,226,27.246
4573,232,27.246
4574,244,27.246
4575,236,27.246
4576,271,27.246
4577,288,27.246
4578,291,27.246
4579,288,27.246
4580,279,27.246
4581,284,27.246
4582,262,27.246
4583,278,27.246
4584,291,27.246
4585,303,27.246
4586,308,27.246
4587,307,27.246
4588,283,27.246
4589,283,27.246
4590,296,27.246
4591,304,27.246
4592,282,27.246
4593,267,27.246
4594,273,27.246
4595,275,20.601
4596,271,20.601
4597,244,20.601
4598,249,20.601
4599,250,20.601
4600,240,20.601
4601,230,27.149
4602,226,27.149
4603,234,27.149
4604,235,26.202
4605,236,26.202
4606,233,26.073
4607,246,24.297
4608,240,22.017
4609,253,22.041
4610,253,22.041
4611,257,22.041
4612,245,23.532
4613,241,23.532
4614,244,23.532
4615,240,23.532
4616,240,23.532
4617,251,21.039
4618,245,23.766
4619,257,22.714
4620,259,22.714
4621,256,20.131
4622,251,25.547
4623,245,25.547
4624,243,26.306
4625,257,26.306
4626,255,26.306
4627,248,19.665
4628,251,27.039
4629,254,27.054
4630,252,27.039
4631,259,27.039
4632,264,19.665
4633,243,16.61
4634,250,16.61
4635,252,21.491
4636,267,21.491
4637,274,16.61
4638,272,24.998
4639,271,23.524
4640,268,10.712
4641,257,10.712
4642,253,11.297
4643,256,13.853
4644,248,11.43
4645,247,11.43
4646,247,11.43
4647,259,11.43
4648,253,11.43
4649,254,14.281
4650,253,18.612
4651,245,23.416
4652,241,23.416
4653,233,23.416
4654,251,27.012
4655,258,23.416
4656,246,23.416
4657,243,23.416
4658,243,23.416
4659,244,22.298
4660,236,22.298
4661,242,22.298
4662,237,23.936
4663,249,22.056
4664,239,24.274
4665,241,17.12
4666,240,18.678
4667,240,18.678
4668,240,18.678
4669,243,23.697
4670,240,23.697
4671,255,23.697
4672,254,23.697
4673,246,25.506
4674,253,27.266
4675,245,25.506
4676,247,25.506
4677,251,27.185
4678,237,27.185
4679,253,27.185
4680,259,25.335
4681,271,25.335
4682,255,25.335
4683,248,25.335
4684,249,25.335
4685,252,25.335
4686,255,26.017
4687,274,26.017
4688,288,25.117
4689,288,25.117
4690,277,25.117
4691,280,23.386
4692,277,23.386
4693,261,23.386
4694,266,23.386
4695,261,25.315
4696,257,25.315
4697,253,26.098
4698,261,19.111
4699,257,19.111
4700,251,25.359
4701,253,25.359
4702,252,25.359
4703,254,19.111
4704,261,21.727
4705,266,23.844
4706,267,26.863
4707,268,26.863
4708,261,26.863
4709,244,26.863
4710,246,26.863
4711,267,26.863
4712,274,26.914
4713,261,26.833
4714,248,26.833
4715,252,26.833
4716,255,26.833
4717,264,26.678
4718,260,25.882
4719,251,25.389
4720,257,25.389
4721,247,25.389
4722,247,25.318
4723,244,25.318
4724,244,27.249
4725,236,27.249
4726,247,22.182
4727,254,26.211
4728,236,26.211
4729,233,22.526
4730,234,22.526
4731,251,22.526
4732,258,22.526
4733,247,22.526
4734,252,22.549
4735,263,18.822
4736,257,18.822
4737,270,18.822
4738,252,18.822
4739,243,23.242
4740,244,23.242
4741,242,23.242
4742,226,23.242
4743,243,23.242
4744,244,23.242
4745,250,23.242
4746,242,23.242
4747,239,23.242
4748,246,23.242
4749,244,25.335
4750,251,23.242
4751,254,24.475
4752,261,24.376
4753,260,24.376
4754,263,24.376
4755,261,24.077
4756,270,24.077
4757,270,24.077
4758,265,24.077
4759,270,24.077
4760,276,24.077
4761,273,24.214
4762,277,24.077
4763,276,24.077
4764,252,24.077
4765,254,24.077
4766,241,24.077
4767,266,25.404
4768,248,24.077
4769,269,24.077
4770,278,24.077
4771,255,24.077
4772,255,24.077
4773,262,23.242
4774,267,23.242
4775,267,23.242
4776,264,25.587
4777,256,26.315
4778,269,25.587
4779,247,25.587
4780,245,25.587
4781,245,25.587
4782,253,23.242
4783,242,23.242
4784,233,23.242
4785,242,23.242
4786,259,23.242
4787,260,23.242
4788,266,26.48
4789,254,26.48
4790,254,26.48
4791,256,26.163
4792,256,26.163
4793,269,26.055
4794,264,26.055
4795,251,26.055
4796,269,26.055
4797,290,26.055
4798,264,26.055
4799,268,25.161
4800,275,24.812
4801,279,26.028
4802,279,26.028
4803,274,26.028
4804,257,26.028
4805,256,26.028
4806,264,26.53
4807,262,26.53
4808,267,26.53
4809,254,26.53
4810,258,26.53
4811,264,26.596
4812,265,26.028
4813,264,26.028
4814,263,26.028
4815,269,26.028
4816,269,25.116
4817,252,21.473
4818,222,25.696
4819,220,25.696
4820,223,25.696
4821,226,26.83
4822,245,26.83
4823,232,26.83
4824,234,26.83
4825,215,26.83
4826,226,26.83
4827,218,26.83
4828,228,26.83
4829,250,26.83
4830,242,26.83
4831,229,26.83
4832,257,26.83
4833,258,26.961
4834,250,26.83
4835,249,26.83
4836,248,26.83
4837,260,26.83
4838,261,26.83
4839,258,25.681
4840,258,25.681
4841,264,25.681
4842,248,25.681
4843,251,24.824
4844,240,24.824
4845,228,25.837
4846,231,25.837
4847,229,25.837
4848,230,24.647
4849,238,26.24
4850,231,26.24
4851,248,27.149
4852,250,27.149
4853,244,27.149
4854,251,26.421
4855,242,26.243
4856,245,21.198
4857,251,21.198
4858,251,21.198
4859,259,21.198
4860,251,21.198
4861,248,22.355
4862,272,22.355
4863,274,22.355
4864,271,22.355
4865,271,24.212
4866,276,24.212
4867,281,26.823
4868,250,26.823
4869,245,26.823
4870,253,26.823
4871,251,24.315
4872,248,25.418
4873,267,26.911
4874,260,26.911
4875,272,26.911
4876,255,26.911
4877,261,26.911
4878,265,24.212
4879,271,24.212
4880,276,25.09
4881,274,26.301
4882,305,24.887
4883,304,24.887
4884,299,24.887
4885,302,24.887
4886,268,23.647
4887,270,23.647
4888,261,23.647
4889,250,23.647
4890,255,23.913
4891,248,23.913
4892,258,23.913
4893,246,23.913
4894,244,26.579
4895,260,26.579
4896,263,26.579
4897,279,26.579
4898,268,26.579
4899,250,26.579
4900,252,26.579
4901,250,26.579
4902,258,26.579
4903,255,26.579
4904,259,23.664
4905,253,22.441
4906,255,22.441
4907,251,22.363
4908,256,22.363
4909,268,24.487
4910,264,24.487
4911,277,24.569
4912,267,26.088
4913,272,26.088
4914,272,24.522
4915,269,24.522
4916,260,20.639
4917,253,20.408
4918,255,25.521
4919,256,26.554
4920,256,26.554
4921,255,26.554
4922,254,26.554
4923,251,26.554
4924,246,26.554
4925,238,26.554
4926,229,26.554
4927,225,26.593
4928,232,26.593
4929,221,26.593
4930,218,26.593
4931,219,26.593
4932,217,22.943
4933,226,22.943
4934,235,19.97
4935,239,19.97
4936,246,24.704
4937,246,19.97
4938,251,19.97
4939,249,19.97
4940,245,19.97
4941,242,19.97
4942,252,19.97
4943,224,22.05
4944,226,22.05
4945,249,22.05
4946,252,23.56
4947,244,23.56
4948,253,23.56
4949,260,23.56
4950,255,26.265
4951,257,26.265
4952,233,25.509
4953,246,25.509
4954,243,27.042
4955,244,27.042
4956,248,27.042
4957,252,27.042
4958,253,27.042
4959,264,21.305
4960,270,26.965
4961,295,26.752
4962,282,26.821
4963,271,26.752
4964,281,27.246
4965,282,27.246
4966,277,26.752
4967,285,26.752
4968,280,25.138
4969,280,24.549
4970,280,24.549
4971,280,24.549
4972,284,21.305
4973,277,24.466
4974,271,27.243
4975,267,27.243
4976,266,27.243
4977,257,27.243
4978,273,27.243
4979,265,27.243
4980,257,27.243
4981,257,27.243
4982,246,27.243
4983,248,27.243
4984,246,27.243
4985,249,27.243
4986,263,27.243
4987,246,27.243
4988,268,27.243
4989,281,27.243
4990,289,27.243
4991,283,27.243
4992,283,27.243
4993,283,18.649
4994,285,18.649
4995,292,21.867
4996,307,25.449
4997,305,25.449
4998,306,25.449
4999,300,23.64
5000,296,23.67
5001,296,24.611
5002,262,24.611
5003,250,24.611
5004,257,25.757
5005,251,25.757
5006,254,24.37
5007,260,24.37
5008,256,21.342
5009,287,21.342
5010,271,21.342
5011,272,22.286
5012,278,22.286
5013,275,22.286
5014,265,24.119
5015,264,17.414
5016,267,15.581
5017,269,15.581
5018,266,15.265
5019,279,15.832
5020,279,15.832
5021,292,15.832
5022,288,26.821
5023,291,26.821
5024,278,26.821
5025,280,26.821
5026,281,26.821
5027,278,26.821
5028,279,26.821
5029,278,26.821
5030,277,24.157
5031,273,24.157
5032,266,24.157
5033,263,15.211
5034,270,20.496
5035,281,20.496
5036,293,23.348
5037,292,23.348
5038,302,23.303
5039,290,25.344
5040,283,25.344
5041,286,25.344
5042,272,25.344
5043,280,25.344
5044,278,25.344
5045,271,25.344
5046,289,20.364
5047,288,20.364
5048,295,20.364
5049,269,20.364
5050,263,20.364
5051,263,18.364
5052,260,18.364
5053,257,11.878
5054,254,11.286
5055,226,11.286
5056,231,22.068
5057,223,23.739
5058,224,23.739
5059,263,23.739
5060,264,25.798
5061,275,22.268
5062,269,22.268
5063,284,22.268
5064,296,22.268
5065,280,22.268
5066,270,22.268
5067,250,22.513
5068,257,22.513
5069,258,23.802
5070,273,23.802
5071,279,23.802
5072,279,23.802
5073,278,25.469
5074,271,25.469
5075,266,20.964
5076,256,20.964
5077,258,16.209
5078,264,16.209
5079,279,17.073
5080,291,17.073
5081,300,17.073
5082,298,27.077
5083,295,27.077
5084,296,24.941
5085,283,24.941
5086,290,25.398
5087,297,25.398
5088,284,25.398
5089,280,26.62
5090,279,25.398
5091,282,25.398
5092,257,23.945
5093,261,27.056
5094,250,27.056
5095,245,27.056
5096,260,26.602
5097,261,26.602
5098,276,26.602
5099,273,27.053
5100,273,27.053
5101,283,23.649
5102,276,23.649
5103,266,23.649
5104,257,21.273
5105,257,22.819
5106,260,24.028
5107,270,26.707
5108,273,26.707
5109,270,22.819
5110,266,22.819
5111,266,22.819
5112,265,23.087
5113,268,26.833
5114,261,26.833
5115,261,26.833
5116,258,26.833
5117,263,26.833
5118,262,26.833
5119,256,26.776
5120,255,26.244
5121,253,26.244
5122,253,26.334
5123,252,26.334
5124,259,26.334
5125,245,26.334
5126,258,26.672
5127,270,27.104
5128,284,27.104
5129,257,26.672
5130,252,26.672
5131,258,26.672
5132,262,26.672
5133,246,26.672
5134,260,26.672
5135,251,26.672
5136,256,26.672
5137,253,25.687
5138,275,25.451
5139,277,25.451
5140,282,25.451
5141,284,25.451
5142,284,25.451
5143,272,25.389
5144,273,25.389
5145,273,25.389
5146,272,25.389
5147,270,25.389
5148,274,22.128
5149,302,22.128
5150,291,25.297
5151,260,25.297
5152,260,25.297
5153,279,25.297
5154,281,25.297
5155,277,25.297
5156,287,25.297
5157,264,26.091
5158,268,26.881
5159,257,26.881
5160,260,26.881
5161,251,26.881
5162,252,26.881
5163,249,26.881
5164,261,26.881
5165,263,26.881
5166,257,26.881
5167,260,26.881
5168,264,26.997
5169,256,26.881
5170,252,26.881
5171,246,26.881
5172,246,26.881
5173,242,26.881
5174,242,26.881
5175,240,26.881
5176,228,26.881
5177,250,26.881
5178,253,26.881
5179,253,26.881
5180,252,24.378
5181,247,26.95
5182,253,26.95
5183,254,25.41
5184,256,25.977
5185,264,25.977
5186,257,25.786
5187,257,25.954
5188,254,25.786
5189,257,25.786
5190,247,25.786
5191,246,25.394
5192,258,25.394
5193,242,25.394
5194,244,25.394
5195,256,23.577
5196,277,23.577
5197,284,23.577
5198,289,26.668
5199,272,26.668
5200,262,22.819
5201,254,22.819
5202,258,22.819
5203,252,22.819
5204,260,24.474
5205,258,24.474
5206,255,24.474
5207,249,24.474
5208,241,24.474
5209,230,22.819
5210,246,22.819
5211,247,22.819
5212,247,22.819
5213,248,22.819
5214,243,25.421
5215,239,25.421
5216,233,25.421
5217,257,26.492
5218,251,26.492
5219,249,26.492
5220,237,22.819
5221,239,27.018
5222,256,22.925
5223,256,22.925
5224,267,25.455
5225,253,22.925
5226,258,22.925
5227,260,26.104
5228,236,26.104
5229,241,26.104
5230,253,22.819
5231,244,22.819
5232,250,26.447
5233,247,26.447
5234,241,23.377
5235,233,23.377
5236,246,22.819
5237,253,22.819
5238,263,25.813
5239,259,25.813
5240,256,24.351
5241,262,24.351
5242,283,24.351
5243,261,24.351
5244,250,26.486
5245,252,26.486
5246,247,26.486
5247,236,26.486
5248,240,26.486
5249,249,27.269
5250,249,27.269
5251,253,27.269
5252,247,27.269
5253,239,27.269
5254,244,27.269
5255,240,27.269
5256,235,27.269
5257,226,27.269
5258,222,27.269
5259,228,27.269
5260,231,27.269
5261,244,23.858
5262,254,23.858
5263,256,23.858
5264,255,23.858
5265,255,23.858
5266,253,23.858
5267,264,23.858
5268,259,23.858
5269,252,26.548
5270,249,26.548
5271,252,26.548
5272,267,24.648
5273,257,24.648
5274,251,25.75
5275,249,24.648
5276,251,25.003
5277,247,26.157
5278,241,24.648
5279,238,23.266
5280,237,23.266
5281,239,26.919
5282,227,26.919
5283,231,26.919
5284,236,26.919
5285,231,26.919
5286,228,26.919
5287,223,23.888
5288,224,23.888
5289,226,23.888
5290,220,23.888
5291,226,23.888
5292,246,23.888
5293,278,23.888
5294,263,24.31
5295,265,24.31
5296,266,24.31
5297,273,24.31
5298,230,24.37
5299,239,24.37
5300,241,25.619
5301,273,25.619
5302,254,25.509
5303,266,25.509
5304,267,26.346
5305,255,20.989
5306,214,20.989
5307,224,25.953
5308,233,27.191
5309,232,27.191
5310,233,27.191
5311,242,26.677
5312,245,26.677
5313,256,26.677
5314,248,26.677
5315,248,26.677
5316,266,19.184
5317,259,19.184
5318,253,21.676
5319,241,19.184
5320,248,22.136
5321,248,22.136
5322,258,20.367
5323,252,19.773
5324,254,25.862
5325,242,25.862
5326,252,25.862
5327,263,25.862
5328,247,25.862
5329,252,25.862
5330,254,25.862
5331,254,25.862
5332,253,26.853
5333,233,26.853
5334,221,26.396
5335,227,26.396
5336,238,26.396
5337,237,26.617
5338,267,26.617
5339,280,26.617
5340,257,26.617
5341,252,26.617
5342,237,27.231
5343,233,27.231
5344,236,27.231
5345,230,27.231
5346,228,27.231
5347,225,27.231
5348,221,27.231
5349,218,27.231
5350,223,27.231
5351,223,27.231
5352,225,27.231
5353,225,27.231
5354,224,27.231
5355,224,26.342
5356,222,26.342
5357,236,26.342
5358,238,25.093
5359,232,26.686
5360,232,26.686
5361,232,26.686
5362,213,23.177
5363,215,23.177
5364,211,23.177
5365,230,21.739
5366,226,21.739
5367,241,21.739
5368,265,26.076
5369,283,26.076
5370,259,26.076
5371,241,24.334
5372,228,24.334
5373,234,23.895
5374,239,23.895
5375,232,21.58
5376,236,21.58
5377,228,21.58
5378,225,21.58
5379,214,21.58
5380,211,21.58
5381,215,21.58
5382,226,21.58
5383,212,21.58
5384,219,21.58
5385,220,21.58
5386,251,21.58
5387,266,17.836
5388,266,17.836
5389,275,19.018
5390,268,19.018
5391,268,19.018
5392,264,19.018
5393,262,11.842
5394,267,15.623
5395,239,25.281
5396,218,19.721
5397,221,19.721
5398,227,15.193
5399,227,23.533
5400,232,23.533
5401,242,16.809
5402,250,16.809
5403,254,17.877
5404,254,21.748
5405,250,27.102
5406,257,27.102
5407,249,27.102
5408,254,17.396
5409,239,17.396
5410,250,17.396
5411,238,21.284
5412,262,25.786
5413,247,26.695
5414,253,17.396
5415,256,24.265
5416,269,24.265
5417,253,24.265
5418,247,24.265
5419,258,25.419
5420,284,25.362
5421,285,25.526
5422,283,25.526
5423,282,25.526
5424,282,24.726
5425,287,24.726
5426,240,24.726
5427,241,24.726
5428,241,24.726
5429,233,24.454
5430,237,24.454
5431,246,24.454
5432,249,24.454
5433,258,24.454
5434,250,24.454
5435,259,22.908
5436,253,22.908
5437,259,20.983
5438,254,20.983
5439,248,21.162
5440,238,21.162
5441,241,23.673
5442,241,23.673
5443,242,25.436
5444,240,25.436
5445,245,25.436
5446,243,25.436
5447,253,22.878
5448,248,22.878
5449,232,23.984
5450,257,23.984
5451,256,22.878
5452,272,22.878
5453,276,22.878
5454,286,26.346
5455,285,26.346
5456,285,26.346
5457,282,23.401
5458,271,23.401
5459,282,23.401
5460,278,23.401
5461,247,23.401
5462,221,23.401
5463,224,23.401
5464,234,23.401
5465,238,26.432
5466,263,26.432
5467,265,24.415
5468,260,24.415
5469,271,24.415
5470,273,24.415
5471,282,25.025
5472,286,24.155
5473,289,24.155
5474,264,24.155
5475,248,27.11
5476,265,26.728
5477,262,26.728
5478,273,26.728
5479,283,26.728
5480,300,26.728
5481,298,26.728
5482,283,26.675
5483,293,16.454
5484,288,22.759
5485,289,22.759
5486,292,23.368
5487,308,23.368
5488,292,24.922
5489,298,24.922
5490,288,24.328
5491,259,24.328
5492,250,19.889
5493,250,19.889
5494,263,19.889
5495,261,19.889
5496,282,22.432
5497,279,22.432
5498,287,19.889
5499,271,21.511
5500,275,23.846
5501,287,21.511
5502,297,23.64
5503,302,22.686
5504,299,22.465
5505,295,20.316
5506,297,22.807
5507,301,22.807
5508,288,25.67
5509,292,26.118
5510,284,25.67
5511,283,25.67
5512,270,23.831
5513,266,23.831
5514,250,25.706
5515,251,25.706
5516,252,25.706
5517,261,25.706
5518,265,23.831
5519,288,23.831
5520,290,23.831
5521,294,24.995
5522,303,23.831
5523,302,23.831
5524,303,25.254
5525,303,25.254
5526,297,25.254
5527,304,23.203
5528,302,22.941
5529,295,22.941
5530,294,22.941
5531,293,24.563
5532,279,24.563
5533,270,25.087
5534,271,25.583
5535,271,25.087
5536,279,25.087
5537,289,22.941
5538,298,22.941
5539,284,22.92
5540,286,22.92
5541,287,22.881
5542,286,22.881
5543,286,22.881
5544,275,27.224
5545,286,27.224
5546,287,22.881
5547,294,25.616
5548,284,25.616
5549,288,22.881
5550,290,22.881
5551,274,22.881
5552,276,23.279
5553,285,25.32
5554,288,25.32
5555,263,25.32
5556,258,22.07
5557,250,22.436
5558,259,22.436
5559,255,21.222
5560,237,18.326
5561,243,18.176
5562,255,14.442
5563,255,18.517
5564,252,22.412
5565,249,19.796
5566,246,19.796
5567,241,26.77
5568,242,26.77
5569,239,22.961
5570,238,22.961
5571,237,22.961
5572,240,22.961
5573,242,22.961
5574,223,22.961
5575,231,19.91
5576,229,20.876
5577,231,20.876
5578,235,20.876
5579,239,20.876
5580,245,20.876
5581,251,20.876
5582,245,20.876
5583,243,20.876
5584,247,20.876
5585,241,23.188
5586,228,23.188
5587,239,22.893
5588,233,20.876
5589,238,21.064
5590,276,21.171
5591,272,21.171
5592,253,27.206
5593,244,17.549
5594,263,10.022
5595,271,16.502
5596,272,16.502
5597,267,16.502
5598,280,16.502
5599,276,23.655
5600,291,24.686
5601,303,24.686
5602,304,24.686
5603,312,23.332
5604,312,23.332
5605,310,23.332
5606,324,22.106
5607,316,26.663
5608,312,26.663
5609,287,26.663
5610,325,26.663
5611,296,26.663
5612,289,26.663
5613,283,26.663
5614,280,24.466
5615,272,24.466
5616,269,24.466
5617,286,24.466
5618,279,27.255
5619,280,27.255
5620,265,27.255
5621,260,27.255
5622,279,27.255
5623,273,27.216
5624,264,27.216
5625,266,25.551
5626,275,25.551
5627,273,25.551
5628,273,25.551
5629,276,27.131
5630,283,27.131
5631,281,27.131
5632,272,27.131
5633,267,27.131
5634,258,27.131
5635,252,21.333
5636,242,23.599
5637,245,24.475
5638,245,18.797
5639,249,20.684
5640,262,18.797
5641,255,18.797
5642,242,16.493
5643,239,22.394
5644,240,22.394
5645,231,21.189
5646,234,21.189
5647,233,21.189
5648,232,18.729
5649,237,18.214
5650,239,18.214
5651,238,18.214
5652,240,19.252
5653,255,22.896
5654,258,22.896
5655,248,20.314
5656,239,20.314
5657,239,22.564
5658,223,22.564
5659,251,22.564
5660,236,22.564
5661,237,22.564
5662,237,22.403
5663,242,24.651
5664,247,17.474
5665,236,17.474
5666,247,17.474
5667,246,17.474
5668,246,25.981
5669,245,17.907
5670,250,17.907
5671,245,25.696
5672,245,25.696
5673,245,25.696
5674,239,25.696
5675,235,11.576
5676,236,16.884
5677,243,16.884
5678,248,16.833
5679,243,16.845
5680,245,22.16
5681,243,22.16
5682,262,20.851
5683,256,20.851
5684,250,21.996
5685,258,21.996
5686,258,21.996
5687,266,21.996
5688,266,22.546
5689,266,22.546
5690,260,22.546
5691,248,26.276
5692,255,26.276
5693,279,21.996
5694,272,21.996
5695,264,21.996
5696,265,25.412
5697,275,22.432
5698,261,22.432
5699,252,24.211
5700,246,21.996
5701,244,21.996
5702,254,24.297
5703,258,21.996
5704,267,24.989
5705,252,24.4
5706,252,24.4
5707,258,24.4
5708,251,26.002
5709,233,26.002
5710,231,26.002
5711,225,25.422
5712,222,25.422
5713,224,17.064
5714,233,23.954
5715,221,23.954
5716,213,23.954
5717,225,19.18
5718,229,23.828
5719,233,26.083
5720,237,26.083
5721,239,26.083
5722,240,26.083
5723,244,26.083
5724,242,26.545
5725,237,26.083
5726,260,26.083
5727,267,24.352
5728,274,22.848
5729,260,22.002
5730,261,26.492
5731,258,26.492
5732,248,26.492
5733,240,26.492
5734,250,26.492
5735,248,26.492
5736,244,25.17
5737,236,25.17
5738,243,25.17
5739,260,25.17
5740,264,26.74
5741,272,26.74
5742,274,26.74
5743,273,26.74
5744,267,26.052
5745,259,26.052
5746,259,26.052
5747,265,26.052
5748,254,25.17
5749,267,25.17
5750,258,25.17
5751,259,23.891
5752,253,23.891
5753,242,23.891
5754,246,23.891
5755,271,26.977
5756,233,24.498
5757,252,23.891
5758,272,23.891
5759,277,23.891
5760,284,23.891
5761,280,23.891
5762,271,24.375
5763,273,24.375
5764,311,24.375
5765,293,24.375
5766,289,24.375
5767,289,23.891
5768,293,23.891
5769,285,23.891
5770,289,23.891
5771,297,23.891
5772,305,23.891
5773,324,23.891
5774,318,25.272
5775,294,25.272
5776,274,25.272
5777,274,25.272
5778,275,26.366
5779,256,26.366
5780,276,23.891
5781,286,23.891
5782,278,23.419
5783,287,21.655
5784,276,21.655
5785,274,21.655
5786,278,25.06
5787,288,25.06
5788,287,21.655
5789,297,21.655
5790,297,21.655
5791,300,21.655
5792,295,21.655
5793,298,25.26
5794,294,25.26
5795,297,25.26
5796,287,26.375
5797,289,26.375
5798,286,26.375
5799,291,25.628
5800,278,25.628
5801,280,25.628
5802,276,25.628
5803,268,26.351
5804,268,26.351
5805,252,26.351
5806,255,26.067
5807,261,21.655
5808,247,27.269
5809,239,27.269
5810,243,27.269
5811,238,27.269
5812,238,27.269
5813,234,25.765
5814,236,25.613
5815,245,25.613
5816,242,26.376
5817,250,26.376
5818,241,26.376
5819,239,26.376
5820,248,25.871
5821,240,25.871
5822,246,25.871
5823,258,25.871
5824,253,25.871
5825,243,25.871
5826,243,25.871
5827,258,25.871
5828,286,26.785
5829,289,26.785
5830,290,26.516
5831,285,26.516
5832,299,26.516
5833,277,26.516
5834,264,26.14
5835,296,26.225
5836,302,26.14
5837,290,26.14
5838,297,26.14
5839,311,26.14
5840,306,26.14
5841,288,26.14
5842,287,26.14
5843,290,26.14
5844,290,24.387
5845,290,24.387
5846,277,24.387
5847,286,24.387
5848,290,24.387
5849,285,24.387
5850,279,24.387
5851,293,24.387
5852,284,24.387
5853,258,24.678
5854,260,24.678
5855,258,24.678
5856,299,14.852
5857,310,27.248
5858,285,14.852
5859,270,21.976
5860,267,21.976
5861,267,21.976
5862,277,21.976
5863,260,26.059
5864,257,26.059
5865,277,24.934
5866,257,25.108
5867,257,25.108
5868,263,17.151
5869,253,17.151
5870,246,14.666
5871,260,17.782
5872,254,17.782
5873,250,17.782
5874,237,20.738
5875,236,22.13
5876,239,22.13
5877,234,20.738
5878,242,20.738
5879,252,24.408
5880,249,24.614
5881,251,24.614
5882,249,22.242
5883,243,19.958
5884,241,19.976
5885,239,15.972
5886,242,15.972
5887,241,18.202
5888,246,26.743
5889,241,25.075
5890,245,25.075
5891,239,16.466
5892,240,18.9
5893,245,24.916
5894,276,24.916
5895,268,24.916
5896,258,24.916
5897,248,24.916
5898,258,24.916
5899,259,22.172
5900,262,22.172
5901,252,25.296
5902,257,25.296
5903,245,25.296
5904,241,25.296
5905,245,25.296
5906,248,22.806
5907,262,22.806
5908,272,22.806
5909,272,26.004
5910,275,26.004
5911,282,24.507
5912,260,24.507
5913,254,24.507
5914,254,26.555
5915,254,26.555
5916,236,26.555
5917,240,24.765
5918,241,24.765
5919,240,24.765
5920,242,24.765
5921,241,24.765
5922,252,24.765
5923,268,26.453
5924,268,26.453
5925,270,26.453
5926,279,26.82
5927,294,26.82
5928,299,26.82
5929,301,26.82
5930,294,26.82
5931,295,26.82
5932,279,23.981
5933,275,23.981
5934,273,23.981
5935,268,26.651
5936,266,26.651
5937,275,26.651
5938,276,26.651
5939,284,26.651
5940,265,26.651
5941,258,23.006
5942,258,24.077
5943,251,23.006
5944,257,23.006
5945,253,23.006
5946,245,23.006
5947,246,23.006
5948,252,23.006
5949,261,23.006
5950,267,18.392
5951,278,18.392
5952,289,25.753
5953,300,16.696
5954,305,12.777
5955,305,12.777
5956,299,23.242
5957,316,14.724
5958,320,14.724
5959,290,20.044
5960,305,19.643
5961,305,15.354
5962,309,15.354
5963,307,15.354
5964,269,15.088
5965,279,26.014
5966,278,25.802
5967,281,20.66
5968,288,14.029
5969,289,14.029
5970,289,18.457
5971,296,18.457
5972,287,18.457
5973,304,18.457
5974,308,19.192
5975,319,24.076
5976,321,24.725
5977,318,16.555
5978,301,16.026
5979,299,20.962
5980,282,27.149
5981,280,27.149
5982,277,27.149
5983,282,27.149
5984,275,27.012
5985,263,24.835
5986,263,24.835
5987,269,24.835
5988,270,24.835
5989,270,24.835
5990,282,24.835
5991,302,22.266
5992,302,22.266
5993,302,25.469
5994,299,24.265
5995,306,24.265
5996,310,24.265
5997,287,18.012
5998,289,18.012
5999,291,18.012
6000,287,18.012
6001,294,22.094
6002,280,25.826
6003,275,25.826
6004,253,25.826
6005,250,25.826
6006,248,23.864
6007,249,23.864
6008,236,24.411
6009,238,24.411
6010,237,24.411
6011,237,24.797
6012,249,25.06
6013,252,25.06
6014,253,26.217
6015,254,26.217
6016,272,26.217
6017,255,26.217
6018,254,26.217
6019,254,26.217
6020,251,26.217
6021,254,26.217
6022,262,26.217
6023,259,26.217
6024,261,26.217
6025,272,26.217
6026,266,26.217
6027,259,26.217
6028,273,26.217
6029,276,26.217
6030,286,26.217
6031,273,26.217
6032,273,26.217
6033,258,26.217
6034,256,26.217
6035,254,26.217
6036,261,25.368
6037,256,25.368
6038,251,25.368
6039,254,24.427
6040,244,24.427
6041,242,26.45
6042,244,26.45
6043,243,26.45
6044,250,25.793
6045,256,24.427
6046,254,26.498
6047,244,26.498
6048,240,26.498
6049,253,26.498
6050,265,26.342
6051,266,25.795
6052,261,27.197
6053,256,27.197
6054,259,27.197
6055,252,27.197
6056,260,27.197
6057,263,27.197
6058,268,27.197
6059,272,27.197
6060,262,27.197
6061,271,27.197
6062,273,27.197
6063,269,27.197
6064,269,25.353
6065,268,25.353
6066,270,25.353
6067,271,24.716
6068,265,26.166
6069,268,25.415
6070,271,25.415
6071,264,27.143
6072,260,26.022
6073,266,26.444
6074,274,25.415
6075,274,24.427
6076,273,24.651
6077,272,20.786
6078,278,20.786
6079,275,20.786
6080,275,20.786
6081,269,20.786
6082,272,20.786
6083,267,20.786
6084,262,23.218
6085,274,26.378
6086,268,23.945
6087,271,23.945
6088,254,23.945
6089,260,23.945
6090,280,24.306
6091,270,24.306
6092,268,24.306
6093,275,24.306
6094,241,23.945
6095,257,23.5
6096,261,23.93
6097,276,23.93
6098,273,23.93
6099,270,21.799
6100,290,21.799
6101,301,18.732
6102,307,18.732
6103,295,18.732
6104,277,14.687
6105,272,24.578
6106,271,20.113
6107,272,20.113
6108,258,18.137
6109,266,19.647
6110,266,19.647
6111,281,19.647
6112,272,27.068
6113,277,27.068
6114,283,27.068
6115,275,27.068
6116,263,27.068
6117,264,27.068
6118,259,21.473
6119,256,21.473
6120,270,24.755
6121,272,24.755
6122,275,24.755
6123,273,20.107
6124,262,20.107
6125,251,27.156
6126,248,27.156
6127,264,27.156
6128,270,27.156
6129,268,27.156
6130,261,27.156
6131,266,27.156
6132,273,25.221
6133,263,26.967
6134,263,25.221
6135,262,25.221
6136,255,25.221
6137,229,18.185
6138,248,18.185
6139,256,21.634
6140,250,21.634
6141,253,21.634
6142,259,23.78
6143,256,23.78
6144,258,23.78
6145,252,23.78
6146,254,25.95
6147,240,25.95
6148,242,21.828
6149,258,21.828
6150,254,21.828
6151,258,21.828
6152,249,21.828
6153,257,21.828
6154,260,22.133
6155,247,22.133
6156,270,20.331
6157,270,20.027
6158,265,23.885
6159,270,23.885
6160,271,23.885
6161,261,24.492
6162,262,24.492
6163,250,24.492
6164,258,24.492
6165,275,23.191
6166,280,15.919
6167,257,15.919
6168,257,12.452
6169,270,25.874
6170,268,25.874
6171,270,25.874
6172,279,25.874
6173,283,25.874
6174,291,25.874
6175,291,25.874
6176,286,25.874
6177,298,25.874
6178,293,25.874
6179,297,25.874
6180,299,25.874
6181,302,26.48
6182,281,26.48
6183,277,26.48
6184,260,26.48
6185,256,26.48
6186,262,24.376
6187,258,24.376
6188,263,26.444
6189,265,26.444
6190,243,26.444
6191,245,26.444
6192,239,26.444
6193,230,26.444
6194,230,26.444
6195,230,26.444
6196,239,26.444
6197,246,26.444
6198,252,26.696
6199,263,26.696
6200,274,26.696
6201,271,26.696
6202,272,26.696
6203,269,26.696
6204,274,26.696
6205,268,22.702
6206,270,24.519
6207,269,24.519
6208,272,24.519
6209,264,24.519
6210,265,26.298
6211,274,26.298
6212,270,24.519
6213,273,24.519
6214,273,22.702
6215,284,25.016
6216,276,25.016
6217,267,26.408
6218,253,26.408
6219,251,26.408
6220,234,26.408
6221,257,25.852
6222,277,25.852
6223,292,25.852
6224,312,25.852
6225,338,23.832
6226,339,23.832
6227,303,23.832
6228,288,19.396
6229,277,26.112
6230,274,26.112
6231,272,26.112
6232,286,19.396
6233,285,19.396
6234,284,21.133
6235,278,18.208
6236,268,13.041
6237,273,22.719
6238,275,22.719
6239,274,22.741
6240,269,26.118
6241,268,26.118
6242,268,26.118
6243,264,26.118
6244,272,26.118
6245,265,26.118
6246,260,26.118
6247,240,26.118
6248,238,25.454
6249,255,25.454
6250,265,25.454
6251,270,25.454
6252,270,25.454
6253,273,25.454
6254,271,25.454
6255,273,25.454
6256,259,24.465
6257,260,22.819
6258,263,22.819
6259,287,22.819
6260,284,26.542
6261,262,26.542
6262,258,22.819
6263,243,24.85
6264,246,24.85
6265,258,22.819
6266,257,22.819
6267,265,27.087
6268,266,27.087
6269,260,27.024
6270,258,27.024
6271,247,25.251
6272,278,25.251
6273,260,25.251
6274,265,25.137
6275,263,25.371
6276,260,25.371
6277,240,26.988
6278,240,26.988
6279,234,26.988
6280,246,26.606
6281,250,26.606
6282,260,26.606
6283,270,26.606
6284,263,26.318
6285,271,26.318
6286,273,26.318
6287,273,26.318
6288,257,26.318
6289,254,26.318
6290,249,22.819
6291,244,22.819
6292,243,22.819
6293,239,22.819
6294,229,22.819
6295,230,22.819
6296,232,23.233
6297,234,23.242
6298,235,26.734
6299,245,26.734
6300,239,26.289
6301,243,26.289
6302,240,26.104
6303,249,26.178
6304,254,26.104
6305,251,23.401
6306,273,23.401
6307,251,25.213
6308,269,25.213
6309,267,23.401
6310,259,26.621
6311,260,26.621
6312,258,26.621
6313,263,24.525
6314,262,24.525
6315,266,24.525
6316,266,24.525
6317,284,24.525
6318,259,24.525
6319,257,24.525
6320,242,26.423
6321,235,24.525
6322,238,19.353
6323,250,19.353
6324,245,20.172
6325,231,20.172
6326,225,19.353
6327,227,24.288
6328,226,24.288
6329,227,24.288
6330,242,19.524
6331,224,18.986
6332,227,24.256
6333,217,24.256
6334,211,24.256
6335,208,24.256
6336,205,18.92
6337,205,18.92
6338,214,18.956
6339,215,27.215
6340,214,18.956
6341,226,18.956
6342,234,13.923
6343,243,19.799
6344,268,19.799
6345,270,25.491
6346,280,25.491
6347,291,25.491
6348,283,25.491
6349,271,22.152
6350,274,15.106
6351,272,15.038
6352,276,22.25
6353,270,22.25
6354,264,19.871
6355,252,26.829
6356,241,19.871
6357,246,26.844
6358,244,19.871
6359,241,19.871
6360,239,19.871
6361,241,19.871
6362,244,19.871
6363,245,19.871
6364,242,23.951
6365,252,23.951
6366,253,25.748
6367,253,25.748
6368,250,25.748
6369,246,24.42
6370,239,26.943
6371,236,26.943
6372,267,22.78
6373,258,22.78
6374,263,22.78
6375,262,20.854
6376,241,16.996
6377,243,20.107
6378,231,18.915
6379,259,18.915
6380,266,15.482
6381,264,18.346
6382,240,23.889
6383,229,23.889
6384,215,21.311
6385,240,24.974
6386,269,21.311
6387,269,21.311
6388,269,21.311
6389,265,26.288
6390,274,26.288
6391,269,26.288
6392,278,18.956
6393,265,26.755
6394,272,26.755
6395,265,19.168
6396,267,19.904
6397,261,19.904
6398,258,23.327
6399,251,23.327
6400,240,23.327
6401,240,22.594
6402,252,20.275
6403,246,18.43
6404,249,18.43
6405,246,18.43
6406,235,18.43
6407,249,23.993
6408,277,23.993
6409,283,24.46
6410,282,24.46
6411,290,24.46
6412,285,24.46
6413,282,25.828
6414,280,25.828
6415,273,24.46
6416,276,24.46
6417,275,26.746
6418,285,24.46
6419,289,24.46
6420,295,24.46
6421,297,24.46
6422,269,24.46
6423,279,24.46
6424,289,24.46
6425,283,24.46
6426,289,24.46
6427,300,24.46
6428,283,24.46
6429,313,24.46
6430,284,24.46
6431,286,24.46
6432,282,24.46
6433,278,21.426
6434,275,22.743
6435,281,22.743
6436,286,21.748
6437,286,21.748
6438,276,21.748
6439,279,21.748
6440,286,20.864
6441,290,25.762
6442,300,25.762
6443,304,22.151
6444,315,25.037
6445,316,23.566
6446,304,23.918
6447,303,22.334
6448,287,22.334
6449,285,24.563
6450,282,24.563
6451,281,26.394
6452,287,26.456
6453,305,26.421
6454,303,27.098
6455,285,27.098
6456,255,27.098
6457,267,25.709
6458,276,26.814
6459,267,26.814
6460,257,26.814
6461,248,26.814
6462,293,26.814
6463,269,26.814
6464,268,25.924
6465,277,25.924
6466,240,25.924
6467,252,25.182
6468,261,26.178
6469,252,26.178
6470,254,22.07
6471,254,22.07
6472,254,24.373
6473,259,26.038
6474,260,26.038
6475,261,26.038
6476,262,26.038
6477,266,26.038
6478,257,26.038
6479,241,23.736
6480,258,23.736
6481,259,23.736
6482,272,22.941
6483,274,22.941
6484,273,22.07
6485,268,19.999
6486,284,19.999
6487,276,19.999
6488,266,22.391
6489,271,24.898
6490,266,22.391
6491,252,22.391
6492,249,22.391
6493,250,22.391
6494,245,19.999
6495,249,19.999
6496,249,19.999
6497,267,24.561
6498,284,25.897
6499,302,25.897
6500,304,25.897
6501,280,25.897
6502,278,25.897
6503,273,26.922
6504,263,24.268
6505,265,24.268
6506,267,20.179
6507,269,19.999
6508,256,19.999
6509,244,19.999
6510,247,21.482
6511,246,26.149
6512,235,19.999
6513,237,19.999
6514,239,22.532
6515,241,22.532
6516,241,25.048
6517,245,25.048
6518,253,25.048
6519,243,25.147
6520,215,25.147
6521,216,25.048
6522,221,25.048
6523,217,25.048
6524,227,23.191
6525,226,23.191
6526,206,23.191
6527,208,23.191
6528,205,22.591
6529,222,17.924
6530,221,17.811
6531,235,17.811
6532,234,18.352
6533,226,18.352
6534,233,25.185
6535,245,25.185
6536,233,24.3
6537,234,24.3
6538,222,22.869
6539,224,22.869
6540,223,22.869
6541,231,22.666
6542,250,26.811
6543,228,22.666
6544,237,22.666
6545,238,14.192
6546,267,14.192
6547,254,21.285
6548,240,21.285
6549,241,20.092
6550,242,25.76
6551,228,25.76
6552,241,26.947
6553,252,26.947
6554,248,26.947
6555,260,26.947
6556,240,26.947
6557,242,26.947
6558,234,26.947
6559,233,19.052
6560,235,23.324
6561,228,23.324
6562,235,23.324
6563,245,23.324
6564,250,23.324
6565,245,24.98
6566,238,23.324
6567,256,23.324
6568,255,23.324
6569,274,18.846
6570,277,18.846
6571,278,23.147
6572,274,26.563
6573,269,26.563
6574,249,26.563
6575,225,26.563
6576,234,26.563
6577,244,26.563
6578,245,26.563
6579,266,26.563
6580,261,26.674
6581,266,25.276
6582,264,25.276
6583,262,25.276
6584,257,24.343
6585,262,24.343
6586,267,24.343
6587,266,27.138
6588,270,27.138
6589,244,27.138
6590,249,22.955
6591,248,22.955
6592,244,22.955
6593,233,22.955
6594,236,22.955
6595,239,27.0
6596,245,22.955
6597,239,22.955
6598,245,22.955
6599,241,21.491
6600,244,21.491
6601,243,22.738
6602,248,22.738
6603,245,22.738
6604,253,19.955
6605,242,19.955
6606,259,19.955
6607,257,23.753
6608,261,23.753
6609,250,24.871
6610,251,27.182
6611,238,27.182
6612,246,27.182
6613,244,27.182
6614,238,27.182
6615,251,20.806
6616,241,20.806
6617,239,20.806
6618,253,20.806
6619,252,20.994
6620,252,20.994
6621,251,22.819
6622,247,22.819
6623,240,22.819
6624,240,26.666
6625,256,26.666
6626,258,26.666
6627,256,26.666
6628,234,26.666
6629,243,26.666
6630,254,26.666
6631,249,26.666
6632,247,26.666
6633,243,26.666
6634,235,26.666
6635,230,26.666
6636,229,26.666
6637,219,26.666
6638,218,26.666
6639,213,26.666
6640,211,26.666
6641,227,26.666
6642,226,26.666
6643,265,26.666
6644,273,26.666
6645,252,26.666
6646,268,26.666
6647,251,26.666
6648,254,26.666
6649,252,26.666
6650,269,26.666
6651,265,26.666
6652,252,26.666
6653,271,26.666
6654,272,26.666
6655,257,26.666
6656,249,26.666
6657,255,26.666
6658,257,26.666
6659,264,26.666
6660,260,26.666
6661,262,26.666
6662,260,26.666
6663,265,26.666
6664,258,26.666
6665,242,26.666
6666,248,26.666
6667,245,26.666
6668,234,26.666
6669,230,26.666
6670,218,26.666
6671,213,26.666
6672,215,26.666
6673,229,26.666
6674,237,26.666
6675,243,26.666
6676,249,26.666
6677,261,26.666
6678,266,26.666
6679,270,26.666
6680,267,26.666
6681,270,26.666
6682,271,26.835
6683,273,26.835
6684,282,26.835
6685,277,26.835
6686,279,26.835
6687,270,26.666
6688,247,27.17
6689,241,27.17
6690,229,27.17
6691,238,26.666
6692,251,26.666
6693,246,26.666
6694,232,26.666
6695,233,26.666
6696,246,26.666
6697,278,26.666
6698,250,26.666
6699,255,26.666
6700,269,26.666
6701,271,25.775
6702,271,21.984
6703,268,21.984
6704,262,21.984
6705,256,23.129
6706,262,23.566
6707,248,23.129
6708,247,23.129
6709,263,23.61
6710,261,23.61
6711,267,23.566
6712,265,23.566
6713,262,23.566
6714,284,23.566
6715,272,23.566
6716,266,22.514
6717,254,22.187
6718,236,22.187
6719,240,25.35
6720,254,25.35
6721,257,25.233
6722,244,26.833
6723,240,26.833
6724,242,26.833
6725,256,26.833
6726,259,24.016
6727,286,24.016
6728,290,23.936
6729,290,23.936
6730,285,23.936
6731,289,23.936
6732,309,23.936
6733,308,21.21
6734,308,21.21
6735,328,19.918
6736,314,19.918
6737,337,24.665
6738,330,27.162
6739,341,27.162
6740,332,27.162
6741,320,27.162
6742,328,26.276
6743,316,25.868
6744,292,25.868
6745,300,25.868
6746,293,25.868
6747,290,18.642
6748,283,24.74
6749,277,22.127
6750,277,22.127
6751,273,22.127
6752,269,22.127
6753,267,22.127
6754,267,21.611
6755,275,21.611
6756,271,20.272
6757,273,25.431
6758,274,25.431
6759,281,25.431
6760,282,25.431
6761,284,25.431
6762,286,25.431
6763,282,25.431
6764,279,19.979
6765,282,26.611
6766,277,22.552
6767,267,25.912
6768,279,25.915
6769,278,25.915
6770,296,25.915
6771,295,25.912
6772,298,25.912
6773,285,25.912
6774,282,25.912
6775,261,25.912
6776,259,25.912
6777,262,25.912
6778,283,25.912
6779,288,19.512
6780,285,25.338
6781,287,25.338
6782,253,21.882
6783,249,23.653
6784,249,23.653
6785,253,21.882
6786,278,21.882
6787,277,21.882
6788,278,20.621
6789,277,18.084
6790,276,18.084
6791,258,18.084
6792,252,18.084
6793,272,21.844
6794,270,21.844
6795,268,21.844
6796,270,20.899
6797,258,20.899
6798,267,20.899
6799,258,26.973
6800,266,23.792
6801,266,23.792
6802,273,23.792
6803,267,23.792
6804,268,21.335
6805,289,21.96
6806,291,20.311
6807,281,20.311
6808,282,20.047
6809,277,25.004
6810,278,22.911
6811,296,22.911
6812,285,24.04
6813,287,24.04
6814,271,25.078
6815,261,25.078
6816,262,25.078
6817,273,25.078
6818,281,25.078
6819,283,25.078
6820,287,25.078
6821,280,24.04
6822,270,24.04
6823,269,21.236
6824,273,21.236
6825,270,21.236
6826,269,21.236
6827,270,23.538
6828,272,24.349
6829,274,24.349
6830,284,24.349
6831,284,23.538
6832,282,26.683
6833,280,26.683
6834,272,22.492
6835,273,22.492
6836,275,22.492
6837,277,24.597
6838,270,24.597
6839,251,26.814
6840,247,26.814
6841,259,26.814
6842,262,26.814
6843,257,26.814
6844,261,24.597
6845,246,24.597
6846,254,26.427
6847,247,26.438
6848,254,26.438
6849,253,26.438
6850,256,26.438
6851,255,26.438
6852,265,26.438
6853,262,26.438
6854,268,26.438
6855,271,26.438
6856,274,26.438
6857,270,26.438
6858,277,26.438
6859,281,26.438
6860,276,26.438
6861,266,26.438
6862,266,26.438
6863,281,21.18
6864,283,20.595
6865,277,20.595
6866,281,20.595
6867,271,19.949
6868,273,22.211
6869,271,22.211
6870,266,22.211
6871,269,26.016
6872,267,26.513
6873,237,26.513
6874,243,26.513
6875,232,26.513
6876,233,26.513
6877,240,26.513
6878,244,24.522
6879,245,26.074
6880,244,26.074
6881,246,26.793
6882,249,26.074
6883,248,25.185
6884,262,21.363
6885,270,21.363
6886,262,21.363
6887,253,26.08
6888,262,26.08
6889,263,26.08
6890,261,26.08
6891,249,26.08
6892,235,26.08
6893,240,26.08
6894,254,26.08
6895,251,26.08
6896,225,26.08
6897,223,26.08
6898,223,26.08
6899,202,26.08
6900,210,26.593
6901,221,26.08
6902,245,23.658
6903,253,24.543
6904,242,24.543
6905,243,24.543
6906,250,26.112
6907,248,26.094
6908,252,27.045
6909,242,26.094
6910,246,24.543
6911,237,23.383
6912,236,23.383
6913,240,22.508
6914,261,24.677
6915,258,24.677
6916,243,25.406
6917,242,24.235
6918,239,24.235
6919,242,24.235
6920,245,21.698
6921,237,21.698
6922,244,21.698
6923,259,21.698
6924,255,21.698
6925,257,21.698
6926,250,25.864
6927,259,26.737
6928,259,26.737
6929,268,25.864
6930,270,27.219
6931,271,27.219
6932,269,27.219
6933,281,27.219
6934,271,27.219
6935,273,27.219
6936,251,27.219
6937,249,27.219
6938,275,27.219
6939,255,27.219
6940,240,27.219
6941,232,27.219
6942,251,27.219
6943,268,27.219
6944,267,27.219
6945,271,22.83
6946,277,22.83
6947,278,26.037
6948,300,26.037
6949,280,26.037
6950,269,26.037
6951,269,26.037
6952,268,25.772
6953,262,26.663
6954,254,26.663
6955,251,26.663
6956,245,23.556
6957,252,23.556
6958,242,23.556
6959,242,21.721
6960,279,26.764
6961,261,19.249
6962,279,19.249
6963,263,21.163
6964,264,21.163
6965,258,21.163
6966,247,21.163
6967,224,16.182
6968,232,17.895
6969,232,17.895
6970,230,24.665
6971,221,24.665
6972,240,24.665
6973,234,24.665
6974,243,24.665
6975,243,24.665
6976,249,24.665
6977,249,24.665
6978,244,24.665
6979,240,24.665
6980,235,24.665
6981,224,24.665
6982,218,24.665
6983,205,24.665
6984,210,24.665
6985,211,23.001
6986,226,26.988
6987,250,26.988
6988,236,22.819
6989,255,22.979
6990,248,22.819
6991,249,22.819
6992,256,22.819
6993,262,22.819
6994,262,22.819
6995,279,22.819
6996,283,24.946
6997,280,24.946
6998,280,22.819
6999,270,22.819
7000,257,22.819
7001,237,22.819
7002,239,22.819
7003,253,22.819
7004,255,22.819
7005,252,22.819
7006,243,22.819
7007,241,22.819
7008,246,22.819
7009,246,22.819
7010,253,26.503
7011,244,23.362
7012,253,23.362
7013,244,23.362
7014,246,27.242
7015,236,26.309
7016,237,26.309
7017,242,26.309
7018,235,24.919
7019,233,22.819
7020,239,22.819
7021,250,22.819
7022,237,22.819
7023,235,22.819
7024,219,22.819
7025,227,22.819
7026,223,22.819
7027,237,22.819
7028,235,23.634
7029,229,23.634
7030,241,22.819
7031,228,22.819
7032,236,22.819
7033,232,22.819
7034,255,22.819
7035,263,22.819
7036,265,22.819
7037,258,22.819
7038,259,25.781
7039,260,25.781
7040,257,22.819
7041,245,23.75
7042,239,27.224
7043,244,27.224
7044,234,27.224
7045,236,27.224
7046,248,26.187
7047,259,26.187
7048,254,26.187
7049,250,26.187
7050,252,26.187
7051,239,26.187
7052,233,25.84
7053,235,25.84
7054,232,25.84
7055,227,23.635
7056,234,23.635
7057,253,22.819
7058,257,24.623
7059,264,24.623
7060,290,24.623
7061,268,24.623
7062,273,25.252
7063,281,25.252
7064,274,25.252
7065,251,25.252
7066,254,25.252
7067,251,25.252
7068,248,25.252
7069,248,25.252
7070,237,25.252
7071,228,25.252
7072,225,25.252
7073,220,25.252
7074,217,25.252
7075,217,25.252
7076,238,26.802
7077,256,26.802
7078,241,26.802
7079,242,26.802
7080,246,26.802
7081,246,26.802
7082,254,26.802
7083,253,26.802
7084,258,26.802
7085,253,25.646
7086,266,25.646
7087,264,25.646
7088,274,25.646
7089,264,24.827
7090,263,24.827
7091,261,24.827
7092,259,27.021
7093,251,27.021
7094,253,27.021
7095,274,27.021
7096,282,27.021
7097,280,24.835
7098,281,22.797
7099,276,27.209
7100,264,27.209
7101,268,27.209
7102,271,27.209
7103,265,27.209
7104,270,25.619
7105,270,25.619
7106,263,25.619
7107,266,26.934
7108,268,26.934
7109,278,26.934
7110,259,26.934
7111,253,26.934
7112,259,24.641
7113,259,24.641
7114,279,26.91
7115,267,26.91
7116,264,26.91
7117,266,24.388
7118,260,24.388
7119,262,24.388
7120,260,23.499
7121,260,23.499
7122,253,24.636
7123,242,24.636
7124,250,26.623
7125,250,24.636
7126,249,25.215
7127,259,24.636
7128,257,24.636
7129,256,24.974
7130,291,24.974
7131,292,24.974
7132,294,24.974
7133,283,24.974
7134,282,24.974
7135,285,24.974
7136,289,24.974
7137,296,24.974
7138,295,25.751
7139,297,26.956
7140,296,26.956
7141,289,25.751
7142,275,25.751
7143,275,23.835
7144,281,25.264
7145,282,25.264
7146,276,26.731
7147,279,26.731
7148,274,26.731
7149,274,26.731
7150,266,26.731
7151,258,26.731
7152,259,26.731
7153,256,26.731
7154,260,26.731
7155,244,26.731
7156,244,26.731
7157,244,26.731
7158,240,26.731
7159,231,27.141
7160,229,26.731
7161,209,26.731
7162,204,26.731
7163,206,27.071
7164,194,27.071
7165,215,27.071
7166,235,27.071
7167,230,27.071
7168,231,27.071
7169,234,27.071
7170,217,27.071
7171,218,26.731
7172,232,26.731
7173,227,26.731
7174,222,26.731
7175,222,24.983
7176,223,24.983
7177,223,24.983
7178,220,24.983
7179,239,24.983
7180,256,24.983
7181,258,24.983
7182,258,24.983
7183,262,26.611
7184,266,26.611
7185,249,26.845
7186,235,26.845
7187,231,26.845
7188,237,26.845
7189,240,26.845
7190,239,26.845
7191,241,24.486
7192,236,20.735
7193,253,20.735
7194,258,24.363
7195,258,24.363
7196,250,24.363
7197,266,24.363
7198,234,23.36
7199,233,23.36
7200,244,23.36
7201,240,24.549
7202,238,24.549
7203,219,25.954
7204,225,25.954
7205,225,25.954
7206,233,26.25
7207,250,26.25
7208,233,26.25
7209,237,26.25
7210,234,26.25
7211,238,26.25
7212,242,27.192
7213,275,27.192
7214,285,24.226
7215,286,24.226
7216,283,24.226
7217,253,24.226
7218,248,25.837
7219,245,25.837
7220,251,25.837
7221,256,25.837
7222,256,25.837
7223,257,27.233
7224,264,27.233
7225,260,24.226
7226,258,20.923
7227,261,20.923
7228,252,20.923
7229,248,20.923
7230,251,20.923
7231,255,23.772
7232,250,21.835
7233,247,21.835
7234,248,21.835
7235,252,26.486
7236,247,26.486
7237,249,26.486
7238,262,26.486
7239,262,26.486
7240,270,26.486
7241,258,26.486
7242,282,26.486
7243,260,26.486
7244,264,26.486
7245,257,26.486
7246,265,26.743
7247,265,26.743
7248,268,26.743
7249,271,26.743
7250,256,23.939
7251,263,24.683
7252,244,24.683
7253,269,21.604
7254,282,21.733
7255,282,24.118
7256,286,24.118
7257,292,24.118
7258,274,24.318
7259,270,24.318
7260,247,27.024
7261,255,27.024
7262,251,24.701
7263,261,24.701
7264,262,25.616
7265,254,26.74
7266,250,26.74
7267,245,26.74
7268,254,25.616
7269,237,27.108
7270,231,27.108
7271,224,27.108
7272,243,27.108
7273,252,27.108
7274,250,27.108
7275,258,26.737
7276,259,26.886
7277,243,26.886
7278,245,26.737
7279,250,26.737
7280,254,23.281
7281,254,24.902
7282,267,24.902
7283,271,24.902
7284,256,24.902
7285,254,22.819
7286,238,23.042
7287,249,23.203
7288,245,23.203
7289,245,23.203
7290,238,22.819
7291,246,22.819
7292,249,22.819
7293,246,22.819
7294,246,26.297
7295,236,26.297
7296,227,26.297
7297,231,23.765
7298,231,23.765
7299,225,25.87
7300,225,25.87
7301,237,25.87
7302,245,25.87
7303,240,25.87
7304,275,25.87
7305,267,25.87
7306,267,25.87
7307,265,22.819
7308,236,22.819
7309,228,22.819
7310,223,24.59
7311,228,22.819
7312,241,22.819
7313,246,25.122
7314,249,25.122
7315,266,25.122
7316,261,25.063
7317,260,25.063
7318,262,25.063
7319,263,26.178
7320,268,26.178
7321,242,23.49
7322,251,23.49
7323,270,23.49
7324,255,23.49
7325,257,25.98
7326,258,25.98
7327,243,25.98
7328,238,25.98
7329,239,25.98
7330,239,25.98
7331,253,25.98
7332,248,25.98
7333,257,25.98
7334,259,25.98
7335,256,25.98
7336,256,26.495
7337,258,26.495
7338,267,26.495
7339,269,26.495
7340,269,26.495
7341,267,26.495
7342,271,26.441
7343,275,26.441
7344,263,16.233
7345,263,20.725
7346,264,20.725
7347,266,23.233
7348,263,13.414
7349,267,13.414
7350,258,16.741
7351,272,26.315
7352,262,16.741
7353,252,21.754
7354,247,21.754
7355,246,25.4
7356,241,25.4
7357,250,25.4
7358,250,25.515
7359,249,21.754
7360,254,21.754
7361,263,21.754
7362,258,21.754
7363,253,21.754
7364,262,21.754
7365,256,21.754
7366,251,21.754
7367,255,21.754
7368,260,21.754
7369,260,24.995
7370,252,24.995
7371,241,24.995
7372,248,24.995
7373,248,24.995
7374,268,21.24
7375,271,21.24
7376,261,21.24
7377,246,21.24
7378,245,18.897
7379,240,18.897
7380,242,18.897
7381,242,21.873
7382,239,21.873
7383,249,22.328
7384,257,21.873
7385,255,21.873
7386,247,21.873
7387,243,21.873
7388,244,21.873
7389,252,21.873
7390,259,21.873
7391,260,26.687
7392,265,26.687
7393,242,26.687
7394,251,26.687
7395,257,26.687
7396,248,26.687
7397,263,26.687
7398,271,25.742
7399,276,25.742
7400,280,25.742
7401,274,25.742
7402,278,25.742
7403,275,25.742
7404,262,25.742
7405,260,25.742
7406,257,25.742
7407,256,25.44
7408,281,25.44
7409,266,27.14
7410,240,27.14
7411,270,27.14
7412,270,27.14
7413,278,25.075
7414,267,25.075
7415,259,25.075
7416,268,25.075
7417,278,25.075
7418,291,25.075
7419,274,25.075
7420,275,25.075
7421,277,25.075
7422,287,25.075
7423,245,25.075
7424,269,25.075
7425,273,25.601
7426,273,25.601
7427,268,25.601
7428,235,25.601
7429,239,25.601
7430,233,25.601
7431,240,25.601
7432,241,26.955
7433,236,26.955
7434,246,26.955
7435,257,26.955
7436,260,25.374
7437,242,27.162
7438,241,27.162
7439,238,27.162
7440,239,26.701
7441,247,26.701
7442,262,25.374
7443,259,25.374
7444,258,25.374
7445,281,25.051
7446,287,20.833
7447,284,20.833
7448,303,27.194
7449,297,27.194
7450,303,26.48
7451,304,26.48
7452,276,25.604
7453,250,23.517
7454,253,23.517
7455,263,23.517
7456,273,16.197
7457,266,16.197
7458,262,26.333
7459,264,16.197
7460,234,24.402
7461,222,24.402
7462,222,24.402
7463,228,24.402
7464,226,26.083
7465,226,26.083
7466,246,26.971
7467,228,26.971
7468,231,22.737
7469,228,25.445
7470,230,25.445
7471,225,21.631
7472,224,21.631
7473,242,18.331
7474,239,21.42
7475,241,17.88
7476,243,19.297
7477,236,20.576
7478,236,23.009
7479,231,20.576
7480,233,25.643
7481,235,20.576
7482,247,22.561
7483,242,22.561
7484,238,20.576
7485,238,24.519
7486,241,24.519
7487,247,21.35
7488,250,23.987
7489,251,23.987
7490,249,24.07
7491,245,26.953
7492,238,26.421
7493,242,26.421
7494,243,26.421
7495,242,24.519
7496,247,24.519
7497,244,24.303
7498,270,25.711
7499,273,25.711
7500,277,26.872
7501,273,25.711
7502,280,25.711
7503,286,24.303
7504,275,24.303
7505,275,24.513
7506,264,26.806
7507,261,26.806
7508,268,25.733
7509,266,25.733
7510,269,27.11
7511,270,27.11
7512,267,25.185
7513,274,25.185
7514,274,25.185
7515,274,25.185
7516,252,24.659
7517,265,24.659
7518,278,18.424
7519,272,17.683
7520,267,17.683
7521,272,18.543
7522,261,19.33
7523,259,17.683
7524,262,20.483
7525,259,20.483
7526,237,25.56
7527,265,25.56
7528,275,25.56
7529,267,25.56
7530,252,25.56
7531,244,21.423
7532,280,21.423
7533,276,21.811
7534,276,25.043
7535,270,25.043
7536,274,25.043
7537,276,25.043
7538,226,25.043
7539,222,25.043
7540,227,25.043
7541,241,25.043
7542,251,25.043
7543,251,25.043
7544,245,25.043
7545,251,26.785
7546,252,26.785
7547,249,26.785
7548,239,23.466
7549,235,16.718
7550,241,24.327
7551,242,24.327
7552,234,23.26
7553,236,21.751
7554,233,21.751
7555,232,24.908
7556,241,24.908
7557,250,25.312
7558,249,25.312
7559,240,27.212
7560,246,27.212
7561,232,27.212
7562,234,27.212
7563,237,27.212
7564,236,25.312
7565,233,25.312
7566,239,25.312
7567,243,25.312
7568,238,24.157
7569,234,25.541
7570,238,27.056
7571,240,27.056
7572,250,27.056
7573,252,27.056
7574,257,27.056
7575,263,24.881
7576,245,24.881
7577,253,24.881
7578,262,24.881
7579,259,23.524
7580,252,19.945
7581,260,20.6
7582,263,21.151
7583,254,19.945
7584,278,26.525
7585,267,19.945
7586,258,19.945
7587,252,20.042
7588,255,20.042
7589,249,20.042
7590,249,25.416
7591,237,25.416
7592,239,25.416
7593,242,25.416
7594,238,25.416
7595,233,25.416
7596,229,21.233
7597,247,21.233
7598,230,21.233
7599,230,20.858
7600,230,18.699
7601,232,18.699
7602,237,20.448
7603,234,20.245
7604,256,20.245
7605,260,20.245
7606,260,23.715
7607,271,23.715
7608,263,23.715
7609,256,23.715
7610,260,23.715
7611,256,25.693
7612,256,25.693
7613,261,25.693
7614,255,25.693
7615,264,25.693
7616,266,25.693
7617,264,25.693
7618,271,20.788
7619,278,20.788
7620,257,20.788
7621,266,20.788
7622,279,25.927
7623,277,20.788
7624,277,20.788
7625,273,24.6
7626,276,24.6
7627,279,26.026
7628,270,26.026
7629,269,24.6
7630,266,24.6
7631,265,17.058
7632,279,18.882
7633,296,18.882
7634,288,14.603
7635,291,14.603
7636,289,22.469
7637,290,22.469
7638,287,14.603
7639,281,25.057
7640,280,25.4
7641,285,25.057
7642,290,25.057
7643,281,25.057
7644,276,25.057
7645,275,25.057
7646,270,24.833
7647,281,20.477
7648,284,20.477
7649,284,26.606
7650,287,20.974
7651,289,21.999
7652,292,22.647
7653,294,20.974
7654,286,23.572
7655,281,26.74
7656,295,23.572
7657,290,23.572
7658,288,23.625
7659,281,23.625
7660,283,23.572
7661,280,23.572
7662,280,23.572
7663,284,23.572
7664,290,23.572
7665,275,23.572
7666,272,23.572
7667,271,27.243
7668,276,27.243
7669,268,27.243
7670,261,27.243
7671,244,27.243
7672,246,27.243
7673,246,27.243
7674,237,27.243
7675,227,27.243
7676,251,27.243
7677,252,27.243
7678,261,27.243
7679,256,27.243
7680,262,27.243
7681,270,27.243
7682,266,27.243
7683,265,27.243
7684,238,27.243
7685,243,27.243
7686,233,27.243
7687,235,27.243
7688,244,27.243
7689,238,27.243
7690,243,27.243
7691,232,27.243
7692,236,27.243
7693,233,27.243
7694,251,27.243
7695,251,27.243
7696,271,27.243
7697,270,27.243
7698,239,27.243
7699,241,27.243
7700,266,27.243
7701,277,27.243
7702,291,27.243
7703,271,27.243
7704,248,27.243
7705,259,27.243
7706,264,27.243
7707,252,27.243
7708,259,20.873
7709,259,25.06
7710,265,25.06
7711,270,25.06
7712,269,23.768
7713,267,23.768
7714,267,23.768
7715,260,20.873
7716,259,19.551
7717,248,19.551
7718,246,18.46
7719,246,19.431
7720,247,18.909
7721,244,19.399
7722,242,22.304
7723,241,19.399
7724,248,25.868
7725,255,25.868
7726,245,25.868
7727,246,25.868
7728,259,25.868
7729,260,25.485
7730,269,25.485
7731,271,25.485
7732,272,25.485
7733,279,24.794
7734,272,24.008
7735,279,23.82
7736,261,24.998
7737,253,24.998
7738,241,24.998
7739,234,23.82
7740,237,23.82
7741,242,19.928
7742,243,19.928
7743,246,19.928
7744,246,19.928
7745,255,22.597
7746,255,22.597
7747,256,19.928
7748,253,19.928
7749,244,19.501
7750,240,19.501
7751,229,19.501
7752,229,19.501
7753,228,19.501
7754,234,23.64
7755,233,24.827
7756,241,23.64
7757,249,23.64
7758,248,23.64
7759,248,23.64
7760,262,23.766
7761,256,25.452
7762,263,25.452
7763,255,25.452
7764,257,25.452
7765,240,25.452
7766,228,25.452
7767,223,25.452
7768,233,25.452
7769,226,25.452
7770,221,24.54
7771,244,24.54
7772,225,24.54
7773,231,26.48
7774,230,26.48
7775,221,25.263
7776,234,25.263
7777,246,25.263
7778,248,25.263
7779,247,26.578
7780,247,21.189
7781,246,21.189
7782,246,21.189
7783,252,24.397
7784,259,24.397
7785,253,24.397
7786,260,20.137
7787,256,20.137
7788,262,20.137
7789,266,20.137
7790,262,20.137
7791,255,20.137
7792,271,20.137
7793,277,20.137
7794,277,20.463
7795,266,25.403
7796,248,15.183
7797,257,20.61
7798,262,15.226
7799,274,15.226
7800,265,22.561
7801,275,22.561
7802,266,22.561
7803,276,26.495
7804,268,22.561
7805,271,25.744
7806,258,25.995
7807,232,25.995
7808,221,26.889
7809,214,26.889
7810,218,26.889
7811,224,22.561
7812,247,22.561
7813,241,26.217
7814,221,26.217
7815,217,26.217
7816,214,26.217
7817,217,26.217
7818,221,26.217
7819,216,26.217
7820,220,26.217
7821,218,26.217
7822,253,26.773
7823,270,26.773
7824,310,26.773
7825,307,26.773
7826,265,26.217
7827,239,26.217
7828,243,25.194
7829,248,25.194
7830,244,25.194
7831,249,25.194
7832,237,25.194
7833,244,25.194
7834,247,25.912
7835,247,26.773
7836,247,25.918
7837,249,25.918
7838,261,25.194
7839,281,26.071
7840,286,26.071
7841,285,26.071
7842,291,26.071
7843,294,24.958
7844,278,24.949
7845,281,24.949
7846,287,24.949
7847,291,24.949
7848,293,24.949
7849,299,27.236
7850,285,24.949
7851,294,24.949
7852,294,24.949
7853,291,24.949
7854,269,24.949
7855,282,24.949
7856,279,24.949
7857,278,24.949
7858,266,24.949
7859,257,24.949
7860,261,24.949
7861,259,24.949
7862,253,24.949
7863,253,24.949
7864,247,24.949
7865,248,24.949
7866,243,24.949
7867,223,26.465
7868,220,24.949
7869,231,24.949
7870,247,24.256
7871,246,25.956
7872,240,25.956
7873,237,23.267
7874,236,20.005
7875,226,20.005
7876,222,20.005
7877,220,26.325
7878,218,20.005
7879,210,16.275
7880,207,16.275
7881,205,16.042
7882,211,24.683
7883,220,24.683
7884,232,23.437
7885,215,23.437
7886,222,23.437
7887,224,23.437
7888,240,23.437
7889,256,24.606
7890,239,24.606
7891,258,26.24
7892,236,26.24
7893,250,26.24
7894,249,26.24
7895,271,26.24
7896,302,26.24
7897,295,26.24
7898,276,25.303
7899,282,26.008
7900,292,26.008
7901,290,26.008
7902,301,27.051
7903,284,27.051
7904,281,21.698
7905,278,21.698
7906,277,21.698
7907,277,21.698
7908,275,25.433
7909,260,25.433
7910,267,23.697
7911,277,23.697
7912,261,23.697
7913,253,23.697
7914,239,23.697
7915,242,24.151
7916,233,23.697
7917,236,23.697
7918,224,23.697
7919,225,22.618
7920,225,25.454
7921,216,25.454
7922,230,25.454
7923,229,25.454
7924,211,26.113
7925,204,26.113
7926,198,26.113
7927,201,24.908
7928,200,27.243
7929,225,27.243
7930,226,27.243
7931,224,27.243
7932,244,27.243
7933,242,27.243
7934,242,27.243
7935,252,27.243
7936,247,27.243
7937,255,27.243
7938,239,27.243
7939,253,27.243
7940,264,27.243
7941,268,27.243
7942,251,27.243
7943,251,27.243
7944,242,27.243
7945,233,27.243
7946,242,27.243
7947,224,27.243
7948,227,27.243
7949,232,27.243
7950,251,27.243
7951,241,27.243
7952,246,27.243
7953,233,27.243
7954,230,27.243
7955,228,27.243
7956,235,27.243
7957,237,27.243
7958,257,27.243
7959,260,27.243
7960,268,27.243
7961,252,27.243
7962,239,27.243
7963,237,27.243
7964,250,27.243
7965,248,27.089
7966,268,27.26
7967,263,27.26
7968,255,26.471
7969,260,27.269
7970,264,27.269
7971,260,26.471
7972,259,27.255
7973,246,27.255
7974,242,26.471
7975,248,26.5
7976,247,23.611
7977,245,24.484
7978,248,25.849
7979,242,25.849
7980,228,25.849
7981,249,25.849
7982,247,25.849
7983,248,25.849
7984,241,26.352
7985,244,26.352
7986,239,26.352
7987,256,26.352
7988,237,26.352
7989,204,26.352
7990,205,26.352
7991,225,26.352
7992,206,26.352
7993,215,26.352
7994,222,26.352
7995,235,26.352
7996,242,26.352
7997,243,22.645
7998,234,22.645
7999,239,20.686
8000,252,23.565
8001,244,23.565
8002,243,23.565
8003,240,26.312
8004,243,26.312
8005,239,26.312
8006,228,22.091
8007,229,22.091
8008,252,22.091
8009,255,19.64
8010,245,19.64
8011,259,17.925
8012,266,17.925
8013,245,23.105
8014,254,17.925
8015,256,20.122
8016,251,20.122
8017,259,25.158
8018,264,18.43
8019,276,18.43
8020,266,18.43
8021,286,18.43
8022,283,18.43
8023,286,24.962
8024,270,24.962
8025,266,24.962
8026,254,24.962
8027,270,26.555
8028,290,24.818
8029,295,24.818
8030,299,20.878
8031,292,23.64
8032,277,23.64
8033,272,23.64
8034,269,26.27
8035,265,26.27
8036,296,17.345
8037,291,14.678
8038,292,14.678
8039,288,17.65
8040,288,26.073
8041,292,26.073
8042,268,26.073
8043,269,22.713
8044,267,23.188
8045,271,23.188
8046,270,27.003
8047,267,27.003
8048,268,27.003
8049,280,20.639
8050,274,27.155
8051,297,27.155
8052,301,25.544
8053,302,25.544
8054,298,25.544
8055,280,25.544
8056,281,25.176
8057,281,25.176
8058,281,26.016
8059,276,26.016
8060,267,26.175
8061,262,26.175
8062,264,26.175
8063,266,26.175
8064,267,26.531
8065,258,26.531
8066,262,26.531
8067,257,26.531
8068,257,26.531
8069,274,26.531
8070,279,24.194
8071,289,24.194
8072,296,24.387
8073,298,24.387
8074,291,24.387
8075,294,24.387
8076,297,24.387
8077,301,23.01
8078,312,23.01
8079,312,23.01
8080,297,24.184
8081,312,24.184
8082,300,26.116
8083,292,26.116
8084,285,27.143
8085,276,26.116
8086,272,26.116
8087,279,26.116
8088,277,25.578
8089,282,25.578
8090,280,25.578
8091,279,25.578
8092,279,25.521
8093,275,25.521
8094,275,25.521
8095,254,25.521
8096,267,25.521
8097,271,25.521
8098,249,25.521
8099,271,25.521
8100,257,25.093
8101,228,25.093
8102,232,19.138
8103,226,24.895
8104,235,24.895
8105,219,26.056
8106,226,26.056
8107,244,26.056
8108,254,26.056
8109,246,26.824
8110,242,26.824
8111,254,27.156
8112,247,27.156
8113,235,27.156
8114,245,27.156
8115,245,25.509
8116,252,25.509
8117,256,25.509
8118,253,25.509
8119,262,26.013
8120,270,26.013
8121,268,25.509
8122,260,25.509
8123,260,25.509
8124,259,25.509
8125,259,25.509
8126,252,26.447
8127,253,26.447
8128,247,26.848
8129,264,26.848
8130,266,26.848
8131,269,26.848
8132,246,26.848
8133,262,26.848
8134,249,26.848
8135,275,26.848
8136,275,24.907
8137,241,12.823
8138,240,12.823
8139,238,14.485
8140,234,14.485
8141,224,14.485
8142,231,14.485
8143,226,14.485
8144,231,25.783
8145,228,25.783
8146,237,15.552
8147,234,17.785
8148,229,17.785
8149,265,22.172
8150,274,22.172
8151,284,23.114
8152,276,23.114
8153,276,23.114
8154,278,23.114
8155,275,23.114
8156,260,23.114
8157,256,26.324
8158,254,26.324
8159,267,26.181
8160,271,26.181
8161,257,25.191
8162,240,24.465
8163,237,17.144
8164,243,25.655
8165,248,25.655
8166,253,25.655
8167,259,25.655
8168,241,25.655
8169,248,25.655
8170,246,24.979
8171,253,24.979
8172,254,24.979
8173,255,24.979
8174,251,24.979
8175,248,24.979
8176,248,24.979
8177,240,24.979
8178,247,24.979
8179,240,24.979
8180,244,24.979
8181,234,24.034
8182,235,22.819
8183,237,22.819
8184,239,25.037
8185,242,25.037
8186,252,25.037
8187,255,25.037
8188,239,25.037
8189,241,25.037
8190,243,22.819
8191,250,22.819
8192,248,22.819
8193,259,24.546
8194,244,24.546
8195,254,22.819
8196,268,27.015
8197,257,27.015
8198,270,27.015
8199,268,25.227
8200,274,23.012
8201,260,23.012
8202,251,22.819
8203,253,22.819
8204,239,22.819
8205,242,22.819
8206,241,22.819
8207,240,22.819
8208,236,22.819
8209,247,26.429
8210,268,26.429
8211,261,26.429
8212,267,26.429
8213,272,26.429
8214,265,26.429
8215,270,26.429
8216,243,26.429
8217,243,26.429
8218,234,23.311
8219,235,25.667
8220,236,25.667
8221,250,25.667
8222,299,22.819
8223,306,26.33
8224,302,22.819
8225,295,22.819
8226,266,26.599
8227,255,22.819
8228,260,24.645
8229,244,24.645
8230,258,26.965
8231,263,26.965
8232,272,26.965
8233,277,26.965
8234,276,26.965
8235,264,22.819
8236,259,22.819
8237,246,22.819
8238,236,26.737
8239,227,26.737
8240,221,26.737
8241,218,26.737
8242,221,26.737
8243,219,23.434
8244,225,22.819
8245,231,22.819
8246,233,25.431
8247,219,25.431
8248,219,25.431
8249,217,25.431
8250,228,25.431
8251,239,25.431
8252,249,27.188
8253,245,27.188
8254,234,26.306
8255,255,26.306
8256,247,26.306
8257,252,22.819
8258,252,22.819
8259,277,22.819
8260,280,26.716
8261,272,26.716
8262,271,26.716
8263,273,26.716
8264,280,26.716
8265,272,26.716
8266,280,25.924
8267,280,25.924
8268,275,25.924
8269,280,25.798
8270,281,25.798
8271,284,25.798
8272,277,25.798
8273,280,23.954
8274,287,23.954
8275,284,23.443
8276,267,24.689
8277,266,24.689
8278,294,27.027
8279,289,25.436
8280,257,23.64
8281,242,23.64
8282,236,23.64
8283,242,22.901
8284,257,22.901
8285,242,22.901
8286,246,22.819
8287,243,22.819
8288,243,22.819
8289,241,22.819
8290,239,24.62
8291,230,24.62
8292,234,24.62
8293,238,22.819
8294,242,22.819
8295,249,22.819
8296,248,22.819
8297,236,22.819
8298,229,22.819
8299,234,27.0
8300,233,27.0
8301,231,27.0
8302,238,27.0
8303,242,27.0
8304,247,26.722
8305,245,26.722
8306,254,26.62
8307,266,26.62
8308,249,26.62
8309,243,26.62
8310,244,26.62
8311,244,24.605
8312,245,23.855
8313,239,23.855
8314,235,26.907
8315,236,26.907
8316,236,25.9
8317,231,25.9
8318,234,23.927
8319,239,25.72
8320,234,25.971
8321,253,25.027
8322,258,25.027
8323,254,25.027
8324,264,21.688
8325,264,21.688
8326,262,25.678
8327,238,24.97
8328,239,24.97
8329,250,24.97
8330,247,24.97
8331,274,26.217
8332,249,26.181
8333,247,26.181
8334,236,20.788
8335,236,20.788
8336,249,23.547
8337,264,26.378
8338,261,26.378
8339,268,24.489
8340,263,21.864
8341,263,21.864
8342,263,24.806
8343,264,24.806
8344,260,24.806
8345,259,24.806
8346,261,24.806
8347,261,24.806
8348,263,24.806
8349,268,20.687
8350,276,18.454
8351,253,21.082
8352,268,18.454
8353,263,18.454
8354,272,19.399
8355,274,19.399
8356,264,18.454
8357,260,26.133
8358,256,26.133
8359,248,26.133
8360,247,23.494
8361,248,23.807
8362,232,24.51
8363,246,24.51
8364,242,25.909
8365,247,25.909
8366,247,25.909
8367,249,25.909
8368,240,25.909
8369,229,24.169
8370,209,24.169
8371,209,24.169
8372,211,24.169
8373,212,19.987
8374,226,19.987
8375,217,19.987
8376,235,19.987
8377,222,19.987
8378,225,19.987
8379,257,16.002
8380,266,24.853
8381,261,24.853
8382,266,24.853
8383,277,24.853
8384,274,24.853
8385,267,24.853
8386,255,24.094
8387,235,24.094
8388,237,24.094
8389,243,27.215
8390,239,27.215
8391,239,27.215
8392,244,27.215
8393,255,27.215
8394,253,27.215
8395,253,27.215
8396,252,27.14
8397,257,27.14
8398,254,25.013
8399,247,25.013
8400,245,25.013
8401,254,25.013
8402,259,25.013
8403,250,25.013
8404,264,22.819
8405,263,22.819
8406,272,22.819
8407,278,22.819
8408,273,27.152
8409,294,22.819
8410,272,24.082
8411,278,24.082
8412,264,22.819
8413,252,22.819
8414,253,22.819
8415,247,22.819
8416,265,22.819
8417,262,23.469
8418,255,22.819
8419,252,22.819
8420,262,22.819
8421,266,22.819
8422,267,24.148
8423,284,24.148
8424,274,22.819
8425,269,22.819
8426,245,22.819
8427,257,26.838
8428,262,23.144
8429,246,23.144
8430,244,23.144
8431,243,23.144
8432,250,23.144
8433,236,22.819
8434,237,25.185
8435,238,23.302
8436,237,22.819
8437,258,22.819
8438,247,22.819
8439,247,22.819
8440,252,22.819
8441,238,22.819
8442,246,22.819
8443,250,24.803
8444,244,25.03
8445,242,25.03
8446,246,25.888
8447,253,25.888
8448,247,25.888
8449,247,25.888
8450,247,25.03
8451,244,25.03
8452,268,26.252
8453,259,26.046
8454,255,23.006
8455,259,25.565
8456,255,25.565
8457,272,25.565
8458,278,22.819
8459,269,22.819
8460,264,22.819
8461,271,26.841
8462,270,26.841
8463,266,26.841
8464,266,26.841
8465,275,26.841
8466,276,26.841
8467,248,24.668
8468,254,24.668
8469,237,24.668
8470,224,21.411
8471,219,21.411
8472,227,21.411
8473,228,21.411
8474,229,21.411
8475,229,21.411
8476,248,21.411
8477,250,22.301
8478,250,22.301
8479,267,25.069
8480,269,25.069
8481,259,25.069
8482,259,25.069
8483,245,25.176
8484,256,25.176
8485,250,25.176
8486,257,25.176
8487,253,25.176
8488,253,25.176
8489,269,23.805
8490,265,23.805
8491,275,23.805
8492,259,22.819
8493,249,27.173
8494,240,22.819
8495,220,22.819
8496,248,23.443
8497,219,25.499
8498,220,25.499
8499,213,25.499
8500,221,22.819
8501,229,22.819
8502,244,22.819
8503,258,22.819
8504,239,22.819
8505,233,25.201
8506,233,23.789
8507,242,23.789
8508,240,23.789
8509,238,22.819
8510,240,22.819
8511,241,22.819
8512,243,22.819
8513,243,22.819
8514,249,22.819
8515,247,22.819
8516,244,22.819
8517,245,22.819
8518,241,22.819
8519,255,25.568
8520,231,22.819
8521,230,22.819
8522,242,22.819
8523,228,22.819
8524,234,22.819
8525,240,22.819
8526,238,22.819
8527,258,22.819
8528,285,22.819
8529,277,23.413
8530,233,24.316
8531,232,22.819
8532,250,22.819
8533,252,24.349
8534,251,26.131
8535,254,18.248
8536,242,22.097
8537,240,18.248
8538,232,18.248
8539,224,18.196
8540,215,18.196
8541,213,22.819
8542,216,22.819
8543,229,22.819
8544,229,26.967
8545,228,26.979
8546,228,26.979
8547,229,22.819
8548,232,22.819
8549,223,22.819
8550,215,22.819
8551,225,22.819
8552,236,23.572
8553,240,26.403
8554,245,26.403
8555,244,23.094
8556,239,23.094
8557,235,23.094
8558,257,23.094
8559,264,24.115
8560,252,23.094
8561,256,22.819
8562,262,22.819
8563,262,25.32
8564,242,24.342
8565,236,22.819
8566,238,22.819
8567,235,22.819
8568,237,22.819
8569,238,22.819
8570,263,22.819
8571,257,22.819
8572,233,22.819
8573,240,22.819
8574,235,22.819
8575,240,22.819
8576,239,22.819
8577,236,22.819
8578,238,21.626
8579,238,19.835
8580,241,15.127
8581,242,13.375
8582,227,25.407
8583,228,25.407
8584,241,24.902
8585,234,24.902
8586,234,15.243
8587,235,26.172
8588,225,26.172
8589,251,26.172
8590,246,26.116
8591,245,26.878
8592,223,26.878
8593,252,26.878
8594,254,26.878
8595,267,26.878
8596,267,26.878
8597,265,26.878
8598,255,22.083
8599,251,26.352
8600,235,17.821
8601,235,17.877
8602,242,23.23
8603,240,17.877
8604,258,25.548
8605,257,25.548
8606,259,25.548
8607,243,25.548
8608,265,25.548
8609,266,25.548
8610,265,25.287
8611,283,25.287
8612,290,25.287
8613,285,25.287
8614,268,25.287
8615,258,25.287
8616,268,25.287
8617,261,25.455
8618,278,25.455
8619,271,26.811
8620,259,25.455
8621,254,26.51
8622,266,25.287
8623,275,25.287
8624,261,25.287
8625,248,25.287
8626,260,25.287
8627,274,21.254
8628,283,21.254
8629,284,22.597
8630,275,22.597
8631,269,22.597
8632,263,22.597
8633,266,26.352
8634,265,26.352
8635,248,26.352
8636,233,26.352
8637,231,26.352
8638,219,26.352
8639,209,26.352
8640,209,26.352
8641,217,26.352
8642,215,26.549
8643,221,26.549
8644,249,26.549
8645,270,26.549
8646,251,26.549
8647,248,26.549
8648,224,26.549
8649,246,26.352
8650,228,26.352
8651,219,26.627
8652,231,26.627
8653,256,26.627
8654,258,26.627
8655,260,26.627
8656,258,26.627
8657,255,26.627
8658,261,26.627
8659,242,26.627
8660,259,26.352
8661,239,26.352
8662,243,26.352
8663,241,26.352
8664,243,26.352
8665,255,26.352
8666,264,26.352
8667,259,26.352
8668,249,26.352
8669,261,26.352
8670,254,26.352
8671,254,26.352
8672,247,26.352
8673,241,26.352
8674,236,27.17
8675,242,27.269
8676,240,27.269
8677,244,27.269
8678,262,27.269
8679,255,27.269
8680,236,27.269
8681,235,27.269
8682,238,27.269
8683,235,27.269
8684,237,27.269
8685,252,27.269
8686,257,27.269
8687,255,27.269
8688,258,24.463
8689,255,24.463
8690,250,24.463
8691,250,24.463
8692,251,24.463
8693,259,24.463
8694,241,24.463
8695,231,26.378
8696,213,26.378
8697,224,26.378
8698,217,26.378
8699,239,26.378
8700,229,26.378
8701,249,26.378
8702,231,26.378
8703,232,26.378
8704,236,26.378
8705,233,26.378
8706,224,26.378
8707,227,24.463
8708,227,24.463
8709,228,25.965
8710,225,25.965
8711,228,25.965
8712,232,25.965
8713,238,25.965
8714,248,25.965
8715,248,25.965
8716,246,25.965
8717,243,23.685
8718,276,23.685
8719,280,23.685
8720,293,25.96
8721,292,25.96
8722,292,25.96
8723,284,25.96
8724,276,26.352
8725,282,26.352
8726,284,26.352
8727,283,26.352
8728,285,26.352
8729,275,26.352
8730,276,26.352
8731,258,26.352
8732,257,26.352
8733,250,27.23
8734,245,27.23
8735,246,27.23
8736,214,27.23
8737,219,27.23
8738,212,27.23
8739,229,27.23
8740,229,27.23
8741,220,27.243
8742,220,27.243
8743,232,27.243
8744,245,27.243
8745,237,27.243
8746,237,27.243
8747,241,21.324
8748,248,21.324
8749,223,23.79
8750,222,23.79
8751,222,20.119
8752,218,20.119
8753,232,23.709
8754,210,18.927
8755,206,27.243
8756,226,27.243
8757,223,27.243
8758,215,27.243
8759,223,27.243
8760,218,27.243
8761,227,25.341
8762,224,25.341
8763,239,22.908
8764,237,20.316
8765,234,20.316
8766,224,24.3
8767,241,24.3
8768,247,18.693
8769,233,20.373
8770,228,23.601
8771,234,20.373
8772,242,20.373
8773,246,25.368
8774,246,20.373
8775,262,20.373
8776,261,19.894
8777,246,19.894
8778,261,19.894
8779,253,18.239
8780,256,18.239
8781,253,18.239
8782,252,19.081
8783,234,19.081
8784,242,19.081
8785,230,24.522
8786,229,24.522
8787,223,25.942
8788,223,24.522
8789,220,26.545
8790,219,26.545
8791,215,24.522
8792,207,24.522
8793,202,24.581
8794,224,24.522
8795,251,21.351
8796,248,26.669
8797,252,26.669
8798,259,26.669
8799,252,20.971
8800,266,20.971
8801,247,20.971
8802,235,20.971
8803,240,20.971
8804,225,17.751
8805,242,25.954
8806,231,19.548
8807,234,20.716
8808,228,25.015
8809,227,21.61
8810,225,25.409
8811,226,25.409
8812,232,25.409
8813,234,25.409
8814,242,25.409
8815,241,25.409
8816,245,25.409
8817,255,25.409
8818,237,26.594
8819,234,26.594
8820,241,26.594
8821,241,26.594
8822,234,25.409
8823,231,25.409
8824,236,25.409
8825,240,25.409
8826,241,25.409
8827,227,25.409
8828,229,25.409
8829,219,25.409
8830,210,25.409
8831,214,25.409
8832,218,26.095
8833,221,26.095
8834,220,26.095
8835,230,26.48
8836,232,26.509
8837,245,26.854
8838,246,26.854
8839,241,26.854
8840,239,26.854
8841,239,22.414
8842,231,24.133
8843,230,24.133
8844,232,24.133
8845,234,24.133
8846,230,24.776
8847,240,24.776
8848,243,24.776
8849,239,24.776
8850,230,24.776
8851,232,27.077
8852,229,26.997
8853,236,26.997
8854,243,26.997
8855,242,26.997
8856,253,26.997
8857,271,26.997
8858,263,26.997
8859,253,26.997
8860,293,26.997
8861,286,27.251
8862,280,26.997
8863,295,26.997
8864,282,27.23
8865,272,27.23
8866,285,27.23
8867,297,27.23
8868,286,27.23
8869,291,26.775
8870,283,27.234
8871,257,27.234
8872,254,26.775
8873,246,26.775
8874,255,26.775
8875,252,26.775
8876,249,26.775
8877,238,24.016
8878,245,20.761
8879,243,20.761
8880,255,20.761
8881,257,20.761
8882,255,18.454
8883,255,18.454
8884,261,16.568
8885,253,17.228
8886,259,19.477
8887,261,26.3
8888,256,26.3
8889,250,26.468
8890,254,26.468
8891,253,18.702
8892,254,26.666
8893,253,26.666
8894,260,26.666
8895,255,26.666
8896,259,27.192
8897,248,27.15
8898,254,26.666
8899,257,26.934
8900,261,26.666
8901,281,26.666
8902,287,26.666
8903,295,26.666
8904,298,22.259
8905,301,22.259
8906,286,19.955
8907,287,26.778
8908,272,26.778
8909,269,26.778
8910,268,18.654
8911,259,16.496
8912,256,16.496
8913,245,25.58
8914,246,25.58
8915,239,25.58
8916,238,25.58
8917,231,25.58
8918,230,23.359
8919,244,22.819
8920,235,25.936
8921,235,25.936
8922,228,25.936
8923,223,25.936
8924,207,25.024
8925,213,25.024
8926,221,25.024
8927,216,25.024
8928,213,25.111
8929,218,25.024
8930,221,25.024
8931,216,25.024
8932,229,23.03
8933,211,23.03
8934,214,23.718
8935,224,26.566
8936,228,26.566
8937,226,26.566
8938,228,27.021
8939,218,27.021
8940,224,27.021
8941,217,27.021
8942,220,26.118
8943,227,26.118
8944,237,22.819
8945,220,22.819
8946,219,22.819
8947,230,22.819
8948,235,22.819
8949,226,22.819
8950,224,22.819
8951,227,22.819
8952,231,22.819
8953,218,22.946
8954,230,22.819
8955,232,19.586
8956,238,19.586
8957,239,22.451
8958,244,23.463
8959,234,24.495
8960,255,24.495
8961,248,24.495
8962,248,23.463
8963,251,23.463
8964,250,23.463
8965,255,24.427
8966,251,23.463
8967,252,23.463
8968,241,25.947
8969,245,25.293
8970,245,24.118
8971,242,24.118
8972,234,21.922
8973,259,27.072
8974,257,27.072
8975,253,25.805
8976,263,25.805
8977,254,25.805
8978,227,26.277
8979,228,26.277
8980,229,22.532
8981,241,14.804
8982,232,21.56
8983,225,21.56
8984,220,26.064
8985,218,26.064
8986,227,21.865
8987,219,21.865
8988,218,21.865
8989,218,25.983
8990,211,24.567
8991,211,24.567
8992,212,24.567
8993,210,23.548
8994,205,25.75
8995,214,25.75
8996,221,25.75
8997,242,25.75
8998,245,25.75
8999,247,20.714
9000,260,25.655
9001,251,25.655
9002,250,25.655
9003,240,25.655
9004,237,16.813
9005,236,16.813
9006,225,20.241
9007,241,22.245
9008,242,22.245
9009,241,22.245
9010,240,24.594
9011,234,24.594
9012,222,24.594
9013,225,24.594
9014,233,22.896
9015,220,21.801
9016,226,23.036
9017,227,17.108
9018,231,18.977
9019,215,25.24
9020,213,25.24
9021,247,25.24
9022,246,25.24
9023,259,25.24
9024,276,25.24
9025,233,25.24
9026,243,25.24
9027,243,26.572
9028,225,26.572
9029,223,26.572
9030,229,19.15
9031,219,25.081
9032,222,25.081
9033,217,25.081
9034,219,25.081
9035,220,26.053
9036,252,26.112
9037,217,26.053
9038,220,24.531
9039,211,24.531
9040,203,17.108
9041,214,17.108
9042,228,19.737
9043,235,19.737
9044,228,19.737
9045,218,21.127
9046,222,21.127
9047,239,23.909
9048,231,21.127
9049,229,24.746
9050,228,24.746
9051,228,24.746
9052,229,20.965
9053,245,27.033
9054,247,27.033
9055,239,27.033
9056,230,21.544
9057,233,21.544
9058,249,26.471
9059,250,20.702
9060,260,24.687
9061,264,26.035
9062,264,21.133
9063,271,21.133
9064,271,21.133
9065,257,21.133
9066,242,26.889
9067,239,26.889
9068,243,26.889
9069,259,26.889
9070,255,22.789
9071,246,23.478
9072,250,24.83
9073,239,23.478
9074,241,27.188
9075,248,27.188
9076,240,27.188
9077,246,26.333
9078,254,26.333
9079,260,26.333
9080,247,20.702
9081,230,20.702
9082,256,20.702
9083,251,26.856
9084,258,26.856
9085,238,26.856
9086,262,26.856
9087,229,26.856
9088,203,26.856
9089,196,26.856
9090,199,20.702
9091,197,20.702
9092,205,20.702
9093,197,20.702
9094,195,22.922
9095,202,22.922
9096,234,22.922
9097,253,22.922
9098,240,22.922
9099,243,22.922
9100,232,22.922
9101,266,22.922
9102,281,22.922
9103,251,25.849
9104,266,22.922
9105,271,21.347
9106,274,21.347
9107,275,21.347
9108,274,21.347
9109,259,21.347
9110,264,21.347
9111,270,23.804
9112,251,23.804
9113,253,23.804
9114,247,26.925
9115,244,26.925
9116,246,26.925
9117,246,26.925
9118,245,26.925
9119,247,25.876
9120,244,25.876
9121,235,25.876
9122,240,25.876
9123,233,25.876
9124,238,25.876
9125,241,25.876
9126,244,24.394
9127,248,24.394
9128,257,23.153
9129,234,23.153
9130,233,25.158
9131,223,25.158
9132,245,25.158
9133,224,23.153
9134,239,23.153
9135,223,23.153
9136,236,23.153
9137,244,23.153
9138,253,27.03
9139,243,27.03
9140,250,27.03
9141,248,27.03
9142,253,22.822
9143,250,20.444
9144,254,25.499
9145,246,20.444
9146,240,20.444
9147,220,24.438
9148,234,24.438
9149,248,24.438
9150,248,24.438
9151,266,24.438
9152,263,26.453
9153,263,26.453
9154,269,26.453
9155,281,26.453
9156,272,26.462
9157,257,26.462
9158,255,26.462
9159,249,24.665
9160,249,24.665
9161,235,24.158
9162,237,19.168
9163,230,24.964
9164,223,24.964
9165,228,25.669
9166,234,24.662
9167,232,25.126
9168,233,19.761
9169,232,19.761
9170,252,22.955
9171,256,19.761
9172,239,19.761
9173,236,20.576
9174,284,20.576
9175,287,22.176
9176,276,24.118
9177,276,24.118
9178,283,24.118
9179,279,24.118
9180,264,24.118
9181,264,24.118
9182,251,22.176
9183,249,22.176
9184,246,21.745
9185,226,27.263
9186,244,27.263
9187,233,22.088
9188,234,22.088
9189,216,19.557
9190,217,18.559
9191,221,23.057
9192,222,23.057
9193,231,23.057
9194,235,24.229
9195,231,24.229
9196,224,24.229
9197,234,24.229
9198,237,24.229
9199,234,26.352
9200,266,26.352
9201,283,26.352
9202,278,26.352
9203,281,22.432
9204,279,22.432
9205,264,22.845
9206,230,22.845
9207,235,22.845
9208,238,16.262
9209,231,22.83
9210,247,14.666
9211,236,14.666
9212,262,15.196
9213,267,15.196
9214,260,21.757
9215,244,26.851
9216,252,26.851
9217,258,26.851
9218,261,26.851
9219,259,26.851
9220,266,26.69
9221,263,26.69
9222,263,27.228
9223,264,23.132
9224,261,23.132
9225,233,23.132
9226,230,23.132
9227,227,23.132
9228,237,23.132
9229,235,23.132
9230,227,24.016
9231,237,24.016
9232,260,24.016
9233,268,24.016
9234,269,27.243
9235,277,27.243
9236,273,27.243
9237,264,27.243
9238,273,27.243
9239,256,27.243
9240,257,27.243
9241,263,27.243
9242,266,27.243
9243,270,27.243
9244,277,27.243
9245,257,27.243
9246,262,27.243
9247,261,27.243
9248,256,27.243
9249,235,27.243
9250,260,27.243
9251,255,27.243
9252,256,27.243
9253,253,27.243
9254,248,27.243
9255,249,26.477
9256,246,26.477
9257,246,26.477
9258,259,26.477
9259,253,22.821
9260,262,26.246
9261,267,26.246
9262,263,26.492
9263,264,26.402
9264,264,26.402
9265,273,26.402
9266,255,26.521
9267,248,24.704
9268,259,24.704
9269,260,24.704
9270,260,24.704
9271,259,26.617
9272,263,24.704
9273,264,23.556
9274,255,22.89
9275,267,21.236
9276,268,21.236
9277,280,19.285
9278,276,19.285
9279,281,19.285
9280,256,26.988
9281,273,26.988
9282,270,23.629
9283,271,25.093
9284,278,25.093
9285,273,25.093
9286,277,25.093
9287,270,25.497
9288,270,25.497
9289,268,25.497
9290,262,25.497
9291,262,25.497
9292,261,22.627
9293,261,22.627
9294,253,26.543
9295,246,26.543
9296,252,26.543
9297,257,26.543
9298,248,26.543
9299,255,26.543
9300,266,26.543
9301,269,26.543
9302,260,26.543
9303,249,26.543
9304,242,17.975
9305,239,20.522
9306,258,20.522
9307,272,20.597
9308,247,20.522
9309,229,22.262
9310,223,21.619
9311,236,21.619
9312,234,21.619
9313,233,26.041
9314,243,26.041
9315,221,26.041
9316,226,26.041
9317,224,26.041
9318,217,26.041
9319,222,26.041
9320,222,26.041
9321,219,26.041
9322,216,26.041
9323,220,26.041
9324,227,26.041
9325,223,17.839
9326,219,23.904
9327,225,23.904
9328,225,22.92
9329,229,23.697
9330,229,23.697
9331,230,25.909
9332,230,25.909
9333,223,24.833
9334,223,24.833
9335,219,25.739
9336,242,25.739
9337,242,25.739
9338,245,27.074
9339,267,27.074
9340,268,27.074
9341,263,27.074
9342,263,27.074
9343,266,24.247
9344,243,24.247
9345,237,24.247
9346,222,25.9
9347,236,23.697
9348,240,23.697
9349,250,20.071
9350,259,20.071
9351,251,20.071
9352,248,21.461
9353,270,21.461
9354,263,21.461
9355,264,24.719
9356,252,25.323
9357,239,23.658
9358,257,21.461
9359,251,21.461
9360,243,21.461
9361,244,19.471
9362,245,20.68
9363,241,23.058
9364,237,23.058
9365,246,23.058
9366,246,20.81
9367,246,21.479
9368,248,21.479
9369,250,26.092
9370,245,26.092
9371,243,26.092
9372,243,26.092
9373,254,26.092
9374,263,25.24
9375,248,25.835
9376,246,25.835
9377,246,25.835
9378,265,26.83
9379,255,26.83
9380,258,26.83
9381,263,26.83
9382,278,26.83
9383,259,14.104
9384,259,14.104
9385,254,18.774
9386,259,18.774
9387,272,23.729
9388,265,18.774
9389,286,26.83
9390,266,14.104
9391,268,14.104
9392,253,14.104
9393,256,14.104
9394,267,14.104
9395,257,26.393
9396,254,16.783
9397,228,16.783
9398,230,16.783
9399,240,26.845
9400,242,18.875
9401,257,22.774
9402,260,26.851
9403,265,21.524
9404,248,21.524
9405,241,21.524
9406,208,24.902
9407,215,15.536
9408,210,12.285
9409,219,26.228
9410,227,26.228
9411,230,26.228
9412,231,16.505
9413,228,25.688
9414,222,23.321
9415,230,16.505
9416,249,24.023
9417,248,23.01
9418,234,21.417
9419,234,25.526
9420,238,25.526
9421,238,25.526
9422,254,25.526
9423,260,25.526
9424,235,25.526
9425,245,25.526
9426,241,25.526
9427,233,25.526
9428,248,26.728
9429,251,26.728
9430,249,26.728
9431,252,26.728
9432,253,26.728
9433,255,20.794
9434,247,20.794
9435,250,20.794
9436,268,20.794
9437,280,21.099
9438,280,23.314
9439,297,23.314
9440,282,23.314
9441,288,23.314
9442,280,20.217
9443,294,26.617
9444,281,26.617
9445,284,26.617
9446,264,20.163
9447,268,17.274
9448,266,15.396
9449,266,15.396
9450,267,16.259
9451,253,25.306
9452,252,25.306
9453,256,25.306
9454,261,25.306
9455,254,25.306
9456,246,25.306
9457,237,25.306
9458,224,25.306
9459,228,25.306
9460,231,25.306
9461,214,25.306
9462,236,25.306
9463,240,25.306
9464,253,25.306
9465,250,25.306
9466,254,25.306
9467,238,25.306
9468,236,25.306
9469,239,25.306
9470,240,25.306
9471,219,25.306
9472,217,25.306
9473,230,20.191
9474,231,21.142
9475,225,23.559
9476,225,23.559
9477,231,23.559
9478,230,23.559
9479,231,24.687
9480,231,24.687
9481,247,23.559
9482,279,23.559
9483,268,23.559
9484,272,23.559
9485,269,21.47
9486,257,21.47
9487,255,21.47
9488,241,20.744
9489,257,13.629
9490,259,14.125
9491,259,14.125
9492,257,14.66
9493,244,14.66
9494,246,20.275
9495,246,20.275
9496,251,12.497
9497,266,8.799
9498,258,19.712
9499,267,22.13
9500,264,22.13
9501,272,22.13
9502,278,21.906
9503,278,21.906
9504,279,21.906
9505,281,21.906
9506,277,19.32
9507,277,20.047
9508,265,20.047
9509,291,20.047
9510,291,18.526
9511,289,21.201
9512,285,21.201
9513,285,21.201
9514,292,21.638
9515,282,21.638
9516,277,21.638
9517,281,21.638
9518,278,26.905
9519,278,26.905
9520,266,26.905
9521,268,26.905
9522,263,26.905
9523,263,26.905
9524,246,21.837
9525,266,21.837
9526,273,21.837
9527,285,21.837
9528,279,21.837
9529,283,20.239
9530,269,20.239
9531,249,23.192
9532,246,23.192
9533,248,23.192
9534,275,26.569
9535,278,26.755
9536,282,26.755
9537,268,26.755
9538,291,26.755
9539,275,26.755
9540,283,26.755
9541,277,26.755
9542,271,26.755
9543,248,26.755
9544,253,26.755
9545,254,26.755
9546,251,24.058
9547,259,20.364
9548,253,23.111
9549,232,27.053
9550,238,27.254
9551,242,27.254
9552,244,27.254
9553,251,27.254
9554,251,27.254
9555,252,27.254
9556,250,27.254
9557,241,25.828
9558,241,25.828
9559,234,26.506
9560,235,25.102
9561,246,24.444
9562,251,24.444
9563,251,26.109
9564,251,26.109
9565,255,24.74
9566,258,25.078
9567,270,25.078
9568,281,26.776
9569,278,26.776
9570,285,26.776
9571,281,26.776
9572,287,26.776
9573,276,26.638
9574,271,26.638
9575,274,26.638
9576,277,26.638
9577,274,26.638
9578,271,23.889
9579,272,23.889
9580,274,23.889
9581,273,23.889
9582,274,26.421
9583,263,26.421
9584,259,26.421
9585,258,26.421
9586,255,26.421
9587,255,26.421
9588,252,26.421
9589,248,27.191
9590,258,27.191
9591,256,27.191
9592,256,27.191
9593,259,27.191
9594,268,26.421
9595,267,26.421
9596,272,25.391
9597,289,25.391
9598,293,25.391
9599,273,25.391
9600,268,25.391
9601,270,25.391
9602,262,25.783
9603,249,25.391
9604,253,25.391
9605,256,25.391
9606,260,25.391
9607,264,25.391
9608,278,25.391
9609,268,25.391
9610,258,25.391
9611,269,25.391
9612,280,25.391
9613,282,25.391
9614,272,25.391
9615,275,26.483
9616,271,26.483
9617,279,25.391
9618,273,25.391
9619,293,25.391
9620,288,25.391
9621,286,25.616
9622,288,25.616
9623,284,25.616
9624,291,26.905
9625,298,26.905
9626,310,26.905
9627,322,26.905
9628,321,27.203
9629,311,27.203
9630,305,27.203
9631,298,27.203
9632,276,27.089
9633,277,26.905
9634,263,26.905
9635,260,26.905
9636,261,26.905
9637,252,26.905
9638,264,26.905
9639,250,26.905
9640,244,26.905
9641,241,26.905
9642,231,26.905
9643,228,26.905
9644,228,26.905
9645,255,26.905
9646,264,26.905
9647,289,26.905
9648,286,26.905
9649,275,26.905
9650,281,26.905
9651,274,20.448
9652,265,20.448
9653,257,19.841
9654,264,20.278
9655,237,21.266
9656,246,21.266
9657,251,23.598
9658,256,23.598
9659,252,23.598
9660,262,23.598
9661,245,23.598
9662,246,21.148
9663,250,24.462
9664,243,19.168
9665,251,19.168
9666,247,18.439
9667,247,17.901
9668,270,26.811
9669,278,26.811
9670,272,26.811
9671,244,19.234
9672,233,19.234
9673,238,18.565
9674,254,23.547
9675,258,23.547
9676,257,26.746
9677,248,26.746
9678,251,26.746
9679,255,26.746
9680,250,26.746
9681,252,23.281
9682,248,24.552
9683,253,24.552
9684,255,26.922
9685,252,24.632
9686,256,24.632
9687,260,24.632
9688,278,24.632
9689,266,24.632
9690,268,24.632
9691,267,24.632
9692,242,24.632
9693,243,23.619
9694,247,23.619
9695,230,26.007
9696,224,23.619
9697,226,20.208
9698,226,20.208
9699,219,21.356
9700,231,21.219
9701,237,26.42
9702,235,26.393
9703,222,26.393
9704,222,26.393
9705,234,26.298
9706,231,26.298
9707,247,26.298
9708,253,26.298
9709,251,26.298
9710,241,26.298
9711,227,26.298
9712,226,26.298
9713,242,26.298
9714,262,26.298
9715,252,26.298
9716,254,26.298
9717,233,26.298
9718,246,26.298
9719,244,26.298
9720,237,25.774
9721,237,25.774
9722,251,25.774
9723,254,25.774
9724,247,23.607
9725,247,20.411
9726,231,15.833
9727,229,15.833
9728,222,25.275
9729,226,25.275
9730,231,25.275
9731,251,26.564
9732,274,26.713
9733,277,26.713
9734,291,26.713
9735,280,26.713
9736,282,26.564
9737,285,26.564
9738,301,26.564
9739,290,26.564
9740,270,26.564
9741,259,26.035
9742,266,26.035
9743,276,26.775
9744,268,26.775
9745,256,26.035
9746,241,25.966
9747,240,25.966
9748,231,25.966
9749,241,25.966
9750,230,25.966
9751,227,25.966
9752,223,25.966
9753,230,26.477
9754,228,26.477
9755,227,26.477
9756,229,25.057
9757,226,25.057
9758,224,25.057
9759,246,26.028
9760,244,26.028
9761,242,26.028
9762,242,26.028
9763,246,26.028
9764,242,22.971
9765,233,26.896
9766,230,26.896
9767,224,25.924
9768,230,25.924
9769,238,25.924
9770,246,23.132
9771,258,23.132
9772,256,23.132
9773,251,23.132
9774,278,24.301
9775,278,24.301
9776,262,24.301
9777,263,24.301
9778,253,24.301
9779,258,24.301
9780,245,24.301
9781,246,18.915
9782,240,23.363
9783,244,23.363
9784,215,21.918
9785,233,19.04
9786,218,19.04
9787,215,19.296
9788,215,19.04
9789,220,23.111
9790,218,19.04
9791,220,25.276
9792,224,25.276
9793,222,24.845
9794,220,24.845
9795,234,24.845
9796,222,24.845
9797,231,19.04
9798,235,15.952
9799,249,15.952
9800,250,14.373
9801,243,10.838
9802,229,10.838
9803,247,13.187
9804,245,13.187
9805,243,13.187
9806,241,25.578
9807,254,25.563
9808,260,25.563
9809,263,15.42
9810,264,20.967
9811,277,20.967
9812,280,24.056
9813,305,24.606
9814,292,25.332
9815,296,24.606
9816,285,22.896
9817,281,21.931
9818,277,26.746
9819,272,26.746
9820,262,26.746
9821,264,25.75
9822,275,24.241
9823,274,24.241
9824,277,24.241
9825,265,26.901
9826,261,26.901
9827,258,26.901
9828,242,26.901
9829,248,26.486
9830,249,26.486
9831,247,23.105
9832,245,25.323
9833,233,25.323
9834,243,19.713
9835,237,20.78
9836,232,20.78
9837,247,20.78
9838,240,20.78
9839,237,20.78
9840,229,26.593
9841,237,26.593
9842,230,26.593
9843,222,26.593
9844,227,26.593
9845,243,26.593
9846,242,26.593
9847,224,26.593
9848,235,25.622
9849,244,26.545
9850,233,26.545
9851,234,20.749
9852,224,20.749
9853,224,20.749
9854,228,17.105
9855,229,19.583
9856,229,19.583
9857,232,23.67
9858,234,21.813
9859,231,21.813
9860,212,25.936
9861,211,25.936
9862,208,25.936
9863,221,26.038
9864,207,27.186
9865,215,25.936
9866,224,25.936
9867,228,26.029
9868,229,26.029
9869,250,26.029
9870,245,26.029
9871,265,26.029
9872,261,26.029
9873,274,26.029
9874,243,26.029
9875,235,26.029
9876,256,26.029
9877,251,24.552
9878,253,24.552
9879,258,24.552
9880,258,26.926
9881,240,26.926
9882,236,26.926
9883,246,26.926
9884,253,26.926
9885,248,26.926
9886,250,23.934
9887,242,23.934
9888,247,23.934
9889,242,23.934
9890,236,26.095
9891,244,26.095
9892,234,26.095
9893,250,25.727
9894,237,25.727
9895,251,24.767
9896,262,25.308
9897,263,25.308
9898,239,25.308
9899,246,26.537
9900,254,26.537
9901,256,26.537
9902,262,26.79
9903,262,26.79
9904,251,26.79
9905,257,26.537
9906,248,26.537
9907,231,26.537
9908,229,26.537
9909,221,26.537
9910,223,26.537
9911,219,25.819
9912,228,25.574
9913,221,25.389
9914,220,25.389
9915,212,25.389
9916,226,25.389
9917,225,25.389
9918,240,26.677
9919,235,26.677
9920,227,26.677
9921,229,26.677
9922,244,26.677
9923,248,20.714
9924,251,19.976
9925,251,19.976
9926,238,18.636
9927,243,19.58
9928,236,19.712
9929,234,18.98
9930,224,24.11
9931,237,25.598
9932,215,24.11
9933,215,24.11
9934,225,24.11
9935,231,24.11
9936,228,23.303
9937,252,19.03
9938,252,19.03
9939,252,19.03
9940,257,19.03
9941,281,19.03
9942,294,27.176
9943,291,27.176
9944,300,25.81
9945,289,19.03
9946,280,19.03
9947,267,20.818
9948,271,25.625
9949,286,25.625
9950,293,25.625
9951,292,21.094
9952,303,21.094
9953,300,21.094
9954,290,21.38
9955,286,21.38
9956,292,26.393
9957,288,26.97
9958,265,26.97
9959,265,26.97
9960,259,26.393
9961,244,24.474
9962,249,25.335
9963,232,25.335
9964,230,25.335
9965,233,25.335
9966,238,25.335
9967,241,25.335
9968,242,25.335
9969,248,25.335
9970,240,25.706
9971,245,25.335
9972,237,25.335
9973,245,25.335
9974,272,25.335
9975,265,25.335
9976,261,25.335
9977,254,25.732
9978,255,25.732
9979,256,25.732
9980,255,25.732
9981,251,26.555
9982,247,26.555
9983,243,26.555
9984,258,26.555
9985,257,26.555
9986,247,26.555
9987,245,26.555
9988,231,26.555
9989,256,26.555
9990,251,26.555
9991,242,26.555
9992,259,26.555
9993,268,26.555
9994,250,26.555
9995,248,26.555
9996,245,26.555
9997,225,26.555
9998,250,26.555
9999,261,19.542
