step,cut_edges,max_dev_pct
0,253,4.043
1,252,5.281
2,248,5.281
3,239,5.445
4,236,5.072
5,231,5.586
6,246,5.669
7,234,5.669
8,242,6.012
9,255,6.012
10,254,5.669
11,239,4.712
12,234,4.712
13,243,4.712
14,247,4.712
15,264,5.816
16,264,5.816
17,269,5.816
18,268,5.816
19,259,5.367
20,259,5.367
21,258,5.367
22,256,5.882
23,256,5.882
24,252,5.882
25,273,5.367
26,254,5.436
27,235,5.436
28,236,5.367
29,236,5.406
30,243,4.362
31,255,4.853
32,243,4.362
33,248,4.362
34,251,4.362
35,245,5.675
36,246,4.883
37,254,4.883
38,276,4.883
39,266,4.174
40,262,4.174
41,251,4.999
42,249,4.999
43,262,5.032
44,262,5.786
45,268,5.786
46,250,5.786
47,244,5.786
48,253,5.786
49,252,5.932
50,252,5.932
51,248,5.932
52,234,5.95
53,225,5.95
54,228,5.95
55,230,5.95
56,237,5.376
57,255,5.513
58,270,5.376
59,264,5.376
60,282,5.376
61,290,5.012
62,274,5.012
63,284,5.012
64,288,5.012
65,288,5.012
66,270,5.012
67,261,4.105
68,252,4.105
69,270,4.724
70,270,4.724
71,279,3.397
72,282,3.945
73,270,4.587
74,275,4.587
75,274,5.9
76,277,4.276
77,269,4.276
78,264,4.276
79,264,4.276
80,272,5.843
81,273,5.843
82,261,5.843
83,253,5.843
84,253,5.843
85,253,5.843
86,243,5.843
87,253,5.843
88,255,5.843
89,257,5.843
90,272,5.48
91,272,5.48
92,279,5.48
93,281,5.807
94,280,5.807
95,280,5.807
96,270,5.532
97,271,5.48
98,259,5.48
99,268,5.48
100,270,5.48
101,285,6.033
102,264,5.666
103,263,5.48
104,261,6.007
105,260,6.007
106,262,6.007
107,264,5.48
108,260,5.48
109,263,5.48
110,262,5.48
111,269,5.48
112,269,5.268
113,270,5.268
114,271,5.268
115,281,5.268
116,262,5.268
117,256,5.268
118,256,5.268
119,254,5.268
120,260,5.268
121,244,5.268
122,243,5.764
123,242,5.764
124,251,5.764
125,265,4.652
126,253,4.652
127,252,4.652
128,245,4.647
129,245,4.647
130,258,5.293
131,259,4.327
132,260,4.426
133,258,4.426
134,247,4.423
135,255,4.423
136,268,5.214
137,257,5.275
138,255,5.214
139,266,5.214
140,278,5.009
141,281,5.009
142,280,5.009
143,264,5.009
144,261,5.009
145,287,5.009
146,290,5.009
147,286,5.28
148,301,5.516
149,308,5.516
150,316,5.693
151,315,5.693
152,289,5.997
153,275,5.997
154,262,5.997
155,299,5.719
156,289,5.719
157,286,5.716
158,233,5.716
159,235,5.716
160,234,5.716
161,241,5.716
162,244,5.716
163,243,5.716
164,247,5.716
165,251,5.716
166,285,5.716
167,281,5.009
168,268,5.009
169,269,5.009
170,265,5.2
171,257,5.2
172,242,5.218
173,239,5.218
174,239,5.218
175,254,5.14
176,236,5.009
177,229,5.009
178,235,5.009
179,243,5.009
180,237,5.866
181,246,5.866
182,243,5.866
183,259,5.684
184,257,5.684
185,258,6.021
186,257,6.021
187,247,6.021
188,244,6.021
189,244,6.021
190,242,5.421
191,242,5.421
192,240,5.421
193,241,5.9
194,244,5.9
195,266,5.9
196,265,5.346
197,303,5.9
198,267,5.346
199,268,5.346
200,273,5.211
201,272,4.736
202,273,4.736
203,293,4.004
204,297,3.944
205,288,4.793
206,288,4.793
207,306,4.793
208,305,4.793
209,283,4.742
210,274,5.474
211,274,5.474
212,288,5.474
213,308,5.412
214,297,4.332
215,297,4.332
216,296,5.9
217,291,5.9
218,288,5.9
219,295,5.9
220,295,5.9
221,305,5.9
222,323,5.9
223,327,5.9
224,322,5.9
225,330,5.9
226,330,5.9
227,330,5.9
228,306,5.9
229,297,5.9
230,275,5.9
231,277,5.983
232,286,5.983
233,286,5.983
234,274,5.9
235,271,5.9
236,252,5.9
237,264,5.9
238,258,5.9
239,246,5.9
240,264,5.9
241,273,5.9
242,267,5.9
243,248,5.9
244,248,5.9
245,280,5.9
246,280,5.9
247,239,5.9
248,249,5.9
249,269,5.9
250,266,5.9
251,261,5.9
252,262,5.9
253,270,5.9
254,277,5.9
255,277,5.9
256,275,5.9
257,282,5.9
258,249,5.9
259,231,5.9
260,234,5.9
261,236,5.98
262,240,5.9
263,242,5.9
264,276,5.9
265,276,5.9
266,280,5.9
267,252,5.962
268,252,5.962
269,245,5.962
270,252,5.962
271,259,5.962
272,254,5.962
273,248,5.962
274,262,5.9
275,255,5.9
276,242,5.9
277,230,5.9
278,231,5.9
279,230,5.9
280,230,5.9
281,231,5.9
282,231,5.9
283,235,5.9
284,238,5.9
285,245,5.9
286,249,5.9
287,250,5.9
288,255,5.9
289,252,5.9
290,255,5.9
291,251,5.9
292,236,5.9
293,240,5.9
294,245,5.9
295,249,5.9
296,251,5.9
297,248,5.9
298,244,6.036
299,245,6.036
300,242,5.9
301,242,5.9
302,247,5.9
303,254,5.9
304,247,5.9
305,245,5.9
306,257,5.9
307,267,5.9
308,286,5.9
309,287,5.9
310,294,5.9
311,289,5.9
312,264,5.9
313,265,5.935
314,266,5.935
315,283,5.935
316,288,5.935
317,292,5.935
318,284,5.935
319,262,5.9
320,248,5.9
321,246,5.9
322,246,5.9
323,251,5.9
324,258,5.9
325,264,5.9
326,282,5.9
327,284,5.9
328,301,5.9
329,295,5.9
330,322,5.9
331,315,5.9
332,298,5.9
333,296,5.9
334,306,5.9
335,305,5.9
336,303,5.9
337,308,5.9
338,308,5.9
339,301,5.9
340,290,5.9
341,288,5.9
342,289,5.9
343,272,5.9
344,270,5.9
345,265,5.9
346,280,5.9
347,280,5.9
348,260,5.9
349,267,5.929
350,269,5.9
351,258,5.935
352,259,5.935
353,263,5.9
354,264,5.836
355,265,5.528
356,258,5.528
357,257,5.528
358,269,5.528
359,271,5.528
360,257,5.528
361,264,5.528
362,259,5.528
363,265,5.528
364,255,5.609
365,263,5.609
366,258,5.609
367,266,5.609
368,278,5.609
369,278,5.609
370,267,5.609
371,252,5.609
372,261,5.621
373,257,5.621
374,255,5.621
375,262,5.621
376,255,5.693
377,254,5.256
378,254,5.833
379,243,5.833
380,252,5.833
381,249,5.833
382,244,5.833
383,248,5.833
384,247,5.833
385,233,5.833
386,233,5.833
387,234,5.833
388,230,4.614
389,237,3.436
390,248,5.104
391,244,5.074
392,253,5.382
393,248,3.436
394,264,3.933
395,256,3.933
396,262,3.933
397,291,3.933
398,271,3.933
399,256,3.105
400,251,3.105
401,247,3.105
402,249,3.105
403,249,5.816
404,250,5.816
405,251,5.816
406,247,5.816
407,250,5.816
408,250,5.816
409,258,5.816
410,262,5.816
411,264,5.308
412,273,5.308
413,273,5.308
414,288,5.308
415,301,5.308
416,299,3.071
417,288,5.066
418,263,5.066
419,255,5.917
420,242,5.066
421,232,5.066
422,230,4.73
423,230,5.612
424,243,5.818
425,241,5.818
426,253,5.971
427,253,5.971
428,254,5.971
429,243,4.282
430,244,3.335
431,239,3.58
432,225,3.58
433,223,3.58
434,219,3.58
435,216,4.572
436,214,4.572
437,216,4.619
438,222,3.729
439,220,5.211
440,231,5.628
441,230,5.628
442,226,5.628
443,241,5.628
444,235,5.628
445,239,5.628
446,235,5.628
447,236,5.628
448,236,5.628
449,254,5.628
450,256,5.251
451,256,5.251
452,255,5.251
453,256,5.251
454,256,5.251
455,238,5.301
456,230,5.301
457,231,5.251
458,226,5.504
459,223,5.822
460,228,5.822
461,222,5.822
462,210,6.013
463,214,5.822
464,213,5.822
465,216,5.822
466,244,5.854
467,240,5.822
468,244,5.977
469,246,5.822
470,229,5.822
471,228,4.519
472,236,5.612
473,236,5.631
474,268,5.944
475,265,5.631
476,266,5.861
477,278,5.861
478,276,5.861
479,266,5.861
480,265,5.502
481,265,5.502
482,243,5.89
483,246,5.89
484,251,5.502
485,235,5.502
486,227,5.6
487,221,5.502
488,226,5.502
489,237,5.654
490,260,5.935
491,276,5.935
492,282,5.935
493,283,5.947
494,295,5.947
495,300,5.947
496,298,5.947
497,296,5.947
498,290,5.947
499,289,5.947
500,282,5.604
501,282,6.015
502,275,6.015
503,282,6.015
504,285,6.015
505,292,6.015
506,292,6.015
507,256,5.789
508,256,5.789
509,260,5.789
510,269,5.46
511,274,5.46
512,279,5.077
513,284,3.316
514,275,5.218
515,295,3.531
516,299,5.719
517,292,5.719
518,298,5.719
519,291,5.719
520,291,5.719
521,275,5.719
522,279,5.719
523,259,5.719
524,244,5.719
525,241,5.719
526,236,5.719
527,239,5.935
528,229,5.935
529,227,5.935
530,227,5.719
531,227,5.719
532,234,5.634
533,244,5.166
534,234,5.298
535,229,5.298
536,213,5.298
537,219,4.432
538,219,5.009
539,221,5.009
540,223,5.009
541,223,5.009
542,232,4.504
543,231,4.504
544,242,3.08
545,243,4.838
546,221,5.409
547,220,5.409
548,227,4.838
549,221,5.057
550,235,5.057
551,237,5.561
552,232,5.561
553,248,5.561
554,227,5.684
555,243,5.561
556,250,5.561
557,253,4.809
558,255,5.388
559,262,4.809
560,259,5.451
561,243,4.809
562,239,3.974
563,238,4.638
564,238,4.638
565,224,4.888
566,220,4.888
567,224,4.638
568,212,4.638
569,215,5.113
570,215,3.529
571,216,3.726
572,214,5.158
573,213,5.158
574,208,4.12
575,207,4.12
576,223,4.12
577,222,3.589
578,223,3.589
579,223,3.589
580,223,3.589
581,234,4.133
582,243,4.133
583,250,4.133
584,237,4.133
585,242,5.622
586,240,5.622
587,231,5.622
588,236,5.622
589,234,5.622
590,235,5.622
591,230,5.349
592,235,5.349
593,245,4.273
594,243,4.273
595,271,4.921
596,252,4.921
597,263,4.921
598,258,4.921
599,258,4.921
600,273,4.921
601,265,4.193
602,284,4.193
603,284,4.193
604,265,4.193
605,252,4.229
606,257,5.546
607,265,5.546
608,236,5.546
609,230,5.582
610,230,5.203
611,234,5.438
612,235,5.438
613,230,5.438
614,221,5.897
615,232,5.897
616,253,5.897
617,252,5.897
618,254,5.897
619,254,5.173
620,253,5.173
621,251,5.716
622,265,5.716
623,264,5.149
624,263,4.703
625,264,4.703
626,273,5.305
627,264,5.305
628,268,5.6
629,269,5.6
630,270,5.642
631,278,5.642
632,277,5.642
633,265,5.642
634,262,5.199
635,245,5.199
636,248,5.199
637,242,5.036
638,244,4.985
639,243,4.985
640,241,4.985
641,248,4.985
642,251,3.971
643,250,3.75
644,247,3.08
645,247,3.08
646,258,5.275
647,253,3.371
648,252,3.371
649,240,4.596
650,237,5.852
651,240,5.852
652,240,5.852
653,244,5.852
654,244,4.748
655,241,4.626
656,236,5.807
657,239,5.807
658,240,5.807
659,245,5.807
660,250,4.981
661,249,4.626
662,250,2.919
663,250,4.318
664,253,4.318
665,254,4.455
666,255,4.318
667,262,5.32
668,253,5.32
669,250,4.318
670,273,5.505
671,265,4.318
672,279,4.318
673,289,4.318
674,272,4.315
675,266,4.91
676,284,4.91
677,283,4.91
678,282,4.716
679,281,3.978
680,285,3.978
681,268,3.978
682,269,5.953
683,276,5.953
684,277,4.581
685,270,4.581
686,273,4.581
687,276,4.581
688,269,4.581
689,280,4.303
690,273,4.303
691,264,4.019
692,264,4.232
693,257,4.232
694,248,5.601
695,254,5.722
696,257,5.722
697,252,5.722
698,246,5.601
699,236,5.903
700,235,4.805
701,242,4.805
702,242,4.659
703,238,3.747
704,246,3.021
705,250,3.021
706,244,5.935
707,234,5.935
708,234,5.989
709,232,5.935
710,229,5.935
711,235,5.935
712,220,5.935
713,240,5.935
714,232,5.935
715,230,5.935
716,234,5.935
717,232,5.935
718,263,5.935
719,273,5.821
720,284,5.821
721,281,4.593
722,298,4.743
723,269,4.743
724,267,4.743
725,260,5.935
726,255,5.935
727,275,5.935
728,283,5.845
729,268,5.845
730,245,5.845
731,246,5.845
732,236,5.845
733,233,5.75
734,234,5.75
735,230,5.75
736,249,5.75
737,264,5.09
738,253,5.09
739,253,5.09
740,246,5.379
741,244,5.597
742,231,5.597
743,248,5.09
744,247,5.069
745,242,5.825
746,237,5.825
747,240,5.825
748,242,5.825
749,236,5.471
750,236,5.471
751,240,5.471
752,252,5.217
753,271,5.947
754,291,5.217
755,298,5.217
756,299,5.217
757,299,5.217
758,300,5.217
759,301,3.442
760,296,3.648
761,266,3.872
762,279,4.948
763,279,4.948
764,273,5.894
765,277,5.894
766,272,5.894
767,261,5.894
768,260,4.21
769,261,5.23
770,263,5.23
771,285,6.031
772,282,6.031
773,280,6.031
774,274,6.031
775,274,6.031
776,243,5.595
777,239,5.887
778,231,5.887
779,233,5.887
780,233,4.984
781,263,4.984
782,264,5.212
783,260,5.212
784,260,4.235
785,251,4.235
786,278,4.235
787,278,4.235
788,287,3.903
789,276,3.903
790,279,5.792
791,272,5.792
792,276,5.137
793,284,5.259
794,285,5.259
795,286,5.822
796,281,5.822
797,269,5.935
798,281,5.935
799,273,5.935
800,277,5.935
801,273,5.935
802,272,6.025
803,280,6.025
804,269,6.025
805,269,6.025
806,290,6.025
807,276,6.025
808,273,5.935
809,259,5.039
810,258,3.989
811,262,4.244
812,264,3.989
813,258,3.989
814,268,4.205
815,271,5.863
816,276,5.19
817,273,5.19
818,273,5.19
819,272,5.421
820,273,5.421
821,267,4.205
822,272,4.205
823,268,4.205
824,271,4.205
825,269,3.971
826,275,4.903
827,284,4.903
828,279,4.903
829,271,4.903
830,270,5.182
831,280,5.182
832,273,5.182
833,264,5.373
834,270,5.373
835,268,5.373
836,282,5.537
837,265,5.305
838,257,5.681
839,260,5.819
840,258,5.819
841,264,5.232
842,263,5.056
843,257,4.569
844,262,4.07
845,262,5.538
846,250,5.538
847,259,5.538
848,252,5.538
849,245,5.538
850,261,5.538
851,236,5.538
852,222,5.538
853,220,4.566
854,219,4.9
855,217,4.9
856,225,5.095
857,228,5.597
858,224,5.597
859,219,4.566
860,212,5.078
861,227,5.078
862,248,4.797
863,248,4.797
864,242,4.797
865,241,5.556
866,244,5.556
867,262,5.723
868,248,5.556
869,243,5.556
870,245,5.606
871,253,5.606
872,251,5.606
873,267,5.445
874,268,5.445
875,263,5.445
876,266,5.445
877,272,5.445
878,276,5.445
879,274,5.295
880,272,5.284
881,270,5.349
882,268,5.995
883,251,5.995
884,249,5.995
885,255,5.995
886,258,5.995
887,264,5.816
888,259,5.816
889,262,5.816
890,264,5.816
891,250,5.816
892,258,5.816
893,281,5.816
894,275,5.816
895,272,5.816
896,262,5.929
897,253,5.816
898,255,5.816
899,265,5.816
900,263,5.816
901,252,4.871
902,251,4.862
903,242,4.862
904,255,5.896
905,255,5.896
906,249,5.896
907,264,5.896
908,259,5.896
909,260,5.896
910,247,5.896
911,259,5.896
912,258,4.241
913,243,4.241
914,244,4.38
915,261,5.854
916,263,5.854
917,264,4.521
918,252,5.065
919,259,4.521
920,273,5.636
921,268,5.687
922,255,5.687
923,254,5.418
924,260,5.418
925,258,5.478
926,260,5.478
927,253,5.478
928,257,5.418
929,256,5.418
930,267,5.418
931,271,5.418
932,246,5.418
933,241,5.959
934,250,5.959
935,247,5.959
936,247,5.959
937,250,5.959
938,250,5.959
939,250,5.959
940,254,5.104
941,257,5.104
942,260,5.104
943,270,5.104
944,267,5.104
945,267,5.953
946,266,5.953
947,268,3.08
948,275,4.408
949,277,3.604
950,268,3.604
951,273,4.154
952,264,5.478
953,251,5.478
954,247,5.478
955,239,5.849
956,253,5.849
957,258,5.478
958,259,5.478
959,258,5.478
960,260,5.478
961,260,5.478
962,251,5.478
963,249,5.478
964,249,5.478
965,247,5.478
966,237,5.478
967,237,5.481
968,237,5.478
969,241,5.478
970,240,6.031
971,232,5.95
972,229,5.95
973,242,5.806
974,242,5.415
975,243,5.415
976,227,5.415
977,224,5.415
978,224,5.415
979,221,5.415
980,230,5.415
981,230,5.415
982,229,5.415
983,231,5.415
984,234,5.415
985,231,5.887
986,232,5.887
987,248,5.887
988,247,5.887
989,247,5.887
990,250,5.887
991,248,5.887
992,277,5.887
993,286,5.887
994,256,5.887
995,251,5.887
996,254,5.821
997,246,4.909
998,246,4.909
999,239,4.909
1000,238,3.08
1001,249,3.08
1002,242,5.675
1003,250,5.675
1004,249,5.675
1005,249,5.675
1006,264,4.27
1007,257,4.94
1008,256,4.94
1009,276,5.194
1010,279,5.194
1011,285,5.571
1012,276,5.603
1013,276,6.001
1014,278,5.603
1015,271,5.571
1016,272,5.571
1017,252,5.625
1018,255,5.625
1019,250,4.411
1020,263,6.003
1021,255,6.003
1022,253,4.973
1023,276,5.185
1024,276,5.185
1025,256,4.973
1026,236,4.973
1027,231,4.973
1028,241,4.973
1029,274,4.973
1030,268,4.973
1031,272,4.318
1032,273,4.318
1033,285,4.593
1034,277,4.094
1035,266,5.884
1036,261,5.884
1037,267,5.884
1038,261,5.884
1039,260,5.884
1040,258,5.884
1041,256,4.925
1042,249,4.925
1043,241,4.925
1044,248,5.882
1045,247,5.882
1046,236,5.882
1047,232,5.882
1048,239,5.882
1049,250,5.882
1050,250,5.882
1051,252,5.882
1052,237,4.166
1053,245,5.855
1054,245,5.855
1055,227,5.855
1056,231,5.968
1057,237,5.968
1058,237,5.968
1059,245,5.968
1060,245,5.968
1061,241,5.855
1062,234,5.855
1063,232,5.807
1064,216,5.807
1065,224,5.807
1066,233,4.348
1067,236,4.348
1068,246,5.959
1069,245,5.959
1070,266,5.959
1071,266,5.935
1072,260,5.935
1073,260,5.935
1074,267,5.935
1075,268,5.935
1076,264,5.935
1077,272,5.935
1078,282,5.935
1079,270,5.935
1080,267,5.983
1081,268,5.983
1082,290,5.983
1083,288,5.983
1084,290,5.771
1085,282,5.771
1086,280,5.771
1087,269,5.771
1088,285,5.245
1089,287,3.834
1090,290,3.834
1091,286,5.349
1092,279,5.349
1093,269,3.834
1094,268,3.493
1095,269,3.493
1096,259,4.172
1097,260,4.172
1098,249,4.172
1099,252,4.238
1100,247,4.238
1101,248,4.238
1102,242,4.238
1103,248,4.238
1104,250,4.709
1105,243,4.709
1106,243,4.709
1107,258,5.137
1108,253,5.137
1109,261,3.837
1110,270,3.837
1111,268,3.837
1112,274,4.659
1113,286,4.659
1114,289,4.659
1115,282,5.128
1116,271,5.427
1117,267,5.427
1118,266,3.714
1119,267,4.655
1120,293,3.714
1121,295,4.079
1122,291,4.079
1123,290,5.864
1124,278,5.864
1125,278,5.864
1126,280,5.864
1127,271,5.864
1128,271,4.826
1129,276,3.08
1130,265,4.635
1131,283,4.635
1132,290,4.635
1133,293,3.08
1134,315,3.08
1135,319,3.673
1136,292,4.934
1137,293,4.934
1138,293,4.934
1139,290,4.934
1140,292,3.863
1141,279,4.832
1142,276,4.832
1143,267,4.832
1144,279,5.92
1145,263,4.832
1146,270,4.886
1147,297,4.886
1148,289,4.94
1149,285,4.94
1150,285,4.94
1151,298,4.94
1152,280,5.556
1153,277,5.556
1154,277,5.556
1155,275,5.598
1156,246,5.598
1157,237,5.598
1158,249,5.598
1159,247,5.598
1160,260,5.598
1161,260,5.598
1162,283,5.598
1163,282,5.532
1164,261,5.532
1165,255,5.861
1166,255,5.113
1167,258,5.113
1168,263,5.462
1169,268,5.208
1170,272,5.113
1171,274,5.873
1172,289,5.873
1173,299,5.873
1174,304,5.113
1175,301,5.113
1176,294,5.113
1177,268,5.146
1178,277,5.406
1179,276,5.406
1180,275,5.406
1181,276,5.406
1182,282,5.406
1183,280,6.006
1184,275,6.006
1185,278,6.006
1186,264,6.006
1187,263,5.332
1188,259,5.332
1189,267,5.332
1190,251,5.768
1191,255,5.768
1192,250,5.768
1193,249,5.768
1194,245,5.768
1195,247,5.932
1196,242,5.932
1197,247,5.932
1198,246,5.932
1199,269,5.932
1200,242,5.932
1201,236,5.932
1202,238,5.932
1203,234,5.932
1204,231,4.156
1205,236,4.665
1206,242,5.331
1207,245,5.331
1208,251,5.331
1209,276,4.665
1210,261,5.424
1211,245,5.424
1212,251,5.424
1213,245,5.582
1214,257,5.873
1215,266,5.873
1216,261,5.056
1217,252,4.082
1218,258,5.699
1219,267,5.699
1220,258,5.699
1221,266,5.699
1222,268,5.699
1223,264,5.699
1224,267,5.699
1225,257,5.699
1226,255,5.699
1227,265,5.699
1228,260,4.868
1229,259,4.868
1230,249,4.868
1231,268,5.292
1232,261,5.292
1233,268,4.106
1234,276,4.554
1235,278,4.554
1236,274,4.554
1237,274,5.947
1238,278,5.947
1239,280,5.98
1240,281,5.98
1241,263,5.921
1242,264,5.921
1243,252,5.64
1244,248,5.64
1245,232,5.64
1246,219,5.64
1247,221,5.64
1248,219,5.64
1249,234,5.64
1250,264,5.505
1251,270,5.505
1252,263,4.136
1253,263,4.136
1254,249,4.506
1255,248,4.641
1256,250,4.641
1257,257,4.641
1258,239,4.641
1259,242,5.427
1260,243,5.427
1261,251,5.427
1262,251,5.427
1263,231,5.427
1264,231,5.427
1265,243,5.427
1266,244,5.427
1267,262,5.427
1268,265,5.427
1269,261,5.092
1270,242,5.098
1271,241,5.098
1272,239,5.098
1273,237,5.098
1274,241,5.098
1275,241,4.936
1276,248,4.936
1277,239,4.936
1278,268,4.936
1279,272,4.936
1280,272,4.936
1281,268,4.936
1282,267,4.936
1283,266,4.936
1284,268,4.904
1285,276,5.026
1286,246,5.026
1287,241,5.825
1288,241,5.026
1289,245,5.675
1290,264,5.675
1291,243,5.842
1292,243,5.842
1293,240,5.675
1294,241,5.846
1295,238,5.846
1296,261,4.76
1297,253,3.879
1298,251,3.879
1299,255,3.023
1300,252,3.815
1301,259,5.544
1302,259,5.544
1303,266,3.815
1304,262,4.976
1305,262,4.976
1306,266,4.507
1307,281,4.715
1308,274,4.715
1309,274,4.715
1310,260,5.017
1311,265,5.716
1312,252,5.902
1313,251,5.902
1314,254,5.902
1315,269,5.731
1316,274,5.711
1317,275,5.711
1318,275,5.711
1319,271,5.711
1320,283,5.711
1321,283,5.711
1322,281,5.711
1323,283,5.738
1324,284,5.738
1325,272,5.738
1326,276,5.738
1327,282,5.738
1328,292,5.738
1329,270,5.738
1330,263,5.738
1331,257,5.738
1332,257,5.738
1333,259,5.738
1334,247,5.738
1335,250,5.738
1336,273,5.738
1337,268,5.738
1338,265,5.738
1339,255,5.738
1340,245,5.738
1341,238,4.447
1342,233,4.447
1343,233,4.447
1344,242,4.447
1345,249,4.698
1346,248,4.698
1347,254,4.698
1348,253,3.951
1349,261,4.453
1350,263,3.711
1351,263,5.244
1352,267,5.244
1353,276,5.244
1354,269,5.187
1355,268,5.187
1356,272,5.187
1357,272,5.187
1358,271,5.187
1359,261,5.187
1360,258,5.905
1361,254,5.905
1362,266,5.905
1363,277,5.319
1364,262,5.319
1365,269,5.134
1366,259,5.134
1367,283,5.262
1368,286,5.87
1369,284,5.87
1370,259,4.333
1371,259,4.333
1372,259,4.333
1373,257,5.298
1374,255,5.298
1375,256,5.298
1376,284,5.298
1377,256,5.298
1378,260,5.298
1379,259,5.169
1380,246,5.169
1381,249,5.169
1382,247,4.492
1383,247,4.492
1384,253,4.492
1385,240,5.032
1386,241,5.316
1387,247,5.032
1388,249,5.032
1389,249,5.032
1390,256,5.864
1391,252,5.032
1392,241,3.57
1393,239,5.965
1394,236,5.965
1395,260,5.965
1396,261,5.915
1397,238,5.915
1398,230,5.002
1399,252,5.002
1400,262,5.002
1401,281,5.002
1402,280,5.002
1403,289,5.002
1404,279,5.002
1405,262,5.002
1406,262,5.002
1407,259,5.002
1408,259,5.002
1409,260,4.459
1410,254,5.956
1411,254,5.956
1412,265,4.605
1413,273,4.605
1414,276,5.137
1415,268,5.137
1416,292,5.296
1417,281,5.179
1418,296,5.137
1419,290,5.137
1420,264,5.604
1421,263,5.604
1422,262,5.137
1423,267,5.137
1424,267,5.137
1425,257,5.137
1426,259,5.643
1427,257,5.137
1428,260,5.137
1429,270,5.137
1430,270,5.137
1431,293,5.137
1432,293,5.648
1433,291,5.137
1434,291,5.427
1435,271,5.427
1436,270,5.427
1437,261,5.427
1438,273,5.427
1439,290,5.427
1440,294,5.137
1441,283,5.137
1442,277,5.137
1443,278,5.552
1444,274,5.552
1445,284,5.552
1446,291,5.552
1447,273,5.552
1448,273,5.552
1449,278,5.552
1450,265,5.552
1451,261,5.552
1452,284,5.552
1453,270,5.552
1454,249,5.552
1455,243,5.552
1456,255,4.628
1457,250,4.628
1458,281,4.628
1459,272,5.932
1460,239,5.932
1461,242,4.724
1462,252,4.724
1463,250,5.4
1464,247,5.4
1465,246,5.4
1466,227,5.4
1467,223,5.4
1468,224,5.4
1469,224,5.4
1470,228,5.4
1471,228,5.4
1472,244,5.4
1473,242,5.379
1474,256,5.379
1475,275,5.498
1476,263,5.576
1477,276,5.379
1478,267,5.61
1479,273,5.965
1480,274,5.965
1481,286,5.965
1482,261,5.965
1483,257,4.62
1484,250,4.513
1485,261,4.259
1486,240,4.632
1487,241,4.632
1488,247,6.04
1489,243,5.314
1490,245,4.198
1491,246,4.198
1492,246,4.198
1493,273,4.659
1494,268,5.825
1495,280,5.825
1496,274,5.825
1497,255,4.078
1498,257,4.078
1499,262,5.101
1500,259,5.101
1501,254,4.781
1502,255,5.962
1503,264,5.962
1504,267,5.962
1505,276,5.962
1506,266,4.498
1507,263,4.781
1508,261,5.459
1509,258,5.459
1510,265,4.498
1511,259,4.498
1512,255,4.498
1513,246,4.498
1514,228,5.684
1515,224,5.684
1516,224,5.684
1517,220,3.493
1518,219,3.526
1519,219,3.526
1520,218,5.879
1521,225,5.879
1522,223,5.879
1523,223,5.311
1524,223,5.311
1525,227,5.311
1526,219,5.311
1527,218,5.311
1528,222,5.311
1529,222,5.311
1530,226,5.311
1531,235,5.311
1532,243,5.528
1533,256,5.528
1534,245,5.528
1535,245,5.755
1536,227,5.311
1537,238,5.311
1538,238,5.311
1539,221,5.528
1540,223,5.528
1541,226,5.528
1542,226,5.528
1543,229,5.528
1544,229,5.528
1545,222,5.528
1546,214,5.528
1547,218,5.528
1548,240,5.528
1549,247,5.528
1550,258,5.528
1551,232,5.528
1552,229,5.528
1553,234,5.528
1554,230,5.528
1555,230,5.528
1556,231,5.528
1557,207,5.528
1558,210,5.528
1559,209,5.223
1560,209,5.223
1561,208,5.223
1562,211,5.223
1563,222,5.595
1564,225,5.595
1565,247,5.595
1566,247,5.595
1567,261,4.557
1568,247,4.557
1569,249,4.377
1570,250,4.957
1571,250,4.957
1572,251,5.211
1573,251,5.211
1574,258,5.95
1575,245,5.95
1576,285,5.95
1577,282,5.95
1578,281,5.95
1579,285,5.95
1580,286,5.95
1581,280,5.03
1582,296,5.03
1583,296,5.03
1584,319,5.051
1585,296,4.835
1586,265,4.767
1587,253,5.98
1588,252,4.767
1589,252,4.767
1590,255,4.888
1591,250,5.613
1592,248,5.613
1593,238,4.888
1594,234,4.888
1595,239,4.888
1596,241,4.447
1597,234,4.447
1598,230,5.824
1599,229,5.194
1600,236,5.194
1601,232,5.194
1602,233,5.194
1603,224,5.194
1604,233,3.38
1605,220,5.989
1606,228,4.255
1607,231,4.123
1608,244,4.123
1609,244,4.123
1610,266,4.123
1611,264,3.93
1612,267,5.624
1613,267,5.624
1614,275,5.624
1615,256,5.624
1616,251,5.624
1617,245,5.624
1618,245,5.624
1619,272,5.624
1620,270,5.801
1621,276,5.624
1622,273,5.953
1623,263,5.953
1624,250,5.624
1625,245,5.624
1626,247,5.624
1627,249,6.004
1628,249,6.004
1629,246,6.004
1630,242,6.004
1631,234,6.004
1632,236,6.004
1633,231,5.624
1634,240,5.624
1635,224,5.747
1636,223,5.747
1637,237,5.747
1638,258,5.774
1639,252,5.624
1640,253,5.624
1641,273,5.624
1642,274,5.624
1643,258,5.813
1644,250,5.813
1645,252,5.813
1646,237,5.813
1647,254,5.813
1648,252,5.813
1649,251,5.813
1650,251,5.813
1651,251,5.813
1652,258,4.539
1653,260,4.539
1654,253,4.525
1655,276,5.146
1656,291,5.146
1657,260,5.284
1658,265,5.284
1659,263,2.668
1660,255,2.668
1661,277,2.668
1662,272,2.685
1663,276,2.685
1664,287,4.01
1665,290,5.277
1666,301,5.277
1667,293,4.279
1668,295,4.279
1669,315,5.328
1670,313,5.89
1671,287,5.89
1672,293,4.605
1673,283,4.605
1674,277,5.657
1675,279,5.137
1676,277,5.245
1677,278,5.137
1678,272,5.137
1679,258,4.034
1680,260,4.034
1681,265,4.034
1682,283,5.071
1683,290,5.071
1684,290,4.034
1685,277,5.066
1686,310,4.303
1687,269,4.034
1688,262,4.034
1689,248,4.034
1690,247,4.865
1691,254,4.865
1692,254,4.865
1693,260,4.868
1694,262,5.669
1695,264,5.595
1696,264,5.595
1697,275,5.595
1698,257,5.598
1699,252,5.598
1700,253,5.598
1701,272,5.908
1702,270,5.908
1703,272,5.908
1704,254,5.598
1705,255,5.598
1706,242,5.598
1707,234,5.598
1708,236,5.598
1709,227,5.598
1710,226,5.762
1711,243,5.762
1712,254,5.574
1713,254,5.574
1714,221,5.574
1715,233,5.622
1716,234,5.574
1717,227,5.574
1718,226,5.574
1719,227,5.574
1720,237,5.574
1721,245,5.299
1722,242,5.299
1723,240,5.914
1724,255,5.914
1725,241,5.914
1726,244,5.914
1727,234,5.914
1728,235,5.441
1729,240,5.441
1730,237,5.441
1731,240,5.441
1732,233,5.441
1733,238,5.441
1734,239,5.441
1735,241,5.983
1736,241,5.983
1737,238,5.983
1738,238,5.983
1739,237,5.986
1740,227,5.983
1741,235,5.983
1742,255,5.983
1743,264,5.983
1744,268,4.36
1745,267,5.998
1746,263,5.998
1747,286,5.998
1748,292,5.998
1749,295,5.998
1750,273,5.998
1751,261,5.998
1752,266,5.998
1753,266,5.998
1754,255,5.998
1755,269,5.908
1756,270,5.625
1757,275,5.625
1758,284,5.869
1759,281,5.869
1760,277,5.305
1761,283,5.305
1762,276,5.305
1763,279,5.305
1764,270,3.983
1765,278,5.983
1766,266,5.983
1767,266,5.983
1768,273,5.983
1769,261,4.704
1770,259,4.832
1771,258,4.832
1772,257,4.832
1773,269,4.832
1774,258,5.929
1775,258,5.929
1776,262,5.929
1777,240,5.929
1778,238,5.929
1779,260,5.929
1780,268,5.929
1781,270,5.532
1782,282,5.532
1783,270,4.788
1784,259,4.788
1785,259,4.788
1786,263,5.595
1787,264,5.595
1788,265,4.788
1789,263,5.427
1790,272,5.427
1791,272,4.788
1792,276,4.788
1793,281,4.921
1794,270,4.921
1795,276,5.779
1796,263,5.779
1797,253,4.617
1798,263,4.617
1799,253,4.617
1800,256,4.617
1801,243,4.617
1802,228,4.617
1803,218,4.617
1804,218,4.617
1805,209,4.617
1806,207,5.848
1807,209,5.69
1808,223,5.69
1809,223,5.69
1810,237,5.69
1811,236,5.69
1812,226,5.69
1813,223,5.803
1814,229,5.803
1815,232,5.803
1816,234,5.803
1817,234,5.803
1818,243,5.803
1819,234,5.803
1820,219,5.803
1821,228,3.882
1822,226,3.882
1823,221,3.882
1824,213,3.882
1825,218,3.882
1826,251,5.343
1827,252,3.879
1828,248,5.574
1829,247,5.574
1830,252,5.574
1831,245,5.574
1832,223,5.146
1833,233,5.146
1834,233,5.146
1835,221,5.726
1836,224,5.726
1837,222,5.726
1838,243,5.457
1839,257,5.615
1840,253,5.457
1841,265,5.457
1842,272,5.457
1843,268,5.457
1844,263,5.594
1845,249,5.594
1846,248,5.594
1847,252,5.594
1848,256,5.693
1849,261,5.693
1850,261,5.693
1851,253,5.272
1852,256,5.272
1853,263,5.944
1854,272,5.944
1855,263,5.944
1856,253,5.744
1857,269,5.385
1858,266,5.555
1859,263,5.555
1860,263,5.555
1861,272,4.333
1862,244,4.64
1863,262,4.64
1864,256,4.85
1865,260,4.193
1866,234,5.026
1867,224,5.026
1868,224,5.026
1869,232,5.026
1870,262,4.921
1871,273,4.921
1872,266,4.679
1873,267,4.193
1874,281,4.193
1875,262,4.885
1876,248,4.193
1877,238,4.193
1878,242,4.557
1879,243,5.253
1880,250,5.253
1881,241,5.253
1882,273,5.253
1883,252,5.253
1884,253,5.253
1885,240,4.661
1886,228,4.686
1887,234,4.686
1888,245,4.686
1889,246,4.77
1890,248,5.917
1891,234,5.029
1892,228,5.029
1893,216,5.029
1894,214,5.474
1895,215,5.474
1896,200,5.474
1897,203,5.839
1898,207,5.029
1899,219,5.438
1900,220,5.438
1901,218,4.921
1902,214,4.921
1903,210,4.921
1904,216,4.921
1905,215,4.921
1906,239,4.921
1907,221,4.921
1908,213,4.802
1909,223,6.039
1910,228,6.039
1911,216,4.77
1912,231,4.835
1913,234,4.835
1914,235,3.328
1915,240,5.362
1916,246,5.362
1917,266,5.362
1918,253,5.362
1919,256,5.362
1920,254,5.362
1921,248,5.362
1922,241,5.708
1923,242,5.708
1924,239,5.708
1925,235,5.708
1926,239,5.708
1927,237,5.708
1928,246,4.844
1929,245,5.403
1930,249,5.403
1931,251,5.403
1932,271,5.403
1933,249,5.403
1934,262,5.403
1935,262,5.403
1936,249,5.403
1937,256,4.485
1938,263,4.485
1939,259,4.324
1940,254,4.151
1941,254,4.151
1942,257,4.151
1943,262,4.151
1944,259,3.903
1945,268,5.268
1946,270,5.268
1947,267,5.011
1948,264,5.011
1949,271,5.011
1950,275,5.693
1951,277,5.693
1952,269,5.693
1953,258,5.693
1954,262,5.693
1955,257,3.864
1956,257,3.864
1957,244,4.15
1958,228,4.15
1959,226,4.15
1960,225,5.005
1961,221,4.581
1962,209,4.581
1963,250,5.125
1964,212,4.67
1965,210,4.67
1966,211,3.43
1967,211,3.43
1968,205,5.87
1969,201,5.87
1970,223,5.974
1971,222,5.997
1972,226,5.997
1973,227,5.974
1974,219,5.974
1975,222,5.974
1976,245,5.974
1977,248,5.974
1978,245,5.974
1979,249,5.974
1980,240,5.702
1981,237,5.702
1982,220,5.702
1983,227,5.702
1984,232,5.702
1985,232,5.702
1986,238,5.702
1987,235,4.706
1988,230,4.426
1989,228,5.359
1990,228,4.707
1991,226,6.036
1992,211,6.036
1993,238,5.023
1994,250,4.372
1995,246,5.98
1996,245,5.98
1997,248,5.98
1998,253,5.98
1999,252,5.98
2000,238,5.487
2001,241,5.487
2002,242,5.487
2003,243,5.487
2004,241,5.487
2005,247,5.373
2006,246,5.373
2007,271,2.901
2008,242,4.138
2009,242,4.138
2010,243,4.138
2011,246,2.766
2012,252,2.766
2013,249,2.647
2014,244,2.647
2015,249,3.253
2016,245,2.647
2017,245,2.647
2018,244,2.647
2019,253,3.666
2020,256,2.647
2021,249,5.122
2022,242,5.122
2023,247,5.894
2024,255,5.894
2025,260,5.894
2026,257,5.894
2027,250,5.894
2028,244,4.357
2029,252,5.2
2030,251,5.657
2031,240,5.657
2032,247,5.657
2033,245,5.552
2034,246,5.552
2035,241,5.81
2036,242,5.81
2037,247,6.004
2038,283,6.004
2039,252,6.004
2040,260,5.965
2041,267,5.81
2042,259,5.607
2043,264,5.607
2044,269,5.607
2045,266,4.99
2046,264,5.998
2047,278,5.998
2048,285,5.998
2049,270,5.998
2050,265,5.998
2051,259,5.998
2052,258,5.998
2053,244,5.998
2054,251,5.998
2055,251,5.998
2056,249,5.998
2057,249,5.998
2058,235,5.998
2059,264,5.998
2060,243,5.998
2061,233,5.684
2062,231,5.684
2063,233,5.684
2064,248,5.684
2065,239,5.684
2066,244,5.684
2067,240,5.684
2068,247,5.684
2069,255,5.684
2070,247,5.684
2071,246,5.684
2072,252,5.693
2073,250,5.693
2074,259,5.158
2075,256,5.158
2076,250,5.158
2077,253,5.34
2078,272,5.98
2079,269,5.492
2080,277,5.34
2081,274,5.34
2082,274,5.34
2083,271,5.158
2084,277,5.158
2085,268,5.158
2086,264,5.158
2087,245,5.158
2088,251,5.158
2089,251,5.158
2090,254,5.158
2091,259,5.158
2092,267,5.158
2093,256,5.158
2094,251,5.158
2095,244,5.158
2096,245,4.91
2097,242,5.684
2098,271,5.568
2099,241,3.098
2100,224,4.303
2101,234,5.444
2102,236,6.019
2103,248,5.444
2104,255,5.444
2105,246,5.444
2106,246,5.444
2107,253,4.365
2108,244,5.468
2109,235,5.468
2110,255,5.468
2111,256,5.468
2112,253,5.468
2113,255,5.468
2114,264,5.468
2115,263,5.468
2116,243,5.468
2117,235,5.468
2118,235,5.468
2119,234,5.468
2120,219,5.468
2121,238,5.468
2122,240,5.468
2123,240,5.468
2124,249,5.908
2125,230,5.908
2126,235,5.908
2127,233,5.737
2128,235,5.737
2129,240,5.855
2130,244,5.855
2131,232,5.855
2132,235,6.025
2133,235,5.639
2134,227,5.639
2135,227,5.639
2136,226,5.639
2137,244,5.639
2138,241,5.639
2139,293,5.639
2140,240,5.639
2141,246,5.639
2142,238,5.639
2143,234,5.639
2144,235,4.686
2145,240,3.771
2146,243,5.344
2147,245,5.344
2148,240,5.344
2149,257,3.703
2150,257,3.703
2151,249,3.703
2152,247,4.019
2153,223,4.019
2154,244,4.136
2155,255,4.192
2156,253,5.537
2157,253,5.537
2158,258,5.537
2159,252,5.537
2160,261,4.136
2161,270,4.136
2162,273,4.204
2163,265,4.204
2164,262,4.204
2165,242,3.158
2166,234,4.952
2167,231,5.489
2168,235,5.489
2169,224,5.489
2170,227,5.489
2171,233,5.489
2172,245,5.471
2173,246,5.471
2174,270,5.471
2175,263,5.229
2176,266,5.229
2177,264,5.229
2178,244,4.742
2179,243,5.678
2180,248,4.619
2181,251,3.845
2182,257,5.507
2183,249,5.507
2184,252,5.507
2185,265,5.507
2186,263,4.803
2187,266,5.582
2188,265,5.771
2189,263,5.771
2190,259,5.771
2191,255,5.582
2192,256,5.582
2193,279,5.582
2194,280,5.582
2195,272,5.206
2196,260,5.206
2197,260,5.206
2198,273,5.206
2199,272,5.206
2200,268,5.206
2201,245,5.702
2202,225,5.702
2203,224,5.221
2204,220,5.221
2205,238,5.839
2206,235,5.839
2207,228,5.848
2208,237,5.848
2209,241,5.221
2210,240,5.577
2211,232,5.902
2212,232,5.86
2213,221,5.86
2214,201,5.86
2215,201,5.221
2216,201,5.221
2217,214,5.221
2218,215,5.221
2219,212,5.221
2220,212,5.221
2221,223,5.221
2222,212,5.221
2223,221,4.979
2224,221,4.979
2225,220,5.34
2226,221,5.95
2227,233,6.042
2228,227,5.95
2229,230,5.95
2230,227,5.95
2231,213,5.495
2232,211,5.495
2233,229,5.353
2234,241,5.353
2235,252,5.353
2236,243,4.106
2237,253,5.795
2238,253,5.795
2239,251,5.959
2240,260,5.959
2241,259,5.959
2242,253,5.508
2243,258,4.45
2244,249,4.976
2245,251,4.976
2246,255,5.012
2247,241,5.427
2248,241,4.56
2249,244,4.56
2250,244,6.01
2251,247,5.586
2252,278,5.586
2253,282,5.586
2254,245,5.586
2255,244,5.586
2256,243,5.586
2257,239,5.586
2258,236,5.586
2259,251,5.586
2260,228,5.586
2261,229,5.586
2262,217,4.386
2263,221,4.844
2264,211,4.844
2265,211,4.844
2266,215,4.844
2267,246,5.131
2268,250,5.131
2269,249,5.131
2270,255,5.301
2271,255,5.301
2272,255,5.807
2273,264,5.807
2274,261,5.807
2275,261,5.807
2276,261,5.807
2277,226,5.807
2278,231,5.807
2279,251,5.807
2280,243,5.807
2281,222,5.807
2282,222,5.807
2283,216,5.807
2284,216,5.807
2285,217,5.807
2286,214,5.807
2287,214,5.807
2288,218,5.807
2289,212,6.009
2290,211,6.009
2291,235,6.009
2292,239,6.009
2293,222,6.009
2294,219,6.009
2295,210,6.009
2296,218,6.009
2297,230,6.009
2298,226,6.009
2299,229,6.009
2300,230,6.009
2301,229,6.009
2302,229,5.11
2303,236,5.43
2304,234,5.11
2305,231,4.809
2306,215,4.809
2307,216,5.175
2308,216,5.175
2309,211,5.175
2310,211,5.175
2311,212,5.175
2312,222,5.175
2313,239,5.208
2314,264,4.891
2315,243,4.891
2316,243,5.486
2317,242,5.486
2318,251,5.486
2319,257,5.486
2320,257,5.486
2321,259,5.486
2322,270,5.486
2323,272,5.205
2324,269,5.047
2325,263,5.994
2326,262,5.994
2327,250,5.994
2328,257,5.994
2329,242,5.755
2330,231,5.755
2331,225,5.816
2332,213,5.816
2333,237,5.816
2334,245,5.816
2335,238,5.816
2336,241,4.587
2337,239,5.58
2338,245,5.58
2339,235,5.58
2340,233,3.785
2341,231,3.785
2342,232,3.785
2343,249,5.845
2344,247,5.845
2345,247,5.845
2346,259,3.785
2347,248,4.174
2348,249,5.471
2349,246,5.471
2350,254,5.471
2351,254,5.471
2352,255,5.43
2353,242,5.43
2354,242,5.43
2355,233,5.43
2356,223,5.43
2357,259,5.43
2358,259,5.43
2359,261,5.43
2360,245,5.43
2361,246,5.567
2362,250,5.651
2363,258,5.651
2364,280,5.651
2365,293,5.651
2366,298,5.567
2367,295,5.567
2368,293,5.167
2369,300,5.221
2370,284,5.221
2371,298,5.699
2372,295,4.252
2373,292,4.428
2374,297,4.081
2375,292,4.081
2376,292,5.753
2377,273,5.753
2378,247,5.155
2379,251,4.291
2380,269,4.081
2381,270,4.081
2382,252,4.081
2383,267,4.426
2384,267,5.346
2385,272,4.081
2386,250,5.675
2387,262,5.675
2388,260,4.698
2389,268,4.698
2390,263,4.698
2391,262,4.698
2392,256,4.698
2393,259,4.698
2394,254,4.698
2395,237,4.566
2396,241,4.566
2397,250,4.566
2398,246,4.566
2399,243,4.785
2400,247,4.413
2401,246,4.267
2402,242,4.055
2403,226,4.055
2404,229,3.546
2405,225,3.546
2406,230,6.021
2407,236,4.966
2408,231,4.966
2409,250,4.966
2410,245,5.424
2411,245,5.424
2412,250,5.424
2413,248,5.998
2414,269,5.998
2415,275,5.998
2416,261,5.998
2417,260,5.998
2418,253,5.998
2419,256,5.998
2420,229,5.998
2421,244,5.998
2422,239,5.998
2423,239,5.998
2424,232,5.998
2425,236,5.998
2426,231,5.424
2427,245,5.424
2428,248,5.424
2429,245,5.48
2430,253,5.424
2431,254,5.424
2432,248,3.244
2433,247,4.703
2434,252,5.785
2435,250,5.785
2436,258,5.785
2437,258,5.785
2438,253,5.785
2439,252,5.858
2440,247,6.006
2441,249,5.552
2442,232,5.552
2443,241,5.552
2444,235,4.886
2445,242,4.886
2446,244,5.379
2447,248,5.502
2448,246,5.379
2449,255,5.379
2450,255,5.379
2451,265,5.379
2452,270,5.379
2453,257,5.379
2454,260,5.379
2455,260,5.379
2456,259,4.757
2457,243,4.757
2458,241,5.155
2459,248,5.797
2460,239,5.797
2461,262,5.797
2462,263,5.155
2463,264,4.949
2464,270,4.949
2465,270,5.337
2466,269,4.949
2467,271,4.949
2468,255,5.903
2469,283,5.903
2470,306,5.903
2471,304,5.903
2472,301,5.903
2473,300,5.903
2474,286,5.903
2475,284,5.903
2476,271,5.903
2477,270,5.903
2478,253,5.903
2479,248,4.703
2480,232,4.703
2481,261,4.703
2482,241,4.703
2483,236,5.849
2484,233,5.849
2485,218,5.849
2486,226,5.46
2487,244,4.703
2488,243,5.965
2489,249,5.965
2490,259,4.703
2491,256,4.703
2492,253,4.703
2493,252,5.687
2494,251,5.687
2495,270,5.687
2496,260,5.687
2497,247,5.687
2498,249,5.006
2499,252,4.748
2500,253,4.748
2501,252,5.573
2502,245,5.573
2503,242,5.573
2504,237,5.573
2505,234,5.573
2506,240,5.573
2507,264,5.573
2508,266,5.573
2509,261,4.967
2510,265,3.684
2511,266,4.545
2512,265,3.278
2513,264,3.278
2514,268,3.278
2515,274,3.278
2516,277,3.855
2517,282,4.5
2518,282,4.5
2519,284,4.548
2520,270,4.548
2521,286,4.548
2522,297,4.548
2523,291,4.548
2524,276,4.548
2525,268,4.682
2526,265,4.682
2527,247,4.533
2528,269,4.533
2529,260,4.533
2530,259,5.798
2531,258,5.798
2532,258,4.915
2533,256,4.817
2534,252,5.631
2535,251,4.817
2536,255,5.113
2537,246,4.817
2538,223,4.817
2539,226,4.817
2540,222,5.353
2541,230,4.817
2542,236,4.817
2543,232,4.817
2544,231,4.817
2545,228,4.877
2546,230,5.553
2547,228,5.553
2548,230,5.553
2549,245,5.553
2550,249,5.553
2551,263,5.553
2552,257,5.553
2553,257,5.941
2554,254,5.941
2555,242,5.941
2556,243,5.941
2557,244,5.941
2558,249,5.941
2559,250,5.941
2560,253,5.941
2561,254,5.941
2562,260,5.941
2563,268,5.941
2564,276,5.941
2565,283,5.941
2566,282,5.941
2567,278,5.9
2568,268,5.9
2569,264,5.9
2570,263,5.9
2571,268,5.9
2572,264,5.9
2573,267,5.9
2574,252,5.9
2575,219,5.9
2576,218,5.9
2577,227,5.9
2578,229,5.9
2579,244,5.9
2580,239,5.9
2581,234,5.9
2582,241,5.9
2583,253,5.9
2584,247,5.9
2585,254,5.9
2586,246,5.9
2587,237,5.9
2588,237,5.9
2589,243,5.9
2590,255,5.9
2591,261,5.9
2592,264,5.9
2593,270,5.935
2594,264,5.9
2595,273,5.9
2596,276,5.9
2597,257,5.9
2598,258,5.9
2599,254,5.9
2600,263,5.885
2601,261,5.601
2602,272,5.293
2603,273,5.293
2604,272,5.755
2605,282,5.755
2606,286,5.755
2607,278,5.755
2608,291,5.755
2609,283,5.755
2610,281,5.293
2611,274,5.293
2612,272,5.223
2613,261,5.223
2614,263,5.801
2615,262,5.801
2616,257,5.801
2617,255,5.801
2618,258,5.801
2619,258,5.466
2620,268,5.466
2621,272,5.155
2622,267,5.155
2623,264,5.155
2624,263,5.884
2625,262,5.884
2626,271,5.974
2627,268,5.884
2628,271,5.884
2629,261,5.884
2630,257,5.884
2631,258,5.884
2632,261,5.884
2633,252,5.884
2634,251,5.705
2635,256,5.705
2636,239,4.507
2637,238,4.507
2638,250,4.507
2639,239,4.894
2640,258,5.472
2641,258,4.894
2642,272,4.894
2643,241,4.894
2644,247,5.861
2645,242,5.861
2646,239,5.861
2647,232,5.861
2648,246,5.167
2649,243,5.167
2650,244,4.181
2651,240,4.181
2652,246,3.708
2653,246,3.708
2654,246,4.913
2655,246,5.974
2656,265,5.974
2657,265,4.913
2658,280,4.913
2659,259,5.181
2660,262,5.181
2661,256,5.181
2662,248,5.181
2663,230,5.181
2664,204,5.181
2665,216,5.181
2666,207,5.771
2667,227,5.181
2668,233,5.181
2669,235,5.335
2670,244,5.335
2671,228,5.335
2672,235,5.335
2673,233,5.101
2674,239,4.327
2675,236,5.693
2676,230,5.693
2677,242,5.693
2678,244,5.693
2679,244,5.693
2680,245,5.693
2681,240,5.861
2682,248,5.861
2683,244,5.861
2684,252,5.861
2685,257,5.861
2686,255,4.68
2687,248,5.14
2688,246,4.811
2689,244,4.832
2690,244,4.832
2691,250,4.832
2692,251,4.33
2693,254,4.33
2694,241,4.922
2695,248,4.922
2696,252,4.238
2697,259,5.275
2698,252,5.275
2699,247,5.765
2700,248,5.765
2701,262,5.765
2702,253,5.765
2703,262,5.744
2704,258,4.755
2705,261,4.59
2706,265,4.59
2707,267,4.59
2708,266,5.081
2709,266,4.59
2710,266,5.436
2711,266,5.436
2712,270,5.436
2713,265,5.747
2714,286,4.593
2715,283,5.994
2716,279,5.994
2717,279,5.994
2718,261,5.994
2719,245,5.994
2720,246,5.994
2721,217,5.994
2722,204,5.994
2723,219,5.994
2724,222,5.994
2725,222,5.994
2726,225,5.994
2727,240,5.994
2728,260,5.994
2729,264,5.994
2730,266,5.994
2731,266,5.994
2732,268,5.199
2733,252,5.199
2734,258,5.199
2735,261,5.199
2736,262,5.767
2737,256,5.767
2738,287,5.767
2739,294,5.767
2740,296,5.767
2741,293,5.767
2742,303,5.305
2743,288,4.184
2744,291,4.395
2745,250,4.395
2746,267,4.501
2747,268,4.501
2748,265,4.501
2749,254,4.531
2750,249,5.631
2751,255,5.631
2752,253,5.631
2753,243,5.631
2754,240,4.694
2755,245,5.507
2756,248,5.328
2757,259,5.86
2758,251,5.86
2759,251,5.86
2760,251,5.328
2761,253,3.855
2762,252,5.746
2763,253,5.746
2764,251,5.746
2765,259,3.855
2766,263,4.927
2767,258,5.166
2768,267,5.492
2769,263,5.492
2770,262,5.628
2771,261,5.628
2772,261,5.628
2773,261,5.842
2774,265,5.628
2775,267,5.492
2776,286,6.018
2777,288,6.018
2778,295,6.018
2779,290,6.018
2780,284,4.82
2781,293,4.82
2782,293,4.82
2783,293,4.82
2784,282,6.018
2785,266,6.018
2786,266,6.018
2787,261,6.018
2788,256,5.705
2789,261,5.705
2790,268,5.09
2791,266,4.237
2792,283,4.237
2793,259,5.669
2794,267,4.237
2795,238,6.024
2796,247,4.563
2797,254,4.563
2798,246,4.563
2799,243,4.563
2800,235,4.551
2801,238,4.551
2802,226,4.551
2803,224,4.551
2804,225,4.551
2805,251,5.779
2806,233,4.634
2807,234,5.968
2808,229,5.968
2809,228,5.968
2810,232,5.968
2811,237,4.034
2812,241,5.355
2813,263,5.355
2814,246,5.355
2815,229,5.355
2816,236,5.663
2817,238,6.01
2818,238,5.565
2819,243,5.565
2820,231,4.285
2821,226,4.285
2822,221,4.285
2823,219,4.285
2824,225,4.785
2825,231,4.007
2826,230,4.007
2827,228,3.135
2828,231,3.135
2829,238,3.759
2830,239,5.029
2831,271,5.029
2832,258,3.983
2833,248,3.983
2834,243,3.983
2835,243,3.983
2836,241,4.548
2837,230,5.752
2838,225,5.752
2839,222,5.752
2840,230,3.658
2841,236,5.188
2842,236,5.188
2843,236,5.188
2844,242,5.188
2845,242,5.379
2846,245,5.188
2847,244,5.188
2848,249,5.188
2849,268,4.829
2850,260,5.397
2851,261,5.397
2852,266,5.397
2853,269,4.066
2854,259,4.066
2855,252,4.593
2856,252,4.593
2857,253,4.593
2858,253,4.593
2859,260,4.638
2860,262,4.593
2861,260,4.593
2862,273,4.593
2863,269,4.593
2864,253,3.017
2865,278,5.537
2866,264,5.406
2867,264,5.406
2868,276,5.406
2869,283,5.406
2870,289,4.416
2871,296,4.416
2872,298,4.416
2873,311,4.698
2874,305,4.416
2875,299,4.374
2876,312,4.374
2877,308,4.374
2878,311,4.584
2879,326,3.858
2880,333,5.49
2881,312,5.49
2882,310,5.49
2883,293,5.49
2884,290,5.49
2885,305,5.49
2886,293,5.051
2887,282,5.05
2888,274,5.05
2889,246,3.891
2890,251,5.672
2891,252,5.672
2892,251,5.242
2893,247,5.789
2894,245,5.789
2895,251,5.789
2896,234,5.789
2897,233,5.789
2898,242,5.789
2899,245,5.789
2900,232,5.789
2901,236,5.827
2902,236,5.827
2903,236,5.827
2904,228,5.827
2905,223,5.137
2906,225,4.841
2907,223,4.841
2908,224,4.841
2909,230,4.07
2910,232,4.07
2911,259,4.07
2912,241,4.07
2913,245,5.98
2914,246,5.98
2915,246,4.07
2916,242,4.07
2917,242,4.07
2918,235,4.07
2919,230,4.07
2920,226,3.516
2921,231,4.226
2922,232,3.516
2923,243,3.274
2924,246,4.151
2925,261,4.19
2926,271,4.19
2927,268,3.274
2928,265,5.513
2929,271,5.513
2930,267,5.513
2931,270,5.513
2932,270,2.109
2933,274,5.373
2934,270,5.092
2935,273,6.031
2936,281,5.092
2937,270,5.092
2938,266,5.092
2939,265,5.092
2940,265,5.092
2941,262,5.092
2942,260,5.092
2943,263,5.092
2944,269,5.092
2945,270,5.092
2946,277,5.092
2947,278,5.092
2948,284,5.702
2949,278,5.702
2950,277,5.702
2951,272,5.702
2952,271,5.702
2953,268,5.702
2954,270,5.702
2955,252,5.702
2956,246,5.702
2957,245,5.702
2958,246,5.702
2959,255,5.702
2960,257,5.143
2961,248,5.143
2962,248,5.513
2963,247,5.642
2964,241,5.708
2965,236,5.708
2966,232,5.143
2967,226,4.531
2968,231,4.531
2969,232,4.531
2970,239,4.566
2971,250,4.566
2972,260,4.566
2973,256,5.598
2974,256,5.598
2975,253,5.654
2976,246,4.566
2977,247,6.013
2978,228,6.013
2979,242,5.394
2980,239,4.779
2981,236,3.971
2982,236,5.908
2983,230,5.34
2984,228,5.34
2985,246,5.986
2986,253,5.986
2987,246,5.098
2988,241,2.916
2989,249,2.916
2990,249,2.812
2991,257,1.783
2992,257,4.04
2993,256,5.31
2994,254,5.31
2995,254,5.636
2996,261,5.636
2997,264,5.756
2998,265,5.756
2999,266,5.756
3000,265,5.636
3001,270,5.636
3002,255,5.636
3003,255,5.095
3004,263,5.095
3005,260,5.095
3006,262,5.095
3007,268,5.095
3008,261,5.095
3009,252,4.507
3010,242,4.776
3011,266,4.776
3012,237,5.152
3013,243,5.152
3014,242,5.152
3015,243,5.152
3016,245,5.152
3017,243,5.846
3018,240,5.846
3019,254,5.152
3020,254,5.239
3021,255,5.239
3022,255,5.314
3023,256,5.158
3024,252,5.158
3025,244,5.35
3026,239,5.35
3027,239,5.35
3028,230,5.643
3029,231,5.643
3030,229,5.753
3031,231,5.753
3032,229,5.753
3033,234,5.753
3034,227,5.776
3035,242,5.776
3036,240,5.776
3037,239,5.412
3038,250,5.412
3039,250,5.412
3040,247,4.677
3041,252,3.571
3042,241,5.616
3043,240,5.616
3044,230,5.525
3045,226,5.525
3046,219,5.525
3047,226,5.525
3048,227,5.997
3049,230,5.997
3050,227,5.146
3051,234,4.704
3052,233,4.921
3053,257,4.921
3054,231,5.456
3055,231,5.456
3056,231,5.986
3057,232,5.765
3058,241,5.765
3059,226,5.765
3060,232,5.574
3061,233,5.72
3062,238,5.244
3063,251,5.244
3064,238,4.921
3065,252,4.921
3066,256,5.353
3067,271,5.595
3068,271,5.765
3069,268,5.765
3070,261,5.765
3071,253,5.765
3072,253,5.765
3073,253,5.765
3074,249,5.765
3075,245,5.765
3076,244,5.765
3077,240,5.765
3078,260,5.765
3079,253,5.765
3080,253,5.765
3081,255,5.765
3082,255,5.765
3083,255,5.765
3084,251,5.765
3085,256,5.69
3086,252,5.152
3087,247,5.765
3088,246,5.986
3089,236,5.986
3090,230,5.986
3091,234,5.681
3092,232,5.681
3093,243,5.681
3094,250,5.681
3095,259,5.681
3096,259,5.681
3097,253,5.364
3098,251,5.364
3099,249,5.83
3100,261,5.498
3101,264,5.498
3102,258,5.498
3103,269,3.25
3104,265,3.25
3105,276,3.173
3106,264,3.173
3107,259,4.321
3108,274,4.321
3109,275,4.321
3110,267,4.321
3111,270,4.321
3112,284,4.321
3113,278,5.523
3114,282,5.589
3115,265,5.589
3116,271,5.848
3117,264,5.589
3118,261,5.589
3119,273,5.589
3120,291,4.21
3121,277,4.888
3122,270,4.888
3123,290,4.888
3124,291,5.305
3125,283,5.305
3126,289,5.197
3127,302,5.197
3128,307,5.197
3129,299,5.197
3130,288,5.197
3131,300,5.197
3132,291,5.197
3133,290,5.197
3134,285,5.197
3135,270,5.779
3136,270,5.779
3137,266,5.779
3138,268,5.779
3139,259,5.95
3140,264,5.95
3141,273,5.95
3142,258,5.253
3143,259,5.197
3144,275,5.197
3145,273,5.197
3146,268,5.197
3147,258,5.197
3148,262,5.438
3149,256,5.197
3150,249,5.197
3151,246,5.992
3152,242,5.992
3153,244,5.992
3154,247,5.917
3155,242,5.917
3156,242,5.771
3157,254,5.771
3158,245,5.771
3159,235,5.771
3160,221,5.771
3161,223,5.412
3162,221,5.737
3163,235,5.737
3164,252,5.229
3165,255,5.229
3166,256,5.229
3167,259,5.229
3168,260,5.229
3169,249,5.229
3170,258,5.229
3171,258,5.229
3172,258,5.229
3173,242,5.083
3174,246,5.983
3175,246,5.983
3176,267,5.983
3177,274,5.983
3178,271,5.983
3179,286,5.995
3180,292,5.995
3181,292,5.983
3182,266,5.983
3183,252,5.983
3184,242,5.983
3185,238,5.323
3186,245,5.323
3187,247,5.323
3188,246,5.323
3189,252,5.323
3190,243,5.272
3191,242,3.308
3192,250,3.308
3193,242,4.933
3194,232,3.845
3195,233,3.845
3196,237,5.323
3197,237,3.845
3198,239,2.892
3199,240,4.431
3200,242,4.431
3201,251,4.431
3202,254,5.828
3203,254,5.828
3204,237,5.828
3205,247,5.9
3206,248,5.9
3207,237,5.412
3208,242,5.412
3209,246,4.285
3210,242,4.016
3211,242,4.016
3212,240,2.324
3213,235,1.84
3214,233,4.733
3215,226,4.733
3216,223,3.651
3217,222,6.028
3218,226,6.028
3219,244,6.028
3220,252,6.028
3221,257,5.681
3222,268,5.681
3223,269,5.681
3224,280,5.95
3225,279,5.95
3226,277,5.95
3227,285,5.95
3228,274,4.282
3229,283,4.282
3230,283,4.282
3231,284,5.278
3232,275,5.278
3233,267,5.278
3234,253,4.584
3235,247,5.146
3236,254,5.146
3237,258,4.282
3238,249,3.395
3239,253,3.395
3240,244,3.944
3241,251,3.395
3242,249,5.867
3243,253,5.867
3244,264,5.867
3245,265,5.867
3246,266,3.299
3247,273,4.057
3248,272,4.057
3249,269,4.057
3250,261,4.48
3251,270,4.48
3252,270,4.48
3253,269,4.48
3254,254,4.057
3255,251,4.118
3256,266,4.118
3257,260,5.143
3258,262,4.118
3259,262,4.118
3260,264,4.142
3261,263,5.678
3262,260,5.965
3263,257,5.965
3264,256,5.965
3265,255,5.821
3266,253,3.906
3267,256,4.392
3268,264,5.143
3269,267,5.143
3270,265,5.143
3271,261,2.99
3272,256,2.99
3273,248,2.99
3274,251,4.235
3275,243,5.514
3276,270,5.514
3277,274,5.992
3278,269,5.992
3279,263,5.992
3280,248,5.992
3281,252,5.992
3282,258,5.923
3283,245,5.923
3284,249,5.923
3285,247,5.486
3286,248,5.486
3287,244,5.316
3288,247,5.493
3289,249,5.493
3290,264,5.493
3291,271,5.465
3292,269,5.465
3293,270,4.193
3294,268,4.193
3295,268,5.447
3296,291,5.447
3297,309,4.874
3298,289,5.313
3299,290,5.313
3300,290,5.798
3301,291,5.798
3302,296,5.313
3303,281,5.908
3304,276,5.908
3305,279,5.908
3306,259,5.908
3307,265,5.908
3308,264,5.908
3309,284,5.908
3310,281,5.908
3311,281,5.908
3312,271,5.009
3313,265,5.009
3314,267,5.009
3315,271,5.433
3316,278,5.526
3317,279,5.594
3318,285,5.846
3319,278,5.846
3320,277,5.846
3321,276,5.846
3322,272,5.594
3323,262,5.594
3324,266,5.594
3325,264,5.594
3326,266,5.594
3327,258,4.676
3328,271,5.059
3329,276,5.059
3330,275,5.059
3331,284,4.404
3332,282,5.807
3333,263,5.807
3334,261,5.914
3335,257,5.807
3336,257,4.865
3337,258,5.406
3338,271,5.406
3339,274,5.406
3340,280,5.406
3341,277,5.406
3342,283,5.705
3343,265,5.406
3344,253,4.844
3345,251,4.871
3346,256,4.871
3347,259,4.871
3348,230,4.871
3349,243,4.871
3350,234,4.871
3351,249,5.191
3352,247,5.191
3353,253,5.191
3354,276,4.96
3355,279,5.977
3356,275,5.977
3357,275,5.977
3358,255,5.728
3359,267,5.728
3360,264,5.728
3361,261,5.728
3362,260,5.728
3363,260,5.728
3364,255,5.728
3365,256,5.069
3366,252,5.289
3367,257,5.528
3368,257,5.528
3369,248,5.528
3370,246,5.585
3371,248,5.86
3372,243,5.585
3373,257,5.585
3374,253,5.585
3375,269,5.322
3376,245,4.96
3377,244,5.711
3378,230,5.711
3379,226,6.036
3380,237,6.036
3381,235,6.036
3382,250,4.548
3383,250,2.736
3384,268,5.462
3385,265,5.462
3386,258,5.462
3387,252,4.739
3388,257,4.739
3389,271,5.418
3390,269,5.418
3391,272,5.26
3392,265,5.894
3393,273,5.894
3394,274,5.894
3395,260,5.894
3396,249,5.894
3397,270,5.894
3398,267,5.894
3399,253,5.894
3400,254,5.894
3401,270,5.894
3402,264,5.646
3403,267,5.646
3404,246,5.646
3405,246,4.631
3406,243,5.277
3407,232,5.277
3408,246,5.277
3409,246,5.277
3410,264,5.49
3411,269,5.277
3412,260,5.277
3413,269,5.959
3414,269,5.959
3415,272,5.959
3416,260,5.678
3417,237,5.678
3418,234,5.678
3419,228,5.678
3420,232,5.678
3421,253,4.856
3422,258,4.856
3423,270,4.856
3424,251,5.304
3425,246,5.304
3426,262,5.223
3427,259,5.223
3428,268,5.253
3429,271,5.253
3430,294,5.453
3431,286,5.453
3432,259,4.856
3433,240,5.696
3434,263,4.814
3435,244,4.099
3436,246,4.671
3437,246,4.671
3438,247,4.671
3439,240,4.671
3440,240,4.671
3441,247,2.647
3442,248,2.588
3443,250,5.633
3444,254,5.923
3445,252,5.923
3446,249,5.137
3447,240,6.039
3448,229,6.039
3449,226,5.666
3450,218,5.681
3451,212,5.137
3452,213,4.27
3453,214,4.27
3454,209,3.355
3455,209,3.355
3456,213,4.365
3457,210,4.365
3458,221,3.341
3459,221,3.341
3460,225,3.341
3461,232,5.903
3462,226,5.903
3463,226,5.903
3464,238,5.903
3465,238,5.903
3466,231,5.903
3467,236,5.903
3468,261,5.577
3469,254,4.769
3470,264,4.734
3471,270,4.378
3472,275,5.436
3473,274,4.378
3474,291,4.378
3475,276,4.378
3476,275,4.898
3477,284,4.378
3478,272,3.798
3479,244,3.49
3480,246,5.364
3481,239,5.364
3482,246,5.364
3483,249,5.364
3484,255,5.887
3485,265,5.887
3486,263,5.887
3487,271,5.887
3488,242,5.887
3489,242,5.887
3490,253,5.887
3491,260,5.887
3492,272,5.887
3493,278,5.687
3494,277,5.801
3495,272,5.893
3496,255,5.893
3497,254,5.893
3498,248,5.893
3499,246,5.801
3500,251,5.902
3501,234,5.902
3502,234,5.902
3503,237,5.902
3504,251,5.902
3505,245,5.902
3506,252,5.902
3507,247,5.902
3508,254,5.902
3509,261,5.902
3510,247,5.902
3511,248,5.902
3512,240,5.902
3513,237,5.902
3514,247,5.902
3515,254,6.024
3516,248,6.024
3517,234,5.902
3518,223,5.98
3519,252,5.902
3520,255,5.902
3521,263,5.902
3522,268,5.902
3523,268,5.902
3524,280,5.855
3525,286,5.855
3526,266,5.855
3527,271,5.855
3528,270,5.855
3529,266,4.976
3530,278,4.976
3531,278,4.976
3532,285,4.976
3533,287,4.823
3534,275,4.823
3535,251,4.823
3536,253,5.813
3537,284,5.813
3538,289,4.504
3539,311,4.504
3540,314,5.015
3541,309,5.505
3542,282,5.505
3543,281,4.614
3544,273,4.614
3545,271,4.614
3546,270,4.694
3547,270,4.566
3548,263,4.377
3549,262,5.34
3550,259,5.34
3551,255,5.34
3552,260,5.34
3553,244,5.436
3554,241,5.436
3555,235,5.436
3556,235,5.436
3557,236,5.205
3558,241,5.205
3559,251,5.834
3560,252,5.834
3561,258,5.834
3562,250,5.834
3563,251,5.834
3564,256,3.522
3565,254,5.436
3566,259,5.436
3567,245,5.436
3568,245,5.436
3569,257,5.436
3570,265,5.436
3571,252,5.436
3572,253,5.436
3573,255,5.436
3574,253,5.436
3575,251,5.436
3576,255,5.436
3577,262,5.436
3578,263,5.828
3579,263,5.828
3580,265,5.828
3581,268,5.828
3582,268,5.436
3583,273,5.436
3584,287,5.436
3585,269,5.436
3586,287,5.902
3587,288,5.902
3588,293,5.902
3589,270,5.471
3590,270,5.908
3591,261,5.908
3592,258,5.908
3593,265,5.908
3594,265,5.908
3595,260,5.471
3596,265,5.471
3597,262,5.471
3598,258,5.471
3599,279,5.471
3600,278,5.471
3601,280,5.471
3602,265,5.436
3603,246,5.436
3604,244,5.609
3605,244,5.609
3606,248,5.609
3607,247,5.609
3608,248,5.609
3609,257,5.609
3610,266,5.609
3611,263,5.609
3612,273,5.609
3613,269,5.609
3614,256,5.609
3615,255,5.994
3616,255,5.994
3617,250,5.994
3618,236,5.994
3619,236,5.994
3620,236,4.007
3621,232,4.007
3622,230,4.596
3623,239,5.253
3624,237,5.253
3625,236,5.926
3626,223,5.926
3627,248,5.926
3628,265,5.926
3629,259,5.926
3630,242,5.926
3631,240,5.657
3632,247,5.657
3633,236,5.657
3634,246,5.657
3635,244,5.657
3636,244,5.657
3637,237,6.022
3638,237,6.022
3639,255,6.022
3640,259,5.992
3641,259,5.992
3642,259,5.143
3643,243,5.143
3644,268,5.143
3645,269,5.143
3646,274,3.929
3647,269,3.741
3648,258,3.741
3649,251,3.741
3650,264,3.741
3651,235,3.741
3652,247,4.327
3653,247,4.327
3654,250,5.143
3655,252,5.143
3656,245,5.498
3657,271,5.143
3658,283,5.143
3659,284,5.143
3660,269,5.143
3661,266,5.143
3662,266,5.143
3663,249,5.143
3664,292,6.03
3665,290,6.03
3666,251,5.119
3667,259,5.26
3668,268,5.26
3669,280,5.26
3670,280,5.26
3671,280,5.26
3672,282,5.26
3673,268,5.34
3674,281,5.26
3675,298,5.977
3676,301,5.977
3677,311,5.977
3678,288,5.977
3679,293,5.977
3680,284,5.977
3681,290,5.977
3682,287,5.977
3683,293,5.977
3684,270,5.6
3685,265,5.6
3686,258,5.926
3687,258,5.926
3688,255,5.6
3689,250,5.6
3690,265,5.6
3691,267,5.6
3692,277,5.6
3693,274,5.376
3694,262,5.376
3695,256,5.771
3696,258,5.771
3697,265,5.771
3698,266,5.771
3699,264,5.771
3700,252,5.771
3701,247,5.915
3702,243,5.915
3703,256,5.915
3704,262,5.915
3705,263,5.915
3706,263,5.915
3707,247,5.915
3708,249,5.915
3709,249,5.915
3710,257,5.915
3711,262,5.915
3712,261,5.915
3713,264,5.915
3714,264,5.915
3715,255,5.915
3716,254,5.915
3717,249,4.838
3718,234,4.838
3719,235,5.971
3720,230,5.971
3721,235,5.926
3722,233,5.926
3723,233,5.926
3724,235,5.535
3725,239,5.819
3726,252,5.819
3727,249,4.189
3728,253,4.766
3729,257,4.766
3730,253,4.766
3731,252,2.315
3732,256,5.555
3733,249,3.418
3734,253,4.761
3735,256,3.439
3736,260,3.439
3737,260,3.439
3738,251,3.439
3739,238,3.439
3740,260,4.766
3741,253,4.766
3742,253,4.766
3743,256,4.766
3744,249,5.547
3745,252,5.547
3746,249,5.547
3747,243,5.547
3748,240,5.547
3749,246,5.547
3750,263,5.849
3751,258,5.997
3752,257,5.997
3753,271,5.997
3754,271,5.997
3755,266,5.095
3756,269,5.095
3757,258,5.095
3758,258,5.095
3759,261,5.837
3760,279,5.095
3761,292,3.096
3762,264,3.096
3763,278,3.696
3764,275,3.696
3765,289,5.885
3766,281,5.885
3767,273,5.885
3768,282,5.885
3769,284,5.885
3770,248,3.815
3771,248,5.089
3772,255,4.479
3773,246,4.479
3774,240,3.869
3775,231,5.643
3776,231,5.643
3777,229,5.643
3778,226,5.643
3779,236,5.643
3780,247,5.643
3781,252,5.986
3782,250,5.643
3783,259,5.643
3784,285,5.643
3785,269,5.643
3786,255,5.643
3787,262,5.643
3788,246,5.643
3789,250,5.643
3790,262,5.643
3791,269,5.643
3792,283,5.643
3793,288,5.643
3794,288,5.643
3795,267,5.643
3796,267,5.651
3797,287,5.643
3798,287,5.643
3799,268,5.643
3800,269,5.625
3801,271,5.625
3802,271,5.625
3803,270,5.625
3804,273,5.625
3805,274,5.625
3806,273,5.625
3807,248,5.625
3808,247,5.382
3809,251,5.382
3810,239,5.382
3811,240,5.382
3812,248,5.382
3813,245,5.382
3814,243,3.356
3815,251,2.533
3816,254,4.862
3817,252,4.171
3818,255,4.522
3819,255,4.522
3820,252,4.171
3821,244,5.813
3822,239,5.813
3823,237,5.813
3824,243,4.171
3825,248,4.171
3826,246,5.834
3827,242,5.834
3828,245,4.362
3829,255,4.171
3830,254,5.167
3831,253,5.167
3832,257,5.167
3833,280,5.098
3834,287,5.558
3835,280,5.558
3836,277,5.558
3837,290,5.558
3838,278,5.558
3839,279,5.558
3840,280,5.558
3841,280,5.558
3842,278,5.558
3843,259,5.558
3844,253,3.472
3845,247,5.181
3846,245,4.955
3847,245,5.355
3848,279,5.355
3849,286,5.035
3850,283,5.035
3851,299,5.035
3852,276,5.035
3853,275,5.035
3854,283,5.035
3855,279,5.035
3856,277,4.575
3857,265,4.835
3858,269,4.835
3859,281,4.332
3860,284,4.655
3861,273,4.18
3862,280,5.023
3863,288,4.228
3864,300,5.021
3865,301,5.021
3866,277,5.021
3867,257,5.021
3868,269,5.021
3869,298,5.021
3870,298,5.021
3871,308,5.962
3872,311,5.965
3873,300,5.965
3874,300,5.965
3875,298,5.537
3876,302,5.537
3877,328,5.537
3878,331,5.021
3879,296,5.842
3880,288,5.498
3881,300,5.021
3882,284,5.992
3883,282,5.992
3884,278,5.992
3885,281,3.212
3886,278,3.726
3887,276,3.726
3888,280,4.67
3889,280,4.67
3890,278,4.67
3891,261,2.205
3892,267,2.205
3893,270,3.334
3894,274,3.334
3895,259,3.334
3896,259,3.334
3897,260,3.334
3898,259,3.334
3899,256,3.334
3900,250,5.056
3901,246,5.056
3902,246,5.634
3903,246,5.634
3904,252,5.056
3905,258,4.446
3906,257,4.446
3907,256,6.037
3908,250,4.446
3909,252,5.504
3910,258,4.637
3911,258,4.446
3912,266,4.043
3913,248,5.926
3914,248,4.906
3915,259,4.906
3916,262,4.841
3917,250,4.841
3918,251,5.51
3919,239,5.51
3920,232,5.352
3921,230,5.352
3922,242,5.352
3923,246,5.352
3924,253,4.184
3925,254,5.361
3926,251,5.361
3927,249,5.361
3928,256,4.468
3929,255,5.065
3930,254,5.065
3931,257,5.065
3932,257,4.877
3933,274,4.877
3934,266,4.59
3935,270,4.59
3936,286,4.59
3937,306,4.59
3938,300,5.55
3939,271,5.55
3940,271,5.55
3941,272,6.009
3942,252,6.009
3943,242,6.009
3944,242,6.009
3945,239,5.947
3946,243,5.947
3947,237,5.947
3948,228,5.906
3949,225,5.906
3950,234,5.66
3951,237,5.66
3952,233,5.66
3953,227,5.66
3954,226,5.66
3955,227,5.66
3956,237,5.66
3957,239,5.66
3958,226,5.66
3959,244,5.66
3960,270,5.66
3961,251,5.66
3962,260,5.66
3963,270,5.66
3964,271,5.66
3965,251,5.827
3966,238,5.827
3967,232,5.827
3968,233,5.66
3969,231,5.693
3970,245,5.693
3971,245,5.693
3972,242,5.693
3973,235,5.693
3974,234,5.693
3975,242,5.693
3976,242,5.693
3977,244,6.004
3978,246,5.693
3979,240,5.693
3980,238,5.693
3981,238,5.693
3982,250,5.693
3983,311,5.693
3984,297,5.693
3985,296,5.693
3986,301,5.693
3987,309,5.693
3988,314,5.693
3989,319,5.693
3990,320,5.693
3991,260,5.693
3992,248,5.693
3993,243,5.693
3994,243,5.693
3995,259,5.693
3996,246,5.693
3997,244,5.693
3998,254,5.693
3999,250,5.693
4000,253,5.693
4001,252,5.693
4002,259,5.693
4003,252,5.693
4004,231,5.693
4005,247,5.737
4006,253,5.737
4007,251,5.693
4008,266,5.693
4009,266,5.714
4010,273,5.714
4011,283,5.714
4012,264,5.714
4013,254,5.714
4014,248,5.956
4015,248,5.529
4016,248,5.529
4017,249,5.529
4018,239,4.094
4019,234,5.732
4020,238,5.732
4021,230,5.732
4022,228,5.968
4023,231,5.968
4024,240,5.968
4025,275,5.968
4026,263,5.968
4027,264,5.968
4028,269,5.708
4029,268,5.672
4030,271,5.672
4031,268,5.663
4032,273,5.535
4033,263,5.714
4034,244,5.535
4035,244,5.535
4036,249,5.535
4037,249,5.535
4038,249,5.535
4039,249,5.535
4040,251,5.508
4041,252,5.508
4042,254,5.938
4043,246,5.938
4044,244,5.938
4045,243,5.764
4046,225,5.764
4047,246,5.764
4048,238,5.764
4049,235,5.764
4050,244,5.762
4051,249,5.762
4052,250,5.762
4053,249,5.762
4054,231,5.762
4055,230,5.762
4056,234,5.504
4057,233,5.604
4058,255,5.604
4059,243,5.604
4060,254,5.544
4061,250,5.544
4062,238,5.504
4063,233,4.049
4064,229,4.049
4065,225,5.498
4066,230,5.9
4067,231,5.9
4068,231,5.9
4069,227,5.498
4070,235,4.937
4071,232,4.937
4072,234,3.866
4073,247,3.866
4074,249,5.87
4075,249,5.87
4076,249,5.87
4077,258,4.928
4078,258,4.928
4079,272,3.866
4080,281,3.866
4081,278,5.152
4082,267,5.83
4083,279,5.83
4084,273,5.83
4085,265,5.83
4086,267,5.83
4087,254,5.83
4088,255,5.83
4089,255,5.83
4090,244,5.83
4091,240,5.83
4092,253,5.83
4093,258,5.83
4094,252,5.83
4095,250,5.83
4096,255,5.83
4097,266,5.83
4098,269,5.83
4099,261,5.83
4100,256,4.656
4101,255,4.752
4102,310,4.752
4103,304,5.042
4104,285,5.042
4105,233,5.042
4106,238,5.266
4107,232,4.105
4108,239,4.082
4109,243,4.082
4110,240,4.082
4111,238,5.813
4112,244,5.813
4113,240,5.813
4114,242,4.513
4115,237,4.513
4116,240,3.098
4117,237,4.808
4118,242,4.808
4119,245,5.445
4120,242,5.104
4121,253,5.104
4122,240,5.104
4123,271,3.675
4124,274,4.784
4125,244,4.784
4126,244,4.784
4127,238,4.784
4128,245,4.784
4129,255,4.784
4130,272,5.359
4131,274,5.359
4132,254,5.887
4133,258,4.784
4134,263,4.784
4135,267,4.784
4136,255,4.784
4137,256,5.463
4138,255,5.463
4139,253,5.643
4140,246,4.3
4141,246,4.964
4142,242,4.964
4143,244,4.964
4144,257,5.577
4145,271,5.577
4146,264,5.577
4147,262,5.427
4148,235,5.427
4149,233,5.427
4150,264,4.964
4151,273,4.964
4152,273,4.964
4153,252,4.979
4154,255,5.983
4155,257,5.983
4156,243,5.983
4157,240,5.983
4158,235,5.983
4159,258,5.983
4160,259,5.983
4161,257,5.983
4162,274,5.983
4163,274,5.983
4164,267,4.41
4165,261,4.41
4166,250,4.41
4167,269,4.41
4168,271,5.32
4169,265,5.798
4170,255,5.798
4171,259,5.798
4172,255,5.798
4173,250,5.798
4174,253,5.734
4175,256,5.734
4176,257,5.884
4177,251,5.884
4178,248,5.884
4179,248,5.884
4180,248,5.884
4181,255,5.884
4182,256,5.256
4183,260,4.453
4184,254,4.453
4185,257,5.879
4186,281,4.59
4187,275,4.453
4188,271,4.453
4189,273,5.212
4190,279,5.212
4191,276,5.212
4192,282,5.32
4193,268,5.675
4194,267,5.675
4195,266,5.32
4196,268,5.32
4197,263,5.32
4198,300,5.803
4199,295,5.786
4200,290,5.786
4201,290,5.786
4202,291,5.786
4203,323,5.786
4204,284,5.786
4205,289,5.786
4206,272,5.786
4207,269,5.011
4208,265,5.011
4209,251,4.919
4210,263,4.892
4211,252,5.281
4212,249,5.281
4213,246,5.281
4214,253,5.797
4215,246,5.281
4216,246,5.281
4217,246,5.484
4218,249,5.484
4219,253,5.484
4220,257,5.484
4221,254,5.484
4222,263,5.484
4223,267,5.484
4224,255,5.484
4225,261,4.892
4226,259,4.892
4227,259,4.892
4228,268,4.892
4229,288,5.986
4230,297,5.986
4231,293,5.986
4232,292,5.986
4233,289,5.583
4234,285,5.583
4235,285,5.583
4236,261,5.583
4237,273,5.583
4238,261,5.737
4239,261,5.737
4240,243,5.583
4241,243,5.568
4242,247,5.568
4243,259,5.568
4244,258,5.568
4245,261,5.427
4246,283,5.196
4247,285,5.196
4248,278,5.196
4249,273,5.397
4250,271,5.196
4251,272,5.196
4252,279,5.4
4253,281,5.4
4254,273,4.782
4255,279,4.782
4256,270,4.339
4257,270,4.339
4258,269,5.522
4259,296,5.917
4260,298,5.917
4261,298,5.917
4262,279,5.535
4263,281,3.09
4264,277,3.487
4265,278,1.634
4266,274,4.682
4267,266,4.682
4268,261,4.682
4269,256,5.191
4270,256,5.191
4271,248,5.191
4272,254,5.191
4273,275,3.765
4274,270,3.717
4275,257,4.77
4276,256,3.409
4277,261,3.409
4278,260,3.409
4279,261,5.456
4280,251,5.456
4281,254,5.456
4282,261,5.456
4283,261,5.887
4284,260,5.69
4285,256,5.69
4286,251,5.456
4287,242,5.75
4288,234,5.75
4289,239,5.456
4290,240,5.456
4291,240,5.58
4292,245,5.456
4293,237,5.894
4294,243,5.894
4295,247,5.974
4296,261,5.894
4297,265,5.938
4298,265,5.938
4299,275,5.938
4300,252,5.938
4301,247,5.938
4302,247,5.938
4303,249,5.938
4304,250,5.938
4305,247,5.894
4306,247,5.894
4307,241,5.926
4308,246,5.926
4309,250,5.926
4310,256,1.693
4311,248,4.443
4312,240,3.206
4313,240,2.85
4314,242,2.85
4315,232,4.898
4316,236,4.779
4317,237,3.08
4318,235,3.516
4319,234,3.888
4320,241,5.753
4321,251,5.373
4322,259,5.373
4323,255,5.373
4324,247,5.373
4325,250,5.373
4326,240,5.373
4327,241,5.373
4328,247,5.373
4329,243,5.373
4330,247,5.992
4331,254,5.992
4332,250,4.752
4333,253,5.041
4334,252,4.752
4335,243,5.499
4336,243,5.586
4337,244,5.586
4338,248,5.586
4339,267,5.586
4340,264,5.586
4341,275,5.965
4342,279,5.965
4343,264,5.965
4344,269,5.959
4345,267,5.048
4346,255,5.048
4347,258,5.37
4348,258,5.37
4349,260,5.37
4350,258,3.819
4351,262,3.819
4352,265,4.362
4353,270,4.554
4354,273,5.128
4355,264,5.128
4356,249,4.432
4357,259,4.432
4358,274,4.856
4359,274,4.856
4360,247,5.074
4361,292,6.003
4362,284,6.003
4363,248,5.634
4364,247,5.074
4365,247,5.926
4366,235,5.977
4367,236,5.977
4368,256,5.977
4369,284,5.926
4370,287,4.913
4371,270,5.606
4372,266,4.972
4373,266,4.913
4374,272,5.938
4375,301,6.0
4376,301,6.0
4377,305,6.0
4378,305,5.938
4379,305,4.892
4380,289,4.892
4381,266,6.036
4382,266,5.98
4383,270,5.98
4384,258,5.184
4385,259,5.666
4386,261,5.184
4387,260,5.184
4388,257,5.184
4389,254,5.184
4390,261,5.842
4391,258,5.842
4392,262,5.842
4393,272,5.842
4394,268,5.842
4395,268,5.842
4396,260,5.842
4397,267,5.842
4398,266,5.842
4399,274,5.842
4400,268,3.86
4401,270,5.534
4402,255,5.752
4403,250,5.752
4404,260,5.752
4405,277,4.868
4406,269,4.868
4407,268,4.868
4408,266,5.2
4409,266,5.2
4410,268,5.2
4411,264,5.2
4412,264,5.2
4413,254,5.2
4414,259,4.593
4415,251,5.009
4416,249,5.009
4417,249,5.009
4418,249,5.009
4419,245,4.674
4420,246,5.977
4421,247,5.977
4422,256,5.977
4423,256,5.977
4424,267,5.977
4425,261,5.977
4426,260,5.631
4427,253,5.631
4428,251,5.806
4429,288,5.806
4430,291,5.806
4431,296,5.806
4432,261,5.806
4433,244,5.806
4434,263,5.806
4435,278,5.806
4436,258,5.806
4437,246,5.806
4438,242,5.373
4439,243,5.373
4440,244,5.438
4441,253,5.438
4442,261,5.373
4443,275,5.444
4444,272,5.444
4445,300,5.444
4446,293,5.444
4447,281,5.444
4448,277,5.289
4449,270,4.1
4450,271,4.1
4451,267,3.051
4452,272,5.451
4453,268,5.451
4454,268,5.451
4455,265,5.451
4456,269,4.016
4457,264,3.224
4458,265,5.253
4459,263,5.259
4460,246,5.259
4461,247,5.989
4462,250,5.989
4463,255,5.989
4464,261,5.989
4465,262,5.259
4466,268,5.259
4467,277,6.03
4468,272,6.03
4469,271,4.912
4470,272,5.167
4471,298,5.167
4472,295,5.167
4473,291,5.167
4474,301,4.912
4475,298,4.599
4476,272,4.551
4477,274,4.551
4478,282,5.534
4479,261,5.534
4480,266,4.704
4481,265,4.704
4482,261,4.392
4483,239,4.97
4484,238,5.069
4485,228,5.069
4486,234,5.137
4487,234,5.137
4488,244,5.522
4489,240,5.522
4490,230,5.172
4491,230,5.172
4492,232,5.137
4493,237,5.137
4494,244,5.137
4495,239,5.137
4496,254,5.137
4497,253,5.137
4498,262,5.842
4499,287,5.137
4500,265,5.137
4501,267,5.137
4502,252,5.137
4503,247,5.098
4504,252,5.646
4505,269,5.646
4506,272,5.23
4507,274,5.23
4508,274,5.069
4509,272,5.251
4510,254,5.693
4511,246,5.069
4512,246,5.069
4513,271,5.069
4514,262,5.242
4515,264,6.018
4516,262,6.018
4517,269,6.018
4518,265,5.242
4519,250,5.242
4520,259,5.11
4521,269,5.069
4522,274,5.069
4523,285,5.069
4524,294,5.069
4525,297,5.069
4526,288,5.069
4527,275,5.069
4528,274,5.069
4529,282,5.069
4530,288,5.069
4531,288,5.069
4532,305,5.734
4533,303,5.734
4534,286,5.734
4535,291,5.143
4536,272,5.301
4537,256,5.34
4538,261,5.827
4539,266,5.83
4540,258,5.83
4541,253,5.486
4542,252,5.486
4543,251,5.486
4544,279,5.486
4545,279,5.365
4546,279,5.365
4547,258,5.365
4548,258,5.365
4549,256,5.66
4550,267,5.424
4551,279,5.424
4552,291,5.484
4553,301,5.843
4554,292,5.424
4555,290,5.508
4556,269,5.424
4557,234,5.424
4558,233,5.424
4559,240,5.424
4560,238,5.684
4561,254,5.684
4562,260,5.684
4563,264,5.684
4564,269,5.684
4565,261,5.872
4566,257,5.872
4567,255,5.872
4568,255,5.872
4569,259,5.872
4570,257,5.424
4571,258,5.541
4572,242,5.541
4573,248,5.541
4574,244,5.541
4575,271,5.541
4576,290,5.693
4577,284,5.693
4578,286,5.424
4579,294,5.525
4580,281,5.424
4581,273,5.897
4582,281,5.897
4583,297,5.897
4584,308,5.897
4585,309,5.466
4586,293,5.466
4587,293,5.466
4588,281,5.361
4589,281,5.361
4590,274,5.361
4591,269,5.361
4592,268,4.803
4593,250,6.025
4594,250,6.025
4595,247,6.025
4596,251,6.025
4597,251,4.13
4598,255,4.611
4599,256,4.13
4600,261,5.179
4601,261,5.505
4602,259,5.505
4603,256,5.505
4604,255,5.489
4605,248,5.489
4606,243,5.908
4607,242,5.908
4608,233,6.03
4609,235,5.908
4610,239,5.047
4611,239,5.047
4612,241,5.047
4613,238,5.353
4614,242,5.353
4615,251,5.353
4616,255,5.353
4617,251,4.847
4618,243,4.847
4619,254,4.847
4620,243,5.711
4621,237,5.711
4622,234,5.084
4623,248,5.194
4624,248,5.194
4625,247,5.194
4626,255,5.194
4627,280,5.194
4628,286,4.976
4629,264,4.976
4630,257,4.976
4631,235,4.976
4632,236,5.048
4633,248,5.048
4634,249,5.048
4635,252,5.758
4636,252,5.758
4637,242,5.758
4638,230,5.758
4639,232,5.758
4640,238,5.758
4641,239,5.758
4642,224,5.17
4643,229,5.092
4644,227,5.092
4645,237,5.579
4646,237,5.579
4647,228,5.22
4648,243,4.835
4649,231,4.835
4650,234,5.167
4651,231,5.137
4652,233,5.9
4653,239,5.9
4654,234,5.9
4655,232,5.9
4656,230,5.9
4657,246,5.092
4658,246,4.431
4659,277,5.767
4660,272,4.691
4661,272,4.691
4662,283,4.431
4663,261,4.431
4664,261,4.431
4665,261,4.431
4666,252,4.539
4667,263,5.438
4668,257,4.539
4669,257,4.539
4670,264,2.785
4671,257,3.155
4672,256,4.94
4673,263,4.94
4674,261,5.023
4675,240,4.94
4676,244,4.94
4677,248,4.94
4678,248,4.94
4679,237,4.993
4680,245,4.94
4681,258,4.94
4682,258,4.94
4683,255,5.956
4684,249,5.956
4685,251,5.953
4686,269,5.615
4687,251,5.953
4688,259,5.953
4689,250,5.953
4690,250,5.953
4691,258,5.953
4692,249,5.953
4693,256,5.953
4694,249,5.953
4695,253,5.953
4696,256,5.953
4697,256,5.953
4698,250,6.021
4699,241,6.021
4700,249,6.021
4701,250,6.021
4702,252,5.992
4703,251,5.992
4704,252,5.992
4705,252,5.992
4706,242,5.992
4707,249,5.992
4708,259,5.992
4709,248,5.717
4710,247,5.717
4711,250,5.717
4712,259,5.436
4713,258,5.959
4714,260,6.034
4715,265,6.034
4716,265,6.034
4717,261,6.034
4718,257,6.034
4719,253,5.362
4720,250,5.362
4721,252,5.9
4722,243,5.9
4723,261,5.9
4724,262,5.9
4725,259,5.9
4726,262,5.364
4727,267,5.888
4728,273,5.888
4729,273,5.888
4730,289,5.888
4731,283,5.347
4732,260,5.347
4733,260,5.347
4734,247,5.347
4735,246,4.662
4736,251,4.282
4737,251,4.282
4738,254,4.516
4739,253,5.254
4740,249,4.282
4741,258,4.282
4742,260,4.512
4743,245,4.512
4744,259,5.469
4745,256,5.469
4746,252,5.469
4747,278,5.469
4748,280,5.215
4749,275,5.226
4750,272,5.903
4751,272,5.903
4752,272,5.903
4753,264,5.903
4754,261,5.903
4755,257,5.903
4756,265,5.903
4757,266,5.903
4758,262,5.903
4759,262,5.903
4760,262,5.903
4761,261,5.903
4762,257,5.448
4763,257,5.448
4764,259,5.448
4765,261,5.448
4766,262,5.448
4767,255,5.448
4768,245,4.898
4769,264,4.898
4770,250,4.898
4771,255,4.898
4772,260,4.898
4773,263,4.898
4774,256,4.898
4775,243,4.904
4776,253,4.898
4777,247,5.087
4778,265,5.087
4779,267,5.087
4780,283,5.087
4781,288,4.814
4782,287,4.27
4783,291,4.27
4784,287,4.27
4785,290,4.27
4786,297,4.27
4787,292,5.338
4788,303,5.338
4789,303,5.338
4790,281,5.338
4791,283,4.27
4792,297,4.27
4793,290,3.762
4794,289,4.333
4795,298,4.395
4796,289,4.486
4797,298,4.631
4798,289,5.063
4799,283,5.063
4800,261,5.717
4801,253,5.063
4802,252,5.063
4803,270,5.063
4804,283,5.063
4805,285,5.063
4806,280,5.063
4807,265,5.063
4808,256,5.063
4809,253,5.063
4810,251,4.918
4811,247,4.918
4812,244,4.918
4813,242,4.918
4814,248,4.918
4815,249,4.918
4816,246,5.008
4817,240,4.118
4818,243,4.118
4819,242,4.118
4820,247,5.134
4821,242,5.708
4822,243,5.708
4823,248,5.708
4824,243,5.708
4825,249,5.708
4826,251,5.708
4827,246,5.328
4828,247,5.328
4829,244,6.03
4830,245,6.03
4831,241,6.03
4832,239,5.134
4833,245,5.134
4834,265,5.134
4835,265,5.134
4836,260,5.065
4837,263,5.065
4838,263,5.065
4839,262,5.065
4840,277,5.065
4841,255,5.065
4842,249,5.065
4843,234,5.747
4844,234,5.663
4845,229,5.663
4846,259,5.663
4847,243,5.663
4848,243,5.747
4849,237,5.747
4850,245,5.747
4851,245,5.899
4852,244,5.899
4853,249,5.899
4854,260,5.899
4855,255,5.899
4856,256,5.268
4857,270,5.268
4858,270,5.576
4859,272,5.576
4860,270,5.576
4861,269,4.034
4862,269,4.034
4863,272,4.7
4864,288,4.7
4865,285,4.267
4866,267,4.342
4867,270,4.342
4868,248,4.267
4869,251,5.122
4870,251,5.879
4871,240,5.879
4872,247,5.879
4873,255,5.879
4874,257,5.879
4875,252,5.879
4876,249,5.879
4877,249,5.879
4878,250,5.879
4879,251,5.879
4880,259,5.657
4881,266,5.492
4882,263,5.095
4883,273,5.095
4884,275,5.095
4885,271,5.095
4886,267,5.095
4887,274,5.537
4888,261,5.095
4889,254,4.9
4890,233,5.918
4891,239,5.918
4892,224,5.918
4893,224,5.918
4894,231,5.918
4895,231,5.918
4896,232,5.918
4897,231,5.918
4898,237,5.918
4899,251,4.9
4900,242,4.9
4901,227,4.9
4902,215,4.9
4903,219,4.9
4904,226,4.9
4905,224,3.738
4906,227,4.632
4907,228,4.632
4908,233,5.543
4909,238,4.632
4910,247,4.632
4911,247,5.23
4912,244,2.186
4913,246,5.831
4914,241,5.831
4915,256,5.831
4916,255,4.841
4917,254,5.373
4918,277,5.373
4919,276,4.763
4920,265,3.627
4921,261,3.969
4922,259,5.879
4923,248,5.209
4924,249,5.209
4925,244,5.209
4926,247,5.209
4927,227,5.209
4928,228,5.209
4929,236,5.209
4930,227,5.209
4931,226,5.209
4932,225,5.362
4933,225,5.362
4934,224,5.209
4935,224,5.209
4936,224,5.209
4937,234,5.209
4938,237,5.25
4939,227,5.25
4940,226,5.25
4941,234,5.25
4942,234,5.25
4943,245,5.25
4944,246,4.958
4945,245,4.958
4946,246,4.958
4947,240,4.395
4948,252,4.395
4949,255,4.897
4950,258,4.135
4951,251,5.344
4952,250,5.344
4953,252,5.441
4954,247,5.441
4955,249,5.441
4956,274,5.441
4957,266,5.441
4958,278,5.344
4959,280,5.344
4960,256,5.344
4961,255,5.344
4962,256,5.391
4963,254,5.601
4964,264,5.998
4965,262,5.998
4966,256,5.779
4967,256,5.779
4968,256,5.779
4969,256,5.779
4970,251,5.779
4971,250,5.779
4972,248,5.779
4973,257,5.779
4974,261,5.915
4975,260,5.915
4976,261,5.915
4977,295,5.915
4978,304,5.915
4979,287,5.326
4980,286,5.326
4981,284,5.326
4982,276,5.326
4983,278,4.9
4984,278,4.9
4985,278,4.9
4986,277,4.9
4987,285,4.9
4988,284,4.888
4989,280,4.888
4990,284,4.888
4991,279,3.969
4992,286,5.595
4993,290,5.595
4994,290,5.681
4995,285,5.681
4996,289,5.681
4997,284,5.681
4998,286,5.681
4999,286,5.681
5000,286,5.681
5001,263,5.681
5002,272,5.681
5003,259,5.681
5004,259,5.681
5005,255,5.681
5006,247,5.681
5007,247,5.681
5008,245,5.681
5009,254,5.681
5010,257,5.681
5011,258,5.681
5012,255,5.681
5013,256,5.681
5014,262,5.681
5015,274,5.681
5016,273,5.681
5017,265,5.681
5018,239,5.681
5019,239,5.681
5020,248,5.681
5021,244,5.974
5022,247,5.974
5023,245,5.974
5024,237,5.974
5025,237,5.974
5026,236,5.974
5027,245,5.974
5028,243,5.974
5029,247,5.974
5030,247,5.974
5031,248,5.974
5032,244,5.974
5033,253,5.815
5034,253,5.977
5035,278,5.977
5036,285,5.977
5037,266,5.977
5038,267,5.977
5039,265,5.977
5040,254,5.977
5041,254,5.977
5042,261,5.977
5043,264,5.977
5044,263,5.965
5045,260,5.965
5046,261,5.087
5047,264,5.795
5048,264,5.795
5049,253,5.899
5050,249,5.795
5051,278,5.795
5052,278,5.795
5053,274,5.795
5054,286,5.795
5055,269,5.795
5056,268,5.795
5057,267,5.795
5058,270,5.795
5059,266,5.795
5060,256,5.795
5061,247,5.795
5062,260,5.795
5063,257,5.795
5064,243,5.795
5065,237,5.795
5066,247,5.734
5067,262,5.734
5068,268,4.584
5069,267,4.584
5070,256,5.152
5071,256,5.152
5072,248,4.584
5073,240,5.45
5074,221,5.45
5075,220,5.45
5076,220,5.45
5077,233,5.9
5078,240,5.9
5079,242,5.9
5080,248,5.9
5081,249,5.9
5082,260,4.868
5083,263,5.965
5084,275,4.868
5085,284,4.868
5086,302,4.378
5087,288,3.72
5088,289,3.72
5089,285,3.72
5090,289,3.72
5091,284,3.72
5092,284,5.618
5093,272,3.72
5094,264,5.855
5095,275,5.855
5096,279,5.855
5097,282,5.855
5098,264,5.855
5099,271,5.616
5100,269,5.616
5101,270,5.616
5102,262,5.415
5103,250,5.929
5104,245,5.962
5105,243,5.929
5106,239,5.929
5107,237,4.773
5108,237,4.773
5109,243,4.883
5110,246,5.334
5111,249,4.891
5112,248,4.891
5113,253,4.891
5114,255,4.891
5115,248,4.891
5116,248,4.891
5117,251,4.891
5118,248,4.891
5119,240,4.891
5120,267,5.397
5121,253,5.397
5122,255,5.032
5123,255,5.166
5124,250,5.166
5125,264,5.166
5126,260,5.166
5127,261,5.615
5128,260,5.615
5129,270,4.344
5130,277,5.248
5131,283,4.344
5132,278,4.344
5133,277,5.326
5134,287,5.326
5135,292,4.847
5136,290,5.196
5137,284,5.196
5138,284,4.847
5139,284,4.847
5140,282,4.891
5141,266,4.891
5142,266,4.891
5143,243,4.362
5144,244,4.362
5145,249,5.496
5146,251,5.496
5147,265,5.496
5148,266,5.496
5149,287,5.215
5150,292,5.215
5151,283,5.215
5152,275,5.215
5153,274,5.215
5154,273,5.628
5155,255,5.628
5156,258,4.426
5157,261,4.426
5158,261,5.672
5159,261,5.615
5160,266,5.615
5161,269,5.615
5162,267,5.615
5163,284,5.615
5164,271,5.615
5165,254,5.615
5166,251,5.767
5167,261,5.767
5168,273,5.615
5169,258,5.615
5170,260,5.615
5171,270,5.615
5172,264,5.615
5173,269,5.615
5174,268,5.615
5175,277,6.009
5176,272,6.009
5177,275,6.009
5178,275,6.009
5179,267,6.009
5180,270,6.009
5181,267,6.009
5182,270,6.009
5183,264,6.009
5184,290,6.01
5185,259,6.009
5186,259,6.009
5187,257,6.009
5188,257,6.009
5189,263,6.009
5190,257,6.009
5191,261,6.009
5192,242,5.836
5193,252,5.836
5194,265,5.836
5195,270,5.836
5196,276,5.836
5197,275,5.836
5198,279,5.836
5199,265,5.836
5200,264,5.746
5201,260,5.746
5202,260,5.746
5203,261,5.746
5204,288,5.444
5205,296,5.444
5206,269,5.746
5207,287,5.173
5208,263,3.592
5209,258,3.592
5210,274,4.417
5211,255,3.884
5212,255,3.884
5213,258,6.031
5214,256,6.031
5215,252,6.031
5216,251,6.031
5217,269,5.909
5218,260,5.909
5219,249,5.592
5220,276,3.392
5221,281,3.392
5222,284,3.392
5223,281,3.392
5224,274,4.121
5225,254,5.705
5226,263,4.121
5227,280,5.326
5228,279,5.167
5229,261,2.611
5230,271,2.788
5231,266,2.591
5232,261,5.418
5233,249,5.376
5234,253,5.376
5235,256,5.376
5236,251,5.376
5237,269,5.268
5238,270,5.268
5239,291,5.098
5240,291,5.098
5241,275,5.625
5242,270,4.844
5243,272,4.844
5244,269,4.189
5245,287,4.172
5246,258,5.974
5247,253,5.974
5248,265,5.974
5249,256,5.974
5250,248,5.926
5251,249,5.926
5252,258,5.926
5253,250,5.35
5254,272,5.35
5255,274,5.35
5256,275,6.04
5257,253,6.04
5258,250,6.04
5259,253,6.04
5260,240,6.04
5261,243,6.04
5262,239,6.04
5263,249,4.703
5264,241,5.846
5265,239,5.956
5266,236,5.956
5267,239,5.956
5268,245,5.956
5269,254,5.956
5270,250,5.956
5271,271,5.941
5272,267,5.941
5273,267,5.941
5274,267,5.941
5275,272,5.941
5276,271,5.941
5277,284,5.941
5278,280,5.941
5279,278,5.672
5280,279,5.672
5281,280,5.672
5282,258,5.433
5283,241,5.433
5284,237,5.433
5285,234,5.433
5286,234,5.433
5287,243,4.73
5288,246,4.73
5289,241,4.703
5290,250,5.804
5291,259,5.804
5292,264,5.804
5293,259,5.783
5294,256,5.172
5295,250,5.172
5296,241,4.703
5297,247,4.703
5298,244,4.703
5299,248,5.606
5300,251,5.606
5301,262,5.606
5302,259,5.944
5303,247,5.944
5304,249,5.944
5305,248,5.944
5306,243,5.771
5307,247,5.771
5308,245,5.771
5309,251,5.771
5310,248,5.738
5311,237,5.738
5312,242,5.716
5313,239,5.716
5314,236,4.703
5315,229,4.703
5316,232,4.703
5317,232,4.703
5318,240,3.056
5319,244,3.232
5320,236,3.056
5321,237,5.657
5322,260,5.657
5323,254,4.945
5324,251,3.056
5325,259,3.056
5326,235,3.056
5327,238,4.073
5328,245,3.891
5329,289,5.947
5330,281,5.947
5331,272,5.947
5332,233,5.25
5333,232,5.25
5334,226,5.25
5335,233,3.215
5336,234,4.88
5337,242,5.49
5338,234,5.932
5339,237,5.932
5340,237,5.932
5341,235,5.81
5342,232,5.81
5343,232,5.81
5344,230,4.955
5345,223,5.445
5346,224,3.529
5347,231,3.529
5348,228,3.529
5349,232,3.72
5350,231,4.991
5351,234,5.09
5352,237,5.09
5353,260,5.09
5354,258,5.095
5355,269,5.37
5356,263,5.37
5357,295,5.974
5358,304,5.974
5359,298,5.974
5360,264,5.974
5361,268,5.974
5362,251,5.906
5363,244,4.82
5364,244,4.82
5365,239,5.511
5366,253,5.511
5367,253,5.511
5368,244,5.113
5369,244,5.113
5370,252,5.462
5371,251,5.475
5372,247,5.284
5373,240,5.338
5374,241,5.338
5375,241,5.338
5376,244,5.567
5377,251,5.567
5378,249,5.567
5379,246,5.567
5380,236,5.567
5381,251,5.567
5382,257,5.567
5383,256,5.567
5384,258,4.933
5385,275,5.887
5386,269,5.887
5387,272,5.887
5388,266,5.887
5389,268,5.887
5390,267,5.152
5391,273,5.152
5392,278,4.59
5393,276,4.59
5394,263,5.95
5395,264,5.95
5396,259,5.95
5397,259,5.95
5398,263,5.95
5399,262,5.95
5400,266,5.95
5401,265,5.239
5402,271,4.817
5403,268,5.986
5404,271,5.986
5405,279,6.043
5406,273,6.043
5407,268,5.986
5408,261,5.986
5409,276,5.986
5410,261,5.986
5411,256,5.986
5412,275,5.986
5413,258,5.986
5414,257,5.986
5415,271,4.829
5416,282,5.143
5417,301,4.829
5418,292,5.08
5419,301,5.594
5420,308,5.594
5421,302,5.594
5422,303,5.594
5423,294,5.594
5424,311,5.484
5425,315,4.829
5426,295,5.914
5427,295,5.914
5428,303,4.692
5429,310,4.692
5430,314,4.692
5431,295,4.692
5432,277,5.876
5433,283,5.876
5434,271,5.876
5435,284,5.876
5436,271,5.876
5437,272,5.876
5438,270,5.459
5439,271,5.459
5440,282,5.459
5441,290,5.459
5442,286,5.459
5443,280,5.643
5444,276,5.643
5445,261,5.643
5446,257,5.643
5447,254,5.643
5448,249,5.459
5449,241,5.459
5450,241,5.535
5451,270,5.535
5452,273,5.535
5453,256,5.535
5454,251,5.764
5455,253,5.764
5456,253,5.764
5457,257,5.764
5458,247,5.764
5459,241,5.764
5460,234,5.764
5461,244,5.764
5462,246,5.764
5463,248,5.827
5464,260,5.827
5465,259,5.827
5466,262,5.827
5467,270,5.827
5468,282,5.827
5469,284,5.827
5470,278,5.827
5471,281,3.111
5472,273,5.459
5473,282,5.459
5474,282,5.459
5475,272,5.459
5476,273,5.459
5477,294,5.459
5478,266,5.459
5479,264,5.486
5480,259,5.486
5481,259,5.486
5482,253,5.459
5483,286,5.459
5484,278,5.459
5485,283,5.678
5486,286,5.678
5487,284,4.788
5488,286,4.788
5489,286,4.788
5490,296,4.788
5491,288,4.788
5492,275,5.72
5493,278,5.72
5494,249,5.72
5495,245,5.43
5496,245,5.43
5497,245,5.43
5498,233,4.868
5499,224,5.705
5500,224,5.705
5501,242,5.705
5502,241,5.11
5503,234,5.11
5504,227,5.11
5505,255,5.953
5506,245,5.953
5507,246,5.953
5508,250,5.953
5509,249,5.971
5510,254,5.971
5511,247,5.971
5512,245,5.971
5513,225,5.971
5514,221,5.971
5515,227,5.971
5516,229,5.971
5517,244,5.971
5518,233,5.971
5519,235,5.971
5520,241,5.971
5521,247,5.971
5522,255,5.418
5523,251,5.418
5524,258,5.353
5525,266,5.353
5526,254,5.651
5527,250,5.651
5528,257,5.353
5529,290,5.353
5530,291,5.353
5531,285,5.941
5532,292,5.941
5533,286,5.941
5534,243,5.941
5535,264,5.941
5536,264,5.941
5537,257,5.941
5538,248,5.941
5539,254,5.806
5540,253,5.806
5541,253,5.806
5542,243,5.806
5543,242,5.806
5544,239,5.806
5545,242,4.958
5546,238,4.958
5547,237,4.958
5548,237,4.725
5549,231,5.319
5550,231,5.319
5551,260,5.436
5552,258,5.77
5553,235,5.77
5554,235,5.77
5555,237,4.725
5556,243,4.725
5557,243,4.725
5558,242,4.725
5559,241,5.989
5560,256,5.989
5561,260,5.66
5562,250,5.66
5563,239,5.376
5564,232,5.821
5565,241,5.406
5566,238,5.406
5567,243,5.406
5568,252,5.406
5569,260,5.95
5570,270,5.95
5571,270,5.95
5572,269,5.265
5573,280,5.72
5574,286,5.72
5575,280,5.72
5576,301,5.72
5577,301,5.72
5578,307,5.72
5579,296,5.72
5580,286,5.72
5581,279,5.72
5582,280,5.72
5583,278,5.72
5584,282,5.72
5585,278,5.944
5586,276,6.018
5587,274,6.018
5588,274,5.965
5589,274,5.965
5590,257,5.965
5591,257,5.965
5592,254,5.965
5593,272,5.965
5594,276,5.965
5595,271,5.965
5596,274,5.965
5597,273,5.965
5598,273,5.965
5599,269,5.881
5600,258,5.881
5601,253,5.881
5602,252,5.881
5603,273,5.881
5604,270,5.881
5605,263,5.296
5606,260,5.609
5607,235,5.705
5608,235,5.869
5609,235,5.869
5610,227,5.869
5611,221,5.869
5612,223,5.869
5613,226,5.869
5614,222,5.869
5615,225,5.869
5616,231,5.869
5617,258,5.869
5618,257,3.0
5619,259,3.069
5620,258,3.069
5621,258,3.069
5622,258,5.696
5623,253,5.696
5624,253,3.344
5625,248,3.32
5626,246,4.661
5627,244,4.548
5628,252,4.548
5629,251,4.548
5630,249,4.548
5631,260,4.548
5632,270,4.554
5633,263,5.48
5634,259,6.004
5635,258,6.004
5636,258,6.004
5637,269,6.004
5638,259,6.004
5639,265,6.004
5640,256,6.004
5641,257,6.004
5642,258,6.004
5643,268,6.004
5644,260,6.004
5645,268,5.711
5646,260,5.711
5647,263,5.711
5648,272,5.711
5649,266,5.711
5650,266,5.711
5651,265,5.122
5652,279,5.122
5653,285,5.385
5654,278,5.385
5655,272,5.78
5656,280,5.78
5657,288,3.839
5658,299,3.839
5659,300,3.839
5660,292,3.839
5661,297,3.839
5662,305,3.839
5663,281,4.519
5664,281,4.519
5665,281,5.495
5666,278,5.495
5667,265,5.495
5668,268,3.209
5669,266,3.209
5670,271,3.487
5671,267,3.487
5672,257,3.487
5673,257,4.171
5674,255,3.857
5675,265,3.857
5676,268,4.118
5677,271,5.74
5678,267,5.785
5679,257,4.637
5680,258,5.471
5681,261,5.471
5682,261,5.471
5683,248,5.176
5684,243,5.176
5685,243,5.83
5686,245,5.983
5687,245,5.983
5688,248,5.983
5689,267,5.983
5690,272,5.544
5691,264,5.544
5692,262,5.544
5693,256,5.544
5694,271,3.792
5695,268,4.915
5696,271,4.915
5697,269,4.915
5698,274,4.915
5699,280,4.915
5700,278,4.915
5701,287,5.239
5702,269,4.097
5703,258,4.097
5704,262,4.267
5705,265,4.267
5706,262,4.267
5707,256,4.267
5708,257,5.113
5709,256,5.302
5710,254,5.302
5711,252,5.113
5712,243,5.113
5713,243,5.113
5714,241,4.865
5715,242,3.08
5716,244,3.08
5717,259,5.095
5718,260,5.095
5719,263,5.095
5720,251,3.472
5721,259,5.021
5722,260,5.759
5723,268,4.166
5724,268,4.166
5725,263,4.59
5726,240,4.928
5727,237,4.713
5728,237,4.713
5729,236,4.713
5730,249,4.713
5731,256,3.06
5732,244,4.339
5733,252,4.339
5734,243,5.705
5735,244,5.705
5736,247,5.705
5737,244,5.705
5738,249,5.705
5739,257,5.705
5740,258,5.577
5741,257,5.577
5742,255,5.577
5743,273,5.577
5744,271,5.577
5745,261,5.577
5746,260,5.424
5747,267,5.412
5748,270,5.669
5749,269,5.669
5750,269,5.669
5751,271,5.412
5752,275,2.452
5753,269,2.452
5754,272,5.439
5755,281,5.439
5756,279,5.439
5757,261,5.014
5758,258,5.014
5759,254,5.28
5760,266,5.28
5761,262,5.226
5762,261,4.587
5763,267,5.995
5764,263,4.832
5765,266,3.454
5766,259,3.553
5767,272,5.595
5768,253,5.595
5769,264,5.595
5770,258,5.595
5771,263,5.595
5772,263,5.595
5773,272,5.595
5774,276,5.595
5775,276,4.33
5776,275,5.032
5777,275,5.032
5778,277,5.032
5779,272,5.379
5780,275,5.379
5781,277,5.379
5782,294,5.379
5783,293,5.454
5784,284,5.454
5785,294,5.867
5786,288,5.867
5787,258,5.867
5788,235,5.867
5789,236,5.867
5790,237,5.767
5791,237,5.767
5792,260,5.767
5793,262,5.767
5794,262,5.767
5795,262,5.767
5796,258,5.767
5797,241,5.767
5798,241,5.767
5799,245,5.767
5800,235,5.767
5801,238,6.027
5802,255,5.767
5803,251,5.46
5804,259,5.46
5805,269,5.46
5806,274,5.436
5807,276,5.436
5808,266,5.436
5809,268,5.6
5810,283,5.6
5811,286,5.501
5812,276,5.994
5813,266,5.994
5814,266,5.994
5815,277,5.994
5816,274,5.994
5817,270,5.994
5818,277,5.994
5819,270,5.436
5820,270,5.436
5821,274,5.436
5822,274,5.436
5823,276,5.436
5824,285,5.436
5825,275,5.436
5826,268,5.436
5827,280,5.436
5828,272,5.436
5829,305,5.436
5830,292,5.436
5831,292,5.436
5832,291,5.606
5833,306,5.606
5834,272,5.606
5835,258,5.436
5836,247,5.436
5837,248,5.436
5838,244,5.436
5839,236,5.436
5840,241,5.436
5841,235,5.436
5842,241,5.436
5843,247,5.436
5844,244,5.436
5845,239,5.923
5846,234,5.923
5847,238,5.487
5848,241,6.018
5849,251,6.018
5850,254,6.018
5851,277,5.716
5852,289,5.716
5853,286,5.716
5854,277,5.716
5855,279,5.716
5856,282,5.716
5857,287,5.702
5858,295,5.702
5859,298,5.702
5860,286,5.702
5861,276,5.474
5862,273,5.761
5863,288,5.887
5864,292,5.474
5865,293,5.474
5866,293,5.474
5867,290,5.474
5868,282,5.474
5869,284,5.474
5870,292,5.474
5871,294,5.612
5872,276,5.561
5873,281,5.561
5874,273,5.561
5875,259,5.561
5876,255,5.561
5877,243,5.561
5878,237,5.561
5879,268,6.03
5880,268,6.03
5881,280,6.03
5882,281,6.03
5883,255,6.03
5884,256,6.03
5885,259,6.03
5886,260,6.03
5887,240,5.436
5888,240,5.436
5889,244,6.039
5890,240,6.039
5891,241,6.039
5892,240,5.761
5893,247,5.761
5894,236,5.761
5895,229,5.761
5896,232,5.761
5897,230,5.436
5898,226,5.828
5899,228,5.828
5900,235,5.828
5901,238,5.828
5902,234,5.828
5903,238,5.828
5904,239,5.828
5905,240,5.828
5906,236,5.828
5907,244,5.827
5908,241,5.827
5909,236,5.502
5910,245,6.0
5911,245,6.0
5912,266,6.0
5913,251,5.502
5914,245,5.813
5915,252,5.502
5916,235,5.502
5917,255,5.502
5918,254,5.502
5919,251,5.502
5920,260,4.375
5921,281,4.877
5922,272,5.143
5923,279,5.143
5924,264,5.027
5925,257,5.298
5926,258,5.298
5927,253,5.298
5928,233,5.298
5929,223,5.298
5930,223,5.298
5931,220,5.298
5932,219,5.197
5933,225,5.027
5934,226,5.125
5935,227,5.125
5936,225,5.125
5937,225,5.125
5938,228,5.125
5939,222,5.125
5940,239,5.125
5941,237,4.96
5942,218,5.965
5943,216,5.965
5944,218,5.965
5945,213,4.96
5946,213,4.96
5947,224,4.462
5948,255,4.958
5949,257,5.107
5950,266,5.107
5951,262,5.107
5952,262,5.107
5953,263,5.107
5954,267,5.107
5955,274,5.107
5956,281,5.107
5957,282,5.107
5958,280,4.958
5959,274,4.186
5960,259,4.186
5961,256,4.877
5962,254,4.891
5963,254,5.341
5964,249,5.284
5965,252,5.284
5966,248,4.891
5967,228,5.415
5968,224,4.891
5969,230,4.891
5970,227,4.891
5971,234,4.891
5972,240,5.208
5973,239,5.208
5974,238,5.208
5975,233,5.208
5976,232,5.208
5977,231,5.902
5978,235,4.21
5979,234,4.21
5980,251,5.065
5981,251,5.065
5982,262,4.21
5983,241,4.21
5984,243,2.832
5985,252,2.832
5986,244,2.832
5987,240,4.521
5988,240,5.353
5989,239,3.478
5990,237,3.478
5991,237,3.478
5992,243,2.65
5993,234,2.452
5994,239,4.958
5995,238,4.126
5996,235,4.126
5997,235,3.708
5998,234,3.708
5999,241,4.464
6000,238,4.464
6001,235,4.464
6002,229,4.464
6003,242,5.577
6004,244,5.577
6005,232,5.577
6006,243,5.882
6007,249,5.882
6008,243,3.365
6009,237,4.77
6010,245,6.013
6011,251,6.013
6012,242,6.013
6013,239,6.013
6014,241,6.013
6015,234,5.23
6016,241,5.756
6017,247,5.128
6018,246,5.804
6019,241,5.804
6020,241,5.804
6021,235,5.804
6022,244,5.804
6023,245,5.804
6024,237,5.804
6025,247,5.804
6026,254,5.804
6027,250,5.804
6028,257,5.804
6029,260,5.755
6030,252,5.755
6031,248,5.155
6032,243,5.155
6033,238,5.155
6034,241,5.238
6035,250,5.155
6036,246,5.155
6037,246,5.155
6038,247,5.356
6039,241,5.356
6040,236,5.356
6041,232,5.356
6042,242,5.356
6043,242,5.356
6044,235,5.356
6045,245,5.356
6046,249,5.356
6047,247,5.666
6048,252,5.666
6049,251,5.666
6050,245,5.885
6051,245,5.158
6052,250,5.158
6053,254,5.158
6054,253,5.158
6055,249,5.918
6056,262,5.918
6057,274,5.263
6058,279,5.263
6059,279,5.263
6060,270,5.263
6061,282,5.263
6062,279,5.263
6063,282,5.263
6064,279,5.263
6065,301,5.532
6066,303,5.532
6067,301,4.253
6068,298,4.253
6069,291,1.89
6070,301,3.427
6071,280,5.149
6072,282,5.149
6073,270,5.149
6074,267,5.149
6075,274,5.149
6076,271,4.572
6077,278,4.226
6078,270,4.226
6079,265,4.226
6080,249,3.64
6081,247,3.64
6082,269,3.64
6083,263,3.64
6084,298,3.64
6085,298,3.64
6086,299,4.076
6087,306,5.791
6088,304,5.791
6089,306,5.791
6090,285,5.791
6091,278,4.273
6092,282,4.273
6093,279,4.273
6094,282,4.273
6095,274,4.273
6096,277,4.121
6097,269,4.121
6098,263,4.121
6099,248,4.121
6100,246,4.121
6101,251,3.806
6102,258,3.806
6103,257,4.126
6104,236,4.273
6105,236,4.273
6106,231,4.273
6107,238,4.716
6108,230,4.716
6109,232,4.934
6110,230,4.934
6111,232,4.934
6112,234,5.782
6113,236,5.782
6114,244,5.462
6115,254,5.462
6116,267,5.462
6117,268,5.462
6118,273,6.033
6119,270,6.033
6120,263,6.033
6121,258,6.033
6122,264,6.033
6123,268,3.782
6124,259,5.355
6125,266,4.297
6126,266,4.297
6127,263,5.699
6128,268,3.06
6129,266,4.342
6130,258,4.425
6131,260,5.101
6132,259,5.009
6133,259,5.009
6134,258,5.009
6135,262,5.197
6136,257,5.822
6137,259,6.001
6138,275,6.001
6139,278,6.001
6140,278,6.001
6141,264,6.001
6142,267,5.762
6143,253,5.762
6144,249,5.762
6145,251,5.762
6146,248,5.326
6147,251,5.409
6148,247,5.326
6149,253,5.795
6150,247,6.001
6151,236,6.001
6152,238,6.001
6153,241,6.001
6154,269,5.265
6155,258,5.265
6156,255,6.037
6157,247,5.98
6158,248,5.98
6159,260,5.98
6160,261,5.265
6161,262,5.265
6162,262,5.265
6163,262,5.265
6164,254,5.265
6165,261,5.541
6166,275,5.541
6167,275,5.541
6168,294,5.541
6169,293,5.541
6170,254,6.022
6171,294,5.265
6172,271,5.265
6173,280,5.58
6174,280,5.58
6175,283,5.58
6176,289,5.58
6177,290,5.58
6178,274,5.58
6179,302,5.58
6180,304,4.88
6181,308,3.311
6182,308,3.311
6183,301,3.311
6184,285,3.311
6185,274,3.311
6186,276,4.916
6187,249,4.916
6188,263,4.156
6189,273,4.156
6190,279,4.156
6191,278,4.954
6192,277,4.954
6193,289,4.156
6194,292,4.156
6195,281,3.311
6196,275,5.403
6197,268,5.498
6198,266,5.403
6199,269,5.615
6200,261,5.615
6201,265,5.615
6202,273,5.262
6203,269,5.262
6204,273,5.262
6205,274,5.848
6206,257,5.471
6207,279,5.471
6208,274,5.648
6209,260,5.471
6210,269,5.648
6211,258,5.648
6212,251,5.997
6213,238,5.997
6214,227,5.997
6215,226,5.997
6216,223,5.997
6217,228,5.997
6218,219,5.977
6219,212,6.018
6220,228,6.018
6221,231,6.018
6222,236,6.018
6223,251,5.974
6224,239,5.974
6225,249,5.974
6226,255,5.974
6227,256,4.031
6228,257,5.579
6229,246,5.579
6230,245,5.579
6231,255,5.579
6232,273,5.579
6233,271,5.346
6234,249,5.346
6235,242,5.346
6236,238,4.524
6237,250,5.731
6238,246,5.606
6239,250,5.606
6240,243,5.606
6241,241,5.235
6242,254,5.235
6243,269,5.235
6244,268,5.235
6245,283,5.235
6246,273,5.235
6247,269,5.235
6248,272,5.235
6249,282,5.235
6250,289,5.235
6251,285,5.235
6252,272,5.235
6253,252,5.235
6254,242,5.235
6255,238,5.235
6256,234,5.803
6257,241,5.803
6258,249,5.803
6259,245,5.803
6260,248,5.803
6261,248,5.803
6262,244,5.803
6263,229,5.941
6264,229,5.941
6265,229,5.941
6266,227,5.803
6267,223,5.803
6268,225,5.803
6269,224,5.803
6270,222,4.698
6271,228,4.787
6272,229,4.787
6273,220,4.06
6274,214,4.06
6275,212,4.631
6276,218,5.852
6277,220,4.631
6278,219,3.505
6279,221,5.837
6280,221,5.888
6281,240,5.888
6282,231,5.888
6283,230,5.888
6284,230,5.888
6285,236,5.888
6286,226,5.888
6287,216,5.888
6288,212,5.888
6289,216,5.837
6290,219,5.837
6291,240,5.837
6292,249,5.837
6293,253,5.837
6294,253,5.837
6295,245,5.837
6296,254,4.378
6297,249,3.774
6298,265,5.036
6299,265,5.036
6300,262,5.746
6301,251,5.746
6302,267,5.746
6303,268,5.746
6304,265,5.746
6305,249,5.746
6306,252,5.746
6307,256,5.746
6308,262,5.036
6309,259,5.036
6310,236,5.036
6311,225,5.036
6312,231,5.036
6313,218,5.036
6314,220,5.036
6315,224,5.036
6316,221,5.036
6317,221,5.036
6318,219,2.461
6319,230,2.461
6320,234,5.445
6321,236,5.445
6322,241,5.761
6323,239,5.624
6324,240,5.624
6325,237,5.624
6326,241,5.624
6327,233,5.624
6328,235,5.624
6329,226,5.624
6330,220,5.699
6331,222,5.699
6332,229,5.699
6333,226,4.398
6334,223,4.398
6335,223,4.398
6336,233,5.923
6337,233,5.923
6338,231,5.923
6339,222,4.398
6340,247,4.398
6341,239,4.398
6342,242,5.229
6343,239,5.229
6344,243,5.229
6345,240,5.229
6346,234,5.229
6347,230,5.229
6348,215,5.229
6349,216,5.229
6350,222,4.916
6351,221,3.833
6352,216,3.833
6353,238,3.833
6354,237,4.557
6355,237,4.557
6356,233,4.557
6357,225,5.223
6358,219,5.223
6359,219,5.223
6360,223,5.181
6361,224,5.229
6362,224,5.229
6363,220,5.229
6364,221,5.229
6365,220,5.229
6366,230,5.161
6367,264,4.685
6368,262,4.685
6369,251,5.932
6370,260,4.685
6371,259,4.685
6372,256,4.685
6373,264,4.685
6374,273,4.685
6375,271,4.685
6376,271,4.685
6377,284,5.693
6378,267,4.685
6379,266,4.685
6380,246,4.685
6381,263,5.956
6382,263,5.956
6383,247,5.956
6384,232,4.685
6385,235,4.685
6386,234,4.344
6387,237,4.344
6388,244,4.344
6389,245,3.501
6390,248,2.841
6391,250,3.574
6392,247,2.841
6393,243,2.997
6394,257,2.841
6395,246,5.55
6396,235,5.55
6397,237,5.55
6398,225,5.55
6399,219,5.55
6400,217,5.55
6401,225,5.55
6402,225,5.55
6403,227,4.853
6404,232,4.853
6405,234,4.853
6406,223,5.454
6407,227,5.454
6408,227,5.454
6409,244,5.454
6410,242,5.454
6411,220,5.454
6412,224,5.454
6413,236,4.359
6414,243,4.862
6415,248,4.359
6416,251,4.602
6417,260,4.921
6418,260,4.921
6419,257,4.921
6420,265,4.976
6421,246,4.921
6422,252,4.921
6423,252,4.921
6424,251,4.921
6425,252,5.882
6426,251,5.882
6427,245,5.397
6428,241,5.397
6429,242,6.024
6430,247,5.397
6431,242,6.043
6432,242,6.043
6433,276,5.803
6434,281,5.803
6435,256,5.803
6436,256,5.857
6437,270,5.92
6438,270,5.92
6439,273,5.866
6440,257,5.878
6441,253,5.878
6442,252,5.878
6443,256,5.053
6444,279,5.612
6445,276,5.612
6446,287,5.959
6447,289,5.959
6448,289,5.959
6449,289,5.959
6450,287,5.959
6451,295,5.959
6452,291,5.959
6453,282,5.959
6454,281,5.612
6455,279,5.612
6456,276,5.612
6457,277,5.612
6458,272,5.612
6459,268,5.08
6460,262,5.436
6461,259,5.436
6462,263,5.436
6463,261,5.436
6464,259,5.436
6465,257,5.325
6466,258,5.9
6467,271,5.9
6468,267,5.9
6469,272,5.9
6470,268,5.9
6471,273,5.9
6472,274,5.9
6473,253,5.9
6474,253,5.9
6475,244,5.9
6476,246,5.9
6477,241,5.9
6478,247,5.9
6479,253,5.9
6480,251,5.9
6481,252,5.9
6482,250,5.9
6483,250,5.9
6484,245,5.9
6485,247,5.9
6486,239,5.9
6487,265,5.9
6488,237,5.9
6489,234,5.9
6490,236,5.9
6491,238,5.9
6492,237,5.9
6493,244,5.9
6494,247,6.018
6495,243,5.9
6496,241,5.9
6497,230,5.9
6498,230,5.9
6499,229,5.9
6500,232,5.9
6501,253,5.9
6502,256,5.9
6503,257,5.9
6504,251,5.9
6505,251,5.9
6506,253,5.9
6507,253,5.9
6508,252,5.9
6509,251,5.9
6510,238,5.9
6511,239,5.9
6512,241,5.9
6513,241,5.9
6514,244,5.9
6515,242,5.9
6516,242,5.9
6517,245,5.9
6518,245,5.9
6519,257,5.9
6520,268,5.9
6521,263,5.9
6522,249,5.9
6523,234,5.9
6524,267,5.95
6525,271,5.95
6526,236,5.9
6527,235,5.9
6528,239,5.9
6529,240,5.9
6530,246,5.9
6531,251,5.9
6532,258,5.9
6533,267,5.9
6534,255,5.9
6535,244,5.9
6536,253,5.9
6537,278,5.9
6538,264,5.9
6539,256,5.9
6540,248,5.9
6541,247,5.9
6542,238,6.009
6543,248,6.009
6544,243,6.009
6545,241,6.009
6546,243,5.983
6547,243,5.983
6548,245,5.983
6549,246,5.921
6550,247,5.921
6551,253,5.921
6552,259,6.021
6553,252,4.359
6554,257,4.154
6555,256,5.456
6556,246,4.154
6557,245,4.154
6558,245,4.154
6559,245,3.606
6560,250,5.334
6561,257,5.78
6562,248,5.78
6563,256,5.78
6564,254,5.78
6565,265,5.78
6566,275,5.78
6567,277,5.78
6568,254,5.78
6569,235,5.78
6570,234,5.78
6571,232,5.78
6572,249,5.915
6573,256,5.915
6574,273,5.672
6575,268,5.672
6576,270,5.672
6577,261,5.672
6578,253,5.672
6579,244,5.672
6580,242,5.672
6581,228,5.672
6582,217,5.672
6583,217,5.672
6584,223,5.672
6585,236,5.672
6586,239,5.672
6587,240,5.819
6588,232,5.672
6589,253,5.672
6590,275,5.672
6591,275,5.672
6592,274,5.672
6593,292,5.783
6594,283,6.037
6595,284,6.037
6596,258,5.672
6597,269,5.672
6598,280,5.672
6599,269,5.672
6600,268,5.986
6601,285,5.986
6602,283,5.986
6603,271,5.986
6604,270,5.986
6605,270,5.986
6606,266,5.762
6607,270,5.762
6608,265,5.762
6609,275,5.205
6610,290,5.205
6611,274,5.37
6612,270,5.205
6613,279,6.018
6614,282,6.018
6615,273,5.409
6616,275,5.409
6617,270,5.409
6618,266,5.409
6619,263,5.409
6620,289,4.022
6621,290,5.568
6622,297,4.022
6623,298,6.027
6624,290,6.027
6625,288,6.027
6626,296,6.027
6627,287,6.027
6628,284,6.027
6629,284,6.027
6630,276,6.027
6631,269,6.027
6632,279,6.027
6633,283,6.0
6634,283,5.051
6635,278,5.523
6636,282,5.523
6637,285,5.66
6638,284,5.66
6639,285,5.66
6640,284,5.879
6641,265,5.879
6642,261,5.879
6643,253,5.879
6644,248,5.879
6645,251,5.896
6646,253,5.896
6647,275,5.23
6648,252,5.23
6649,247,5.104
6650,277,4.999
6651,274,4.999
6652,261,4.999
6653,256,4.999
6654,248,4.999
6655,247,4.999
6656,263,4.754
6657,264,4.691
6658,251,5.194
6659,249,5.194
6660,244,5.314
6661,251,5.899
6662,239,5.314
6663,239,5.314
6664,232,5.314
6665,227,4.61
6666,213,4.61
6667,214,4.933
6668,232,4.933
6669,222,6.007
6670,225,4.933
6671,221,5.343
6672,222,5.343
6673,221,5.9
6674,215,5.9
6675,239,5.9
6676,247,5.9
6677,252,5.9
6678,261,5.9
6679,262,5.009
6680,264,5.009
6681,230,5.009
6682,226,5.009
6683,236,5.009
6684,236,5.63
6685,245,5.63
6686,238,5.009
6687,234,5.517
6688,234,5.577
6689,229,5.009
6690,236,5.009
6691,237,5.009
6692,241,5.009
6693,241,5.009
6694,236,5.009
6695,238,5.009
6696,239,5.009
6697,248,5.009
6698,248,5.009
6699,234,5.009
6700,230,5.009
6701,237,5.009
6702,259,5.009
6703,274,5.009
6704,273,5.9
6705,270,5.9
6706,259,5.923
6707,263,5.923
6708,270,5.923
6709,279,5.923
6710,267,5.923
6711,268,5.923
6712,269,5.923
6713,271,5.9
6714,278,5.9
6715,276,5.9
6716,268,5.9
6717,261,5.9
6718,269,5.828
6719,264,5.828
6720,257,5.696
6721,252,5.696
6722,254,5.764
6723,251,5.764
6724,251,5.767
6725,245,5.767
6726,239,5.412
6727,239,5.412
6728,219,5.558
6729,220,5.558
6730,211,5.558
6731,209,5.558
6732,205,5.558
6733,209,5.558
6734,212,5.558
6735,215,4.41
6736,216,4.41
6737,222,4.327
6738,239,4.327
6739,228,5.989
6740,236,5.989
6741,262,5.989
6742,289,5.265
6743,298,5.361
6744,276,5.361
6745,263,5.746
6746,258,5.722
6747,262,5.722
6748,248,5.722
6749,249,4.01
6750,256,4.01
6751,258,4.138
6752,282,4.138
6753,305,4.01
6754,301,4.01
6755,294,5.675
6756,288,5.675
6757,272,4.01
6758,278,4.465
6759,287,5.621
6760,288,5.648
6761,278,5.648
6762,283,5.621
6763,284,5.28
6764,280,5.28
6765,275,5.728
6766,268,5.728
6767,261,5.241
6768,260,4.497
6769,259,3.837
6770,260,4.897
6771,272,5.845
6772,275,4.327
6773,269,4.473
6774,276,4.473
6775,274,4.473
6776,269,3.837
6777,269,3.837
6778,257,4.661
6779,260,4.661
6780,259,4.712
6781,260,4.712
6782,273,4.712
6783,270,4.661
6784,260,5.845
6785,278,3.998
6786,263,3.998
6787,264,3.998
6788,261,4.531
6789,251,4.531
6790,251,4.109
6791,283,5.199
6792,290,5.365
6793,285,5.687
6794,273,5.687
6795,251,5.687
6796,256,5.687
6797,274,5.687
6798,279,5.687
6799,275,5.687
6800,279,5.687
6801,255,5.687
6802,267,5.687
6803,260,5.687
6804,262,5.687
6805,261,5.465
6806,263,5.465
6807,264,5.911
6808,267,5.911
6809,268,5.639
6810,274,5.639
6811,291,5.639
6812,284,5.639
6813,280,5.639
6814,273,5.388
6815,274,5.562
6816,278,5.789
6817,272,5.789
6818,265,5.388
6819,258,5.388
6820,270,5.388
6821,253,5.514
6822,236,5.514
6823,228,5.514
6824,240,5.514
6825,250,5.388
6826,259,5.029
6827,271,4.778
6828,270,4.778
6829,270,4.778
6830,261,5.481
6831,260,5.637
6832,264,5.637
6833,258,5.78
6834,255,5.78
6835,257,5.78
6836,258,5.78
6837,242,5.78
6838,242,5.78
6839,242,5.484
6840,243,5.484
6841,241,5.484
6842,240,5.251
6843,252,5.771
6844,254,5.771
6845,247,5.251
6846,250,5.251
6847,266,5.251
6848,270,4.611
6849,262,4.611
6850,267,4.644
6851,260,4.644
6852,250,4.112
6853,245,5.424
6854,256,5.424
6855,256,5.771
6856,256,5.771
6857,247,5.771
6858,261,5.771
6859,256,5.771
6860,256,5.771
6861,250,5.771
6862,258,5.771
6863,255,5.771
6864,256,5.771
6865,256,5.771
6866,251,5.771
6867,246,5.771
6868,255,5.771
6869,274,5.771
6870,276,5.771
6871,277,5.771
6872,294,5.909
6873,298,5.909
6874,301,5.909
6875,290,5.909
6876,300,5.388
6877,292,5.388
6878,293,5.295
6879,294,5.164
6880,302,5.164
6881,296,4.276
6882,306,4.276
6883,306,4.124
6884,301,4.124
6885,295,4.124
6886,295,5.397
6887,291,5.651
6888,278,5.651
6889,291,5.039
6890,292,5.478
6891,272,5.804
6892,269,5.804
6893,234,5.804
6894,237,5.804
6895,263,5.804
6896,265,5.804
6897,259,5.804
6898,255,5.804
6899,259,5.804
6900,258,5.843
6901,249,5.843
6902,249,5.843
6903,254,5.843
6904,235,5.843
6905,231,5.843
6906,229,5.843
6907,232,5.843
6908,228,5.843
6909,227,5.843
6910,230,5.843
6911,230,5.843
6912,234,5.843
6913,235,5.843
6914,248,5.843
6915,265,5.843
6916,270,5.843
6917,255,5.843
6918,256,5.843
6919,228,5.843
6920,230,5.843
6921,229,5.843
6922,225,5.843
6923,207,5.843
6924,210,5.843
6925,210,5.843
6926,227,5.843
6927,227,5.843
6928,227,5.843
6929,229,5.843
6930,224,5.843
6931,207,5.843
6932,207,5.843
6933,218,5.843
6934,212,5.843
6935,213,5.687
6936,210,5.687
6937,223,5.687
6938,223,5.687
6939,213,5.687
6940,217,5.218
6941,217,5.218
6942,215,5.218
6943,212,5.218
6944,218,5.218
6945,219,5.218
6946,219,5.218
6947,221,5.218
6948,220,5.218
6949,240,5.218
6950,238,5.218
6951,236,5.314
6952,237,5.977
6953,214,6.019
6954,208,6.019
6955,206,6.019
6956,204,6.019
6957,210,6.019
6958,213,6.019
6959,226,6.019
6960,228,6.019
6961,239,5.394
6962,232,5.218
6963,237,5.376
6964,232,5.809
6965,237,5.218
6966,232,5.716
6967,231,5.716
6968,228,4.925
6969,228,4.925
6970,233,4.925
6971,233,3.723
6972,223,3.723
6973,257,3.723
6974,221,3.723
6975,226,3.875
6976,226,3.875
6977,224,3.875
6978,226,3.528
6979,226,3.528
6980,224,5.909
6981,220,6.028
6982,225,6.028
6983,222,6.028
6984,208,6.013
6985,205,6.013
6986,218,6.013
6987,218,6.013
6988,238,5.873
6989,247,5.873
6990,249,5.873
6991,258,5.738
6992,258,5.738
6993,261,3.824
6994,256,3.824
6995,249,3.824
6996,260,4.907
6997,260,4.51
6998,260,3.824
6999,257,3.824
7000,257,5.433
7001,256,5.433
7002,244,5.226
7003,244,5.226
7004,233,5.998
7005,229,5.998
7006,229,5.965
7007,229,4.599
7008,228,4.315
7009,231,6.027
7010,238,6.027
7011,238,6.027
7012,244,6.027
7013,239,5.415
7014,246,5.415
7015,247,5.415
7016,247,5.415
7017,260,5.415
7018,264,5.329
7019,260,5.329
7020,272,5.329
7021,276,5.329
7022,275,5.767
7023,275,5.767
7024,275,5.767
7025,273,5.767
7026,273,5.329
7027,286,5.959
7028,286,5.959
7029,286,5.959
7030,274,5.329
7031,266,5.329
7032,266,5.329
7033,262,5.329
7034,248,5.329
7035,252,5.734
7036,268,5.734
7037,281,5.734
7038,276,5.69
7039,276,5.69
7040,281,5.69
7041,283,5.69
7042,283,5.69
7043,264,5.69
7044,268,5.69
7045,264,5.69
7046,253,5.69
7047,253,5.69
7048,260,4.874
7049,266,4.874
7050,258,4.874
7051,260,4.174
7052,260,4.799
7053,260,4.799
7054,252,4.799
7055,255,4.799
7056,251,4.799
7057,247,4.799
7058,247,4.799
7059,251,4.799
7060,237,4.799
7061,232,4.799
7062,232,4.799
7063,226,4.829
7064,242,4.829
7065,245,4.829
7066,242,4.829
7067,241,4.829
7068,245,4.829
7069,231,4.829
7070,225,3.272
7071,219,3.272
7072,234,5.286
7073,221,6.012
7074,224,6.012
7075,232,6.012
7076,236,6.012
7077,239,6.012
7078,242,6.012
7079,245,4.016
7080,242,5.839
7081,256,5.143
7082,271,5.651
7083,282,5.651
7084,282,5.651
7085,274,5.651
7086,277,5.651
7087,273,5.651
7088,274,5.651
7089,271,5.651
7090,269,5.651
7091,273,5.891
7092,270,5.651
7093,274,5.651
7094,274,5.483
7095,274,5.483
7096,274,5.483
7097,271,5.317
7098,266,5.317
7099,257,5.317
7100,254,5.317
7101,251,5.317
7102,247,5.317
7103,238,5.317
7104,241,5.317
7105,254,5.107
7106,251,5.95
7107,243,5.95
7108,250,5.107
7109,241,5.37
7110,233,5.37
7111,231,5.37
7112,241,5.37
7113,241,5.37
7114,241,5.37
7115,250,5.074
7116,261,5.23
7117,255,5.084
7118,252,5.074
7119,236,3.66
7120,240,4.584
7121,249,4.584
7122,277,4.874
7123,269,4.874
7124,260,4.874
7125,257,4.386
7126,250,5.125
7127,253,5.445
7128,251,5.445
7129,239,5.445
7130,235,4.617
7131,235,2.86
7132,240,4.27
7133,239,2.366
7134,243,4.766
7135,241,4.847
7136,247,4.847
7137,249,4.847
7138,243,4.847
7139,246,5.063
7140,243,5.063
7141,243,5.502
7142,244,5.574
7143,255,5.574
7144,255,5.574
7145,253,5.574
7146,245,2.62
7147,248,3.331
7148,237,4.894
7149,268,4.894
7150,266,3.774
7151,253,3.774
7152,251,3.774
7153,258,4.139
7154,255,5.269
7155,264,5.84
7156,264,5.84
7157,276,5.84
7158,315,5.84
7159,302,5.911
7160,298,5.911
7161,269,5.911
7162,260,5.911
7163,263,5.911
7164,277,5.911
7165,278,5.048
7166,277,5.2
7167,270,5.776
7168,267,5.776
7169,273,5.776
7170,273,5.776
7171,269,5.776
7172,275,6.021
7173,275,6.021
7174,266,6.021
7175,259,6.021
7176,261,5.233
7177,258,5.233
7178,256,5.233
7179,245,5.233
7180,265,5.233
7181,233,5.81
7182,235,5.81
7183,248,5.81
7184,243,5.81
7185,242,5.81
7186,233,5.997
7187,257,5.81
7188,248,5.81
7189,251,5.81
7190,278,5.753
7191,261,5.858
7192,250,4.841
7193,257,5.903
7194,263,5.903
7195,264,5.332
7196,258,5.042
7197,261,5.714
7198,276,3.065
7199,252,3.065
7200,256,4.055
7201,254,4.123
7202,270,5.036
7203,277,5.036
7204,266,5.036
7205,269,5.036
7206,284,5.036
7207,282,5.036
7208,282,5.036
7209,260,5.119
7210,253,5.601
7211,253,5.601
7212,253,5.601
7213,253,5.601
7214,254,5.601
7215,242,5.511
7216,240,5.511
7217,247,5.364
7218,247,5.364
7219,245,5.974
7220,243,5.364
7221,243,5.364
7222,238,4.919
7223,215,3.711
7224,215,4.686
7225,219,4.686
7226,222,5.251
7227,244,5.251
7228,230,5.251
7229,234,5.251
7230,251,5.849
7231,252,5.849
7232,237,5.251
7233,258,5.445
7234,262,5.445
7235,257,5.598
7236,240,5.598
7237,241,4.715
7238,243,4.715
7239,240,5.254
7240,245,5.254
7241,246,5.43
7242,246,5.43
7243,272,5.43
7244,278,5.43
7245,261,5.43
7246,258,5.43
7247,261,5.43
7248,261,4.715
7249,261,4.715
7250,259,4.715
7251,256,4.927
7252,272,4.927
7253,261,4.927
7254,261,4.927
7255,258,4.927
7256,253,4.927
7257,244,4.927
7258,248,4.927
7259,263,4.927
7260,244,4.927
7261,244,4.927
7262,256,4.927
7263,258,5.478
7264,253,5.478
7265,263,5.974
7266,267,5.006
7267,261,5.376
7268,258,5.424
7269,256,5.376
7270,261,4.927
7271,257,4.927
7272,258,5.797
7273,258,5.797
7274,260,5.797
7275,259,5.116
7276,259,5.116
7277,247,5.827
7278,256,5.116
7279,264,5.116
7280,265,5.116
7281,249,5.116
7282,247,5.116
7283,240,5.116
7284,257,5.116
7285,257,5.116
7286,249,5.191
7287,249,5.191
7288,255,5.191
7289,251,5.191
7290,266,5.191
7291,257,5.191
7292,267,5.191
7293,258,5.191
7294,272,5.191
7295,271,5.057
7296,271,5.057
7297,270,5.057
7298,250,6.039
7299,251,6.039
7300,251,6.039
7301,249,6.039
7302,254,6.039
7303,258,6.039
7304,258,6.039
7305,260,6.039
7306,246,6.039
7307,244,6.039
7308,234,6.039
7309,234,6.039
7310,243,6.039
7311,238,6.04
7312,235,6.04
7313,234,6.04
7314,234,6.04
7315,231,6.04
7316,231,6.04
7317,227,6.04
7318,227,5.968
7319,227,5.968
7320,228,5.968
7321,226,5.968
7322,208,5.968
7323,208,5.968
7324,208,5.968
7325,214,4.871
7326,218,4.994
7327,214,4.994
7328,210,4.898
7329,243,6.036
7330,230,4.898
7331,237,4.898
7332,244,3.114
7333,248,4.512
7334,245,4.512
7335,242,4.512
7336,235,3.114
7337,231,3.114
7338,235,4.21
7339,233,4.21
7340,213,4.369
7341,205,4.21
7342,205,4.241
7343,222,4.241
7344,231,4.722
7345,243,5.606
7346,240,5.606
7347,240,5.648
7348,227,5.648
7349,229,5.648
7350,226,5.316
7351,230,5.316
7352,226,5.316
7353,228,5.316
7354,229,5.063
7355,227,5.063
7356,236,5.063
7357,250,5.063
7358,237,5.063
7359,236,5.876
7360,250,5.235
7361,232,5.235
7362,232,5.235
7363,233,5.235
7364,231,5.235
7365,232,5.235
7366,207,5.816
7367,210,5.816
7368,211,5.816
7369,211,5.816
7370,227,5.816
7371,231,5.728
7372,250,5.728
7373,250,5.604
7374,267,5.604
7375,253,5.737
7376,240,5.737
7377,235,5.965
7378,246,5.965
7379,244,5.965
7380,249,5.965
7381,253,5.965
7382,243,5.965
7383,264,5.965
7384,262,5.917
7385,264,5.917
7386,260,5.917
7387,271,5.917
7388,271,5.917
7389,285,5.965
7390,288,5.965
7391,290,5.965
7392,283,5.965
7393,292,5.965
7394,287,5.965
7395,283,5.888
7396,289,5.888
7397,279,5.888
7398,278,5.888
7399,287,5.888
7400,280,5.888
7401,278,5.888
7402,274,5.888
7403,279,5.888
7404,283,5.921
7405,285,5.921
7406,277,5.921
7407,277,5.921
7408,267,5.304
7409,269,5.304
7410,266,5.304
7411,261,5.304
7412,263,4.79
7413,255,4.79
7414,259,4.79
7415,260,5.863
7416,265,5.863
7417,274,5.965
7418,276,5.965
7419,270,5.965
7420,271,5.863
7421,269,5.863
7422,268,4.548
7423,284,5.564
7424,299,5.564
7425,292,5.564
7426,290,5.9
7427,285,5.9
7428,282,5.9
7429,295,6.015
7430,292,5.9
7431,282,5.9
7432,268,5.9
7433,268,5.9
7434,270,5.9
7435,317,5.9
7436,298,5.9
7437,305,5.9
7438,289,5.9
7439,288,5.9
7440,240,5.9
7441,234,5.9
7442,249,5.9
7443,256,5.9
7444,263,5.9
7445,259,5.9
7446,256,5.9
7447,243,5.9
7448,238,5.9
7449,245,5.9
7450,232,5.9
7451,229,5.9
7452,233,5.9
7453,227,5.9
7454,229,5.9
7455,220,5.9
7456,221,5.9
7457,227,5.9
7458,220,5.9
7459,216,5.9
7460,212,5.9
7461,229,5.9
7462,228,5.9
7463,219,5.9
7464,217,5.9
7465,214,5.9
7466,226,5.9
7467,229,5.9
7468,232,5.9
7469,224,5.9
7470,206,5.9
7471,221,5.9
7472,209,5.9
7473,202,5.9
7474,195,5.9
7475,195,5.9
7476,201,5.9
7477,201,5.9
7478,202,5.89
7479,206,5.89
7480,199,5.89
7481,201,5.232
7482,213,5.009
7483,216,5.009
7484,206,5.009
7485,219,5.009
7486,224,5.009
7487,227,5.009
7488,227,5.009
7489,229,5.009
7490,235,4.745
7491,222,4.745
7492,221,5.699
7493,222,5.25
7494,218,5.989
7495,232,5.989
7496,240,5.989
7497,226,5.989
7498,225,5.989
7499,226,5.989
7500,226,5.989
7501,264,5.989
7502,271,5.989
7503,244,5.989
7504,259,5.989
7505,259,5.989
7506,260,5.012
7507,243,5.032
7508,249,5.032
7509,256,4.9
7510,254,4.9
7511,270,3.493
7512,263,5.101
7513,269,5.101
7514,248,5.101
7515,254,5.101
7516,271,5.101
7517,254,5.101
7518,255,4.788
7519,255,4.788
7520,262,5.444
7521,258,5.444
7522,263,5.444
7523,263,5.444
7524,246,5.444
7525,249,5.923
7526,246,5.444
7527,239,4.957
7528,254,5.026
7529,259,5.026
7530,259,5.026
7531,261,5.026
7532,270,5.424
7533,260,5.424
7534,280,4.3
7535,264,4.3
7536,246,4.815
7537,246,4.815
7538,256,4.545
7539,245,4.545
7540,247,4.545
7541,249,4.545
7542,247,4.545
7543,246,4.533
7544,264,4.578
7545,265,4.533
7546,265,4.533
7547,266,5.813
7548,257,5.813
7549,274,4.533
7550,267,4.533
7551,260,4.533
7552,269,4.638
7553,271,4.638
7554,273,4.638
7555,250,4.638
7556,250,5.508
7557,245,5.314
7558,244,6.018
7559,230,5.314
7560,259,4.623
7561,257,4.623
7562,255,4.623
7563,254,5.514
7564,252,5.514
7565,261,5.705
7566,233,6.007
7567,242,5.705
7568,239,5.705
7569,228,5.514
7570,243,5.514
7571,243,5.514
7572,228,5.663
7573,232,5.663
7574,236,5.663
7575,241,4.77
7576,242,4.77
7577,236,4.77
7578,225,4.77
7579,216,4.27
7580,238,4.27
7581,254,4.27
7582,249,4.27
7583,241,5.302
7584,245,4.27
7585,255,4.27
7586,251,5.125
7587,237,4.27
7588,217,5.421
7589,217,5.421
7590,220,5.421
7591,222,5.421
7592,231,4.408
7593,228,4.408
7594,223,4.408
7595,220,5.122
7596,232,4.408
7597,226,4.408
7598,233,4.408
7599,228,4.408
7600,228,4.892
7601,221,4.892
7602,217,5.534
7603,224,4.892
7604,227,5.359
7605,253,5.359
7606,255,5.651
7607,258,5.359
7608,249,5.956
7609,249,5.956
7610,219,5.956
7611,228,5.196
7612,241,6.04
7613,236,6.04
7614,239,6.04
7615,242,6.04
7616,254,6.021
7617,261,6.021
7618,255,5.989
7619,254,5.516
7620,269,4.895
7621,238,5.559
7622,236,5.559
7623,269,5.559
7624,239,5.559
7625,235,5.03
7626,232,5.03
7627,232,4.796
7628,230,4.796
7629,231,4.796
7630,231,5.929
7631,227,5.637
7632,237,5.368
7633,241,5.368
7634,236,5.368
7635,236,5.368
7636,223,5.499
7637,228,4.3
7638,232,4.3
7639,259,2.456
7640,267,4.973
7641,272,4.973
7642,276,4.973
7643,276,5.711
7644,283,4.921
7645,282,4.921
7646,268,4.921
7647,266,4.921
7648,233,4.921
7649,242,5.684
7650,272,5.684
7651,270,5.684
7652,258,5.684
7653,258,3.992
7654,239,3.992
7655,238,3.992
7656,287,4.625
7657,283,4.625
7658,256,4.625
7659,251,5.454
7660,235,5.454
7661,217,5.454
7662,217,5.454
7663,227,5.14
7664,245,4.587
7665,230,5.187
7666,238,5.187
7667,246,5.187
7668,251,5.187
7669,271,5.187
7670,277,3.906
7671,277,3.906
7672,279,3.906
7673,280,4.204
7674,270,4.204
7675,284,4.204
7676,286,4.204
7677,284,4.204
7678,268,4.204
7679,239,4.204
7680,261,4.865
7681,240,4.204
7682,221,5.119
7683,226,4.763
7684,218,4.494
7685,215,4.473
7686,214,5.582
7687,232,5.582
7688,250,5.582
7689,235,5.582
7690,240,5.582
7691,238,5.101
7692,221,5.361
7693,215,5.361
7694,211,5.361
7695,225,5.361
7696,247,5.361
7697,246,5.344
7698,235,5.344
7699,254,5.344
7700,253,5.344
7701,259,5.344
7702,252,5.344
7703,256,5.992
7704,256,5.992
7705,254,5.992
7706,255,5.992
7707,250,5.992
7708,261,5.992
7709,261,5.992
7710,265,5.869
7711,254,5.869
7712,268,5.869
7713,243,5.869
7714,249,5.869
7715,252,5.003
7716,252,5.003
7717,244,5.122
7718,245,5.003
7719,244,5.003
7720,252,5.003
7721,250,5.003
7722,250,5.003
7723,257,5.003
7724,259,5.003
7725,258,5.003
7726,260,4.132
7727,253,4.673
7728,226,4.844
7729,223,4.958
7730,232,4.958
7731,229,4.958
7732,232,4.844
7733,239,4.682
7734,224,6.04
7735,230,6.04
7736,241,6.04
7737,240,6.04
7738,240,6.04
7739,248,6.04
7740,241,6.04
7741,241,5.52
7742,233,5.52
7743,232,5.52
7744,232,5.52
7745,238,4.952
7746,244,4.067
7747,255,5.962
7748,250,5.962
7749,257,5.962
7750,226,5.962
7751,224,5.421
7752,244,5.421
7753,254,5.421
7754,263,4.96
7755,252,5.648
7756,252,5.648
7757,250,5.648
7758,257,5.648
7759,257,5.648
7760,258,5.648
7761,268,5.648
7762,249,5.648
7763,256,4.495
7764,264,4.495
7765,259,4.495
7766,272,5.747
7767,270,5.747
7768,272,5.332
7769,269,5.014
7770,274,5.014
7771,258,5.275
7772,253,5.571
7773,250,4.462
7774,251,4.967
7775,254,4.967
7776,254,4.967
7777,252,5.11
7778,257,5.541
7779,249,4.426
7780,245,4.426
7781,254,4.426
7782,247,4.426
7783,267,4.426
7784,257,5.274
7785,247,4.443
7786,251,5.05
7787,244,5.05
7788,247,5.05
7789,257,5.05
7790,253,5.05
7791,247,5.05
7792,252,4.428
7793,247,4.428
7794,256,4.428
7795,243,4.966
7796,229,5.708
7797,228,5.708
7798,231,5.708
7799,235,5.708
7800,237,5.708
7801,249,4.426
7802,257,5.441
7803,258,5.441
7804,241,4.426
7805,239,4.426
7806,236,4.82
7807,241,4.426
7808,238,4.426
7809,248,4.67
7810,258,4.67
7811,266,6.006
7812,254,6.006
7813,250,6.009
7814,234,6.006
7815,235,6.006
7816,245,5.785
7817,254,5.788
7818,242,5.866
7819,238,5.866
7820,244,5.866
7821,233,6.034
7822,230,6.034
7823,258,4.877
7824,257,4.996
7825,259,4.996
7826,261,5.561
7827,253,5.34
7828,254,5.34
7829,253,5.34
7830,244,5.065
7831,238,5.065
7832,239,5.065
7833,234,5.065
7834,231,5.065
7835,233,5.065
7836,247,6.021
7837,231,4.426
7838,236,4.426
7839,234,4.455
7840,231,4.455
7841,222,4.455
7842,239,4.426
7843,231,5.992
7844,229,4.426
7845,248,4.426
7846,258,4.954
7847,263,5.211
7848,251,5.211
7849,252,5.211
7850,229,4.785
7851,226,4.785
7852,226,4.785
7853,236,4.785
7854,226,4.785
7855,242,4.815
7856,244,4.815
7857,242,5.298
7858,241,4.539
7859,250,4.53
7860,250,4.53
7861,249,3.867
7862,237,4.551
7863,250,4.551
7864,256,4.73
7865,263,5.69
7866,258,5.69
7867,258,5.69
7868,265,5.511
7869,278,5.851
7870,275,5.827
7871,279,5.827
7872,271,5.827
7873,273,5.827
7874,263,5.487
7875,259,5.487
7876,256,5.487
7877,263,5.487
7878,261,5.487
7879,260,5.487
7880,269,5.487
7881,268,5.487
7882,267,5.107
7883,270,5.107
7884,254,5.107
7885,238,4.682
7886,252,4.088
7887,243,5.639
7888,245,4.088
7889,250,4.088
7890,248,4.088
7891,242,4.088
7892,233,4.682
7893,251,4.088
7894,254,5.002
7895,248,5.002
7896,248,5.002
7897,251,5.199
7898,245,5.002
7899,245,5.002
7900,239,5.002
7901,233,5.002
7902,253,5.002
7903,271,5.74
7904,250,5.74
7905,265,5.74
7906,248,5.74
7907,248,5.74
7908,230,5.74
7909,266,5.747
7910,281,5.747
7911,286,5.74
7912,286,5.74
7913,285,5.74
7914,276,5.74
7915,283,5.74
7916,290,5.894
7917,301,5.74
7918,303,5.74
7919,281,5.74
7920,257,5.74
7921,266,5.74
7922,266,5.229
7923,269,5.196
7924,264,5.418
7925,247,5.418
7926,241,5.63
7927,233,5.63
7928,236,5.63
7929,236,5.63
7930,213,5.63
7931,216,4.984
7932,213,4.984
7933,227,5.836
7934,242,5.836
7935,245,4.984
7936,245,4.984
7937,249,4.984
7938,242,4.984
7939,240,4.984
7940,234,4.984
7941,235,5.66
7942,232,5.66
7943,228,5.66
7944,228,5.66
7945,228,5.66
7946,225,5.66
7947,222,5.66
7948,224,5.66
7949,237,5.869
7950,255,5.869
7951,266,5.869
7952,250,5.869
7953,250,5.869
7954,254,5.116
7955,255,5.116
7956,253,5.116
7957,247,5.116
7958,249,5.155
7959,248,5.268
7960,256,5.268
7961,256,5.155
7962,257,5.574
7963,256,5.574
7964,254,5.699
7965,247,5.737
7966,247,5.737
7967,247,5.639
7968,254,5.639
7969,253,5.639
7970,263,5.774
7971,278,5.774
7972,275,5.774
7973,265,6.027
7974,256,6.027
7975,286,6.027
7976,278,6.027
7977,293,3.759
7978,293,3.759
7979,267,3.759
7980,266,5.212
7981,268,5.28
7982,260,5.672
7983,262,5.212
7984,262,5.212
7985,253,3.235
7986,253,3.235
7987,254,3.114
7988,254,3.114
7989,266,3.114
7990,268,5.427
7991,247,5.427
7992,245,5.427
7993,249,5.774
7994,250,5.774
7995,268,5.774
7996,270,5.774
7997,264,5.774
7998,257,5.774
7999,275,5.774
8000,290,5.774
8001,280,5.917
8002,290,5.774
8003,274,5.774
8004,259,5.776
8005,259,5.776
8006,270,5.774
8007,276,5.774
8008,278,5.774
8009,290,5.774
8010,291,4.667
8011,297,5.481
8012,283,5.481
8013,289,5.481
8014,293,5.481
8015,293,5.481
8016,293,5.481
8017,293,5.672
8018,280,6.039
8019,281,6.039
8020,266,6.039
8021,275,5.481
8022,275,5.481
8023,293,4.485
8024,290,3.869
8025,300,3.869
8026,296,3.869
8027,296,3.869
8028,306,3.869
8029,298,3.869
8030,299,4.791
8031,303,4.142
8032,303,4.77
8033,288,3.869
8034,270,4.462
8035,267,4.462
8036,268,4.067
8037,254,5.6
8038,266,5.833
8039,271,5.833
8040,274,5.833
8041,275,5.833
8042,267,5.833
8043,266,5.833
8044,270,5.409
8045,277,5.717
8046,256,5.717
8047,256,5.717
8048,263,5.717
8049,260,5.717
8050,261,5.717
8051,265,5.717
8052,263,5.717
8053,261,5.717
8054,253,5.878
8055,253,5.717
8056,252,5.717
8057,256,5.717
8058,248,5.717
8059,247,5.717
8060,254,5.717
8061,248,5.717
8062,269,5.717
8063,265,4.019
8064,250,4.019
8065,250,4.019
8066,251,4.019
8067,259,6.043
8068,259,4.019
8069,262,4.019
8070,263,4.019
8071,243,4.019
8072,241,4.019
8073,237,4.019
8074,245,5.382
8075,227,3.774
8076,230,4.608
8077,234,4.608
8078,233,5.215
8079,232,5.215
8080,229,5.472
8081,236,5.472
8082,231,5.472
8083,263,5.95
8084,285,5.95
8085,286,5.95
8086,296,5.95
8087,298,5.95
8088,303,5.95
8089,308,5.95
8090,301,5.471
8091,278,5.471
8092,276,5.471
8093,271,5.537
8094,262,5.537
8095,246,4.5
8096,232,4.5
8097,271,4.5
8098,290,4.1
8099,262,4.856
8100,289,4.1
8101,290,3.867
8102,293,3.538
8103,292,5.475
8104,290,5.475
8105,303,5.771
8106,299,5.771
8107,271,5.771
8108,262,5.771
8109,265,5.771
8110,261,5.771
8111,262,6.018
8112,262,6.018
8113,261,6.018
8114,255,5.771
8115,250,5.771
8116,235,5.771
8117,233,5.771
8118,246,5.771
8119,241,5.771
8120,250,5.771
8121,252,5.412
8122,251,4.74
8123,248,4.74
8124,254,4.74
8125,252,4.74
8126,252,4.375
8127,254,4.495
8128,258,4.495
8129,240,4.117
8130,238,5.546
8131,238,5.546
8132,246,5.546
8133,247,5.546
8134,273,5.505
8135,270,5.505
8136,266,5.994
8137,266,5.994
8138,265,4.894
8139,268,4.894
8140,248,5.708
8141,244,5.708
8142,250,5.708
8143,261,5.295
8144,247,5.412
8145,254,5.636
8146,255,5.825
8147,247,5.825
8148,252,5.825
8149,256,5.825
8150,263,5.825
8151,260,5.825
8152,244,5.825
8153,239,5.825
8154,241,5.825
8155,234,5.825
8156,260,5.929
8157,263,5.929
8158,262,5.825
8159,273,5.825
8160,276,5.645
8161,265,5.645
8162,264,5.645
8163,267,5.645
8164,265,4.489
8165,273,5.34
8166,278,5.34
8167,271,5.388
8168,279,4.057
8169,275,3.553
8170,273,3.553
8171,268,3.553
8172,262,3.553
8173,264,3.553
8174,256,5.436
8175,252,4.513
8176,252,3.553
8177,249,4.79
8178,248,4.79
8179,251,4.79
8180,250,4.79
8181,251,4.79
8182,252,5.011
8183,259,5.011
8184,259,5.011
8185,260,5.011
8186,258,5.011
8187,259,5.011
8188,285,4.773
8189,273,4.934
8190,272,4.934
8191,246,4.934
8192,246,4.718
8193,257,4.718
8194,260,4.718
8195,259,4.718
8196,263,4.718
8197,270,4.718
8198,281,4.718
8199,277,4.718
8200,267,4.718
8201,260,4.718
8202,256,4.718
8203,249,4.718
8204,256,4.718
8205,259,4.718
8206,257,4.718
8207,258,4.775
8208,248,4.775
8209,268,4.775
8210,282,4.775
8211,285,5.782
8212,276,4.853
8213,265,4.853
8214,254,4.853
8215,247,4.853
8216,259,4.939
8217,259,5.433
8218,264,4.939
8219,270,4.939
8220,278,5.974
8221,266,5.974
8222,272,5.974
8223,268,5.974
8224,255,5.974
8225,256,5.974
8226,261,5.974
8227,262,5.447
8228,264,5.301
8229,259,5.595
8230,256,5.595
8231,243,5.595
8232,256,5.801
8233,254,5.595
8234,254,5.595
8235,258,5.595
8236,246,5.595
8237,242,5.696
8238,242,5.696
8239,242,5.696
8240,241,6.042
8241,242,6.042
8242,242,6.042
8243,239,6.042
8244,246,6.042
8245,246,6.042
8246,248,5.9
8247,254,5.9
8248,252,5.9
8249,247,5.9
8250,241,4.584
8251,244,4.796
8252,243,5.373
8253,243,5.373
8254,243,5.373
8255,249,5.373
8256,242,5.373
8257,245,5.373
8258,246,5.752
8259,238,5.752
8260,248,5.373
8261,236,5.633
8262,239,5.633
8263,239,5.633
8264,256,5.633
8265,253,5.633
8266,270,5.49
8267,270,5.49
8268,278,5.49
8269,285,6.019
8270,280,4.578
8271,246,4.706
8272,254,4.548
8273,251,4.548
8274,259,4.548
8275,282,4.548
8276,295,4.548
8277,292,4.548
8278,267,4.548
8279,251,5.161
8280,249,5.161
8281,248,5.161
8282,238,5.161
8283,236,5.161
8284,233,5.98
8285,244,5.98
8286,230,5.98
8287,239,5.872
8288,237,5.872
8289,246,5.801
8290,237,5.801
8291,246,5.801
8292,250,5.801
8293,234,5.801
8294,223,5.801
8295,219,5.801
8296,223,5.801
8297,230,4.853
8298,230,4.853
8299,243,4.099
8300,241,5.233
8301,242,5.233
8302,259,5.233
8303,259,5.233
8304,243,5.316
8305,242,5.597
8306,240,5.316
8307,227,5.705
8308,228,5.705
8309,227,5.705
8310,232,5.705
8311,237,5.316
8312,230,5.316
8313,254,5.316
8314,261,5.316
8315,261,5.316
8316,260,5.316
8317,268,5.986
8318,267,5.986
8319,261,5.316
8320,242,5.316
8321,244,5.316
8322,251,5.316
8323,260,5.316
8324,261,5.714
8325,247,5.714
8326,243,5.714
8327,239,5.286
8328,242,5.286
8329,249,5.286
8330,247,5.347
8331,257,5.347
8332,260,4.04
8333,251,4.04
8334,247,4.04
8335,245,4.477
8336,247,4.477
8337,236,5.517
8338,241,5.517
8339,247,5.558
8340,241,5.558
8341,257,5.517
8342,244,5.517
8343,247,5.517
8344,245,5.517
8345,254,5.517
8346,247,5.517
8347,263,5.256
8348,261,5.749
8349,265,5.749
8350,263,5.681
8351,266,5.926
8352,270,5.926
8353,267,5.926
8354,271,4.575
8355,270,5.302
8356,270,5.302
8357,265,4.109
8358,253,5.597
8359,252,5.597
8360,243,5.597
8361,249,5.597
8362,257,5.597
8363,253,6.016
8364,264,6.016
8365,257,6.016
8366,255,6.016
8367,252,6.016
8368,251,6.016
8369,243,6.016
8370,239,6.016
8371,237,6.016
8372,235,5.349
8373,247,5.349
8374,248,5.349
8375,243,5.349
8376,241,5.349
8377,241,5.349
8378,253,5.349
8379,248,5.349
8380,272,5.349
8381,281,5.349
8382,270,5.349
8383,259,5.349
8384,242,5.349
8385,232,5.349
8386,226,5.349
8387,232,5.349
8388,242,5.349
8389,241,5.349
8390,250,5.349
8391,255,5.349
8392,261,5.672
8393,254,5.672
8394,255,5.672
8395,249,5.672
8396,245,5.672
8397,261,5.672
8398,243,5.266
8399,233,5.266
8400,234,5.508
8401,237,5.508
8402,234,5.508
8403,226,5.544
8404,231,5.544
8405,233,5.544
8406,250,5.544
8407,250,5.544
8408,250,5.544
8409,253,5.544
8410,261,5.544
8411,261,4.258
8412,246,5.388
8413,234,5.388
8414,234,4.751
8415,244,4.231
8416,232,3.782
8417,239,3.782
8418,239,3.782
8419,238,5.4
8420,237,5.4
8421,243,5.821
8422,272,5.821
8423,276,5.821
8424,257,5.821
8425,254,5.821
8426,233,5.821
8427,232,5.821
8428,236,5.821
8429,239,5.442
8430,263,5.8
8431,264,5.8
8432,255,5.827
8433,231,5.827
8434,237,5.827
8435,234,5.442
8436,234,5.442
8437,244,5.442
8438,235,5.442
8439,232,5.442
8440,236,5.442
8441,259,5.442
8442,256,5.442
8443,262,5.442
8444,267,5.442
8445,258,5.857
8446,249,5.857
8447,257,5.857
8448,257,5.146
8449,243,5.277
8450,250,5.277
8451,254,5.427
8452,246,5.427
8453,239,5.146
8454,236,5.146
8455,259,5.146
8456,259,5.146
8457,263,5.146
8458,263,5.146
8459,264,3.998
8460,255,5.819
8461,264,3.105
8462,243,5.556
8463,249,5.556
8464,247,5.556
8465,233,5.556
8466,237,5.299
8467,254,5.299
8468,237,5.299
8469,237,5.299
8470,231,5.299
8471,238,5.299
8472,231,5.35
8473,225,5.35
8474,225,5.35
8475,227,4.886
8476,228,4.886
8477,246,4.886
8478,255,5.959
8479,246,4.886
8480,240,5.89
8481,237,5.89
8482,244,5.89
8483,244,5.89
8484,236,5.89
8485,236,5.89
8486,235,5.89
8487,234,5.89
8488,231,3.517
8489,231,3.517
8490,238,3.517
8491,240,3.08
8492,239,4.073
8493,239,4.073
8494,238,3.08
8495,252,4.614
8496,247,4.614
8497,249,5.828
8498,240,5.828
8499,240,5.828
8500,230,3.433
8501,232,5.628
8502,239,5.628
8503,245,5.373
8504,249,5.424
8505,250,5.601
8506,254,5.601
8507,242,5.601
8508,237,5.528
8509,258,5.528
8510,264,5.152
8511,260,5.152
8512,260,5.275
8513,242,5.45
8514,249,5.275
8515,244,5.275
8516,250,5.275
8517,256,5.275
8518,250,5.275
8519,257,5.275
8520,255,5.275
8521,247,5.756
8522,263,5.756
8523,257,5.756
8524,256,5.756
8525,253,5.756
8526,260,5.568
8527,262,5.791
8528,266,5.791
8529,255,5.935
8530,255,5.935
8531,241,5.935
8532,261,5.935
8533,270,5.935
8534,259,5.962
8535,260,5.962
8536,265,5.917
8537,253,5.917
8538,252,5.917
8539,264,5.917
8540,263,5.552
8541,265,5.552
8542,263,5.358
8543,273,5.974
8544,274,5.358
8545,263,5.358
8546,257,5.358
8547,285,4.59
8548,286,4.59
8549,270,4.59
8550,270,4.59
8551,287,4.59
8552,279,4.59
8553,280,4.59
8554,273,3.989
8555,261,3.917
8556,260,5.367
8557,242,5.367
8558,242,4.788
8559,239,5.304
8560,231,5.486
8561,234,5.486
8562,232,5.486
8563,230,5.486
8564,231,5.486
8565,233,5.486
8566,258,5.486
8567,261,5.486
8568,269,5.891
8569,265,5.891
8570,267,5.891
8571,278,5.891
8572,280,5.891
8573,280,5.891
8574,272,5.891
8575,257,5.891
8576,249,5.891
8577,260,5.891
8578,269,5.098
8579,270,5.098
8580,279,5.77
8581,270,5.77
8582,267,5.77
8583,251,5.77
8584,254,5.77
8585,251,5.513
8586,249,3.628
8587,241,5.714
8588,242,5.714
8589,251,5.714
8590,237,5.576
8591,227,5.576
8592,226,3.824
8593,225,5.974
8594,229,5.974
8595,233,3.484
8596,233,3.642
8597,232,3.642
8598,224,3.484
8599,232,4.495
8600,229,5.465
8601,229,5.465
8602,232,5.687
8603,235,5.687
8604,233,5.089
8605,228,5.089
8606,222,5.089
8607,233,5.089
8608,239,5.089
8609,229,5.089
8610,232,4.495
8611,240,4.495
8612,256,4.495
8613,256,4.495
8614,270,4.495
8615,245,5.714
8616,260,4.495
8617,263,5.604
8618,265,5.604
8619,271,4.812
8620,261,4.812
8621,275,4.978
8622,279,4.123
8623,280,5.938
8624,288,5.917
8625,290,5.917
8626,287,5.917
8627,286,5.917
8628,288,5.917
8629,278,4.709
8630,275,4.709
8631,259,4.709
8632,254,4.709
8633,264,4.709
8634,272,4.709
8635,270,5.31
8636,264,5.31
8637,266,5.31
8638,261,5.31
8639,263,5.242
8640,261,5.242
8641,235,6.028
8642,247,5.4
8643,231,5.242
8644,242,5.242
8645,237,5.242
8646,250,4.709
8647,238,5.209
8648,230,5.209
8649,233,5.209
8650,236,5.209
8651,246,5.341
8652,253,5.341
8653,252,5.341
8654,246,5.341
8655,249,5.341
8656,261,5.341
8657,265,5.365
8658,287,5.365
8659,307,5.365
8660,309,5.365
8661,314,4.999
8662,314,4.999
8663,292,5.938
8664,285,5.938
8665,278,5.131
8666,250,5.131
8667,248,5.415
8668,247,5.415
8669,254,5.708
8670,262,5.708
8671,251,5.708
8672,246,5.708
8673,243,5.708
8674,272,5.708
8675,280,5.708
8676,273,5.708
8677,255,5.708
8678,252,5.708
8679,252,4.817
8680,248,5.66
8681,252,5.66
8682,248,5.66
8683,269,4.979
8684,269,5.556
8685,276,5.92
8686,277,5.92
8687,292,5.92
8688,274,5.92
8689,261,5.92
8690,259,5.92
8691,266,5.92
8692,263,5.92
8693,271,5.556
8694,263,5.556
8695,257,5.556
8696,276,5.87
8697,263,5.87
8698,251,5.87
8699,252,5.87
8700,252,5.87
8701,248,5.556
8702,247,5.556
8703,244,5.556
8704,246,5.556
8705,239,5.932
8706,240,5.932
8707,237,5.932
8708,237,5.932
8709,234,5.932
8710,207,5.932
8711,207,5.932
8712,203,5.932
8713,211,5.768
8714,211,5.768
8715,213,4.537
8716,217,4.796
8717,253,4.796
8718,253,4.796
8719,247,4.796
8720,244,4.796
8721,239,4.683
8722,240,5.549
8723,252,5.549
8724,248,5.89
8725,262,5.89
8726,244,4.01
8727,238,4.509
8728,258,5.262
8729,257,4.01
8730,237,4.817
8731,237,4.817
8732,238,5.583
8733,230,5.504
8734,230,5.995
8735,230,5.995
8736,232,5.995
8737,230,5.995
8738,224,5.995
8739,250,5.995
8740,240,5.995
8741,265,5.995
8742,284,6.01
8743,279,6.01
8744,273,6.01
8745,280,5.789
8746,276,5.693
8747,287,5.693
8748,279,5.693
8749,281,4.897
8750,284,5.63
8751,281,5.397
8752,266,5.397
8753,266,5.397
8754,268,5.397
8755,270,4.949
8756,283,5.056
8757,284,5.63
8758,282,5.63
8759,287,5.63
8760,291,5.63
8761,284,5.63
8762,279,5.63
8763,286,5.63
8764,265,5.63
8765,259,4.13
8766,264,4.999
8767,268,5.708
8768,263,5.812
8769,267,5.812
8770,266,5.812
8771,263,5.812
8772,273,5.812
8773,269,5.792
8774,263,5.792
8775,248,5.08
8776,248,5.08
8777,253,4.772
8778,255,4.8
8779,261,4.772
8780,259,4.772
8781,266,4.772
8782,266,4.772
8783,274,4.291
8784,260,5.761
8785,270,5.761
8786,276,5.761
8787,281,5.761
8788,277,5.761
8789,266,5.761
8790,280,3.212
8791,280,3.212
8792,264,5.822
8793,278,5.822
8794,263,5.822
8795,275,5.084
8796,276,5.084
8797,254,5.923
8798,256,5.923
8799,256,5.923
8800,250,5.923
8801,249,4.835
8802,250,4.835
8803,256,4.835
8804,252,5.355
8805,260,5.355
8806,277,5.764
8807,264,5.764
8808,261,5.379
8809,256,5.675
8810,264,5.675
8811,260,5.675
8812,253,5.675
8813,258,5.675
8814,245,5.675
8815,251,5.675
8816,247,5.675
8817,247,5.675
8818,247,5.669
8819,251,5.669
8820,251,5.752
8821,247,5.752
8822,256,5.752
8823,234,5.752
8824,242,5.752
8825,224,5.752
8826,277,5.752
8827,271,5.752
8828,221,5.752
8829,230,5.752
8830,234,5.459
8831,243,4.596
8832,243,4.596
8833,259,4.605
8834,262,5.522
8835,269,4.605
8836,288,3.747
8837,281,5.672
8838,289,5.801
8839,276,5.801
8840,277,5.801
8841,281,5.801
8842,277,4.25
8843,273,3.176
8844,266,5.224
8845,273,5.224
8846,268,5.224
8847,262,5.224
8848,251,5.224
8849,250,5.224
8850,264,5.257
8851,257,5.834
8852,254,3.176
8853,272,3.694
8854,250,5.302
8855,254,5.302
8856,248,5.003
8857,247,5.003
8858,236,5.628
8859,230,5.628
8860,230,5.628
8861,221,5.628
8862,246,5.628
8863,225,5.628
8864,224,5.628
8865,250,5.55
8866,249,5.26
8867,259,5.26
8868,271,5.26
8869,271,5.26
8870,280,5.26
8871,268,5.221
8872,278,5.447
8873,278,5.221
8874,272,5.221
8875,291,4.946
8876,301,4.946
8877,336,4.946
8878,349,5.935
8879,347,5.935
8880,334,5.595
8881,285,5.595
8882,285,5.595
8883,280,5.595
8884,272,5.595
8885,270,5.595
8886,273,5.595
8887,267,5.595
8888,265,3.66
8889,269,3.589
8890,275,4.686
8891,278,5.278
8892,279,5.278
8893,272,4.686
8894,274,5.761
8895,278,4.686
8896,276,4.42
8897,278,5.474
8898,288,5.474
8899,292,5.893
8900,330,5.893
8901,288,5.893
8902,283,5.893
8903,286,5.893
8904,283,5.98
8905,279,5.98
8906,276,5.813
8907,276,5.813
8908,270,5.813
8909,281,5.813
8910,281,5.813
8911,283,5.441
8912,269,5.441
8913,268,5.441
8914,283,5.441
8915,277,5.441
8916,275,5.441
8917,288,5.441
8918,278,5.782
8919,273,5.782
8920,281,5.782
8921,282,5.441
8922,291,5.441
8923,286,5.441
8924,290,5.441
8925,292,5.441
8926,288,5.441
8927,286,5.441
8928,271,5.441
8929,266,5.441
8930,237,5.568
8931,233,5.568
8932,235,5.938
8933,239,5.938
8934,241,5.938
8935,244,5.938
8936,257,5.938
8937,258,5.938
8938,264,4.525
8939,259,4.525
8940,256,4.229
8941,262,4.229
8942,262,4.229
8943,262,4.229
8944,260,4.279
8945,242,4.279
8946,235,4.279
8947,238,5.364
8948,238,5.364
8949,240,5.364
8950,245,5.364
8951,239,5.743
8952,252,5.743
8953,253,5.743
8954,246,5.743
8955,246,5.743
8956,230,5.743
8957,233,5.743
8958,221,6.04
8959,223,5.743
8960,225,5.932
8961,228,5.743
8962,256,5.507
8963,255,6.031
8964,260,6.031
8965,270,6.031
8966,249,5.837
8967,255,5.507
8968,258,5.507
8969,260,5.507
8970,261,5.507
8971,261,5.507
8972,261,5.507
8973,276,5.344
8974,282,5.344
8975,279,5.344
8976,279,5.344
8977,275,5.344
8978,282,5.696
8979,295,5.344
8980,280,5.344
8981,287,5.364
8982,292,5.968
8983,296,5.968
8984,304,5.307
8985,281,5.307
8986,282,4.375
8987,270,4.204
8988,263,5.48
8989,259,5.878
8990,255,5.878
8991,254,5.878
8992,258,3.806
8993,256,3.806
8994,242,5.065
8995,261,5.065
8996,261,5.065
8997,274,5.065
8998,254,5.298
8999,247,5.298
9000,249,5.254
9001,260,5.254
9002,260,5.254
9003,282,5.191
9004,282,5.191
9005,274,5.737
9006,274,5.737
9007,279,5.737
9008,280,5.504
9009,276,5.465
9010,275,5.465
9011,279,5.465
9012,277,5.666
9013,260,5.465
9014,266,5.465
9015,285,5.559
9016,252,5.573
9017,255,5.559
9018,248,5.702
9019,246,5.702
9020,231,4.806
9021,232,4.806
9022,249,5.526
9023,264,4.806
9024,250,4.806
9025,255,4.806
9026,251,5.471
9027,246,5.471
9028,244,5.499
9029,241,5.499
9030,239,5.499
9031,261,5.666
9032,262,5.499
9033,263,5.499
9034,242,5.986
9035,242,5.986
9036,239,5.499
9037,231,5.499
9038,231,5.499
9039,232,5.499
9040,232,5.499
9041,229,5.499
9042,230,5.499
9043,237,5.499
9044,231,5.526
9045,239,5.113
9046,239,5.113
9047,233,5.77
9048,234,5.77
9049,225,5.391
9050,232,5.391
9051,243,5.543
9052,235,5.543
9053,238,5.543
9054,232,5.391
9055,235,5.391
9056,239,5.391
9057,257,5.391
9058,255,5.391
9059,259,5.134
9060,261,5.409
9061,247,5.409
9062,252,5.409
9063,263,5.654
9064,251,5.654
9065,251,5.654
9066,259,5.654
9067,255,5.654
9068,252,5.409
9069,252,5.409
9070,252,5.409
9071,257,5.409
9072,255,5.409
9073,257,5.409
9074,257,5.418
9075,252,5.687
9076,260,5.687
9077,260,5.687
9078,260,5.687
9079,271,5.864
9080,262,5.687
9081,259,5.483
9082,255,5.483
9083,246,5.483
9084,237,5.794
9085,228,5.794
9086,223,5.794
9087,223,5.794
9088,240,5.794
9089,241,5.794
9090,242,4.987
9091,240,4.987
9092,244,4.987
9093,245,4.087
9094,254,3.63
9095,258,5.801
9096,267,4.874
9097,261,2.569
9098,272,2.023
9099,283,4.584
9100,279,4.664
9101,285,4.811
9102,270,4.04
9103,271,4.04
9104,257,4.04
9105,255,4.985
9106,274,4.393
9107,253,5.373
9108,255,5.373
9109,257,5.373
9110,265,5.373
9111,252,5.373
9112,255,5.391
9113,247,5.391
9114,233,5.391
9115,223,5.391
9116,225,5.391
9117,240,5.391
9118,240,5.391
9119,258,5.391
9120,257,5.391
9121,267,5.391
9122,269,5.391
9123,248,5.391
9124,240,5.391
9125,227,5.391
9126,219,5.391
9127,229,5.391
9128,231,5.391
9129,227,5.391
9130,223,5.391
9131,226,5.55
9132,233,5.55
9133,251,5.55
9134,251,5.55
9135,239,5.55
9136,257,5.564
9137,237,5.564
9138,225,5.564
9139,225,5.564
9140,230,5.564
9141,224,5.734
9142,221,5.947
9143,231,5.947
9144,235,5.947
9145,229,5.947
9146,226,5.821
9147,227,4.405
9148,235,5.331
9149,235,5.331
9150,235,5.331
9151,230,5.331
9152,230,5.331
9153,230,5.331
9154,226,5.544
9155,236,5.544
9156,214,5.758
9157,218,5.758
9158,211,5.544
9159,217,5.447
9160,221,5.441
9161,221,5.549
9162,233,5.549
9163,238,5.549
9164,257,4.581
9165,271,5.618
9166,252,5.618
9167,280,5.618
9168,279,5.618
9169,259,5.618
9170,290,5.439
9171,288,5.439
9172,271,5.439
9173,268,5.439
9174,271,4.742
9175,267,4.742
9176,298,5.567
9177,289,5.567
9178,311,5.567
9179,305,5.376
9180,305,4.622
9181,306,4.622
9182,269,4.622
9183,265,4.622
9184,265,4.622
9185,273,4.622
9186,261,4.622
9187,258,4.622
9188,254,4.622
9189,249,4.982
9190,238,4.865
9191,238,4.865
9192,232,4.865
9193,227,4.865
9194,221,5.095
9195,210,5.355
9196,227,5.941
9197,223,5.941
9198,238,4.154
9199,240,4.154
9200,247,4.154
9201,231,5.376
9202,234,4.56
9203,226,4.527
9204,240,3.89
9205,238,3.89
9206,248,5.188
9207,242,3.89
9208,230,4.885
9209,230,5.764
9210,222,5.764
9211,233,5.764
9212,232,5.764
9213,253,4.548
9214,260,4.548
9215,284,5.798
9216,285,5.798
9217,285,6.024
9218,276,5.798
9219,284,5.798
9220,272,5.788
9221,269,5.212
9222,269,5.212
9223,268,4.664
9224,265,4.664
9225,271,4.964
9226,271,4.664
9227,272,4.664
9228,273,4.682
9229,278,5.2
9230,279,6.033
9231,276,5.2
9232,279,4.984
9233,270,4.984
9234,274,4.984
9235,253,4.984
9236,240,4.984
9237,238,4.984
9238,229,4.984
9239,229,4.984
9240,270,4.984
9241,286,5.098
9242,278,5.687
9243,274,5.687
9244,275,5.797
9245,273,5.797
9246,274,5.22
9247,263,5.22
9248,255,5.06
9249,258,5.06
9250,251,5.564
9251,236,5.06
9252,236,4.713
9253,236,5.753
9254,226,4.455
9255,235,4.455
9256,238,5.472
9257,234,4.455
9258,256,3.265
9259,256,4.199
9260,261,3.265
9261,261,3.265
9262,262,3.265
9263,261,4.076
9264,261,3.265
9265,273,3.149
9266,280,2.465
9267,271,5.283
9268,280,5.283
9269,258,5.283
9270,261,5.283
9271,262,4.996
9272,258,4.996
9273,252,4.497
9274,252,4.497
9275,249,3.866
9276,247,4.476
9277,255,5.499
9278,259,5.499
9279,259,5.499
9280,265,5.684
9281,274,5.684
9282,281,5.499
9283,277,5.499
9284,282,5.537
9285,277,5.499
9286,260,5.499
9287,278,5.499
9288,282,5.499
9289,284,5.586
9290,272,5.586
9291,275,5.839
9292,265,5.995
9293,258,5.995
9294,251,5.995
9295,256,5.995
9296,249,5.995
9297,248,5.995
9298,241,5.839
9299,224,5.839
9300,226,6.004
9301,228,6.004
9302,230,6.004
9303,241,6.004
9304,241,6.004
9305,243,6.004
9306,263,6.004
9307,236,6.004
9308,228,6.004
9309,232,6.004
9310,226,6.004
9311,240,6.004
9312,237,5.959
9313,225,4.946
9314,224,5.995
9315,247,4.046
9316,246,5.063
9317,246,5.525
9318,251,5.525
9319,253,5.063
9320,241,5.852
9321,245,5.852
9322,243,5.442
9323,249,5.442
9324,251,5.442
9325,253,5.442
9326,245,5.275
9327,269,4.981
9328,250,5.445
9329,250,4.981
9330,248,4.981
9331,254,5.299
9332,249,4.981
9333,252,4.677
9334,247,4.677
9335,251,5.22
9336,247,4.677
9337,249,4.315
9338,254,4.315
9339,264,4.315
9340,267,6.022
9341,266,6.022
9342,247,6.022
9343,278,6.022
9344,270,6.022
9345,258,6.022
9346,257,6.022
9347,267,6.022
9348,259,6.022
9349,263,6.022
9350,264,4.174
9351,267,3.67
9352,263,5.002
9353,268,5.164
9354,275,5.164
9355,261,4.85
9356,261,4.674
9357,260,4.244
9358,257,4.244
9359,255,4.244
9360,240,4.244
9361,246,5.447
9362,255,5.447
9363,255,5.719
9364,237,5.719
9365,242,5.719
9366,247,5.719
9367,249,5.719
9368,256,5.719
9369,258,5.719
9370,258,5.719
9371,252,4.437
9372,242,4.437
9373,266,4.244
9374,269,4.244
9375,259,4.244
9376,270,4.244
9377,276,5.722
9378,269,5.722
9379,279,5.722
9380,286,5.722
9381,280,5.722
9382,263,5.722
9383,264,5.722
9384,255,4.53
9385,260,4.53
9386,263,5.487
9387,270,5.373
9388,252,4.53
9389,255,4.53
9390,258,4.844
9391,260,4.844
9392,253,4.984
9393,249,4.984
9394,253,4.844
9395,259,4.844
9396,257,5.654
9397,257,5.654
9398,254,5.654
9399,255,5.651
9400,251,5.619
9401,251,4.485
9402,254,4.572
9403,253,4.485
9404,266,3.744
9405,261,5.128
9406,261,5.128
9407,261,5.128
9408,252,4.411
9409,248,5.798
9410,261,5.798
9411,256,5.798
9412,258,5.798
9413,262,5.699
9414,263,4.353
9415,267,4.108
9416,279,4.108
9417,274,4.207
9418,269,4.616
9419,261,5.373
9420,266,5.373
9421,284,5.373
9422,273,5.373
9423,276,5.385
9424,276,5.385
9425,271,5.568
9426,283,5.385
9427,276,4.049
9428,274,5.531
9429,269,5.549
9430,265,5.719
9431,254,5.947
9432,254,5.947
9433,260,5.947
9434,259,5.947
9435,276,5.953
9436,278,5.953
9437,275,5.953
9438,269,5.914
9439,265,5.914
9440,261,5.914
9441,247,5.459
9442,243,5.459
9443,235,6.036
9444,239,6.036
9445,250,6.0
9446,234,6.0
9447,225,4.59
9448,230,5.444
9449,241,5.444
9450,243,5.444
9451,244,4.054
9452,259,4.569
9453,269,5.409
9454,268,5.409
9455,266,5.409
9456,258,5.409
9457,248,4.979
9458,256,4.979
9459,257,4.979
9460,261,5.493
9461,256,4.704
9462,253,4.704
9463,246,4.522
9464,223,3.774
9465,231,4.826
9466,225,4.429
9467,230,4.429
9468,249,4.429
9469,268,4.429
9470,275,5.654
9471,265,5.654
9472,268,5.654
9473,280,5.654
9474,280,5.654
9475,272,5.654
9476,277,5.654
9477,267,5.654
9478,277,5.654
9479,270,5.654
9480,262,5.654
9481,243,5.819
9482,245,5.819
9483,245,5.762
9484,235,5.762
9485,225,5.208
9486,224,5.546
9487,226,5.546
9488,244,5.546
9489,242,5.217
9490,228,5.217
9491,227,5.217
9492,224,5.009
9493,229,5.009
9494,230,5.035
9495,235,5.299
9496,238,5.299
9497,237,5.439
9498,232,5.439
9499,227,5.439
9500,223,5.439
9501,232,5.439
9502,238,5.439
9503,237,5.197
9504,237,4.141
9505,235,4.141
9506,223,4.219
9507,223,4.219
9508,228,5.729
9509,232,4.761
9510,230,5.313
9511,228,5.313
9512,227,4.761
9513,232,4.542
9514,235,5.502
9515,238,5.541
9516,237,5.541
9517,233,5.541
9518,233,5.541
9519,239,5.541
9520,234,5.17
9521,231,5.17
9522,239,2.055
9523,238,2.055
9524,249,5.749
9525,250,5.749
9526,252,5.749
9527,255,5.749
9528,250,2.94
9529,250,4.835
9530,243,4.835
9531,228,4.527
9532,237,2.94
9533,230,5.496
9534,233,5.496
9535,232,5.496
9536,230,5.496
9537,239,5.496
9538,245,4.578
9539,251,4.578
9540,244,3.627
9541,252,4.429
9542,252,4.429
9543,265,4.429
9544,254,4.315
9545,247,4.652
9546,244,4.652
9547,234,5.831
9548,234,5.831
9549,233,5.613
9550,239,5.613
9551,237,5.583
9552,233,5.583
9553,241,4.652
9554,233,4.652
9555,243,4.652
9556,241,4.652
9557,250,5.804
9558,259,5.561
9559,267,5.561
9560,279,5.66
9561,277,5.66
9562,267,5.244
9563,261,5.523
9564,259,5.523
9565,259,5.523
9566,248,5.523
9567,248,5.523
9568,260,5.523
9569,259,5.523
9570,251,5.244
9571,255,5.08
9572,254,5.08
9573,253,5.08
9574,272,5.08
9575,266,6.009
9576,244,6.009
9577,247,6.009
9578,263,6.009
9579,258,6.009
9580,274,6.009
9581,261,6.009
9582,249,6.009
9583,249,6.009
9584,244,4.94
9585,245,4.757
9586,244,4.757
9587,241,4.922
9588,244,5.424
9589,273,5.424
9590,274,5.19
9591,269,5.935
9592,248,5.935
9593,265,5.935
9594,279,5.744
9595,292,5.744
9596,293,5.744
9597,298,5.744
9598,290,5.744
9599,292,2.716
9600,286,4.112
9601,280,2.452
9602,281,4.153
9603,261,4.333
9604,257,4.333
9605,248,5.819
9606,251,5.819
9607,254,5.341
9608,252,5.341
9609,249,5.341
9610,249,5.341
9611,248,5.341
9612,246,5.341
9613,244,5.341
9614,247,4.473
9615,247,4.473
9616,253,5.696
9617,250,5.696
9618,252,5.801
9619,255,5.897
9620,266,5.897
9621,251,5.897
9622,246,5.897
9623,247,5.801
9624,258,5.583
9625,269,5.631
9626,278,5.83
9627,265,5.631
9628,276,5.631
9629,278,5.631
9630,278,6.024
9631,281,6.024
9632,275,6.024
9633,279,5.758
9634,279,5.758
9635,252,5.758
9636,248,5.758
9637,237,5.758
9638,240,5.758
9639,238,5.758
9640,235,5.758
9641,248,5.45
9642,246,5.45
9643,256,5.45
9644,255,5.45
9645,261,5.0
9646,253,5.0
9647,245,5.0
9648,240,5.149
9649,238,5.737
9650,251,5.737
9651,243,5.149
9652,239,5.149
9653,236,5.758
9654,250,5.758
9655,247,5.675
9656,252,5.675
9657,253,5.675
9658,290,5.675
9659,289,5.675
9660,300,5.675
9661,307,5.675
9662,293,5.675
9663,293,5.436
9664,294,5.436
9665,282,5.436
9666,281,5.436
9667,281,5.436
9668,276,5.616
9669,264,5.616
9670,251,5.965
9671,247,5.965
9672,247,5.965
9673,252,5.965
9674,265,5.806
9675,262,5.693
9676,256,5.693
9677,240,5.693
9678,231,5.965
9679,247,5.693
9680,255,5.693
9681,283,5.693
9682,293,5.436
9683,263,5.899
9684,261,5.899
9685,261,5.899
9686,252,5.899
9687,249,5.899
9688,235,5.436
9689,240,5.436
9690,243,5.436
9691,248,6.018
9692,241,6.018
9693,245,6.018
9694,252,6.018
9695,247,6.018
9696,245,6.018
9697,263,5.436
9698,269,5.436
9699,260,5.436
9700,260,5.436
9701,257,5.436
9702,266,5.436
9703,266,5.436
9704,259,5.436
9705,258,5.436
9706,266,5.436
9707,245,5.436
9708,249,5.818
9709,249,5.818
9710,239,5.69
9711,239,5.69
9712,238,5.69
9713,239,5.69
9714,246,5.69
9715,249,5.69
9716,240,3.747
9717,241,3.747
9718,241,3.747
9719,244,3.747
9720,255,5.896
9721,245,5.896
9722,258,5.896
9723,262,4.652
9724,262,4.392
9725,262,4.392
9726,258,4.392
9727,258,5.272
9728,273,4.392
9729,270,4.509
9730,261,4.509
9731,262,4.509
9732,264,5.062
9733,260,5.25
9734,259,5.292
9735,259,5.292
9736,250,5.292
9737,246,5.292
9738,247,5.25
9739,236,5.25
9740,245,5.25
9741,247,5.25
9742,251,5.25
9743,248,5.25
9744,258,5.25
9745,259,5.25
9746,255,5.051
9747,248,4.619
9748,249,4.473
9749,247,4.473
9750,247,4.473
9751,247,6.016
9752,244,6.016
9753,244,6.016
9754,244,6.016
9755,250,6.016
9756,253,6.016
9757,256,6.016
9758,259,4.473
9759,258,4.473
9760,248,4.665
9761,245,4.976
9762,258,4.976
9763,261,5.409
9764,260,4.906
9765,270,4.906
9766,272,5.625
9767,270,5.768
9768,270,5.768
9769,258,5.768
9770,262,4.906
9771,258,2.336
9772,255,5.421
9773,252,5.583
9774,252,5.583
9775,252,5.583
9776,264,5.583
9777,266,5.583
9778,273,4.389
9779,263,4.85
9780,265,5.353
9781,269,5.353
9782,271,5.353
9783,269,5.353
9784,269,5.353
9785,264,5.353
9786,276,5.353
9787,292,5.69
9788,290,5.69
9789,273,5.69
9790,266,5.69
9791,268,5.909
9792,264,5.909
9793,274,5.909
9794,279,5.992
9795,289,5.992
9796,295,5.992
9797,295,5.909
9798,303,5.909
9799,299,5.909
9800,296,5.909
9801,288,5.909
9802,277,5.909
9803,272,5.909
9804,274,5.909
9805,278,5.909
9806,278,5.909
9807,275,5.909
9808,300,5.909
9809,297,5.909
9810,308,5.909
9811,311,5.909
9812,316,5.909
9813,319,5.909
9814,309,5.909
9815,315,5.909
9816,307,5.909
9817,307,5.909
9818,304,5.909
9819,297,5.909
9820,292,5.909
9821,294,5.909
9822,293,5.932
9823,291,5.932
9824,286,6.028
9825,285,6.028
9826,292,6.028
9827,279,6.028
9828,272,5.909
9829,273,5.909
9830,286,5.909
9831,288,5.909
9832,288,5.909
9833,289,5.909
9834,293,5.909
9835,287,5.909
9836,274,5.909
9837,259,5.909
9838,260,5.284
9839,251,5.284
9840,252,5.729
9841,259,5.729
9842,265,5.759
9843,249,5.759
9844,237,3.939
9845,232,3.939
9846,239,3.939
9847,238,5.311
9848,238,5.311
9849,237,5.311
9850,251,5.45
9851,252,5.45
9852,254,5.311
9853,238,5.311
9854,239,5.311
9855,249,4.539
9856,252,5.436
9857,252,5.764
9858,249,5.764
9859,253,5.406
9860,255,6.04
9861,265,6.04
9862,266,6.04
9863,264,6.04
9864,261,5.463
9865,259,5.463
9866,259,5.463
9867,265,5.463
9868,263,5.463
9869,263,5.525
9870,269,5.66
9871,270,5.66
9872,270,5.66
9873,261,5.66
9874,276,5.66
9875,280,6.03
9876,272,6.03
9877,263,6.03
9878,263,5.8
9879,270,5.8
9880,267,5.8
9881,261,5.8
9882,262,5.8
9883,264,5.8
9884,266,5.8
9885,263,5.8
9886,265,5.163
9887,261,5.163
9888,253,5.163
9889,252,5.854
9890,266,5.912
9891,257,5.912
9892,254,5.912
9893,253,5.912
9894,249,5.815
9895,265,5.163
9896,263,5.163
9897,263,5.163
9898,245,5.214
9899,242,5.574
9900,225,5.163
9901,224,5.163
9902,232,5.163
9903,231,5.163
9904,228,5.163
9905,231,5.163
9906,219,5.163
9907,219,3.96
9908,217,5.495
9909,217,5.519
9910,217,5.519
9911,216,5.519
9912,232,5.495
9913,219,5.74
9914,221,5.74
9915,224,5.74
9916,224,5.74
9917,224,5.74
9918,236,5.74
9919,239,5.777
9920,239,5.777
9921,234,5.777
9922,242,5.777
9923,241,5.74
9924,249,5.74
9925,240,5.74
9926,244,5.199
9927,245,5.11
9928,236,4.452
9929,240,4.865
9930,236,5.253
9931,243,4.865
9932,235,4.865
9933,235,4.865
9934,240,4.151
9935,245,4.151
9936,248,3.861
9937,256,3.861
9938,255,5.023
9939,257,5.023
9940,262,5.457
9941,258,5.457
9942,263,5.962
9943,264,5.962
9944,267,5.962
9945,253,5.205
9946,249,2.118
9947,263,3.466
9948,263,5.675
9949,274,5.675
9950,269,5.675
9951,258,5.675
9952,274,5.675
9953,276,5.675
9954,250,5.675
9955,247,5.675
9956,262,5.675
9957,262,5.544
9958,268,5.544
9959,267,5.544
9960,272,5.544
9961,259,5.663
9962,259,5.663
9963,244,5.663
9964,250,5.247
9965,249,5.247
9966,243,5.247
9967,264,5.322
9968,263,5.468
9969,270,5.468
9970,272,5.468
9971,283,5.544
9972,309,5.544
9973,281,5.544
9974,274,5.468
9975,270,5.468
9976,257,5.468
9977,259,5.561
9978,261,5.561
9979,259,5.561
9980,262,5.561
9981,259,5.561
9982,263,5.468
9983,284,5.468
9984,282,4.354
9985,269,5.498
9986,282,5.498
9987,294,4.347
9988,296,4.891
9989,290,4.891
9990,274,4.347
9991,272,4.347
9992,311,5.69
9993,264,6.019
9994,275,6.019
9995,265,4.5
9996,261,5.744
9997,261,5.977
9998,266,5.977
9999,266,5.977
