step,cut_edges,max_dev_pct
0,239,23.807
1,238,23.807
2,250,17.608
3,233,18.663
4,223,22.384
5,223,22.493
6,241,24.806
7,239,24.806
8,243,24.806
9,249,22.913
10,259,22.913
11,266,22.913
12,260,22.913
13,240,22.913
14,233,24.614
15,239,24.614
16,237,24.614
17,244,24.599
18,232,22.493
19,241,22.493
20,241,22.493
21,248,22.493
22,245,24.528
23,247,24.528
24,242,24.564
25,239,24.528
26,247,24.528
27,242,22.493
28,238,22.493
29,222,25.416
30,219,22.493
31,223,22.493
32,245,22.714
33,258,22.714
34,238,22.493
35,229,22.493
36,241,24.291
37,226,22.493
38,232,25.111
39,211,25.111
40,222,25.111
41,207,25.111
42,213,25.111
43,216,25.111
44,217,25.111
45,225,25.111
46,223,25.111
47,217,22.493
48,216,22.493
49,220,24.997
50,215,24.997
51,204,24.997
52,218,24.997
53,226,24.997
54,219,24.997
55,219,24.997
56,222,24.928
57,245,24.928
58,253,25.592
59,281,24.928
60,285,24.928
61,257,24.928
62,278,25.586
63,272,25.586
64,280,25.586
65,294,22.493
66,295,19.542
67,309,19.542
68,296,18.555
69,298,19.566
70,297,19.909
71,291,19.909
72,293,19.909
73,292,19.909
74,295,24.46
75,304,24.46
76,310,20.149
77,304,24.881
78,305,24.881
79,306,22.774
80,285,22.774
81,304,25.179
82,285,22.774
83,291,23.658
84,285,23.658
85,281,23.658
86,288,23.658
87,296,22.388
88,290,22.388
89,261,25.341
90,257,22.388
91,261,22.388
92,253,22.388
93,250,22.388
94,239,22.388
95,221,20.72
96,247,20.72
97,243,23.132
98,240,20.72
99,239,24.037
100,234,24.037
101,268,24.037
102,271,25.762
103,269,20.72
104,270,24.492
105,261,24.492
106,264,24.492
107,260,19.787
108,245,24.292
109,246,21.007
110,255,24.402
111,257,24.402
112,232,21.007
113,251,22.549
114,243,22.549
115,256,24.253
116,256,24.253
117,257,24.253
118,256,24.253
119,246,24.107
120,240,24.107
121,240,22.92
122,241,25.168
123,252,25.168
124,261,25.168
125,262,25.168
126,264,25.168
127,261,25.168
128,283,25.168
129,283,25.168
130,287,25.168
131,279,25.168
132,284,25.168
133,285,22.269
134,270,22.269
135,297,22.269
136,292,24.859
137,254,24.859
138,245,24.859
139,247,24.859
140,247,21.239
141,244,21.239
142,247,21.239
143,248,21.239
144,267,16.265
145,256,14.0
146,261,16.373
147,260,24.605
148,269,24.605
149,280,24.605
150,274,24.605
151,284,24.605
152,288,24.605
153,315,24.605
154,308,24.575
155,305,22.567
156,304,22.567
157,290,23.141
158,285,23.141
159,290,19.897
160,290,19.897
161,301,19.154
162,287,22.941
163,274,22.941
164,274,22.941
165,289,25.102
166,279,25.102
167,281,25.102
168,281,25.102
169,265,25.102
170,265,25.102
171,258,25.102
172,257,24.938
173,268,24.938
174,268,24.938
175,271,24.938
176,286,24.938
177,285,25.61
178,250,25.61
179,252,22.928
180,248,24.119
181,253,25.347
182,255,25.347
183,265,23.254
184,280,22.819
185,265,22.819
186,264,24.187
187,271,24.187
188,277,24.187
189,277,24.187
190,268,24.187
191,266,24.187
192,274,24.187
193,280,24.187
194,257,24.187
195,259,24.187
196,247,22.819
197,238,24.528
198,236,24.528
199,238,24.528
200,250,24.312
201,241,24.312
202,265,22.964
203,265,22.964
204,289,22.964
205,290,24.196
206,293,24.196
207,295,24.217
208,301,24.196
209,309,24.534
210,299,24.534
211,291,24.023
212,291,23.996
213,300,25.578
214,298,25.578
215,284,22.819
216,264,22.819
217,265,22.819
218,274,22.819
219,266,22.819
220,258,22.819
221,261,22.819
222,272,23.789
223,267,23.789
224,263,23.789
225,266,23.789
226,274,23.789
227,279,23.789
228,276,23.789
229,228,23.789
230,230,22.819
231,235,23.649
232,234,23.649
233,250,23.679
234,249,23.679
235,249,23.679
236,243,23.853
237,256,23.853
238,257,23.853
239,265,23.853
240,258,22.819
241,265,25.096
242,264,25.789
243,270,25.789
244,275,24.958
245,257,24.958
246,241,24.958
247,229,24.635
248,232,24.635
249,227,24.552
250,254,24.552
251,257,23.01
252,249,22.851
253,243,24.566
254,228,24.566
255,238,24.566
256,228,24.566
257,227,24.566
258,240,24.566
259,241,24.566
260,236,24.566
261,251,24.566
262,260,24.566
263,266,24.566
264,258,24.566
265,256,23.996
266,271,23.996
267,273,23.033
268,283,23.033
269,283,23.033
270,281,25.775
271,273,23.033
272,260,23.954
273,246,23.033
274,248,22.979
275,254,22.979
276,249,25.359
277,233,22.979
278,247,24.33
279,264,23.96
280,245,23.87
281,302,22.979
282,302,22.979
283,315,22.979
284,303,22.979
285,291,22.979
286,275,22.979
287,283,22.979
288,300,22.979
289,304,22.979
290,307,22.979
291,277,22.979
292,278,22.979
293,263,22.77
294,260,22.77
295,258,25.756
296,232,25.756
297,232,25.756
298,255,25.756
299,240,22.366
300,248,22.366
301,238,22.366
302,239,22.366
303,226,23.069
304,236,25.807
305,236,25.807
306,201,25.702
307,210,25.702
308,207,25.702
309,210,25.702
310,217,25.702
311,222,25.702
312,222,25.702
313,224,25.702
314,252,25.702
315,254,25.702
316,234,25.702
317,237,25.702
318,240,25.702
319,242,25.702
320,246,25.702
321,264,17.1
322,268,18.221
323,259,18.221
324,262,18.221
325,275,23.61
326,297,23.61
327,309,23.61
328,286,23.61
329,271,23.61
330,268,23.61
331,264,23.61
332,273,23.61
333,274,24.907
334,273,24.907
335,254,24.641
336,268,21.807
337,256,21.807
338,252,21.807
339,265,21.807
340,254,21.999
341,264,22.767
342,265,24.334
343,250,24.334
344,253,24.334
345,245,24.334
346,262,24.334
347,270,25.377
348,277,25.377
349,270,25.377
350,269,25.377
351,252,24.732
352,240,24.732
353,247,24.732
354,243,24.732
355,245,24.732
356,249,25.397
357,237,24.732
358,234,24.732
359,243,24.732
360,258,24.732
361,258,24.732
362,254,24.732
363,258,24.732
364,264,24.732
365,272,24.732
366,284,24.732
367,270,24.732
368,277,24.732
369,280,25.55
370,284,25.55
371,282,25.55
372,278,25.526
373,291,25.526
374,291,25.526
375,262,25.526
376,262,25.526
377,270,25.526
378,267,25.526
379,271,25.526
380,284,25.526
381,279,25.526
382,287,25.526
383,296,25.526
384,278,25.526
385,263,25.526
386,280,25.526
387,266,25.526
388,269,25.526
389,263,25.526
390,284,25.526
391,288,25.526
392,277,25.526
393,294,25.526
394,287,25.312
395,275,25.312
396,269,25.312
397,265,25.634
398,264,25.634
399,264,25.634
400,259,25.634
401,244,25.634
402,231,25.634
403,243,25.634
404,240,25.634
405,233,25.634
406,250,25.634
407,243,25.634
408,272,25.634
409,271,25.634
410,231,25.634
411,233,25.634
412,242,23.811
413,238,22.351
414,216,22.351
415,223,22.351
416,219,22.351
417,220,23.266
418,220,23.76
419,229,23.76
420,230,23.76
421,246,23.76
422,227,23.76
423,240,24.146
424,234,24.146
425,230,24.146
426,233,24.146
427,217,24.998
428,219,24.146
429,226,24.146
430,226,24.146
431,219,24.472
432,224,22.983
433,222,24.872
434,245,25.236
435,253,25.236
436,245,25.236
437,256,25.236
438,249,25.32
439,253,25.32
440,245,25.32
441,250,25.32
442,248,25.32
443,250,25.799
444,272,25.799
445,262,25.799
446,259,25.799
447,284,25.799
448,279,25.799
449,260,25.799
450,252,25.799
451,253,25.799
452,253,25.799
453,272,25.799
454,300,22.351
455,279,22.351
456,269,22.351
457,264,22.351
458,264,21.539
459,260,18.586
460,252,18.586
461,249,16.391
462,278,19.395
463,287,24.104
464,298,24.104
465,310,24.104
466,301,24.104
467,265,25.108
468,254,25.108
469,259,13.71
470,263,13.71
471,245,23.182
472,248,20.265
473,244,20.941
474,259,20.265
475,271,20.265
476,298,12.201
477,289,22.783
478,289,22.783
479,289,22.783
480,296,22.783
481,292,21.414
482,296,21.414
483,260,23.156
484,259,23.156
485,256,23.156
486,257,23.156
487,280,24.54
488,269,24.753
489,261,25.034
490,275,25.034
491,281,25.034
492,270,25.034
493,270,25.034
494,286,25.034
495,264,25.034
496,258,25.034
497,242,25.034
498,247,25.43
499,252,25.43
500,258,25.43
501,263,25.034
502,260,25.766
503,255,25.766
504,252,25.766
505,243,25.766
506,239,25.766
507,262,25.766
508,247,22.489
509,243,24.917
510,243,24.917
511,237,24.917
512,244,24.917
513,231,24.917
514,234,25.258
515,242,25.258
516,234,25.258
517,236,25.258
518,238,25.502
519,247,25.502
520,245,25.258
521,239,25.258
522,236,25.258
523,245,24.985
524,241,24.985
525,231,25.559
526,231,25.559
527,233,25.559
528,241,25.559
529,226,23.324
530,222,23.324
531,239,23.324
532,242,23.324
533,245,23.769
534,236,25.26
535,240,25.26
536,253,23.769
537,268,23.769
538,267,23.769
539,259,23.769
540,266,23.769
541,268,23.769
542,287,23.769
543,287,23.769
544,286,23.548
545,249,23.548
546,262,23.972
547,252,23.548
548,250,23.548
549,252,12.117
550,265,15.15
551,274,22.836
552,274,22.836
553,264,22.836
554,301,22.836
555,274,22.836
556,268,22.836
557,265,23.814
558,261,23.814
559,274,23.814
560,276,25.156
561,274,23.814
562,265,21.189
563,265,21.189
564,262,20.992
565,268,20.992
566,286,24.145
567,282,24.145
568,257,25.786
569,271,24.145
570,280,25.712
571,291,25.712
572,289,24.145
573,278,24.145
574,272,24.145
575,274,23.742
576,266,23.742
577,271,25.215
578,265,25.215
579,269,25.215
580,264,25.215
581,279,25.215
582,294,25.795
583,300,25.795
584,287,25.795
585,290,25.215
586,281,25.215
587,288,25.215
588,265,25.215
589,269,25.215
590,269,22.115
591,266,24.062
592,284,24.062
593,284,24.062
594,281,19.048
595,280,20.074
596,274,20.074
597,256,20.074
598,259,20.065
599,248,20.065
600,267,25.442
601,263,25.442
602,238,21.323
603,249,21.323
604,241,23.206
605,243,20.397
606,232,25.601
607,232,20.397
608,232,23.01
609,223,20.397
610,213,20.397
611,206,20.397
612,238,20.397
613,222,20.397
614,213,20.397
615,216,20.397
616,224,22.806
617,233,22.806
618,233,22.819
619,233,22.819
620,232,22.806
621,257,23.811
622,261,23.811
623,262,23.811
624,252,22.806
625,252,23.09
626,254,23.09
627,252,23.09
628,234,22.358
629,234,22.358
630,240,22.358
631,242,25.054
632,263,22.836
633,260,22.836
634,262,20.962
635,245,21.67
636,255,21.67
637,246,21.67
638,269,21.67
639,261,21.67
640,253,24.247
641,258,17.408
642,261,17.916
643,258,17.916
644,259,17.916
645,275,17.916
646,269,14.191
647,272,12.024
648,262,16.053
649,284,24.8
650,290,24.8
651,275,16.053
652,266,17.641
653,269,17.641
654,257,20.191
655,254,20.191
656,258,25.684
657,254,25.684
658,257,25.684
659,252,25.684
660,247,25.684
661,258,25.684
662,260,25.684
663,258,25.353
664,253,25.353
665,252,25.353
666,237,25.353
667,254,25.353
668,260,25.353
669,268,23.215
670,261,23.354
671,254,23.354
672,257,23.354
673,254,24.585
674,258,25.658
675,247,25.658
676,235,25.658
677,248,25.658
678,243,24.029
679,249,24.029
680,238,24.029
681,223,24.955
682,228,25.252
683,232,25.252
684,237,25.252
685,242,25.252
686,228,21.704
687,230,21.704
688,228,21.704
689,228,23.966
690,231,23.966
691,248,23.966
692,242,23.966
693,246,23.966
694,247,23.966
695,244,23.966
696,233,23.966
697,232,19.685
698,234,21.569
699,235,24.905
700,241,24.905
701,241,24.905
702,245,24.905
703,247,24.905
704,249,21.249
705,254,15.591
706,249,15.591
707,250,10.413
708,258,10.413
709,267,10.485
710,269,11.684
711,263,11.684
712,264,11.684
713,270,21.115
714,271,23.801
715,286,21.441
716,302,22.618
717,282,22.618
718,283,23.333
719,284,23.333
720,299,23.333
721,298,23.984
722,291,23.333
723,289,23.333
724,297,24.044
725,276,24.044
726,274,24.044
727,268,24.044
728,266,24.044
729,276,24.044
730,277,21.981
731,282,21.981
732,281,21.981
733,283,21.981
734,280,21.981
735,297,24.424
736,297,24.424
737,282,24.424
738,277,20.391
739,273,18.469
740,271,18.469
741,279,17.145
742,282,17.145
743,268,17.145
744,268,22.526
745,278,20.932
746,286,20.932
747,285,23.503
748,265,23.503
749,262,20.651
750,236,21.593
751,224,21.593
752,231,21.643
753,234,21.643
754,245,21.643
755,247,25.487
756,245,25.487
757,239,25.487
758,237,25.487
759,244,25.487
760,249,25.487
761,238,25.487
762,253,25.487
763,268,25.487
764,265,25.487
765,277,25.487
766,258,25.487
767,254,25.487
768,258,25.487
769,252,25.487
770,264,25.487
771,273,25.487
772,277,25.487
773,280,25.487
774,280,25.487
775,285,25.487
776,283,25.487
777,284,25.487
778,265,25.487
779,269,25.487
780,249,25.487
781,271,25.487
782,251,25.487
783,260,25.487
784,240,25.487
785,248,25.487
786,247,25.487
787,253,24.899
788,256,24.899
789,248,24.899
790,250,24.899
791,253,24.561
792,252,24.561
793,245,24.561
794,262,24.561
795,261,24.561
796,241,24.561
797,258,24.561
798,263,24.561
799,266,24.561
800,265,24.561
801,275,24.561
802,264,24.561
803,249,24.561
804,248,24.561
805,244,24.561
806,246,24.025
807,237,24.025
808,233,24.025
809,255,24.025
810,232,24.025
811,232,24.025
812,223,24.025
813,221,24.025
814,218,24.025
815,222,20.048
816,236,20.048
817,235,25.206
818,243,25.206
819,237,20.229
820,247,20.229
821,244,20.229
822,249,23.928
823,247,23.928
824,254,23.981
825,257,23.981
826,261,20.229
827,261,20.229
828,268,24.552
829,271,24.552
830,264,24.552
831,262,24.552
832,265,24.552
833,249,24.552
834,245,24.552
835,250,24.552
836,252,24.552
837,268,25.294
838,272,25.294
839,259,24.498
840,256,24.423
841,255,24.516
842,251,24.516
843,253,24.423
844,262,24.107
845,268,24.107
846,256,24.107
847,273,24.558
848,283,24.558
849,282,24.558
850,268,24.558
851,265,21.512
852,267,21.512
853,285,23.981
854,271,24.038
855,264,24.038
856,260,24.038
857,261,24.038
858,261,24.038
859,269,19.861
860,300,19.861
861,280,19.861
862,275,19.861
863,276,19.861
864,286,19.861
865,279,19.222
866,271,22.002
867,269,22.002
868,254,24.955
869,259,19.222
870,260,19.222
871,263,19.222
872,263,20.42
873,261,20.42
874,253,19.222
875,227,20.902
876,242,22.866
877,242,19.222
878,241,19.222
879,242,22.54
880,244,22.54
881,247,23.481
882,247,20.534
883,255,17.432
884,264,15.515
885,255,17.467
886,246,24.472
887,261,24.472
888,261,24.472
889,264,20.059
890,262,17.467
891,244,16.356
892,269,16.356
893,279,16.57
894,283,17.655
895,285,23.792
896,283,23.792
897,255,22.369
898,264,22.369
899,267,22.369
900,272,22.369
901,260,22.369
902,270,22.369
903,276,21.979
904,268,21.979
905,267,21.979
906,264,23.168
907,262,23.168
908,264,23.168
909,262,23.168
910,281,23.168
911,286,22.301
912,293,22.301
913,288,25.717
914,271,23.565
915,269,23.565
916,268,23.239
917,262,23.239
918,263,21.784
919,257,20.546
920,264,20.546
921,272,20.546
922,266,20.546
923,263,20.546
924,258,23.443
925,260,21.858
926,253,20.546
927,250,20.546
928,268,23.416
929,283,25.131
930,267,23.416
931,282,23.416
932,269,20.462
933,268,24.139
934,271,24.139
935,269,24.785
936,274,24.785
937,285,24.312
938,282,24.312
939,286,24.312
940,296,24.665
941,294,24.665
942,294,24.312
943,308,24.312
944,307,24.312
945,306,24.312
946,303,24.312
947,301,24.312
948,298,24.312
949,285,24.312
950,295,24.312
951,296,25.568
952,299,25.568
953,299,25.568
954,304,25.568
955,303,25.568
956,316,25.568
957,315,25.568
958,313,25.568
959,293,25.568
960,291,20.011
961,289,20.011
962,274,20.011
963,265,22.534
964,268,23.536
965,269,23.536
966,272,20.089
967,276,20.089
968,274,21.733
969,281,21.733
970,267,22.976
971,264,22.976
972,274,22.976
973,268,20.172
974,267,20.172
975,267,20.172
976,248,20.172
977,247,20.172
978,243,19.434
979,250,19.434
980,237,14.174
981,235,8.614
982,263,24.566
983,264,24.566
984,248,22.728
985,276,22.728
986,279,16.714
987,285,24.611
988,289,24.611
989,287,20.31
990,287,20.31
991,277,20.25
992,270,19.446
993,274,19.446
994,279,19.446
995,288,13.865
996,281,20.484
997,273,20.484
998,280,20.484
999,283,21.553
1000,294,23.595
1001,285,21.553
1002,283,21.553
1003,271,20.484
1004,270,20.484
1005,260,20.484
1006,264,20.484
1007,253,25.649
1008,261,20.484
1009,252,20.484
1010,261,20.484
1011,264,20.484
1012,259,20.704
1013,255,20.704
1014,264,18.531
1015,256,18.531
1016,258,22.062
1017,274,22.836
1018,256,22.062
1019,256,22.062
1020,255,18.531
1021,248,18.531
1022,275,18.531
1023,263,17.285
1024,265,17.581
1025,270,17.581
1026,280,17.954
1027,290,17.954
1028,293,17.954
1029,301,17.954
1030,308,22.866
1031,296,24.705
1032,290,24.705
1033,299,24.705
1034,297,24.705
1035,304,24.705
1036,302,24.705
1037,313,23.487
1038,294,23.487
1039,282,23.487
1040,282,24.128
1041,270,24.525
1042,267,24.525
1043,283,23.487
1044,280,23.487
1045,284,18.992
1046,282,24.367
1047,279,24.367
1048,263,24.367
1049,253,24.367
1050,260,23.171
1051,261,23.171
1052,265,23.171
1053,271,20.051
1054,270,20.654
1055,280,20.051
1056,284,20.051
1057,277,19.336
1058,273,19.336
1059,281,19.336
1060,267,19.336
1061,257,20.806
1062,255,22.535
1063,266,22.535
1064,264,25.703
1065,259,25.703
1066,261,25.703
1067,277,25.703
1068,280,25.703
1069,279,25.703
1070,284,25.703
1071,290,18.743
1072,285,22.878
1073,278,22.878
1074,276,22.878
1075,269,22.878
1076,279,22.878
1077,267,22.878
1078,280,22.878
1079,289,22.878
1080,292,19.742
1081,280,20.851
1082,262,20.851
1083,262,20.851
1084,266,16.484
1085,264,18.493
1086,274,18.493
1087,263,18.493
1088,249,17.907
1089,237,22.737
1090,238,17.907
1091,223,24.85
1092,227,23.834
1093,228,23.834
1094,224,24.259
1095,223,24.259
1096,228,24.259
1097,231,24.259
1098,225,24.259
1099,234,24.259
1100,240,24.259
1101,245,24.259
1102,246,24.259
1103,241,24.259
1104,247,24.259
1105,244,24.259
1106,246,18.631
1107,268,16.407
1108,251,21.805
1109,253,21.805
1110,252,24.833
1111,249,24.833
1112,262,24.833
1113,262,24.833
1114,265,24.833
1115,261,24.833
1116,255,24.833
1117,255,24.833
1118,252,25.554
1119,247,24.833
1120,247,24.833
1121,261,24.393
1122,258,23.913
1123,260,23.913
1124,254,23.913
1125,261,23.913
1126,258,23.913
1127,263,17.109
1128,268,17.109
1129,263,17.109
1130,268,17.109
1131,262,17.441
1132,261,17.441
1133,253,17.441
1134,256,17.441
1135,264,21.04
1136,265,24.776
1137,272,24.776
1138,269,24.776
1139,256,24.776
1140,256,24.776
1141,258,24.776
1142,267,23.623
1143,264,23.623
1144,254,25.64
1145,254,25.64
1146,251,25.64
1147,263,25.64
1148,230,25.64
1149,231,24.75
1150,245,24.75
1151,234,24.75
1152,236,24.75
1153,240,24.75
1154,241,25.419
1155,254,25.419
1156,250,25.419
1157,234,25.419
1158,231,25.419
1159,219,25.79
1160,231,25.79
1161,232,25.79
1162,234,25.79
1163,240,25.419
1164,253,25.419
1165,255,25.419
1166,258,25.419
1167,258,25.419
1168,265,25.419
1169,249,25.419
1170,242,25.135
1171,246,25.135
1172,250,25.135
1173,250,25.135
1174,254,25.135
1175,246,25.135
1176,245,25.637
1177,241,25.637
1178,242,25.637
1179,244,25.637
1180,245,25.637
1181,236,20.107
1182,235,20.107
1183,232,20.716
1184,235,20.716
1185,242,25.424
1186,231,20.716
1187,244,20.716
1188,245,20.716
1189,248,24.055
1190,247,24.055
1191,247,20.107
1192,247,20.107
1193,250,23.156
1194,252,23.276
1195,240,23.276
1196,253,23.276
1197,250,23.276
1198,262,23.276
1199,274,23.276
1200,284,25.72
1201,289,25.72
1202,277,25.72
1203,280,25.72
1204,262,23.463
1205,280,24.552
1206,294,24.552
1207,287,25.625
1208,281,25.625
1209,273,25.625
1210,270,25.625
1211,262,25.625
1212,254,25.625
1213,252,25.625
1214,261,20.686
1215,257,24.862
1216,256,24.862
1217,253,21.485
1218,258,25.161
1219,270,25.161
1220,265,25.161
1221,274,25.161
1222,270,25.161
1223,272,25.161
1224,270,25.161
1225,272,23.138
1226,278,23.138
1227,287,23.138
1228,285,23.138
1229,286,23.153
1230,288,21.371
1231,314,21.371
1232,306,21.201
1233,303,25.41
1234,304,24.582
1235,275,22.029
1236,273,22.029
1237,259,25.499
1238,251,25.499
1239,237,25.499
1240,237,24.031
1241,238,22.774
1242,252,22.774
1243,271,22.774
1244,282,22.774
1245,277,22.774
1246,264,17.827
1247,252,17.827
1248,255,17.827
1249,257,17.19
1250,267,17.19
1251,261,17.19
1252,285,18.376
1253,259,23.957
1254,248,23.957
1255,261,23.957
1256,265,23.957
1257,253,23.957
1258,247,23.957
1259,242,25.03
1260,223,25.03
1261,233,25.03
1262,253,25.03
1263,255,25.03
1264,262,25.03
1265,256,25.03
1266,254,25.03
1267,261,25.03
1268,262,25.03
1269,265,25.03
1270,252,25.03
1271,254,25.03
1272,270,25.03
1273,276,25.03
1274,275,25.03
1275,271,25.03
1276,271,25.601
1277,269,25.601
1278,257,25.601
1279,268,25.601
1280,264,25.601
1281,269,25.601
1282,263,25.601
1283,260,25.601
1284,272,23.784
1285,271,23.784
1286,258,23.784
1287,258,23.784
1288,258,24.719
1289,253,24.719
1290,261,24.19
1291,277,24.19
1292,278,24.19
1293,264,24.19
1294,265,21.497
1295,260,21.497
1296,271,21.497
1297,271,21.497
1298,257,21.497
1299,253,21.497
1300,260,24.935
1301,277,24.935
1302,275,24.935
1303,256,24.935
1304,256,23.596
1305,264,23.596
1306,258,23.162
1307,259,15.268
1308,265,22.672
1309,263,15.268
1310,260,15.268
1311,262,15.268
1312,259,21.798
1313,257,21.798
1314,249,24.421
1315,246,24.421
1316,244,21.798
1317,240,21.825
1318,241,21.825
1319,255,20.809
1320,251,20.809
1321,251,20.809
1322,232,22.51
1323,260,22.51
1324,260,22.51
1325,232,22.51
1326,232,18.771
1327,238,24.83
1328,230,17.68
1329,254,25.022
1330,247,25.726
1331,232,25.726
1332,237,25.506
1333,258,25.506
1334,249,25.506
1335,251,25.506
1336,261,25.506
1337,271,25.506
1338,274,25.506
1339,264,22.663
1340,271,22.663
1341,255,22.663
1342,246,22.663
1343,246,22.663
1344,238,23.605
1345,241,23.605
1346,251,23.605
1347,253,23.605
1348,240,25.679
1349,232,25.679
1350,269,23.605
1351,258,23.605
1352,251,23.605
1353,243,21.109
1354,237,21.109
1355,254,21.109
1356,270,19.852
1357,276,20.511
1358,261,20.78
1359,248,20.78
1360,251,20.78
1361,252,20.78
1362,240,20.78
1363,242,20.78
1364,239,24.295
1365,229,20.78
1366,231,20.78
1367,247,17.955
1368,257,17.955
1369,246,21.103
1370,239,22.842
1371,255,22.842
1372,248,22.842
1373,268,22.842
1374,263,22.842
1375,260,24.313
1376,250,24.313
1377,255,19.871
1378,258,19.871
1379,255,19.871
1380,256,19.871
1381,254,19.871
1382,257,18.828
1383,264,18.828
1384,260,18.828
1385,263,18.828
1386,266,19.196
1387,268,19.196
1388,285,19.196
1389,283,25.246
1390,283,25.246
1391,282,25.246
1392,281,25.246
1393,282,25.246
1394,285,25.246
1395,270,25.246
1396,277,25.246
1397,274,25.246
1398,261,25.246
1399,262,25.246
1400,262,25.601
1401,262,25.601
1402,256,24.516
1403,254,23.724
1404,255,25.344
1405,254,21.506
1406,254,24.531
1407,253,24.531
1408,250,24.531
1409,261,20.675
1410,280,22.761
1411,304,22.761
1412,295,22.041
1413,283,22.002
1414,289,22.002
1415,279,20.675
1416,272,20.675
1417,269,18.672
1418,258,18.672
1419,251,18.579
1420,252,18.579
1421,268,18.579
1422,256,18.579
1423,267,21.153
1424,273,21.153
1425,262,21.153
1426,264,21.153
1427,255,21.153
1428,253,18.579
1429,252,18.579
1430,257,18.579
1431,265,25.457
1432,284,25.457
1433,289,25.457
1434,278,25.457
1435,268,19.622
1436,269,19.305
1437,294,23.795
1438,281,24.082
1439,275,24.082
1440,233,24.101
1441,230,24.101
1442,249,24.101
1443,255,24.101
1444,253,24.334
1445,261,24.334
1446,261,24.334
1447,290,24.334
1448,294,24.334
1449,269,24.334
1450,275,24.334
1451,269,22.833
1452,272,22.833
1453,271,25.532
1454,270,25.532
1455,276,25.532
1456,294,25.532
1457,295,25.532
1458,275,25.532
1459,258,25.389
1460,251,25.389
1461,237,22.819
1462,238,22.819
1463,234,22.819
1464,220,22.819
1465,226,24.519
1466,237,24.519
1467,238,21.994
1468,243,24.519
1469,247,24.519
1470,269,24.683
1471,254,24.167
1472,240,24.167
1473,237,21.994
1474,239,19.27
1475,249,20.185
1476,251,20.185
1477,242,21.476
1478,253,21.476
1479,245,21.476
1480,248,24.334
1481,264,25.413
1482,264,25.413
1483,265,25.413
1484,259,25.413
1485,258,24.259
1486,254,25.587
1487,252,21.53
1488,257,22.636
1489,258,22.636
1490,261,22.636
1491,255,23.111
1492,269,23.111
1493,265,23.111
1494,251,25.772
1495,235,25.772
1496,237,25.772
1497,230,24.985
1498,242,23.536
1499,254,23.536
1500,267,23.536
1501,253,24.104
1502,257,24.104
1503,262,24.104
1504,265,25.168
1505,261,24.104
1506,272,24.349
1507,268,24.349
1508,266,24.349
1509,268,24.349
1510,285,24.349
1511,307,24.349
1512,291,24.349
1513,312,24.776
1514,310,24.776
1515,315,25.025
1516,274,25.025
1517,270,25.025
1518,276,25.025
1519,270,25.025
1520,257,25.025
1521,234,25.025
1522,237,25.025
1523,246,25.025
1524,245,24.384
1525,250,24.384
1526,254,24.384
1527,260,22.457
1528,272,22.457
1529,271,22.457
1530,289,22.457
1531,269,22.457
1532,268,22.818
1533,251,22.818
1534,277,22.818
1535,270,22.818
1536,285,22.457
1537,289,23.622
1538,301,23.622
1539,277,23.622
1540,288,23.622
1541,287,23.622
1542,277,23.622
1543,270,23.622
1544,287,24.055
1545,297,22.457
1546,298,22.457
1547,296,22.457
1548,292,22.457
1549,292,22.457
1550,291,24.283
1551,268,24.283
1552,278,24.283
1553,285,24.283
1554,290,21.93
1555,287,21.93
1556,267,21.93
1557,246,19.776
1558,238,19.776
1559,263,20.905
1560,275,19.776
1561,249,19.776
1562,249,19.776
1563,249,17.291
1564,251,25.424
1565,251,25.424
1566,242,25.424
1567,238,25.424
1568,243,25.424
1569,243,25.424
1570,246,18.654
1571,247,18.654
1572,254,18.654
1573,245,19.323
1574,243,19.548
1575,237,19.548
1576,234,21.007
1577,226,21.007
1578,224,19.323
1579,230,25.377
1580,232,22.788
1581,232,22.788
1582,230,22.788
1583,220,22.788
1584,212,22.788
1585,216,22.788
1586,223,23.123
1587,259,23.123
1588,258,23.123
1589,257,22.788
1590,254,22.788
1591,255,22.788
1592,260,22.788
1593,230,22.788
1594,239,22.788
1595,254,24.737
1596,248,24.737
1597,247,24.737
1598,255,24.737
1599,255,24.737
1600,250,22.549
1601,249,23.984
1602,238,23.984
1603,243,23.984
1604,240,23.984
1605,248,23.984
1606,262,23.984
1607,263,23.984
1608,265,22.884
1609,270,25.515
1610,267,25.515
1611,285,14.63
1612,289,14.63
1613,285,13.785
1614,296,19.318
1615,291,19.318
1616,297,19.318
1617,267,25.613
1618,268,25.613
1619,264,25.613
1620,237,22.621
1621,227,22.621
1622,222,22.621
1623,229,15.059
1624,229,14.825
1625,228,14.775
1626,245,25.108
1627,257,25.108
1628,235,23.147
1629,226,23.147
1630,226,23.147
1631,245,18.929
1632,252,18.929
1633,250,19.904
1634,239,23.49
1635,242,23.49
1636,229,19.904
1637,230,19.904
1638,224,23.252
1639,234,23.252
1640,242,23.252
1641,251,23.571
1642,258,23.571
1643,223,23.252
1644,222,23.252
1645,262,23.252
1646,266,24.549
1647,261,23.252
1648,261,23.252
1649,220,23.252
1650,219,24.835
1651,218,24.835
1652,218,24.835
1653,244,24.835
1654,229,24.835
1655,262,23.252
1656,261,23.252
1657,249,25.464
1658,247,25.464
1659,256,25.464
1660,241,25.464
1661,239,25.464
1662,238,25.464
1663,243,25.798
1664,243,25.798
1665,244,25.798
1666,241,25.798
1667,243,25.798
1668,256,25.798
1669,240,25.798
1670,246,25.798
1671,252,25.798
1672,268,25.798
1673,270,25.798
1674,282,25.798
1675,285,25.798
1676,279,25.798
1677,281,25.798
1678,281,24.836
1679,281,24.836
1680,278,24.836
1681,289,24.836
1682,288,24.836
1683,283,24.836
1684,288,24.836
1685,269,24.836
1686,275,24.836
1687,276,24.836
1688,267,24.836
1689,261,24.836
1690,249,25.269
1691,248,25.269
1692,247,25.057
1693,231,25.057
1694,242,25.057
1695,255,25.057
1696,254,25.057
1697,250,25.057
1698,260,25.057
1699,258,25.458
1700,259,25.335
1701,275,25.335
1702,278,24.684
1703,275,24.684
1704,281,24.684
1705,278,24.684
1706,262,24.684
1707,259,24.684
1708,258,24.684
1709,232,9.614
1710,242,21.571
1711,234,25.586
1712,248,14.47
1713,252,22.642
1714,232,22.642
1715,225,22.642
1716,233,25.724
1717,230,25.724
1718,228,25.724
1719,224,21.26
1720,225,21.41
1721,224,21.41
1722,226,21.41
1723,243,9.059
1724,242,9.059
1725,240,11.424
1726,238,10.814
1727,242,16.107
1728,241,18.199
1729,251,18.199
1730,254,22.34
1731,250,22.34
1732,250,22.34
1733,244,22.34
1734,246,22.34
1735,245,22.34
1736,253,22.34
1737,253,22.34
1738,241,22.34
1739,255,22.34
1740,252,22.34
1741,267,24.08
1742,251,15.814
1743,251,15.814
1744,251,15.814
1745,264,20.57
1746,266,20.57
1747,261,21.506
1748,253,24.546
1749,268,23.765
1750,255,23.765
1751,274,21.506
1752,253,21.506
1753,264,21.506
1754,276,21.506
1755,285,21.506
1756,278,24.759
1757,273,24.759
1758,264,24.759
1759,262,24.759
1760,254,24.759
1761,269,24.448
1762,270,24.448
1763,259,24.448
1764,234,24.448
1765,227,24.448
1766,226,24.448
1767,235,24.448
1768,234,24.448
1769,231,19.97
1770,233,19.97
1771,234,19.97
1772,231,11.956
1773,226,11.956
1774,225,12.01
1775,226,16.092
1776,228,16.691
1777,221,22.274
1778,225,25.099
1779,240,25.099
1780,231,25.099
1781,217,25.099
1782,216,25.099
1783,221,14.795
1784,221,19.465
1785,236,19.465
1786,218,19.737
1787,217,23.063
1788,229,23.063
1789,229,23.063
1790,230,23.063
1791,234,23.063
1792,246,19.569
1793,245,22.451
1794,250,22.451
1795,250,22.451
1796,241,24.841
1797,244,19.634
1798,248,19.634
1799,244,19.634
1800,245,19.634
1801,249,19.634
1802,251,22.68
1803,231,22.68
1804,229,22.68
1805,244,18.947
1806,241,18.947
1807,239,21.849
1808,249,23.533
1809,269,23.538
1810,277,23.538
1811,265,23.538
1812,258,23.538
1813,254,23.538
1814,255,23.533
1815,243,21.763
1816,244,21.763
1817,250,21.763
1818,240,21.763
1819,258,21.763
1820,261,22.489
1821,272,22.489
1822,278,21.763
1823,272,24.911
1824,264,24.669
1825,269,24.669
1826,269,24.669
1827,270,24.669
1828,270,24.669
1829,270,24.573
1830,269,24.737
1831,271,25.577
1832,254,25.577
1833,253,25.577
1834,251,25.577
1835,236,24.423
1836,239,24.423
1837,261,24.423
1838,249,24.423
1839,277,24.423
1840,253,24.423
1841,273,22.07
1842,272,25.267
1843,247,25.267
1844,245,25.267
1845,250,25.267
1846,240,23.706
1847,249,21.028
1848,258,22.777
1849,280,22.777
1850,260,22.777
1851,257,22.777
1852,273,18.774
1853,262,22.139
1854,271,23.425
1855,265,23.452
1856,265,23.452
1857,286,23.452
1858,281,23.452
1859,266,23.452
1860,267,23.452
1861,263,23.452
1862,253,23.452
1863,253,23.452
1864,245,23.452
1865,246,23.425
1866,260,24.127
1867,266,24.127
1868,272,24.127
1869,275,24.127
1870,272,24.127
1871,269,24.448
1872,273,24.448
1873,258,24.448
1874,276,24.448
1875,276,24.448
1876,272,24.448
1877,272,24.448
1878,274,24.448
1879,272,24.448
1880,256,24.448
1881,259,24.448
1882,263,24.448
1883,264,20.562
1884,269,20.562
1885,262,20.562
1886,279,20.764
1887,279,20.764
1888,259,20.562
1889,264,21.858
1890,274,24.582
1891,275,24.582
1892,280,24.582
1893,274,24.582
1894,286,22.532
1895,290,22.532
1896,286,22.532
1897,263,19.838
1898,269,11.832
1899,281,21.79
1900,274,24.994
1901,263,24.994
1902,261,24.994
1903,257,24.994
1904,244,22.83
1905,234,22.83
1906,224,23.984
1907,231,23.984
1908,240,22.83
1909,244,16.816
1910,251,15.71
1911,254,23.117
1912,257,23.117
1913,254,23.117
1914,249,21.192
1915,246,17.671
1916,238,20.379
1917,262,17.671
1918,271,13.97
1919,266,25.093
1920,276,25.093
1921,281,13.97
1922,281,23.877
1923,281,12.577
1924,276,22.508
1925,275,22.508
1926,259,19.039
1927,263,22.767
1928,264,22.767
1929,283,22.767
1930,279,22.767
1931,275,23.332
1932,280,24.393
1933,284,23.61
1934,286,23.61
1935,280,23.61
1936,280,23.61
1937,268,23.61
1938,253,24.992
1939,243,24.992
1940,248,24.992
1941,248,24.992
1942,242,24.992
1943,242,24.992
1944,224,24.722
1945,222,24.722
1946,245,24.722
1947,226,18.75
1948,227,18.75
1949,216,18.75
1950,232,18.75
1951,229,18.75
1952,251,16.537
1953,226,20.448
1954,213,21.906
1955,228,24.294
1956,215,24.294
1957,229,24.59
1958,241,25.359
1959,250,25.359
1960,254,25.359
1961,244,25.359
1962,248,25.359
1963,248,25.359
1964,248,25.359
1965,246,25.359
1966,236,25.105
1967,253,25.105
1968,269,25.105
1969,272,22.819
1970,254,22.819
1971,285,22.819
1972,281,22.819
1973,276,25.777
1974,296,22.819
1975,304,24.946
1976,290,22.819
1977,299,22.819
1978,290,22.819
1979,295,22.819
1980,303,22.819
1981,301,22.819
1982,305,24.626
1983,281,24.638
1984,280,24.638
1985,274,24.638
1986,269,24.638
1987,264,24.638
1988,263,24.638
1989,284,22.819
1990,268,22.819
1991,270,24.139
1992,270,24.139
1993,283,24.621
1994,291,24.621
1995,277,24.621
1996,271,24.621
1997,264,22.819
1998,273,22.819
1999,258,22.819
2000,253,22.819
2001,251,22.819
2002,247,22.819
2003,253,22.819
2004,259,23.422
2005,257,24.665
2006,263,25.598
2007,262,23.422
2008,263,23.422
2009,264,23.422
2010,273,23.422
2011,267,25.045
2012,245,24.83
2013,241,23.637
2014,240,23.637
2015,236,23.637
2016,226,25.47
2017,219,23.637
2018,221,23.637
2019,208,23.637
2020,217,23.637
2021,228,23.637
2022,232,23.637
2023,217,23.637
2024,224,23.637
2025,223,24.375
2026,240,23.637
2027,218,23.637
2028,235,23.637
2029,235,23.637
2030,241,23.741
2031,238,23.741
2032,236,23.741
2033,247,23.741
2034,255,25.087
2035,257,25.087
2036,252,25.087
2037,241,25.087
2038,242,25.087
2039,238,25.087
2040,223,25.341
2041,218,23.613
2042,232,23.613
2043,233,25.09
2044,254,25.09
2045,267,23.613
2046,247,23.613
2047,250,23.224
2048,252,23.224
2049,249,22.819
2050,270,22.819
2051,247,22.819
2052,246,22.819
2053,246,23.392
2054,251,23.392
2055,249,23.245
2056,250,23.41
2057,255,22.819
2058,260,22.819
2059,236,22.819
2060,253,22.819
2061,246,22.819
2062,251,22.819
2063,246,22.819
2064,249,20.343
2065,233,25.553
2066,225,25.553
2067,208,24.747
2068,208,24.747
2069,211,24.747
2070,209,24.747
2071,210,24.747
2072,221,23.275
2073,233,23.275
2074,247,23.275
2075,229,24.639
2076,232,24.639
2077,231,24.639
2078,235,24.701
2079,239,24.701
2080,277,24.701
2081,295,24.701
2082,272,24.701
2083,276,24.701
2084,269,24.701
2085,259,24.701
2086,264,24.701
2087,266,24.701
2088,263,24.701
2089,260,24.701
2090,260,24.701
2091,257,24.701
2092,264,23.67
2093,261,11.22
2094,260,11.22
2095,251,14.257
2096,248,14.257
2097,250,14.257
2098,254,18.386
2099,251,18.386
2100,254,18.386
2101,260,18.386
2102,264,25.792
2103,270,25.792
2104,274,25.792
2105,274,25.792
2106,274,25.792
2107,262,25.792
2108,257,25.792
2109,270,25.792
2110,267,25.792
2111,273,25.792
2112,271,25.792
2113,280,25.792
2114,266,25.792
2115,269,25.792
2116,275,25.792
2117,276,25.0
2118,275,24.901
2119,279,24.901
2120,269,24.901
2121,268,24.901
2122,256,24.901
2123,256,24.901
2124,256,24.901
2125,249,24.901
2126,270,24.901
2127,268,24.901
2128,277,24.901
2129,276,24.91
2130,283,25.332
2131,282,25.332
2132,280,25.332
2133,274,25.332
2134,276,25.332
2135,290,25.332
2136,302,25.119
2137,298,24.91
2138,298,24.91
2139,302,24.91
2140,304,24.642
2141,300,24.642
2142,300,24.642
2143,288,24.642
2144,297,24.642
2145,297,24.985
2146,300,24.985
2147,304,24.642
2148,303,24.642
2149,312,24.642
2150,302,9.94
2151,287,25.072
2152,288,25.072
2153,268,25.072
2154,257,25.072
2155,252,25.072
2156,260,25.072
2157,257,24.342
2158,244,24.342
2159,244,24.342
2160,245,24.342
2161,236,24.342
2162,210,25.212
2163,212,25.212
2164,205,25.212
2165,203,25.212
2166,221,25.212
2167,236,23.015
2168,239,23.015
2169,231,22.23
2170,237,22.23
2171,229,22.23
2172,251,22.23
2173,242,22.23
2174,234,25.69
2175,257,22.23
2176,253,22.23
2177,251,22.23
2178,251,22.23
2179,247,22.23
2180,210,22.23
2181,210,22.23
2182,209,22.23
2183,217,22.686
2184,231,22.23
2185,240,22.23
2186,236,22.23
2187,243,22.23
2188,245,22.23
2189,240,22.23
2190,238,22.23
2191,231,22.23
2192,250,22.23
2193,252,22.23
2194,252,22.23
2195,252,22.23
2196,253,22.23
2197,224,24.22
2198,238,24.109
2199,249,24.109
2200,250,24.109
2201,261,24.109
2202,266,24.109
2203,250,24.109
2204,257,24.109
2205,256,24.109
2206,262,24.109
2207,238,19.96
2208,248,17.659
2209,264,17.659
2210,256,21.335
2211,239,17.659
2212,243,17.659
2213,240,17.659
2214,243,17.749
2215,246,17.749
2216,243,21.375
2217,247,21.375
2218,248,21.375
2219,243,21.375
2220,253,25.587
2221,250,25.587
2222,249,25.587
2223,253,25.587
2224,257,25.587
2225,262,25.587
2226,253,25.587
2227,253,25.587
2228,252,25.587
2229,267,24.791
2230,269,14.475
2231,267,23.598
2232,264,23.598
2233,260,23.598
2234,253,23.598
2235,257,23.598
2236,261,23.598
2237,268,25.392
2238,274,25.392
2239,273,25.392
2240,254,25.392
2241,257,20.705
2242,251,20.705
2243,251,14.682
2244,248,18.221
2245,246,25.702
2246,265,18.221
2247,262,23.978
2248,262,23.978
2249,250,23.978
2250,251,23.978
2251,248,23.978
2252,263,24.56
2253,256,24.56
2254,268,24.56
2255,261,23.978
2256,275,18.221
2257,273,18.221
2258,268,18.221
2259,252,18.221
2260,255,18.221
2261,257,18.221
2262,259,18.221
2263,257,19.464
2264,260,19.61
2265,263,20.595
2266,251,22.887
2267,252,22.887
2268,251,22.887
2269,250,22.887
2270,254,22.887
2271,255,20.595
2272,261,20.394
2273,271,25.125
2274,270,25.125
2275,277,22.008
2276,278,23.012
2277,278,22.008
2278,292,22.008
2279,293,22.008
2280,300,15.142
2281,295,24.226
2282,281,24.396
2283,265,24.495
2284,266,24.495
2285,262,24.495
2286,245,24.495
2287,234,24.495
2288,239,24.495
2289,241,24.495
2290,239,24.495
2291,251,24.495
2292,267,24.495
2293,259,24.495
2294,270,24.495
2295,272,24.495
2296,254,24.495
2297,259,24.495
2298,257,24.495
2299,255,24.495
2300,264,24.495
2301,255,24.495
2302,257,24.495
2303,258,24.495
2304,271,24.495
2305,279,24.495
2306,274,24.495
2307,264,20.547
2308,258,17.874
2309,262,23.951
2310,260,23.951
2311,277,23.951
2312,280,14.173
2313,281,14.173
2314,278,24.023
2315,277,24.023
2316,285,24.023
2317,271,24.023
2318,257,24.023
2319,267,18.643
2320,265,18.643
2321,266,18.643
2322,265,18.643
2323,274,17.135
2324,279,24.507
2325,274,24.507
2326,285,24.507
2327,261,24.507
2328,267,24.507
2329,252,20.574
2330,242,24.98
2331,239,24.98
2332,236,24.98
2333,242,24.98
2334,249,24.98
2335,268,24.98
2336,269,25.622
2337,250,25.622
2338,248,24.98
2339,255,23.819
2340,249,23.819
2341,240,25.116
2342,243,25.116
2343,219,25.116
2344,225,25.116
2345,217,24.898
2346,221,21.763
2347,223,22.735
2348,229,19.602
2349,239,19.099
2350,240,16.277
2351,246,18.875
2352,236,25.664
2353,237,25.664
2354,237,25.664
2355,251,16.277
2356,243,25.448
2357,224,25.448
2358,236,25.448
2359,234,20.657
2360,240,22.824
2361,263,20.657
2362,257,21.455
2363,266,21.455
2364,266,21.455
2365,264,21.455
2366,258,21.455
2367,252,23.78
2368,245,23.78
2369,243,23.78
2370,238,23.78
2371,255,21.539
2372,261,21.539
2373,256,21.539
2374,253,25.291
2375,257,25.291
2376,259,25.291
2377,264,25.291
2378,251,25.291
2379,239,25.291
2380,249,25.291
2381,252,20.932
2382,240,24.887
2383,246,24.887
2384,249,24.887
2385,235,24.887
2386,232,24.887
2387,242,24.887
2388,266,25.131
2389,277,24.887
2390,281,21.323
2391,279,21.042
2392,271,17.978
2393,268,22.399
2394,266,23.99
2395,268,23.99
2396,262,23.99
2397,260,23.99
2398,271,23.817
2399,260,23.817
2400,266,23.817
2401,263,23.775
2402,249,23.775
2403,228,23.775
2404,235,23.775
2405,234,23.775
2406,235,23.775
2407,250,23.775
2408,250,23.775
2409,254,23.775
2410,253,23.775
2411,246,22.812
2412,266,17.958
2413,270,17.958
2414,255,17.958
2415,252,13.853
2416,255,13.853
2417,273,18.726
2418,276,18.726
2419,277,18.726
2420,244,22.813
2421,246,22.813
2422,244,22.813
2423,239,22.813
2424,233,22.813
2425,245,22.813
2426,255,22.813
2427,254,21.727
2428,241,23.623
2429,239,21.727
2430,254,21.727
2431,251,21.727
2432,252,21.727
2433,245,20.744
2434,246,24.301
2435,261,24.301
2436,269,24.301
2437,281,24.301
2438,276,24.301
2439,288,24.301
2440,287,23.123
2441,291,17.052
2442,286,17.052
2443,286,19.515
2444,279,19.515
2445,285,19.515
2446,276,19.515
2447,270,11.809
2448,256,23.102
2449,259,25.242
2450,259,25.242
2451,264,25.242
2452,261,25.242
2453,264,25.514
2454,255,25.242
2455,254,25.242
2456,264,25.242
2457,261,25.323
2458,264,25.323
2459,277,25.242
2460,260,25.242
2461,271,25.242
2462,279,25.242
2463,277,25.242
2464,277,25.242
2465,277,25.242
2466,279,25.242
2467,276,25.242
2468,280,25.242
2469,277,25.242
2470,286,25.242
2471,265,25.242
2472,265,25.242
2473,266,25.242
2474,260,22.704
2475,257,22.704
2476,252,22.704
2477,252,22.704
2478,250,22.704
2479,249,22.704
2480,251,24.448
2481,250,25.619
2482,250,24.448
2483,256,24.448
2484,248,24.448
2485,245,24.815
2486,257,24.815
2487,243,24.815
2488,234,24.815
2489,250,24.815
2490,242,24.815
2491,263,24.815
2492,264,24.815
2493,254,24.815
2494,248,24.815
2495,258,24.572
2496,234,24.572
2497,221,24.572
2498,224,24.572
2499,228,24.262
2500,230,24.262
2501,233,24.262
2502,229,24.262
2503,229,24.262
2504,255,24.459
2505,271,24.459
2506,256,24.262
2507,253,24.262
2508,255,24.262
2509,269,24.262
2510,278,25.27
2511,292,25.27
2512,307,25.27
2513,287,25.27
2514,289,25.27
2515,278,25.27
2516,285,25.27
2517,279,20.843
2518,270,18.93
2519,270,18.93
2520,275,25.276
2521,298,25.276
2522,294,25.276
2523,293,25.276
2524,277,25.276
2525,274,23.44
2526,264,25.518
2527,267,25.518
2528,260,25.449
2529,262,23.102
2530,266,25.467
2531,264,25.467
2532,264,25.467
2533,259,25.467
2534,259,24.1
2535,270,24.1
2536,250,24.402
2537,246,24.402
2538,251,24.402
2539,248,24.402
2540,246,25.784
2541,253,24.489
2542,260,24.402
2543,264,24.402
2544,256,24.402
2545,243,24.402
2546,245,24.402
2547,250,24.076
2548,242,24.076
2549,244,24.076
2550,238,24.076
2551,233,23.79
2552,232,23.79
2553,240,23.79
2554,235,23.79
2555,234,23.79
2556,222,23.79
2557,230,23.79
2558,233,23.79
2559,244,24.262
2560,243,24.262
2561,250,24.262
2562,244,24.262
2563,242,24.262
2564,238,25.257
2565,243,25.257
2566,242,25.655
2567,239,25.655
2568,242,18.018
2569,248,17.459
2570,248,17.459
2571,232,18.14
2572,230,25.757
2573,261,25.757
2574,248,25.757
2575,233,25.757
2576,218,25.757
2577,217,25.757
2578,243,25.757
2579,223,25.757
2580,226,23.721
2581,230,23.721
2582,230,23.064
2583,231,23.064
2584,224,22.819
2585,228,25.687
2586,227,25.687
2587,213,23.41
2588,219,22.819
2589,239,22.819
2590,248,22.819
2591,248,22.819
2592,250,22.819
2593,255,22.819
2594,262,22.819
2595,276,22.819
2596,269,22.819
2597,262,22.819
2598,266,25.732
2599,272,25.732
2600,264,24.178
2601,265,24.178
2602,265,24.178
2603,266,22.819
2604,273,22.819
2605,264,22.819
2606,257,22.819
2607,249,22.819
2608,249,22.819
2609,255,22.819
2610,269,22.819
2611,279,22.819
2612,271,22.819
2613,259,22.819
2614,263,22.819
2615,260,22.819
2616,273,25.613
2617,280,25.613
2618,284,24.979
2619,282,24.979
2620,284,24.979
2621,276,24.979
2622,268,24.979
2623,261,23.828
2624,252,22.994
2625,263,22.994
2626,251,22.994
2627,240,22.819
2628,238,22.819
2629,232,22.819
2630,226,22.819
2631,238,22.819
2632,238,22.819
2633,232,22.819
2634,228,22.819
2635,227,22.819
2636,238,22.819
2637,239,22.819
2638,238,22.819
2639,243,22.819
2640,249,22.819
2641,260,22.819
2642,260,24.396
2643,240,24.396
2644,236,24.026
2645,236,25.057
2646,232,25.057
2647,239,25.057
2648,247,25.057
2649,234,22.298
2650,225,22.298
2651,237,22.298
2652,256,22.298
2653,258,20.573
2654,239,20.573
2655,285,23.844
2656,249,20.573
2657,249,20.573
2658,235,20.573
2659,237,20.573
2660,237,20.573
2661,237,20.573
2662,229,20.573
2663,234,20.573
2664,240,25.239
2665,248,25.239
2666,243,25.239
2667,239,25.239
2668,259,18.962
2669,252,21.076
2670,242,21.458
2671,223,21.458
2672,231,21.458
2673,261,16.774
2674,220,14.113
2675,241,17.784
2676,251,17.784
2677,250,24.235
2678,241,21.946
2679,246,21.946
2680,253,14.739
2681,254,14.739
2682,264,11.952
2683,287,14.222
2684,269,15.961
2685,270,21.285
2686,257,22.519
2687,256,22.519
2688,250,22.519
2689,260,22.519
2690,258,23.311
2691,264,23.311
2692,259,22.519
2693,264,22.773
2694,244,23.748
2695,234,23.918
2696,221,23.918
2697,213,22.519
2698,241,22.519
2699,251,22.519
2700,249,22.519
2701,269,22.519
2702,262,22.519
2703,224,22.519
2704,232,22.974
2705,244,22.974
2706,244,22.974
2707,244,22.974
2708,250,22.974
2709,236,25.506
2710,242,25.27
2711,242,25.27
2712,268,25.27
2713,271,25.27
2714,260,25.27
2715,262,25.27
2716,258,25.27
2717,262,25.27
2718,268,25.27
2719,281,22.519
2720,277,22.519
2721,272,22.519
2722,278,22.519
2723,275,18.896
2724,266,19.177
2725,260,19.177
2726,254,19.177
2727,243,19.177
2728,237,17.697
2729,255,24.991
2730,243,24.991
2731,230,20.045
2732,229,15.829
2733,229,15.829
2734,229,15.829
2735,230,22.286
2736,234,22.286
2737,245,22.286
2738,263,22.286
2739,260,22.629
2740,263,22.629
2741,244,23.093
2742,244,23.565
2743,257,22.157
2744,246,19.285
2745,248,19.285
2746,244,19.285
2747,240,20.281
2748,231,19.285
2749,222,22.268
2750,222,25.439
2751,222,20.214
2752,250,22.635
2753,223,20.214
2754,232,20.017
2755,241,21.13
2756,242,21.13
2757,236,20.137
2758,248,20.137
2759,242,20.137
2760,248,24.399
2761,243,21.437
2762,237,24.319
2763,250,24.319
2764,252,24.319
2765,248,24.319
2766,244,24.319
2767,277,24.319
2768,284,24.531
2769,262,24.531
2770,256,24.531
2771,257,24.531
2772,253,25.353
2773,255,25.353
2774,237,25.353
2775,250,25.353
2776,252,21.535
2777,248,21.535
2778,271,20.672
2779,271,21.811
2780,261,21.811
2781,272,20.672
2782,279,20.672
2783,253,24.351
2784,263,16.661
2785,258,25.672
2786,250,17.847
2787,256,19.483
2788,262,17.847
2789,257,24.581
2790,275,24.581
2791,279,24.581
2792,275,24.581
2793,265,24.581
2794,258,24.581
2795,254,24.581
2796,252,24.581
2797,255,24.581
2798,271,24.581
2799,268,24.581
2800,253,21.435
2801,254,21.689
2802,253,21.689
2803,265,21.689
2804,267,21.689
2805,262,21.689
2806,283,24.699
2807,274,21.689
2808,277,21.689
2809,261,24.579
2810,253,24.579
2811,253,24.579
2812,242,24.579
2813,241,24.579
2814,243,24.579
2815,250,21.043
2816,252,21.043
2817,255,21.043
2818,259,25.228
2819,241,25.228
2820,236,25.228
2821,249,25.228
2822,232,25.228
2823,236,25.228
2824,224,25.228
2825,220,25.228
2826,221,25.228
2827,226,25.228
2828,229,19.527
2829,243,22.66
2830,257,22.66
2831,238,22.66
2832,231,18.899
2833,241,18.424
2834,264,21.547
2835,263,21.547
2836,246,13.151
2837,245,22.523
2838,243,22.523
2839,278,22.523
2840,278,22.523
2841,275,22.523
2842,242,22.523
2843,242,22.523
2844,242,22.523
2845,242,25.29
2846,238,19.001
2847,246,19.001
2848,256,20.19
2849,255,20.19
2850,246,19.001
2851,241,21.243
2852,241,24.052
2853,240,24.052
2854,235,24.052
2855,254,22.881
2856,256,23.039
2857,261,23.039
2858,262,23.039
2859,262,24.185
2860,242,24.354
2861,233,25.64
2862,262,25.508
2863,263,25.508
2864,282,25.508
2865,275,21.081
2866,251,20.681
2867,246,14.744
2868,247,16.026
2869,247,20.283
2870,242,20.283
2871,237,20.283
2872,241,20.283
2873,257,22.869
2874,257,24.913
2875,262,24.913
2876,261,24.764
2877,257,22.36
2878,248,25.709
2879,243,22.36
2880,248,23.347
2881,251,22.256
2882,252,22.295
2883,260,22.256
2884,255,25.009
2885,253,25.009
2886,255,21.844
2887,261,18.774
2888,271,23.841
2889,258,23.351
2890,269,23.351
2891,266,23.351
2892,264,24.868
2893,263,24.868
2894,258,24.868
2895,274,18.774
2896,273,16.281
2897,283,23.019
2898,285,23.019
2899,287,23.019
2900,291,23.019
2901,296,23.019
2902,304,23.019
2903,292,23.297
2904,277,25.544
2905,272,25.544
2906,276,23.297
2907,272,23.297
2908,267,24.72
2909,272,24.72
2910,269,15.975
2911,258,19.216
2912,271,11.588
2913,287,11.588
2914,289,15.011
2915,287,15.736
2916,297,25.557
2917,302,17.211
2918,293,17.211
2919,293,17.211
2920,289,12.891
2921,292,18.202
2922,296,19.437
2923,297,19.437
2924,281,19.437
2925,266,15.524
2926,267,15.524
2927,264,21.052
2928,264,21.052
2929,262,21.052
2930,239,22.499
2931,231,22.499
2932,240,22.071
2933,254,24.838
2934,245,23.792
2935,243,23.792
2936,250,18.749
2937,248,18.749
2938,249,18.749
2939,246,21.351
2940,269,24.268
2941,256,21.351
2942,248,21.351
2943,265,21.81
2944,263,21.81
2945,271,22.519
2946,280,22.519
2947,276,22.519
2948,262,22.623
2949,267,22.623
2950,262,22.819
2951,254,22.819
2952,251,22.819
2953,256,22.819
2954,255,22.819
2955,256,22.819
2956,267,22.819
2957,277,22.819
2958,288,22.819
2959,290,23.227
2960,292,25.01
2961,285,23.227
2962,279,22.819
2963,268,22.819
2964,262,22.819
2965,258,22.819
2966,230,22.819
2967,232,22.819
2968,281,22.819
2969,267,22.819
2970,272,22.819
2971,219,23.637
2972,227,23.637
2973,220,23.999
2974,210,23.999
2975,219,24.062
2976,224,24.062
2977,237,24.97
2978,224,24.97
2979,231,24.062
2980,252,25.478
2981,216,24.062
2982,234,24.062
2983,251,23.454
2984,231,23.454
2985,232,22.977
2986,237,23.777
2987,235,22.977
2988,241,24.028
2989,241,24.028
2990,248,24.028
2991,233,24.028
2992,244,24.07
2993,239,24.07
2994,259,24.07
2995,272,24.07
2996,291,24.07
2997,287,24.07
2998,269,22.819
2999,256,22.819
3000,254,22.531
3001,253,21.38
3002,252,21.38
3003,255,21.38
3004,257,23.049
3005,251,23.049
3006,250,23.744
3007,254,23.744
3008,251,23.744
3009,266,24.573
3010,269,24.573
3011,285,24.573
3012,277,24.573
3013,271,24.573
3014,261,23.744
3015,278,23.744
3016,247,21.362
3017,248,21.362
3018,246,21.362
3019,247,21.362
3020,248,25.682
3021,240,25.682
3022,234,21.362
3023,237,21.362
3024,243,21.362
3025,247,21.362
3026,235,21.362
3027,219,19.643
3028,226,16.777
3029,231,16.777
3030,240,19.228
3031,222,19.228
3032,226,22.469
3033,224,22.469
3034,225,23.111
3035,224,24.812
3036,246,24.812
3037,258,24.25
3038,243,24.25
3039,244,24.25
3040,248,25.798
3041,248,25.119
3042,253,25.475
3043,235,25.475
3044,236,25.475
3045,226,25.475
3046,227,25.475
3047,224,24.121
3048,234,24.121
3049,247,24.121
3050,229,24.121
3051,230,24.121
3052,239,24.121
3053,236,24.121
3054,228,23.374
3055,229,23.374
3056,232,23.374
3057,229,23.374
3058,231,23.374
3059,234,23.374
3060,239,23.374
3061,251,22.965
3062,260,22.965
3063,247,22.965
3064,246,22.965
3065,268,20.176
3066,264,21.643
3067,266,21.643
3068,246,21.643
3069,236,21.643
3070,242,19.045
3071,244,19.045
3072,232,19.58
3073,238,19.58
3074,247,19.58
3075,247,23.822
3076,248,20.606
3077,249,19.628
3078,240,22.423
3079,236,25.687
3080,228,21.532
3081,223,21.532
3082,228,21.532
3083,239,21.532
3084,240,21.532
3085,237,21.532
3086,244,14.834
3087,246,14.834
3088,244,14.867
3089,248,14.834
3090,244,14.834
3091,250,20.313
3092,248,18.839
3093,245,18.839
3094,245,14.311
3095,244,14.311
3096,239,14.311
3097,242,23.796
3098,250,23.796
3099,241,19.897
3100,222,19.746
3101,218,23.67
3102,231,23.67
3103,245,24.103
3104,239,24.103
3105,247,23.67
3106,247,23.67
3107,250,24.002
3108,248,23.67
3109,250,23.503
3110,255,23.503
3111,248,23.503
3112,255,23.063
3113,266,23.75
3114,266,23.75
3115,264,25.694
3116,260,25.694
3117,275,25.694
3118,261,24.427
3119,258,24.427
3120,275,24.427
3121,250,24.827
3122,243,24.827
3123,240,25.61
3124,242,25.61
3125,236,25.61
3126,237,25.61
3127,240,25.61
3128,239,25.61
3129,243,25.61
3130,242,25.61
3131,247,25.61
3132,247,25.61
3133,250,25.61
3134,242,22.511
3135,253,22.511
3136,260,22.511
3137,269,24.465
3138,251,24.465
3139,266,25.155
3140,259,24.155
3141,261,24.155
3142,258,24.155
3143,247,24.155
3144,245,23.114
3145,244,23.114
3146,251,22.286
3147,255,23.511
3148,262,25.015
3149,259,25.164
3150,250,25.164
3151,247,25.164
3152,238,25.655
3153,246,25.655
3154,246,25.655
3155,252,24.358
3156,253,24.358
3157,242,24.358
3158,248,24.358
3159,245,24.358
3160,236,24.358
3161,237,24.358
3162,237,24.358
3163,223,24.358
3164,221,24.358
3165,212,21.401
3166,223,21.401
3167,215,19.931
3168,218,21.912
3169,216,19.931
3170,221,19.931
3171,221,22.819
3172,242,22.819
3173,225,23.043
3174,228,23.043
3175,229,23.043
3176,219,16.144
3177,216,15.981
3178,216,25.646
3179,208,25.646
3180,224,25.646
3181,226,14.884
3182,221,13.973
3183,241,13.973
3184,272,17.238
3185,277,17.238
3186,278,17.692
3187,279,20.768
3188,281,21.775
3189,277,21.084
3190,258,21.084
3191,256,20.768
3192,254,20.768
3193,253,25.443
3194,244,25.443
3195,259,25.443
3196,255,23.344
3197,255,23.344
3198,244,22.648
3199,237,22.648
3200,225,22.648
3201,231,25.192
3202,234,25.207
3203,234,25.207
3204,240,25.207
3205,229,24.412
3206,242,25.487
3207,240,25.487
3208,245,24.412
3209,242,24.412
3210,242,24.412
3211,252,24.412
3212,258,24.549
3213,257,24.549
3214,289,24.908
3215,282,24.905
3216,288,24.905
3217,286,24.905
3218,278,24.549
3219,307,24.549
3220,288,24.549
3221,283,25.703
3222,266,25.703
3223,257,22.804
3224,264,24.611
3225,261,23.413
3226,262,22.804
3227,258,22.804
3228,248,22.804
3229,249,22.804
3230,256,22.804
3231,274,22.804
3232,265,22.804
3233,247,22.804
3234,247,22.804
3235,251,22.804
3236,251,22.804
3237,250,22.804
3238,248,22.804
3239,247,22.804
3240,246,21.509
3241,248,21.509
3242,250,21.124
3243,245,21.124
3244,252,23.924
3245,250,23.924
3246,256,23.924
3247,250,21.124
3248,254,21.124
3249,242,21.124
3250,249,21.124
3251,253,21.124
3252,250,21.124
3253,250,15.464
3254,247,25.129
3255,257,25.129
3256,247,25.129
3257,258,25.129
3258,263,25.129
3259,263,25.129
3260,266,21.157
3261,264,22.196
3262,248,22.196
3263,243,22.196
3264,239,23.037
3265,244,23.207
3266,247,24.794
3267,271,24.794
3268,281,23.7
3269,283,23.7
3270,282,23.7
3271,278,23.7
3272,282,23.7
3273,259,23.278
3274,262,23.278
3275,266,23.278
3276,264,23.278
3277,253,23.278
3278,257,23.278
3279,252,23.278
3280,263,23.278
3281,253,23.278
3282,253,23.278
3283,264,23.278
3284,249,23.278
3285,256,24.397
3286,262,25.625
3287,278,24.397
3288,295,24.397
3289,297,24.397
3290,318,24.397
3291,316,24.397
3292,309,24.397
3293,308,25.535
3294,307,25.535
3295,281,25.535
3296,268,25.535
3297,274,25.126
3298,279,25.311
3299,275,25.126
3300,270,25.126
3301,265,22.451
3302,266,22.451
3303,272,24.758
3304,246,22.451
3305,254,21.988
3306,253,21.988
3307,246,21.988
3308,245,25.49
3309,242,25.49
3310,242,25.49
3311,248,25.272
3312,257,25.272
3313,261,25.272
3314,264,25.272
3315,260,24.038
3316,266,24.038
3317,250,24.038
3318,263,23.114
3319,257,23.114
3320,259,22.247
3321,252,23.117
3322,242,22.328
3323,235,22.328
3324,256,22.328
3325,242,22.328
3326,236,22.328
3327,231,22.328
3328,230,22.328
3329,246,22.328
3330,246,22.328
3331,241,22.328
3332,228,22.328
3333,229,22.836
3334,244,21.596
3335,252,20.956
3336,251,20.956
3337,246,15.106
3338,251,19.888
3339,237,15.106
3340,233,23.093
3341,234,23.093
3342,236,23.093
3343,236,23.093
3344,252,21.757
3345,253,21.757
3346,239,20.448
3347,244,20.448
3348,239,23.602
3349,239,23.602
3350,248,23.602
3351,256,23.602
3352,248,23.602
3353,223,23.602
3354,227,23.602
3355,227,24.833
3356,225,24.833
3357,234,24.833
3358,233,24.833
3359,237,24.833
3360,251,24.833
3361,256,24.833
3362,262,19.814
3363,273,19.814
3364,276,19.814
3365,284,19.814
3366,281,21.327
3367,286,21.327
3368,306,21.327
3369,283,23.356
3370,275,21.327
3371,289,21.327
3372,275,21.327
3373,262,23.176
3374,256,23.176
3375,258,23.176
3376,264,23.176
3377,264,14.47
3378,248,14.47
3379,242,25.766
3380,251,25.766
3381,244,25.766
3382,239,25.766
3383,278,25.766
3384,277,25.766
3385,271,25.766
3386,271,25.766
3387,244,25.766
3388,244,25.766
3389,257,25.766
3390,271,25.766
3391,264,25.766
3392,283,25.766
3393,279,25.766
3394,252,25.766
3395,264,25.766
3396,251,25.766
3397,245,25.766
3398,244,25.766
3399,245,25.766
3400,233,23.194
3401,218,21.027
3402,221,21.027
3403,239,21.027
3404,212,21.027
3405,230,17.282
3406,230,17.282
3407,248,20.113
3408,257,25.063
3409,250,25.063
3410,248,21.793
3411,244,20.991
3412,249,24.328
3413,237,24.328
3414,248,20.991
3415,247,25.563
3416,266,25.563
3417,266,25.563
3418,268,25.563
3419,270,25.563
3420,273,25.563
3421,277,25.563
3422,258,25.563
3423,265,25.563
3424,269,25.563
3425,269,13.205
3426,276,25.53
3427,282,25.53
3428,282,25.53
3429,288,25.53
3430,294,23.231
3431,296,19.829
3432,296,19.829
3433,289,19.434
3434,259,19.434
3435,262,19.434
3436,251,18.272
3437,252,18.272
3438,250,13.136
3439,237,20.358
3440,230,20.358
3441,217,20.358
3442,228,24.121
3443,220,20.803
3444,245,20.803
3445,253,25.087
3446,248,17.183
3447,242,17.183
3448,240,17.45
3449,236,17.389
3450,222,17.389
3451,247,17.389
3452,265,17.389
3453,264,21.482
3454,241,21.482
3455,254,21.482
3456,264,21.482
3457,234,21.482
3458,231,21.482
3459,242,25.673
3460,241,25.673
3461,232,21.198
3462,228,18.789
3463,224,19.512
3464,229,25.649
3465,240,18.789
3466,233,18.789
3467,233,17.105
3468,237,15.749
3469,262,15.749
3470,261,16.57
3471,256,16.57
3472,270,16.57
3473,278,21.514
3474,267,17.539
3475,264,24.988
3476,256,24.988
3477,257,18.302
3478,260,18.302
3479,248,18.302
3480,241,23.547
3481,237,23.547
3482,236,21.673
3483,227,23.156
3484,234,23.156
3485,235,23.156
3486,222,25.099
3487,234,25.099
3488,244,25.099
3489,240,25.099
3490,252,24.953
3491,263,24.901
3492,293,21.859
3493,299,20.433
3494,301,20.433
3495,301,20.433
3496,277,22.496
3497,270,22.496
3498,252,22.496
3499,248,22.496
3500,262,17.211
3501,248,21.802
3502,249,22.809
3503,238,22.809
3504,236,22.809
3505,243,25.003
3506,236,21.802
3507,245,21.802
3508,249,20.301
3509,251,20.301
3510,254,25.619
3511,261,25.619
3512,260,25.619
3513,272,25.619
3514,292,25.619
3515,296,25.619
3516,269,25.619
3517,278,25.619
3518,278,25.619
3519,265,25.619
3520,255,25.619
3521,262,25.619
3522,278,19.853
3523,272,23.015
3524,262,19.853
3525,252,19.853
3526,257,23.745
3527,261,23.745
3528,258,19.853
3529,244,21.344
3530,244,21.344
3531,244,24.148
3532,245,21.344
3533,263,24.232
3534,261,24.232
3535,266,22.064
3536,275,25.197
3537,270,25.197
3538,259,25.197
3539,260,25.197
3540,263,18.801
3541,269,19.855
3542,242,19.855
3543,244,25.278
3544,265,25.278
3545,268,25.278
3546,268,25.278
3547,267,21.479
3548,271,24.868
3549,287,22.934
3550,280,18.684
3551,282,21.455
3552,279,13.76
3553,290,25.424
3554,292,25.424
3555,281,25.424
3556,272,14.84
3557,268,22.442
3558,275,22.442
3559,275,9.836
3560,272,17.303
3561,270,17.303
3562,285,16.31
3563,294,12.194
3564,297,20.519
3565,298,25.765
3566,303,25.765
3567,293,25.765
3568,281,22.214
3569,276,22.214
3570,274,22.214
3571,276,20.558
3572,280,20.558
3573,279,21.32
3574,256,21.32
3575,265,21.32
3576,269,21.32
3577,281,25.575
3578,276,22.409
3579,283,24.845
3580,282,24.845
3581,278,24.845
3582,286,24.845
3583,277,24.253
3584,273,24.253
3585,270,21.599
3586,269,21.599
3587,272,21.32
3588,282,21.32
3589,289,21.32
3590,286,21.32
3591,280,21.32
3592,284,21.32
3593,276,25.724
3594,294,21.32
3595,262,22.819
3596,263,21.32
3597,252,24.59
3598,246,24.59
3599,251,24.59
3600,250,24.59
3601,241,24.59
3602,241,19.243
3603,247,24.319
3604,260,19.698
3605,251,24.091
3606,256,24.091
3607,258,24.091
3608,262,24.091
3609,257,24.091
3610,259,24.54
3611,252,24.54
3612,247,24.54
3613,257,24.54
3614,255,24.54
3615,257,24.54
3616,265,24.54
3617,268,24.54
3618,255,24.54
3619,252,25.592
3620,259,25.592
3621,252,25.592
3622,248,24.54
3623,238,24.54
3624,239,24.54
3625,257,24.54
3626,257,24.54
3627,263,24.54
3628,263,20.98
3629,253,20.98
3630,260,20.98
3631,268,20.98
3632,266,16.636
3633,248,16.636
3634,249,21.592
3635,243,25.012
3636,263,25.012
3637,257,25.012
3638,276,16.212
3639,282,16.989
3640,286,24.639
3641,294,22.517
3642,294,24.474
3643,280,25.502
3644,240,25.502
3645,247,25.502
3646,244,25.502
3647,258,25.502
3648,270,25.502
3649,264,25.502
3650,248,25.502
3651,244,25.502
3652,251,24.773
3653,234,24.474
3654,245,24.474
3655,246,25.022
3656,261,25.022
3657,270,24.474
3658,262,24.474
3659,251,24.474
3660,238,24.474
3661,236,24.474
3662,231,24.474
3663,238,25.015
3664,239,24.238
3665,243,24.238
3666,223,24.238
3667,227,24.238
3668,232,24.238
3669,229,24.809
3670,232,24.809
3671,242,22.728
3672,249,23.144
3673,245,24.668
3674,256,24.668
3675,236,24.668
3676,238,24.735
3677,240,24.735
3678,255,24.735
3679,257,24.668
3680,266,24.668
3681,262,24.668
3682,271,24.668
3683,276,23.233
3684,265,24.492
3685,265,24.492
3686,261,17.608
3687,286,18.759
3688,280,18.759
3689,275,24.989
3690,277,24.989
3691,271,24.989
3692,245,24.989
3693,246,24.989
3694,242,24.989
3695,238,21.225
3696,242,20.992
3697,252,20.992
3698,256,23.392
3699,264,23.392
3700,266,23.392
3701,264,17.276
3702,257,17.276
3703,256,17.276
3704,247,17.276
3705,251,17.276
3706,243,17.276
3707,248,23.36
3708,239,21.476
3709,258,21.476
3710,266,21.476
3711,280,21.476
3712,275,23.972
3713,278,21.476
3714,280,14.565
3715,282,14.565
3716,270,14.565
3717,261,14.565
3718,260,14.038
3719,255,20.11
3720,253,22.354
3721,264,22.354
3722,265,22.023
3723,244,20.11
3724,239,20.11
3725,239,20.11
3726,255,16.667
3727,255,23.12
3728,252,23.12
3729,249,23.12
3730,259,23.12
3731,256,23.12
3732,255,23.12
3733,273,24.271
3734,252,23.12
3735,241,23.12
3736,240,23.12
3737,246,23.12
3738,256,23.969
3739,253,23.969
3740,272,23.969
3741,267,23.969
3742,264,23.12
3743,250,23.12
3744,250,23.12
3745,253,23.12
3746,256,23.12
3747,234,23.12
3748,239,23.12
3749,237,21.807
3750,261,21.807
3751,267,25.305
3752,271,25.59
3753,261,25.59
3754,267,25.59
3755,256,25.59
3756,248,25.59
3757,243,25.59
3758,239,25.59
3759,253,25.59
3760,255,25.59
3761,255,25.59
3762,256,25.59
3763,254,25.59
3764,249,25.59
3765,241,25.59
3766,241,25.59
3767,237,25.59
3768,244,25.59
3769,247,25.59
3770,282,25.59
3771,276,25.59
3772,271,25.59
3773,274,22.819
3774,266,22.819
3775,254,22.819
3776,244,22.869
3777,241,22.869
3778,248,22.869
3779,266,20.005
3780,270,24.441
3781,282,24.441
3782,283,24.441
3783,280,24.441
3784,264,24.441
3785,284,24.441
3786,285,24.441
3787,280,21.733
3788,281,23.076
3789,265,18.454
3790,278,19.676
3791,264,22.609
3792,252,22.609
3793,261,22.609
3794,263,22.609
3795,273,22.609
3796,261,22.609
3797,283,22.609
3798,270,22.609
3799,270,18.487
3800,271,18.454
3801,274,18.454
3802,278,16.098
3803,278,16.098
3804,270,23.667
3805,271,24.095
3806,260,24.095
3807,260,17.127
3808,246,17.784
3809,231,20.995
3810,234,24.313
3811,238,20.995
3812,244,20.995
3813,246,19.727
3814,239,24.423
3815,251,24.423
3816,243,24.423
3817,236,24.423
3818,236,20.145
3819,256,20.145
3820,248,20.145
3821,243,16.845
3822,236,16.845
3823,236,16.845
3824,235,16.845
3825,237,15.375
3826,247,23.638
3827,272,25.625
3828,274,25.625
3829,274,25.625
3830,261,22.092
3831,250,23.592
3832,261,23.592
3833,265,23.592
3834,268,19.111
3835,265,16.759
3836,264,20.202
3837,270,25.46
3838,271,25.46
3839,266,24.791
3840,268,20.313
3841,271,18.878
3842,269,24.531
3843,276,24.531
3844,282,25.413
3845,266,25.598
3846,261,25.598
3847,263,25.598
3848,259,25.598
3849,249,25.598
3850,254,25.598
3851,249,19.841
3852,255,14.616
3853,260,15.525
3854,279,24.747
3855,292,24.747
3856,265,11.492
3857,284,13.935
3858,284,13.935
3859,286,13.935
3860,283,19.638
3861,281,22.45
3862,280,24.417
3863,268,14.778
3864,252,21.094
3865,264,21.094
3866,263,21.094
3867,234,21.094
3868,233,21.094
3869,222,21.094
3870,237,21.094
3871,248,22.504
3872,253,25.655
3873,258,25.655
3874,269,25.655
3875,275,25.655
3876,271,25.655
3877,273,25.655
3878,273,24.346
3879,286,24.346
3880,284,24.346
3881,272,24.563
3882,258,24.486
3883,234,24.486
3884,234,25.482
3885,241,25.482
3886,255,25.482
3887,230,25.482
3888,233,25.482
3889,249,25.482
3890,248,24.486
3891,220,24.486
3892,222,24.486
3893,214,24.486
3894,210,24.504
3895,216,24.504
3896,219,24.504
3897,224,24.28
3898,224,24.28
3899,250,24.28
3900,271,23.614
3901,275,24.899
3902,274,24.899
3903,279,24.899
3904,274,24.899
3905,274,22.385
3906,273,18.556
3907,283,18.556
3908,281,15.71
3909,285,16.783
3910,284,16.783
3911,260,16.783
3912,263,20.065
3913,262,16.783
3914,263,16.783
3915,254,19.763
3916,254,19.763
3917,247,19.763
3918,252,19.763
3919,277,22.089
3920,294,24.898
3921,297,22.089
3922,309,19.763
3923,274,19.817
3924,274,19.817
3925,288,19.763
3926,265,19.763
3927,251,19.62
3928,264,17.979
3929,270,17.979
3930,284,17.979
3931,282,25.14
3932,281,25.14
3933,278,25.14
3934,279,25.14
3935,271,25.14
3936,273,25.649
3937,290,25.649
3938,290,25.649
3939,292,25.607
3940,304,25.607
3941,271,24.016
3942,271,24.994
3943,261,24.994
3944,260,25.15
3945,244,25.15
3946,248,25.15
3947,246,24.235
3948,257,23.631
3949,236,23.631
3950,228,25.604
3951,240,25.604
3952,241,25.604
3953,236,25.604
3954,237,25.604
3955,237,25.604
3956,225,25.604
3957,237,25.604
3958,234,25.604
3959,239,25.604
3960,230,25.604
3961,232,25.604
3962,237,25.604
3963,234,25.604
3964,235,25.604
3965,247,25.604
3966,249,25.667
3967,249,25.667
3968,250,25.667
3969,255,25.667
3970,262,25.667
3971,263,25.604
3972,256,25.604
3973,258,24.169
3974,259,24.169
3975,260,24.169
3976,269,24.169
3977,255,24.169
3978,245,24.169
3979,249,24.169
3980,263,24.169
3981,263,24.169
3982,263,24.169
3983,271,24.169
3984,292,24.169
3985,276,24.169
3986,280,24.169
3987,265,24.169
3988,250,21.958
3989,265,13.268
3990,263,14.341
3991,260,14.341
3992,272,6.399
3993,266,18.555
3994,264,18.555
3995,256,18.555
3996,246,23.034
3997,251,23.034
3998,265,23.034
3999,260,23.034
4000,261,23.034
4001,261,23.034
4002,261,23.034
4003,260,23.034
4004,260,20.435
4005,260,19.052
4006,263,21.904
4007,257,21.904
4008,256,21.904
4009,261,23.001
4010,261,23.001
4011,255,23.001
4012,258,13.049
4013,268,23.209
4014,257,13.049
4015,246,21.401
4016,246,23.425
4017,254,24.986
4018,269,24.986
4019,260,24.986
4020,267,24.986
4021,270,24.986
4022,254,24.986
4023,287,24.986
4024,280,24.986
4025,267,21.859
4026,265,21.859
4027,265,21.859
4028,261,21.387
4029,239,21.387
4030,237,21.387
4031,226,20.462
4032,225,20.462
4033,231,20.462
4034,230,20.462
4035,232,20.462
4036,235,17.71
4037,249,23.783
4038,254,23.783
4039,247,23.783
4040,238,23.783
4041,248,23.783
4042,252,20.008
4043,253,20.008
4044,256,20.917
4045,254,24.013
4046,254,25.084
4047,258,25.257
4048,267,25.257
4049,275,25.257
4050,268,25.257
4051,272,25.257
4052,282,25.257
4053,280,25.257
4054,265,25.257
4055,258,25.257
4056,255,24.696
4057,237,21.554
4058,240,21.554
4059,259,21.554
4060,271,23.59
4061,271,23.59
4062,274,25.478
4063,266,25.478
4064,269,25.478
4065,260,25.478
4066,251,18.161
4067,244,22.819
4068,255,22.819
4069,248,25.016
4070,252,24.2
4071,256,24.2
4072,268,22.819
4073,267,22.819
4074,257,22.819
4075,262,25.099
4076,263,22.819
4077,255,22.819
4078,255,25.242
4079,254,25.242
4080,252,25.242
4081,250,22.819
4082,251,22.819
4083,255,23.813
4084,251,23.813
4085,250,23.813
4086,253,23.813
4087,258,23.813
4088,251,24.889
4089,251,24.889
4090,248,24.889
4091,262,24.889
4092,263,25.275
4093,250,25.275
4094,248,25.275
4095,245,23.592
4096,244,24.692
4097,247,23.592
4098,270,22.819
4099,277,22.819
4100,273,22.819
4101,272,22.819
4102,277,22.819
4103,285,22.819
4104,267,23.072
4105,283,22.819
4106,288,22.819
4107,285,22.819
4108,272,22.819
4109,264,23.428
4110,260,22.819
4111,275,25.06
4112,260,22.819
4113,276,22.819
4114,261,22.819
4115,266,22.819
4116,275,22.819
4117,285,24.632
4118,285,24.632
4119,285,24.632
4120,308,25.144
4121,313,25.144
4122,316,25.144
4123,306,25.144
4124,302,25.144
4125,287,25.144
4126,261,24.632
4127,269,24.632
4128,267,24.632
4129,259,25.128
4130,263,25.128
4131,266,25.128
4132,265,23.652
4133,252,23.652
4134,255,22.684
4135,265,24.922
4136,258,24.922
4137,250,22.684
4138,249,22.965
4139,251,22.684
4140,248,22.875
4141,252,23.311
4142,240,25.075
4143,250,25.09
4144,262,25.075
4145,252,25.075
4146,247,25.075
4147,248,25.075
4148,263,25.075
4149,269,23.311
4150,268,21.921
4151,257,20.89
4152,238,20.89
4153,249,20.89
4154,247,24.397
4155,248,24.397
4156,251,24.397
4157,261,24.053
4158,260,20.89
4159,270,20.89
4160,253,20.89
4161,269,23.975
4162,257,23.975
4163,244,20.89
4164,240,20.89
4165,233,20.89
4166,265,20.89
4167,270,20.89
4168,296,24.046
4169,284,24.046
4170,279,24.821
4171,275,24.593
4172,266,25.457
4173,277,25.457
4174,276,25.457
4175,265,20.89
4176,272,20.89
4177,268,20.89
4178,262,20.89
4179,264,23.425
4180,266,23.425
4181,279,23.425
4182,273,23.425
4183,258,23.425
4184,259,25.455
4185,232,25.455
4186,236,20.89
4187,234,20.89
4188,231,24.277
4189,236,24.648
4190,227,24.648
4191,229,24.648
4192,240,24.34
4193,246,24.34
4194,247,24.34
4195,252,24.277
4196,240,24.277
4197,243,21.103
4198,230,21.103
4199,242,24.352
4200,247,24.352
4201,248,24.352
4202,230,22.929
4203,225,22.929
4204,223,22.819
4205,224,22.819
4206,222,23.231
4207,238,22.819
4208,255,22.819
4209,250,22.819
4210,249,22.819
4211,255,22.819
4212,253,24.908
4213,255,22.819
4214,261,22.819
4215,292,22.819
4216,261,22.819
4217,284,25.421
4218,276,24.369
4219,258,24.596
4220,259,24.596
4221,260,24.596
4222,231,24.369
4223,236,24.369
4224,267,24.369
4225,235,24.369
4226,233,24.369
4227,240,24.369
4228,236,24.369
4229,258,24.369
4230,269,22.819
4231,246,22.819
4232,264,22.819
4233,274,22.819
4234,272,24.773
4235,271,24.773
4236,269,24.773
4237,263,22.819
4238,264,22.819
4239,268,22.819
4240,280,22.819
4241,269,22.819
4242,271,22.819
4243,271,22.819
4244,275,22.819
4245,273,22.819
4246,276,22.819
4247,268,22.819
4248,265,22.819
4249,267,23.44
4250,257,23.44
4251,250,23.44
4252,272,24.282
4253,261,22.819
4254,269,22.819
4255,263,22.819
4256,276,24.85
4257,283,16.679
4258,277,19.928
4259,289,22.788
4260,293,25.389
4261,279,24.581
4262,279,24.581
4263,281,20.391
4264,281,19.486
4265,300,19.486
4266,291,19.486
4267,289,19.486
4268,290,19.571
4269,293,22.762
4270,280,22.762
4271,271,22.762
4272,273,22.762
4273,298,22.848
4274,262,22.762
4275,265,17.001
4276,265,17.001
4277,266,17.001
4278,259,22.824
4279,259,22.824
4280,261,22.824
4281,268,22.824
4282,269,22.824
4283,284,22.824
4284,277,23.099
4285,275,24.271
4286,268,24.271
4287,284,23.099
4288,286,22.824
4289,282,24.827
4290,271,24.827
4291,257,24.827
4292,251,24.827
4293,249,24.827
4294,254,18.002
4295,252,25.206
4296,258,25.206
4297,242,25.206
4298,243,25.206
4299,257,25.206
4300,273,25.206
4301,269,18.776
4302,267,24.277
4303,271,24.277
4304,273,23.138
4305,253,23.138
4306,248,24.632
4307,258,24.632
4308,259,24.632
4309,260,24.632
4310,252,24.632
4311,255,25.566
4312,253,25.566
4313,248,25.566
4314,247,25.566
4315,249,21.473
4316,263,21.473
4317,265,23.825
4318,264,23.825
4319,250,23.825
4320,237,23.825
4321,235,19.844
4322,247,19.844
4323,248,19.844
4324,241,25.741
4325,239,25.741
4326,239,25.741
4327,239,25.741
4328,236,25.741
4329,240,25.741
4330,264,25.741
4331,261,25.741
4332,262,24.406
4333,263,24.406
4334,259,24.406
4335,263,24.406
4336,280,24.406
4337,278,24.406
4338,285,23.103
4339,282,23.103
4340,271,23.103
4341,279,23.103
4342,266,24.617
4343,274,24.549
4344,275,24.549
4345,272,24.549
4346,282,24.408
4347,292,24.408
4348,286,21.538
4349,278,21.538
4350,271,21.538
4351,258,15.803
4352,252,20.367
4353,256,16.212
4354,260,23.255
4355,260,19.71
4356,259,17.3
4357,278,17.3
4358,262,17.3
4359,269,17.3
4360,253,17.3
4361,255,23.936
4362,282,23.518
4363,279,23.518
4364,283,23.518
4365,277,24.561
4366,276,19.951
4367,268,20.822
4368,265,20.822
4369,272,21.007
4370,268,21.007
4371,299,20.822
4372,313,24.507
4373,290,24.507
4374,276,18.771
4375,275,24.974
4376,271,25.209
4377,239,25.209
4378,242,17.417
4379,243,23.99
4380,249,23.99
4381,241,25.628
4382,253,24.684
4383,262,24.684
4384,264,24.684
4385,264,23.99
4386,256,17.901
4387,257,17.901
4388,258,21.449
4389,255,24.821
4390,241,24.821
4391,246,21.476
4392,235,25.711
4393,261,14.305
4394,258,14.305
4395,276,25.135
4396,259,25.135
4397,254,25.135
4398,250,25.135
4399,259,25.135
4400,273,15.692
4401,262,14.47
4402,262,14.47
4403,279,24.463
4404,254,21.112
4405,263,21.112
4406,257,21.112
4407,258,25.294
4408,252,25.294
4409,256,25.294
4410,269,25.294
4411,256,25.294
4412,256,25.745
4413,261,25.745
4414,260,25.294
4415,273,25.294
4416,259,25.294
4417,268,25.517
4418,267,21.846
4419,266,21.846
4420,274,21.846
4421,270,21.846
4422,271,21.846
4423,255,21.846
4424,257,21.846
4425,266,21.846
4426,264,21.846
4427,250,21.846
4428,251,21.846
4429,253,21.846
4430,257,23.547
4431,248,18.373
4432,238,18.373
4433,238,18.373
4434,234,18.373
4435,215,18.373
4436,218,18.684
4437,226,21.826
4438,225,21.826
4439,211,22.044
4440,234,25.257
4441,244,21.826
4442,233,24.575
4443,243,24.575
4444,252,25.789
4445,258,25.789
4446,253,25.789
4447,256,24.575
4448,283,23.296
4449,287,23.296
4450,283,23.732
4451,270,18.801
4452,285,22.429
4453,272,20.848
4454,267,20.848
4455,268,20.848
4456,268,20.848
4457,269,20.848
4458,267,23.922
4459,267,23.922
4460,265,23.922
4461,270,23.922
4462,261,23.922
4463,261,20.221
4464,268,20.221
4465,270,20.221
4466,262,20.221
4467,258,24.11
4468,281,20.221
4469,279,21.99
4470,279,21.99
4471,273,19.019
4472,242,19.019
4473,220,20.887
4474,232,20.887
4475,228,25.718
4476,221,25.718
4477,229,25.718
4478,231,25.718
4479,231,25.718
4480,248,25.718
4481,268,25.718
4482,260,25.718
4483,248,25.718
4484,248,22.325
4485,260,18.436
4486,256,16.786
4487,259,16.786
4488,239,20.746
4489,235,20.746
4490,238,16.786
4491,248,16.786
4492,251,19.921
4493,251,19.921
4494,247,22.331
4495,260,22.331
4496,267,16.995
4497,261,22.073
4498,261,22.992
4499,256,23.975
4500,257,22.992
4501,257,22.992
4502,258,25.448
4503,255,25.448
4504,243,25.448
4505,243,22.262
4506,241,22.262
4507,238,22.262
4508,234,22.262
4509,248,22.262
4510,243,25.267
4511,239,22.262
4512,264,22.262
4513,266,20.326
4514,232,19.71
4515,242,19.88
4516,241,19.88
4517,234,18.89
4518,233,18.89
4519,226,16.221
4520,228,16.221
4521,221,18.418
4522,223,18.418
4523,206,22.107
4524,224,22.107
4525,242,22.107
4526,227,22.107
4527,225,22.107
4528,236,22.107
4529,241,24.459
4530,256,22.107
4531,265,22.107
4532,269,22.107
4533,265,22.107
4534,260,25.033
4535,261,23.308
4536,246,25.306
4537,262,25.306
4538,245,25.306
4539,243,25.306
4540,227,24.693
4541,227,22.107
4542,224,23.2
4543,230,22.107
4544,244,21.494
4545,255,21.494
4546,263,23.664
4547,253,25.078
4548,250,23.664
4549,242,22.52
4550,277,22.52
4551,279,21.625
4552,277,22.232
4553,276,22.232
4554,259,22.967
4555,260,22.967
4556,262,22.967
4557,293,22.967
4558,293,22.232
4559,297,23.428
4560,284,23.371
4561,266,25.59
4562,267,25.59
4563,274,25.329
4564,271,23.371
4565,271,23.371
4566,282,23.371
4567,292,23.371
4568,294,23.371
4569,302,23.371
4570,304,23.371
4571,288,24.471
4572,307,23.455
4573,293,22.232
4574,285,22.232
4575,290,22.232
4576,297,22.232
4577,290,25.009
4578,283,25.009
4579,283,25.009
4580,288,25.009
4581,277,25.009
4582,270,24.091
4583,269,22.833
4584,281,22.833
4585,279,25.013
4586,277,25.013
4587,281,25.013
4588,266,25.013
4589,274,25.013
4590,270,25.013
4591,293,25.013
4592,284,25.013
4593,285,25.013
4594,286,25.013
4595,266,25.051
4596,261,25.051
4597,260,25.051
4598,252,25.051
4599,251,25.051
4600,241,25.051
4601,240,25.051
4602,233,24.34
4603,250,25.258
4604,247,25.258
4605,263,25.258
4606,265,25.258
4607,265,25.228
4608,253,25.228
4609,259,25.228
4610,259,25.228
4611,261,23.73
4612,251,23.73
4613,249,23.73
4614,246,25.353
4615,241,25.353
4616,255,25.353
4617,274,25.353
4618,271,25.353
4619,257,25.353
4620,250,25.353
4621,244,25.353
4622,241,18.777
4623,244,22.369
4624,229,22.369
4625,230,21.613
4626,253,21.613
4627,253,21.613
4628,253,18.777
4629,241,18.777
4630,240,18.777
4631,250,23.034
4632,251,23.034
4633,251,23.034
4634,255,23.034
4635,271,23.034
4636,291,23.034
4637,310,23.034
4638,306,18.61
4639,307,19.637
4640,304,18.61
4641,285,25.116
4642,289,25.116
4643,290,25.116
4644,298,23.886
4645,290,23.886
4646,286,22.298
4647,284,22.298
4648,275,22.298
4649,275,23.431
4650,250,23.431
4651,252,19.214
4652,268,19.214
4653,252,20.45
4654,246,21.399
4655,237,21.399
4656,226,20.556
4657,251,23.484
4658,261,23.484
4659,265,24.095
4660,266,24.095
4661,268,24.095
4662,270,21.384
4663,276,23.548
4664,272,23.548
4665,274,25.744
4666,276,25.744
4667,263,25.744
4668,263,25.744
4669,242,23.548
4670,237,23.548
4671,239,23.548
4672,237,23.548
4673,239,23.548
4674,234,23.548
4675,235,23.548
4676,256,22.663
4677,267,23.566
4678,252,23.566
4679,242,23.566
4680,256,21.476
4681,258,21.476
4682,260,21.476
4683,279,18.077
4684,299,18.077
4685,283,21.775
4686,275,23.446
4687,271,23.446
4688,286,23.446
4689,272,23.446
4690,270,23.446
4691,279,24.983
4692,277,24.983
4693,280,24.983
4694,280,23.446
4695,282,23.446
4696,286,23.446
4697,271,23.446
4698,277,23.446
4699,277,22.34
4700,290,22.34
4701,305,24.191
4702,297,24.191
4703,303,24.191
4704,295,24.191
4705,294,24.191
4706,262,24.191
4707,259,24.836
4708,277,24.1
4709,270,24.581
4710,282,24.581
4711,279,24.581
4712,246,24.581
4713,254,24.581
4714,252,21.613
4715,256,21.613
4716,271,22.418
4717,275,24.51
4718,275,24.982
4719,268,24.51
4720,266,24.163
4721,266,24.163
4722,251,24.163
4723,259,24.163
4724,261,22.418
4725,257,22.355
4726,261,22.355
4727,247,20.816
4728,252,20.816
4729,242,20.816
4730,231,25.237
4731,230,25.237
4732,242,25.237
4733,221,25.237
4734,230,21.605
4735,234,20.816
4736,226,21.861
4737,229,25.697
4738,222,25.013
4739,220,21.856
4740,221,21.856
4741,232,21.856
4742,233,23.07
4743,238,23.07
4744,219,25.735
4745,219,25.735
4746,220,25.735
4747,218,25.735
4748,209,25.198
4749,225,25.198
4750,228,25.198
4751,228,25.198
4752,229,22.582
4753,235,25.374
4754,238,22.582
4755,251,21.659
4756,245,21.659
4757,250,22.091
4758,239,21.659
4759,238,21.659
4760,264,23.401
4761,262,23.718
4762,264,23.718
4763,270,21.659
4764,274,21.832
4765,265,21.007
4766,267,19.231
4767,255,18.179
4768,275,18.179
4769,277,18.179
4770,274,18.947
4771,251,18.947
4772,270,23.449
4773,285,22.872
4774,281,18.947
4775,288,18.947
4776,276,18.947
4777,263,18.947
4778,257,18.947
4779,250,20.61
4780,250,25.711
4781,254,25.711
4782,246,25.711
4783,255,25.711
4784,249,25.711
4785,257,24.33
4786,253,24.33
4787,257,25.649
4788,257,25.649
4789,252,25.105
4790,228,25.105
4791,233,22.609
4792,234,23.617
4793,260,25.484
4794,230,23.617
4795,225,23.617
4796,221,23.617
4797,220,23.617
4798,218,23.617
4799,221,23.617
4800,234,23.617
4801,237,23.617
4802,231,23.617
4803,236,23.617
4804,232,23.617
4805,236,25.359
4806,224,23.617
4807,231,23.617
4808,242,23.617
4809,242,23.617
4810,244,25.164
4811,240,25.164
4812,257,25.503
4813,256,25.503
4814,262,25.503
4815,266,23.617
4816,282,25.126
4817,292,23.617
4818,270,23.617
4819,256,23.617
4820,250,23.617
4821,261,23.617
4822,253,23.617
4823,248,23.617
4824,268,24.824
4825,271,24.824
4826,274,23.617
4827,256,23.617
4828,254,25.702
4829,262,25.702
4830,261,25.702
4831,269,25.702
4832,269,25.702
4833,272,24.363
4834,264,24.363
4835,262,24.611
4836,272,25.35
4837,272,25.35
4838,272,25.35
4839,275,23.617
4840,276,23.617
4841,276,23.617
4842,274,23.617
4843,275,23.617
4844,265,23.617
4845,249,23.617
4846,247,23.617
4847,271,23.617
4848,263,23.617
4849,262,23.617
4850,269,24.268
4851,266,24.268
4852,284,24.268
4853,288,23.617
4854,278,23.617
4855,271,23.617
4856,266,23.617
4857,249,23.617
4858,252,23.617
4859,239,23.617
4860,266,23.617
4861,256,23.617
4862,241,23.617
4863,245,24.632
4864,251,19.45
4865,249,19.45
4866,229,19.45
4867,237,19.45
4868,237,19.45
4869,251,22.72
4870,256,22.72
4871,254,22.72
4872,259,22.72
4873,260,19.018
4874,271,24.109
4875,266,24.659
4876,266,24.659
4877,295,23.617
4878,295,23.617
4879,291,23.617
4880,276,23.617
4881,276,23.617
4882,271,24.854
4883,266,23.617
4884,264,23.617
4885,276,23.617
4886,269,23.617
4887,261,23.617
4888,261,23.617
4889,256,24.414
4890,256,24.414
4891,245,24.414
4892,267,18.882
4893,262,19.727
4894,270,25.592
4895,265,20.361
4896,261,20.361
4897,259,18.882
4898,262,21.517
4899,264,21.517
4900,252,21.517
4901,252,21.517
4902,254,21.517
4903,248,21.517
4904,248,21.517
4905,262,21.186
4906,262,21.186
4907,267,24.049
4908,290,24.85
4909,261,24.85
4910,229,21.332
4911,247,17.895
4912,230,11.083
4913,226,11.083
4914,231,24.543
4915,229,21.398
4916,225,11.083
4917,237,14.861
4918,238,23.159
4919,239,23.159
4920,237,23.159
4921,226,9.994
4922,223,25.311
4923,218,25.311
4924,241,25.311
4925,240,22.819
4926,255,22.819
4927,227,22.819
4928,224,22.819
4929,250,23.631
4930,255,23.631
4931,247,23.631
4932,242,23.631
4933,238,22.819
4934,243,22.819
4935,232,22.819
4936,228,22.819
4937,233,22.819
4938,253,22.819
4939,246,24.426
4940,250,22.819
4941,240,23.874
4942,221,23.874
4943,242,22.819
4944,233,22.819
4945,239,22.819
4946,240,22.819
4947,238,22.819
4948,253,22.961
4949,271,22.961
4950,275,22.819
4951,261,22.819
4952,251,22.819
4953,254,22.819
4954,280,22.819
4955,270,22.819
4956,259,22.819
4957,271,23.212
4958,277,23.212
4959,289,23.212
4960,249,23.021
4961,255,24.614
4962,252,24.614
4963,248,24.614
4964,252,24.614
4965,238,25.78
4966,232,25.78
4967,249,25.215
4968,247,24.584
4969,251,24.584
4970,238,23.097
4971,232,23.097
4972,219,23.097
4973,213,25.174
4974,212,25.174
4975,212,25.174
4976,223,25.174
4977,225,25.174
4978,235,25.655
4979,232,24.206
4980,227,24.206
4981,220,24.206
4982,227,24.206
4983,219,23.09
4984,220,8.458
4985,235,7.444
4986,245,12.458
4987,246,19.055
4988,246,20.039
4989,233,20.039
4990,238,20.039
4991,236,20.039
4992,238,20.039
4993,250,25.132
4994,250,25.132
4995,253,25.132
4996,246,25.132
4997,237,25.132
4998,237,25.132
4999,240,25.132
5000,251,25.132
5001,265,25.132
5002,253,24.519
5003,242,24.519
5004,251,24.519
5005,242,24.519
5006,248,24.519
5007,249,24.519
5008,249,24.519
5009,260,24.519
5010,271,24.519
5011,272,20.251
5012,270,20.251
5013,263,24.988
5014,276,24.988
5015,266,24.988
5016,265,24.988
5017,282,24.107
5018,268,24.107
5019,254,25.093
5020,241,24.107
5021,241,24.107
5022,234,20.352
5023,243,22.451
5024,245,22.451
5025,229,20.352
5026,230,22.187
5027,240,22.187
5028,256,22.187
5029,262,18.52
5030,264,18.52
5031,268,21.39
5032,242,21.39
5033,239,21.39
5034,237,21.715
5035,238,21.715
5036,242,21.715
5037,238,21.715
5038,241,21.39
5039,250,21.39
5040,247,21.39
5041,252,21.39
5042,229,23.171
5043,225,21.583
5044,225,21.583
5045,228,25.287
5046,236,21.39
5047,248,21.39
5048,245,21.39
5049,247,25.741
5050,243,25.741
5051,250,25.741
5052,250,25.741
5053,243,25.741
5054,244,25.741
5055,247,25.741
5056,253,25.741
5057,251,25.741
5058,256,25.741
5059,254,25.741
5060,253,25.741
5061,253,25.233
5062,232,25.233
5063,255,25.233
5064,253,25.233
5065,254,25.233
5066,250,25.233
5067,233,25.233
5068,248,25.233
5069,239,25.233
5070,237,25.233
5071,227,25.233
5072,230,25.233
5073,230,25.526
5074,229,22.474
5075,226,23.709
5076,222,23.709
5077,218,19.377
5078,223,19.377
5079,218,25.766
5080,223,25.766
5081,252,20.217
5082,219,20.217
5083,221,21.473
5084,219,22.466
5085,218,23.784
5086,207,23.784
5087,217,23.784
5088,230,23.784
5089,245,23.416
5090,246,20.217
5091,228,20.217
5092,231,22.11
5093,245,25.227
5094,247,25.227
5095,233,19.897
5096,227,23.96
5097,228,20.792
5098,238,20.792
5099,238,20.792
5100,256,24.31
5101,246,20.792
5102,249,20.792
5103,259,20.792
5104,247,20.513
5105,243,20.513
5106,246,20.039
5107,251,20.039
5108,255,20.039
5109,261,20.039
5110,261,20.039
5111,280,20.039
5112,261,25.251
5113,253,25.251
5114,257,18.023
5115,261,18.023
5116,257,18.468
5117,260,18.468
5118,253,23.363
5119,251,18.468
5120,231,24.901
5121,242,24.901
5122,238,21.897
5123,246,17.802
5124,242,17.802
5125,235,17.802
5126,223,15.967
5127,251,24.173
5128,253,24.173
5129,215,15.967
5130,206,15.967
5131,215,15.967
5132,216,25.266
5133,220,25.266
5134,232,25.266
5135,240,25.266
5136,236,19.138
5137,241,23.912
5138,235,20.642
5139,220,25.404
5140,239,19.138
5141,240,21.583
5142,239,21.583
5143,238,21.583
5144,229,18.17
5145,234,20.528
5146,238,20.795
5147,237,17.67
5148,246,22.226
5149,248,17.67
5150,248,17.67
5151,286,24.055
5152,263,25.042
5153,262,25.042
5154,261,25.042
5155,276,23.099
5156,277,20.878
5157,267,24.423
5158,251,24.423
5159,248,23.129
5160,228,21.868
5161,228,21.868
5162,228,21.868
5163,253,21.868
5164,232,21.868
5165,248,22.65
5166,248,22.65
5167,247,21.868
5168,245,21.868
5169,252,21.868
5170,270,24.83
5171,282,24.83
5172,278,24.83
5173,282,24.83
5174,254,24.83
5175,259,24.83
5176,268,24.83
5177,260,24.803
5178,262,24.803
5179,262,24.803
5180,257,24.803
5181,280,24.699
5182,291,20.651
5183,282,20.301
5184,265,24.74
5185,289,24.74
5186,298,24.74
5187,304,21.898
5188,301,21.898
5189,320,21.898
5190,323,21.898
5191,294,22.197
5192,293,21.882
5193,266,21.882
5194,264,21.882
5195,266,21.882
5196,260,21.882
5197,260,24.797
5198,257,24.797
5199,266,25.072
5200,263,25.072
5201,252,24.797
5202,263,24.797
5203,258,24.797
5204,288,24.797
5205,264,24.797
5206,265,24.288
5207,271,18.287
5208,269,20.229
5209,277,23.284
5210,307,23.284
5211,305,23.284
5212,301,23.284
5213,287,22.86
5214,302,20.229
5215,298,20.229
5216,296,15.584
5217,298,20.298
5218,301,22.976
5219,283,22.976
5220,315,22.976
5221,321,22.976
5222,302,22.976
5223,299,22.976
5224,281,22.976
5225,284,22.976
5226,286,22.976
5227,286,21.721
5228,286,21.721
5229,284,21.721
5230,282,17.617
5231,283,20.576
5232,276,20.576
5233,281,20.576
5234,274,17.617
5235,266,24.582
5236,272,24.582
5237,262,18.462
5238,261,19.885
5239,246,23.383
5240,247,22.759
5241,254,22.759
5242,259,22.759
5243,247,22.759
5244,258,22.759
5245,262,20.463
5246,266,24.056
5247,265,24.056
5248,258,24.056
5249,260,24.056
5250,253,16.218
5251,253,16.218
5252,252,25.197
5253,288,25.197
5254,268,25.197
5255,264,25.197
5256,250,25.197
5257,261,25.197
5258,256,25.197
5259,268,25.197
5260,251,25.197
5261,262,25.197
5262,270,24.444
5263,260,23.849
5264,240,23.849
5265,252,23.849
5266,246,23.849
5267,247,22.825
5268,251,22.825
5269,259,23.951
5270,250,23.951
5271,253,18.565
5272,265,18.565
5273,268,18.565
5274,267,14.861
5275,277,14.861
5276,276,22.047
5277,265,22.047
5278,268,22.047
5279,265,16.768
5280,253,14.87
5281,244,14.87
5282,239,14.87
5283,234,14.87
5284,231,20.645
5285,232,20.645
5286,239,20.645
5287,243,20.645
5288,239,20.645
5289,237,20.645
5290,239,20.645
5291,255,24.495
5292,261,24.495
5293,267,24.495
5294,265,24.495
5295,260,24.495
5296,263,24.495
5297,261,21.512
5298,257,19.838
5299,261,19.838
5300,271,23.691
5301,258,23.691
5302,289,25.421
5303,291,16.995
5304,289,22.448
5305,288,17.339
5306,294,24.815
5307,302,24.815
5308,302,24.815
5309,293,24.815
5310,289,24.815
5311,286,24.815
5312,289,24.313
5313,283,24.313
5314,290,24.818
5315,291,24.818
5316,290,24.818
5317,288,24.818
5318,279,24.818
5319,258,24.818
5320,252,24.818
5321,253,24.818
5322,255,22.445
5323,252,22.445
5324,250,22.445
5325,271,23.425
5326,269,23.425
5327,246,21.662
5328,241,21.662
5329,251,21.662
5330,248,21.662
5331,247,22.819
5332,241,22.819
5333,255,22.819
5334,267,23.108
5335,261,23.108
5336,264,23.108
5337,261,13.889
5338,257,20.642
5339,272,20.642
5340,281,19.198
5341,269,19.198
5342,265,19.198
5343,262,25.185
5344,252,13.889
5345,261,25.072
5346,269,25.072
5347,279,22.322
5348,282,22.896
5349,277,24.602
5350,277,22.896
5351,279,22.896
5352,278,25.165
5353,270,22.896
5354,267,16.445
5355,259,16.445
5356,246,16.087
5357,238,16.087
5358,237,16.087
5359,241,16.55
5360,251,18.678
5361,256,18.678
5362,266,24.669
5363,271,24.669
5364,268,24.669
5365,280,24.669
5366,286,22.067
5367,268,22.067
5368,263,22.067
5369,260,21.399
5370,254,21.281
5371,280,21.281
5372,249,21.417
5373,273,21.417
5374,268,24.776
5375,278,24.776
5376,276,24.776
5377,303,24.776
5378,303,24.776
5379,288,23.185
5380,284,24.175
5381,284,24.175
5382,296,24.519
5383,309,24.519
5384,291,24.519
5385,300,24.519
5386,300,22.091
5387,308,22.091
5388,284,16.878
5389,281,15.776
5390,264,24.185
5391,241,24.185
5392,238,24.185
5393,242,22.444
5394,250,23.828
5395,243,23.828
5396,224,18.226
5397,230,18.226
5398,222,22.819
5399,232,22.819
5400,231,22.819
5401,253,22.819
5402,250,22.819
5403,249,23.505
5404,265,23.505
5405,252,22.819
5406,254,18.903
5407,256,20.29
5408,255,20.29
5409,240,20.29
5410,239,25.09
5411,243,25.09
5412,257,25.09
5413,256,25.09
5414,241,25.09
5415,239,25.09
5416,216,25.09
5417,216,25.09
5418,240,25.09
5419,245,20.791
5420,245,20.791
5421,229,20.791
5422,236,20.791
5423,234,20.791
5424,237,20.791
5425,230,20.791
5426,236,20.791
5427,238,20.791
5428,240,25.541
5429,238,25.541
5430,238,25.541
5431,231,25.541
5432,223,22.351
5433,243,19.574
5434,237,25.678
5435,242,25.678
5436,238,19.163
5437,254,20.695
5438,254,20.695
5439,260,23.673
5440,250,23.673
5441,252,22.244
5442,249,22.244
5443,246,24.638
5444,269,24.638
5445,281,19.163
5446,275,20.187
5447,249,25.236
5448,247,22.25
5449,248,22.982
5450,234,22.25
5451,253,22.25
5452,243,22.25
5453,240,25.317
5454,221,25.317
5455,228,25.317
5456,234,21.114
5457,261,21.114
5458,262,21.114
5459,255,21.114
5460,257,21.114
5461,256,21.114
5462,256,21.114
5463,256,21.114
5464,256,21.114
5465,257,21.114
5466,251,21.571
5467,252,21.114
5468,247,21.114
5469,251,21.114
5470,261,21.114
5471,254,21.114
5472,269,24.761
5473,237,21.114
5474,238,18.319
5475,282,23.822
5476,279,24.453
5477,279,23.822
5478,282,19.099
5479,296,16.604
5480,289,18.024
5481,254,18.024
5482,227,18.024
5483,236,18.024
5484,235,25.087
5485,240,25.087
5486,265,24.492
5487,270,24.492
5488,254,25.802
5489,254,25.802
5490,251,25.802
5491,245,25.802
5492,255,25.802
5493,250,25.802
5494,265,17.274
5495,289,17.274
5496,284,17.274
5497,291,20.059
5498,270,20.059
5499,263,20.059
5500,283,21.043
5501,260,20.059
5502,262,19.01
5503,277,17.274
5504,279,21.945
5505,278,21.876
5506,278,23.523
5507,281,23.523
5508,277,23.523
5509,275,25.708
5510,278,24.865
5511,287,20.534
5512,295,21.718
5513,295,21.718
5514,292,19.635
5515,277,20.734
5516,267,23.449
5517,242,19.38
5518,237,21.73
5519,245,18.607
5520,215,24.77
5521,228,24.77
5522,228,24.77
5523,228,24.77
5524,239,24.77
5525,241,24.77
5526,229,24.77
5527,237,24.77
5528,241,16.7
5529,228,16.7
5530,218,25.269
5531,210,25.269
5532,201,25.269
5533,230,25.269
5534,236,22.997
5535,231,22.997
5536,260,25.409
5537,250,25.164
5538,244,22.63
5539,240,22.63
5540,235,22.63
5541,235,22.63
5542,236,22.63
5543,238,22.638
5544,234,24.137
5545,228,24.71
5546,226,24.71
5547,213,22.638
5548,209,22.63
5549,215,22.63
5550,210,22.63
5551,216,25.034
5552,245,25.034
5553,248,19.518
5554,241,19.518
5555,248,19.518
5556,260,25.239
5557,264,22.023
5558,254,20.25
5559,227,23.162
5560,238,25.427
5561,231,24.988
5562,228,24.988
5563,273,24.988
5564,236,24.988
5565,249,24.988
5566,257,24.988
5567,255,24.988
5568,247,23.601
5569,238,23.601
5570,231,23.601
5571,241,23.601
5572,238,23.601
5573,276,24.62
5574,251,23.341
5575,250,23.341
5576,258,23.341
5577,258,23.052
5578,265,23.052
5579,270,12.443
5580,269,12.443
5581,262,12.228
5582,282,12.308
5583,280,15.002
5584,246,15.002
5585,250,21.264
5586,253,23.317
5587,253,23.317
5588,250,23.317
5589,236,23.601
5590,245,21.264
5591,252,19.901
5592,246,19.901
5593,252,22.424
5594,257,23.293
5595,248,25.081
5596,248,25.081
5597,252,23.293
5598,251,23.293
5599,262,24.381
5600,264,24.883
5601,271,22.791
5602,267,22.819
5603,240,25.759
5604,247,25.759
5605,251,25.759
5606,248,22.819
5607,257,22.819
5608,259,23.981
5609,263,22.819
5610,276,22.819
5611,292,22.819
5612,288,22.819
5613,277,25.051
5614,277,25.051
5615,271,25.051
5616,268,25.051
5617,292,25.051
5618,297,25.051
5619,294,25.051
5620,295,22.819
5621,287,24.291
5622,284,22.819
5623,284,21.302
5624,281,24.782
5625,277,24.782
5626,282,25.745
5627,248,21.302
5628,264,21.302
5629,251,22.286
5630,270,19.879
5631,266,20.316
5632,289,19.879
5633,289,19.879
5634,304,25.709
5635,308,22.594
5636,297,22.594
5637,296,22.594
5638,298,22.594
5639,305,22.594
5640,302,17.186
5641,293,24.324
5642,291,25.786
5643,264,25.786
5644,241,25.786
5645,256,24.324
5646,230,24.324
5647,239,24.324
5648,247,24.324
5649,243,24.324
5650,256,25.036
5651,256,25.036
5652,248,25.036
5653,249,25.036
5654,244,25.036
5655,234,25.49
5656,244,24.071
5657,243,24.071
5658,264,24.071
5659,244,24.071
5660,242,24.071
5661,246,24.071
5662,244,24.071
5663,250,24.071
5664,245,24.071
5665,252,24.071
5666,239,24.071
5667,235,24.071
5668,232,24.071
5669,238,25.541
5670,240,24.071
5671,228,24.071
5672,236,24.229
5673,238,24.602
5674,234,24.602
5675,239,25.111
5676,240,25.111
5677,234,25.111
5678,232,25.111
5679,220,25.111
5680,242,25.111
5681,248,24.071
5682,234,24.071
5683,243,19.054
5684,252,15.641
5685,261,15.641
5686,269,15.641
5687,244,24.716
5688,245,24.716
5689,266,18.427
5690,264,18.427
5691,264,21.784
5692,260,21.784
5693,265,21.784
5694,277,21.784
5695,264,21.784
5696,267,21.784
5697,248,21.784
5698,259,21.784
5699,265,25.078
5700,269,25.078
5701,274,25.078
5702,273,25.078
5703,264,25.078
5704,259,25.078
5705,276,21.207
5706,274,21.207
5707,273,20.266
5708,273,24.3
5709,268,22.07
5710,266,20.731
5711,266,20.731
5712,254,23.527
5713,249,23.527
5714,252,25.306
5715,250,25.306
5716,257,23.575
5717,271,23.575
5718,276,23.59
5719,272,23.59
5720,271,23.59
5721,275,23.59
5722,265,23.527
5723,271,25.449
5724,291,25.449
5725,275,25.449
5726,245,25.449
5727,236,25.449
5728,231,25.449
5729,237,25.449
5730,238,25.449
5731,252,25.449
5732,268,25.449
5733,252,25.449
5734,243,25.449
5735,247,25.449
5736,237,25.449
5737,265,25.449
5738,244,25.449
5739,249,25.449
5740,250,24.415
5741,249,18.616
5742,252,18.616
5743,251,22.653
5744,250,22.653
5745,251,25.781
5746,250,25.781
5747,251,22.328
5748,246,22.328
5749,255,22.328
5750,259,22.328
5751,269,22.328
5752,260,22.701
5753,296,23.569
5754,294,23.569
5755,258,23.273
5756,257,23.273
5757,268,23.273
5758,260,23.273
5759,254,23.273
5760,262,20.003
5761,284,20.003
5762,253,24.139
5763,249,24.139
5764,268,24.139
5765,269,24.139
5766,267,21.557
5767,259,21.557
5768,243,21.557
5769,244,23.584
5770,244,23.584
5771,230,23.584
5772,235,24.979
5773,215,23.584
5774,216,20.496
5775,221,21.248
5776,233,21.419
5777,229,22.038
5778,228,21.772
5779,233,20.896
5780,241,24.773
5781,251,24.773
5782,254,24.773
5783,250,24.773
5784,237,24.773
5785,234,24.13
5786,237,24.13
5787,237,22.585
5788,250,22.585
5789,258,22.585
5790,250,22.585
5791,267,22.585
5792,253,22.585
5793,269,22.585
5794,272,22.585
5795,273,22.585
5796,279,25.551
5797,280,25.551
5798,281,22.585
5799,272,22.729
5800,256,22.729
5801,251,22.585
5802,267,24.645
5803,271,24.645
5804,266,24.645
5805,238,24.645
5806,245,24.645
5807,237,22.585
5808,238,22.585
5809,244,22.585
5810,258,22.585
5811,256,19.563
5812,255,19.252
5813,248,18.947
5814,239,17.836
5815,231,17.836
5816,242,23.481
5817,243,23.481
5818,259,23.481
5819,251,17.836
5820,292,19.282
5821,289,20.971
5822,286,17.836
5823,289,17.836
5824,294,16.236
5825,287,15.253
5826,288,19.04
5827,284,19.04
5828,291,19.04
5829,245,21.772
5830,236,19.04
5831,250,19.135
5832,239,19.135
5833,243,23.607
5834,232,20.346
5835,239,20.346
5836,265,21.924
5837,257,19.04
5838,259,19.04
5839,246,19.04
5840,253,19.04
5841,250,19.04
5842,240,19.04
5843,237,18.021
5844,249,18.021
5845,254,16.962
5846,251,15.797
5847,240,24.609
5848,244,23.085
5849,269,23.085
5850,268,23.085
5851,276,23.085
5852,261,23.085
5853,256,25.016
5854,257,25.016
5855,239,25.016
5856,223,25.016
5857,222,25.016
5858,224,25.016
5859,244,25.016
5860,230,25.016
5861,227,25.016
5862,229,21.568
5863,248,24.845
5864,251,24.845
5865,251,24.845
5866,253,24.845
5867,255,24.845
5868,263,24.845
5869,257,23.697
5870,269,23.574
5871,270,23.999
5872,265,23.999
5873,260,23.999
5874,257,24.63
5875,243,24.63
5876,237,24.63
5877,247,24.63
5878,247,25.15
5879,247,25.15
5880,220,25.15
5881,226,25.15
5882,234,25.769
5883,250,25.769
5884,257,23.574
5885,259,22.821
5886,261,22.821
5887,259,22.821
5888,253,23.395
5889,260,22.821
5890,264,18.749
5891,270,18.749
5892,255,25.027
5893,248,25.027
5894,266,25.182
5895,244,23.033
5896,243,23.033
5897,242,25.487
5898,240,25.487
5899,239,25.487
5900,241,25.487
5901,266,24.077
5902,243,24.077
5903,255,23.864
5904,265,23.864
5905,255,16.715
5906,257,16.715
5907,240,19.736
5908,245,19.736
5909,241,19.736
5910,242,18.962
5911,237,18.962
5912,237,25.243
5913,236,25.243
5914,235,25.164
5915,242,13.4
5916,249,24.074
5917,252,24.074
5918,248,24.074
5919,243,24.074
5920,243,24.074
5921,251,24.983
5922,259,24.983
5923,265,24.983
5924,251,22.002
5925,265,22.002
5926,259,23.846
5927,262,23.846
5928,264,21.511
5929,259,21.511
5930,250,21.511
5931,249,21.511
5932,256,25.125
5933,239,25.125
5934,239,25.125
5935,239,25.125
5936,232,24.925
5937,236,24.925
5938,244,24.925
5939,243,24.925
5940,236,12.649
5941,245,12.649
5942,241,20.089
5943,240,20.089
5944,244,20.089
5945,246,20.101
5946,248,20.101
5947,257,20.675
5948,255,20.675
5949,255,22.621
5950,256,22.621
5951,254,22.621
5952,255,19.852
5953,269,22.131
5954,255,19.852
5955,241,24.328
5956,233,24.328
5957,226,24.328
5958,230,19.852
5959,225,19.852
5960,230,21.652
5961,224,21.652
5962,233,20.607
5963,240,23.505
5964,237,23.505
5965,231,20.834
5966,231,20.834
5967,223,20.834
5968,224,20.834
5969,232,21.084
5970,231,21.084
5971,254,20.834
5972,262,20.834
5973,259,20.834
5974,244,20.834
5975,257,16.356
5976,254,16.356
5977,261,25.466
5978,244,16.356
5979,264,22.42
5980,265,22.42
5981,262,22.313
5982,262,22.313
5983,263,22.525
5984,250,22.525
5985,268,25.188
5986,246,22.525
5987,254,22.525
5988,245,22.525
5989,248,24.728
5990,243,25.478
5991,244,25.478
5992,243,25.478
5993,241,25.347
5994,249,24.868
5995,239,20.329
5996,239,24.052
5997,253,22.169
5998,253,23.556
5999,258,24.964
6000,253,24.964
6001,248,23.697
6002,261,23.697
6003,272,23.697
6004,268,23.697
6005,251,23.697
6006,253,23.697
6007,256,23.697
6008,261,23.697
6009,269,23.697
6010,283,23.697
6011,286,23.697
6012,289,23.697
6013,299,23.697
6014,290,23.697
6015,280,23.697
6016,273,23.697
6017,282,23.697
6018,272,23.697
6019,257,23.697
6020,256,23.697
6021,253,18.839
6022,245,19.344
6023,249,17.181
6024,268,17.181
6025,271,17.181
6026,290,23.753
6027,286,23.753
6028,273,20.331
6029,251,23.162
6030,256,20.941
6031,262,20.66
6032,262,24.749
6033,303,24.749
6034,287,24.749
6035,273,24.749
6036,274,25.78
6037,267,25.78
6038,262,25.78
6039,257,21.437
6040,259,18.822
6041,263,22.459
6042,256,22.819
6043,256,22.819
6044,250,23.744
6045,257,23.744
6046,245,23.744
6047,247,23.744
6048,239,23.744
6049,242,22.819
6050,236,25.448
6051,240,25.448
6052,240,25.448
6053,245,25.448
6054,258,25.512
6055,260,25.512
6056,258,25.448
6057,262,25.448
6058,269,25.448
6059,280,25.448
6060,276,25.448
6061,232,25.448
6062,243,22.819
6063,235,22.819
6064,230,22.819
6065,230,22.819
6066,238,22.819
6067,237,22.819
6068,240,22.819
6069,234,22.819
6070,250,22.819
6071,263,22.819
6072,248,22.907
6073,242,22.907
6074,251,22.907
6075,257,22.819
6076,252,22.819
6077,262,22.819
6078,261,22.819
6079,260,22.819
6080,238,23.233
6081,237,23.233
6082,235,23.233
6083,241,23.233
6084,239,23.233
6085,248,23.233
6086,217,23.233
6087,232,23.233
6088,234,23.233
6089,232,23.233
6090,240,24.438
6091,215,24.438
6092,207,23.233
6093,211,23.233
6094,221,23.233
6095,216,23.233
6096,214,23.999
6097,203,23.999
6098,219,23.999
6099,218,23.999
6100,224,23.999
6101,200,23.999
6102,231,23.999
6103,232,23.999
6104,234,23.233
6105,247,23.233
6106,261,24.495
6107,261,24.495
6108,267,24.973
6109,276,21.745
6110,284,21.745
6111,291,21.745
6112,286,25.46
6113,298,25.46
6114,293,25.46
6115,291,25.46
6116,283,25.46
6117,281,25.46
6118,285,25.46
6119,284,25.46
6120,278,20.726
6121,291,20.098
6122,289,20.098
6123,279,24.271
6124,280,24.516
6125,282,24.516
6126,286,19.581
6127,289,21.236
6128,288,21.236
6129,287,21.236
6130,274,21.236
6131,269,22.819
6132,272,22.819
6133,272,22.819
6134,268,22.819
6135,266,22.819
6136,276,22.819
6137,274,22.819
6138,265,22.819
6139,272,22.819
6140,273,22.819
6141,266,22.819
6142,260,22.819
6143,275,25.634
6144,313,25.634
6145,312,25.634
6146,317,25.634
6147,284,25.634
6148,278,25.634
6149,292,25.634
6150,292,25.634
6151,274,22.819
6152,274,22.819
6153,277,22.819
6154,274,22.819
6155,276,22.819
6156,276,22.819
6157,271,22.819
6158,273,16.792
6159,270,24.973
6160,264,24.973
6161,252,17.901
6162,257,20.956
6163,262,20.956
6164,247,22.833
6165,256,22.833
6166,253,23.493
6167,262,21.296
6168,278,21.296
6169,292,21.296
6170,267,21.296
6171,272,21.423
6172,254,23.183
6173,254,23.183
6174,254,23.183
6175,243,23.183
6176,258,24.441
6177,257,23.183
6178,254,23.183
6179,255,21.598
6180,256,22.044
6181,267,23.793
6182,255,23.793
6183,248,23.793
6184,273,23.793
6185,272,22.044
6186,275,25.231
6187,285,25.231
6188,287,19.808
6189,289,19.808
6190,256,21.996
6191,261,21.996
6192,263,21.996
6193,261,15.378
6194,259,15.378
6195,280,19.677
6196,283,23.266
6197,292,23.266
6198,294,23.266
6199,301,23.266
6200,306,23.266
6201,308,19.677
6202,312,24.271
6203,306,24.271
6204,285,24.271
6205,280,24.271
6206,275,19.503
6207,277,24.856
6208,271,24.856
6209,267,24.856
6210,262,24.856
6211,258,24.856
6212,249,24.856
6213,242,25.601
6214,249,23.996
6215,251,23.221
6216,245,25.796
6217,245,25.796
6218,241,22.641
6219,241,22.641
6220,244,22.641
6221,239,22.641
6222,239,22.641
6223,241,22.641
6224,235,22.641
6225,237,22.641
6226,251,22.555
6227,236,22.555
6228,237,22.555
6229,240,22.555
6230,242,22.555
6231,250,22.836
6232,249,19.03
6233,247,15.8
6234,241,20.394
6235,243,21.946
6236,243,21.946
6237,239,21.946
6238,252,21.946
6239,253,19.091
6240,245,19.311
6241,240,23.037
6242,239,23.037
6243,250,23.037
6244,239,25.622
6245,237,23.037
6246,245,23.037
6247,247,23.037
6248,250,24.555
6249,243,25.179
6250,254,25.179
6251,268,25.179
6252,272,25.179
6253,271,25.179
6254,244,25.179
6255,241,25.141
6256,270,25.141
6257,273,25.141
6258,261,14.9
6259,266,13.393
6260,261,23.321
6261,266,23.321
6262,270,23.321
6263,263,23.321
6264,253,23.321
6265,253,23.321
6266,262,20.412
6267,265,20.412
6268,258,20.412
6269,259,20.412
6270,273,21.078
6271,280,24.333
6272,281,24.333
6273,272,24.333
6274,282,24.333
6275,266,24.333
6276,269,24.333
6277,264,24.333
6278,262,24.333
6279,247,24.333
6280,248,24.333
6281,239,24.976
6282,239,24.976
6283,241,25.512
6284,240,25.512
6285,239,24.976
6286,253,24.976
6287,236,24.976
6288,237,24.976
6289,240,24.976
6290,237,24.976
6291,235,24.976
6292,227,21.942
6293,225,21.942
6294,225,21.942
6295,264,21.942
6296,264,21.942
6297,274,21.417
6298,278,21.417
6299,279,21.417
6300,275,20.423
6301,280,10.108
6302,275,17.087
6303,276,17.087
6304,275,17.087
6305,286,11.832
6306,283,11.832
6307,259,11.832
6308,262,25.15
6309,269,25.469
6310,270,25.469
6311,270,25.469
6312,269,25.251
6313,258,25.251
6314,256,25.251
6315,257,25.251
6316,261,24.569
6317,261,24.569
6318,257,24.569
6319,266,24.569
6320,255,24.131
6321,255,25.697
6322,266,25.697
6323,252,25.697
6324,256,24.131
6325,255,24.131
6326,268,12.165
6327,266,17.836
6328,266,17.836
6329,246,22.666
6330,260,22.666
6331,257,22.666
6332,266,25.634
6333,260,25.634
6334,256,22.666
6335,258,22.666
6336,259,23.862
6337,253,23.862
6338,261,23.381
6339,254,23.381
6340,257,23.381
6341,257,23.381
6342,250,23.381
6343,247,17.942
6344,250,23.278
6345,244,23.278
6346,252,23.278
6347,248,22.819
6348,253,17.327
6349,263,17.327
6350,268,19.551
6351,262,19.551
6352,264,25.224
6353,238,25.224
6354,259,21.312
6355,265,23.814
6356,274,23.814
6357,245,23.814
6358,237,23.811
6359,235,23.811
6360,244,23.811
6361,290,23.811
6362,294,23.811
6363,289,23.811
6364,321,23.811
6365,299,23.811
6366,278,23.811
6367,277,23.811
6368,241,23.811
6369,248,25.192
6370,244,23.67
6371,238,25.732
6372,230,25.732
6373,232,25.732
6374,252,25.732
6375,265,22.504
6376,253,22.504
6377,258,22.504
6378,292,20.34
6379,283,20.34
6380,275,20.34
6381,288,22.118
6382,280,20.34
6383,262,20.34
6384,253,20.34
6385,273,20.34
6386,277,20.34
6387,268,20.34
6388,263,25.484
6389,263,25.484
6390,243,20.34
6391,256,21.333
6392,270,24.973
6393,280,21.333
6394,273,20.34
6395,268,20.34
6396,273,23.856
6397,274,14.328
6398,266,20.346
6399,266,22.436
6400,266,24.283
6401,261,24.283
6402,271,24.283
6403,269,22.585
6404,272,22.585
6405,274,22.585
6406,282,22.585
6407,280,22.585
6408,276,22.585
6409,266,22.585
6410,260,22.585
6411,246,22.585
6412,259,22.585
6413,256,23.514
6414,254,25.775
6415,248,25.775
6416,237,25.775
6417,223,25.775
6418,220,25.775
6419,217,25.775
6420,198,25.775
6421,197,25.775
6422,213,25.775
6423,226,25.775
6424,226,25.775
6425,209,25.775
6426,215,25.775
6427,208,25.775
6428,208,25.775
6429,206,25.775
6430,211,25.775
6431,212,25.775
6432,207,25.775
6433,213,25.775
6434,222,25.775
6435,233,25.775
6436,232,21.598
6437,227,21.598
6438,229,23.018
6439,221,17.676
6440,225,17.676
6441,228,17.676
6442,236,15.456
6443,232,19.574
6444,232,15.456
6445,235,20.812
6446,231,20.812
6447,242,17.377
6448,239,17.377
6449,245,17.377
6450,246,15.602
6451,237,21.491
6452,265,24.755
6453,236,23.359
6454,256,25.798
6455,256,25.798
6456,264,25.798
6457,280,24.519
6458,267,24.519
6459,258,22.227
6460,248,24.992
6461,248,24.992
6462,265,24.992
6463,268,24.992
6464,277,21.0
6465,252,21.0
6466,261,25.607
6467,266,25.607
6468,262,25.607
6469,260,25.607
6470,248,24.591
6471,249,24.591
6472,251,24.591
6473,289,24.591
6474,292,24.567
6475,287,24.567
6476,279,24.567
6477,290,24.567
6478,291,24.567
6479,273,24.567
6480,292,22.988
6481,296,23.664
6482,296,22.988
6483,300,19.743
6484,279,19.743
6485,274,19.743
6486,252,19.743
6487,261,19.743
6488,259,22.235
6489,260,19.743
6490,268,19.743
6491,254,20.642
6492,252,20.642
6493,267,20.642
6494,263,20.642
6495,273,24.683
6496,263,24.683
6497,260,24.683
6498,262,24.683
6499,280,24.683
6500,282,24.683
6501,290,24.683
6502,290,24.683
6503,280,24.683
6504,275,24.683
6505,273,24.683
6506,270,24.683
6507,269,24.683
6508,271,24.683
6509,276,25.212
6510,264,24.683
6511,260,24.683
6512,255,24.683
6513,257,24.683
6514,276,24.683
6515,279,24.683
6516,283,24.683
6517,287,23.309
6518,296,23.309
6519,293,23.309
6520,273,22.154
6521,287,22.154
6522,279,22.154
6523,274,22.154
6524,277,22.154
6525,278,22.154
6526,271,20.163
6527,269,20.163
6528,280,20.163
6529,276,20.163
6530,276,20.163
6531,278,20.163
6532,259,24.884
6533,255,24.884
6534,250,24.884
6535,265,24.507
6536,277,24.507
6537,263,24.507
6538,268,24.587
6539,256,23.284
6540,243,23.284
6541,243,23.284
6542,249,23.284
6543,233,23.284
6544,229,23.284
6545,230,23.284
6546,248,23.284
6547,235,23.284
6548,249,23.284
6549,242,23.284
6550,229,23.284
6551,204,23.284
6552,219,25.771
6553,212,23.03
6554,205,23.984
6555,228,25.185
6556,202,23.984
6557,212,23.984
6558,214,23.984
6559,203,23.984
6560,209,23.984
6561,214,23.984
6562,221,23.338
6563,222,23.338
6564,223,23.338
6565,225,25.69
6566,224,25.69
6567,234,25.69
6568,245,25.69
6569,233,25.69
6570,211,25.69
6571,211,25.69
6572,219,25.69
6573,235,25.69
6574,226,25.69
6575,225,25.69
6576,267,25.69
6577,260,25.69
6578,259,25.69
6579,244,25.69
6580,222,25.69
6581,242,25.69
6582,247,25.69
6583,250,25.69
6584,251,22.819
6585,253,22.819
6586,261,22.819
6587,269,22.819
6588,274,22.819
6589,280,22.819
6590,280,22.819
6591,288,24.277
6592,284,22.819
6593,280,22.819
6594,284,22.819
6595,281,22.819
6596,265,22.819
6597,260,25.224
6598,257,25.224
6599,258,25.224
6600,276,22.819
6601,286,22.819
6602,266,22.819
6603,276,22.819
6604,272,22.819
6605,274,22.819
6606,285,24.363
6607,285,25.045
6608,279,25.045
6609,268,25.045
6610,263,25.045
6611,262,25.045
6612,259,25.045
6613,285,25.045
6614,271,25.045
6615,269,24.474
6616,268,24.474
6617,253,24.707
6618,253,24.707
6619,249,24.707
6620,250,24.474
6621,242,25.057
6622,253,25.057
6623,255,25.057
6624,262,25.057
6625,249,25.057
6626,262,25.057
6627,256,25.057
6628,268,24.474
6629,270,24.474
6630,300,24.474
6631,283,24.474
6632,284,24.474
6633,274,24.474
6634,271,24.474
6635,263,24.474
6636,244,24.474
6637,246,24.474
6638,237,24.474
6639,244,24.474
6640,242,24.474
6641,252,24.726
6642,261,24.726
6643,257,24.675
6644,258,24.767
6645,254,24.767
6646,256,24.767
6647,246,24.767
6648,251,24.767
6649,254,20.319
6650,240,21.608
6651,231,21.608
6652,238,21.608
6653,246,21.608
6654,247,21.608
6655,233,23.529
6656,232,24.998
6657,230,24.998
6658,238,24.998
6659,243,24.998
6660,253,20.319
6661,264,25.258
6662,262,25.258
6663,262,25.258
6664,284,25.258
6665,275,25.258
6666,261,25.258
6667,261,20.89
6668,250,20.89
6669,234,20.89
6670,232,25.622
6671,239,25.622
6672,242,20.89
6673,239,20.89
6674,243,20.89
6675,249,20.89
6676,241,20.89
6677,236,24.164
6678,251,24.164
6679,246,24.164
6680,253,24.164
6681,253,24.164
6682,257,21.623
6683,261,22.068
6684,254,24.282
6685,283,24.282
6686,276,20.89
6687,281,23.416
6688,278,23.416
6689,276,25.341
6690,271,23.416
6691,271,20.89
6692,288,21.497
6693,304,21.497
6694,272,24.904
6695,273,24.904
6696,281,24.971
6697,262,24.904
6698,263,20.89
6699,266,20.89
6700,245,22.764
6701,244,20.89
6702,242,22.678
6703,238,22.994
6704,225,25.751
6705,227,25.751
6706,224,25.751
6707,224,25.751
6708,216,25.751
6709,223,25.751
6710,243,25.751
6711,235,25.751
6712,235,25.751
6713,240,25.751
6714,265,25.194
6715,263,25.194
6716,263,25.194
6717,259,25.194
6718,255,25.194
6719,251,25.194
6720,251,25.194
6721,246,22.236
6722,242,22.561
6723,271,22.561
6724,280,25.58
6725,280,25.58
6726,280,20.534
6727,281,20.534
6728,266,20.534
6729,270,20.534
6730,294,20.534
6731,258,20.534
6732,247,23.428
6733,248,20.534
6734,233,20.534
6735,222,22.223
6736,228,20.534
6737,253,20.534
6738,254,21.097
6739,265,21.097
6740,253,21.009
6741,241,22.49
6742,221,22.49
6743,219,22.49
6744,226,22.49
6745,221,22.49
6746,239,24.573
6747,256,24.573
6748,268,24.573
6749,257,24.573
6750,254,24.573
6751,256,24.573
6752,260,24.573
6753,264,25.152
6754,274,24.573
6755,268,24.205
6756,270,24.205
6757,286,24.205
6758,289,24.205
6759,282,24.205
6760,277,24.205
6761,278,24.205
6762,278,24.205
6763,265,25.628
6764,268,25.628
6765,260,25.796
6766,274,24.205
6767,281,24.205
6768,282,24.184
6769,261,24.184
6770,249,24.016
6771,236,24.016
6772,233,24.463
6773,237,24.463
6774,233,24.463
6775,251,24.463
6776,254,24.463
6777,255,24.463
6778,261,24.971
6779,243,25.356
6780,233,25.356
6781,238,25.356
6782,249,24.463
6783,248,24.463
6784,244,25.09
6785,240,25.09
6786,238,25.09
6787,221,24.463
6788,220,24.463
6789,256,24.463
6790,222,24.463
6791,270,24.463
6792,253,24.463
6793,262,24.463
6794,281,23.215
6795,240,23.156
6796,247,23.156
6797,241,23.156
6798,224,23.156
6799,232,23.156
6800,241,23.156
6801,231,24.303
6802,225,25.595
6803,218,25.595
6804,216,25.595
6805,220,25.595
6806,221,21.485
6807,241,25.735
6808,245,25.735
6809,254,25.735
6810,253,24.8
6811,259,22.196
6812,250,22.196
6813,259,22.196
6814,243,23.744
6815,275,22.196
6816,250,22.196
6817,253,22.217
6818,258,22.217
6819,257,24.348
6820,260,24.348
6821,273,24.348
6822,256,24.348
6823,260,22.295
6824,260,25.031
6825,279,25.031
6826,292,25.031
6827,282,25.031
6828,297,25.571
6829,297,25.571
6830,279,25.031
6831,285,25.031
6832,268,25.031
6833,265,25.031
6834,271,25.031
6835,268,25.315
6836,274,25.315
6837,270,25.131
6838,270,25.131
6839,274,25.131
6840,268,25.131
6841,283,24.498
6842,285,24.498
6843,304,21.303
6844,287,21.303
6845,281,22.226
6846,277,22.226
6847,249,24.127
6848,239,24.127
6849,243,24.127
6850,230,24.737
6851,229,24.737
6852,238,21.303
6853,246,21.303
6854,253,25.174
6855,260,22.626
6856,263,23.706
6857,268,23.706
6858,283,23.706
6859,287,24.088
6860,289,24.088
6861,288,24.088
6862,271,21.775
6863,277,21.775
6864,272,16.732
6865,269,24.238
6866,283,22.78
6867,298,25.034
6868,293,25.034
6869,280,25.034
6870,279,25.034
6871,285,23.53
6872,275,23.53
6873,264,23.53
6874,264,23.53
6875,269,25.729
6876,277,25.06
6877,284,25.06
6878,280,25.06
6879,291,25.06
6880,290,25.06
6881,281,25.06
6882,272,25.747
6883,275,25.747
6884,268,25.747
6885,272,25.747
6886,282,23.804
6887,282,23.804
6888,286,23.804
6889,290,23.804
6890,291,25.284
6891,322,21.523
6892,301,22.202
6893,291,24.345
6894,284,24.345
6895,278,24.797
6896,285,24.797
6897,278,24.636
6898,279,24.636
6899,263,24.707
6900,269,24.707
6901,268,25.096
6902,284,25.096
6903,276,24.707
6904,269,24.04
6905,269,25.21
6906,280,25.21
6907,267,24.451
6908,243,22.819
6909,247,22.819
6910,242,22.819
6911,252,22.819
6912,265,22.819
6913,260,22.819
6914,261,22.819
6915,256,23.99
6916,250,23.99
6917,248,22.819
6918,251,22.819
6919,248,22.819
6920,248,23.577
6921,263,23.577
6922,251,23.577
6923,245,24.762
6924,239,24.762
6925,242,24.762
6926,241,24.762
6927,241,24.762
6928,245,24.139
6929,240,24.139
6930,246,24.139
6931,240,24.139
6932,253,24.139
6933,257,24.139
6934,281,24.139
6935,276,24.139
6936,267,24.139
6937,255,24.139
6938,242,24.139
6939,246,24.139
6940,242,24.139
6941,251,24.139
6942,248,24.139
6943,241,24.139
6944,246,24.139
6945,244,22.819
6946,259,22.819
6947,259,22.819
6948,278,22.819
6949,279,22.819
6950,276,25.236
6951,256,25.759
6952,260,25.759
6953,258,24.175
6954,248,24.175
6955,237,25.47
6956,231,25.47
6957,230,25.249
6958,222,25.249
6959,239,25.249
6960,238,25.249
6961,245,25.798
6962,237,25.798
6963,209,25.798
6964,237,25.798
6965,213,25.798
6966,222,25.699
6967,206,25.699
6968,204,25.699
6969,209,25.699
6970,226,25.699
6971,224,24.575
6972,230,22.819
6973,226,22.819
6974,235,22.819
6975,246,24.833
6976,246,24.833
6977,244,24.833
6978,238,24.833
6979,237,24.833
6980,240,24.833
6981,243,24.833
6982,261,24.833
6983,268,24.833
6984,261,24.989
6985,255,24.989
6986,255,24.989
6987,257,24.989
6988,269,24.989
6989,266,23.381
6990,260,23.381
6991,255,25.215
6992,247,25.215
6993,246,25.215
6994,250,20.722
6995,251,20.722
6996,246,20.722
6997,260,22.139
6998,257,22.139
6999,255,22.139
7000,251,24.973
7001,249,24.973
7002,253,24.973
7003,246,24.973
7004,246,24.973
7005,251,24.973
7006,244,24.973
7007,233,24.973
7008,230,24.973
7009,227,24.973
7010,227,24.973
7011,231,24.973
7012,226,24.973
7013,217,23.607
7014,225,23.607
7015,225,23.607
7016,215,20.233
7017,223,20.233
7018,232,15.291
7019,224,21.431
7020,230,21.431
7021,222,21.431
7022,225,21.431
7023,224,23.314
7024,225,23.314
7025,230,23.314
7026,227,16.316
7027,246,16.316
7028,240,19.111
7029,229,16.316
7030,229,16.316
7031,236,20.857
7032,220,20.857
7033,211,20.857
7034,220,17.168
7035,223,23.24
7036,226,23.24
7037,223,23.24
7038,234,25.449
7039,229,25.449
7040,232,25.449
7041,266,25.449
7042,279,24.432
7043,286,15.761
7044,294,22.396
7045,283,23.846
7046,245,23.846
7047,243,23.846
7048,227,23.846
7049,216,23.846
7050,223,23.846
7051,221,24.83
7052,216,24.83
7053,213,23.846
7054,238,21.526
7055,251,22.893
7056,245,25.527
7057,262,25.527
7058,272,25.661
7059,245,25.527
7060,246,23.452
7061,254,23.452
7062,253,23.452
7063,284,23.452
7064,292,22.825
7065,287,22.825
7066,274,21.124
7067,264,21.804
7068,265,21.804
7069,264,21.804
7070,252,21.804
7071,259,16.463
7072,255,21.826
7073,245,25.116
7074,253,25.116
7075,259,25.264
7076,251,14.346
7077,251,24.179
7078,252,24.179
7079,254,24.179
7080,259,25.284
7081,255,25.284
7082,256,22.92
7083,267,22.92
7084,266,23.533
7085,275,17.18
7086,261,17.18
7087,268,20.343
7088,264,24.277
7089,259,24.277
7090,262,24.277
7091,253,24.277
7092,267,24.277
7093,272,20.262
7094,259,22.199
7095,256,22.199
7096,263,20.914
7097,259,22.728
7098,266,22.728
7099,269,23.356
7100,265,20.914
7101,277,20.914
7102,276,20.914
7103,271,25.69
7104,271,25.69
7105,276,25.69
7106,261,25.69
7107,265,21.157
7108,257,21.157
7109,251,21.157
7110,247,23.547
7111,245,23.547
7112,242,24.025
7113,247,24.025
7114,257,24.025
7115,256,24.025
7116,252,24.025
7117,251,24.025
7118,257,24.025
7119,252,24.025
7120,246,24.025
7121,245,24.025
7122,245,25.542
7123,237,25.542
7124,225,25.542
7125,226,25.542
7126,209,25.542
7127,204,25.542
7128,205,25.542
7129,213,25.542
7130,233,25.542
7131,233,25.542
7132,231,25.542
7133,233,25.326
7134,239,25.326
7135,248,25.326
7136,260,25.326
7137,249,25.326
7138,230,25.326
7139,229,24.142
7140,248,24.142
7141,248,24.363
7142,249,24.363
7143,247,24.363
7144,241,24.363
7145,248,24.363
7146,260,20.43
7147,249,20.43
7148,257,20.43
7149,257,20.43
7150,248,21.411
7151,250,21.411
7152,250,19.305
7153,259,19.477
7154,269,19.477
7155,269,19.477
7156,261,19.477
7157,261,19.477
7158,262,16.062
7159,262,16.062
7160,245,22.89
7161,244,22.89
7162,249,22.89
7163,249,18.983
7164,253,18.983
7165,252,18.983
7166,255,18.983
7167,266,18.983
7168,261,24.361
7169,254,24.361
7170,254,24.378
7171,254,24.361
7172,261,24.361
7173,258,24.361
7174,263,24.361
7175,271,24.361
7176,268,24.361
7177,261,24.361
7178,249,22.672
7179,260,22.672
7180,262,23.987
7181,255,25.678
7182,260,25.678
7183,269,25.678
7184,271,25.678
7185,289,20.564
7186,284,20.564
7187,286,22.926
7188,282,22.926
7189,291,22.926
7190,286,22.926
7191,300,22.926
7192,304,22.926
7193,310,24.121
7194,307,24.121
7195,305,25.302
7196,273,25.302
7197,274,16.14
7198,286,15.187
7199,298,17.758
7200,291,24.298
7201,293,24.298
7202,282,24.298
7203,281,24.298
7204,266,24.418
7205,266,24.418
7206,252,24.418
7207,254,24.418
7208,255,10.736
7209,257,23.185
7210,283,23.993
7211,288,23.993
7212,294,23.993
7213,301,23.993
7214,291,23.993
7215,284,23.993
7216,280,22.272
7217,269,16.634
7218,272,16.876
7219,277,16.876
7220,282,25.006
7221,279,25.589
7222,288,25.589
7223,267,25.589
7224,275,25.589
7225,279,25.589
7226,275,17.503
7227,282,24.74
7228,284,24.74
7229,281,24.74
7230,266,24.74
7231,258,24.74
7232,273,22.361
7233,279,23.212
7234,282,23.212
7235,280,23.212
7236,281,23.212
7237,282,14.234
7238,286,25.592
7239,286,25.592
7240,280,25.592
7241,285,25.592
7242,301,25.592
7243,292,21.787
7244,271,21.787
7245,265,21.787
7246,262,21.787
7247,255,21.787
7248,245,17.132
7249,242,11.985
7250,242,25.264
7251,240,22.669
7252,243,22.669
7253,250,22.669
7254,248,22.669
7255,248,17.758
7256,244,24.806
7257,244,17.758
7258,250,19.509
7259,251,19.509
7260,252,19.509
7261,258,19.509
7262,253,19.509
7263,251,17.279
7264,250,15.919
7265,247,15.919
7266,242,19.823
7267,237,19.823
7268,228,19.823
7269,241,19.823
7270,261,22.714
7271,268,23.831
7272,306,23.831
7273,297,24.8
7274,298,24.8
7275,282,24.8
7276,276,24.91
7277,265,24.91
7278,278,24.91
7279,280,24.91
7280,284,23.293
7281,284,23.469
7282,286,25.596
7283,300,25.596
7284,312,25.596
7285,319,24.681
7286,310,24.34
7287,311,24.34
7288,309,24.34
7289,304,24.34
7290,303,24.34
7291,273,24.34
7292,277,24.773
7293,292,23.0
7294,282,23.0
7295,276,23.0
7296,277,23.0
7297,264,23.019
7298,261,23.0
7299,257,23.0
7300,262,23.575
7301,246,23.575
7302,248,23.575
7303,256,23.575
7304,259,23.0
7305,257,23.0
7306,247,23.344
7307,248,23.344
7308,240,23.344
7309,240,23.344
7310,246,23.344
7311,246,23.344
7312,252,23.344
7313,273,17.736
7314,302,17.736
7315,276,17.736
7316,273,17.426
7317,264,17.426
7318,232,18.089
7319,240,23.858
7320,231,23.858
7321,244,24.405
7322,265,24.713
7323,278,25.688
7324,275,25.741
7325,274,25.741
7326,269,25.741
7327,265,25.741
7328,260,23.377
7329,264,25.735
7330,265,25.735
7331,274,25.475
7332,278,25.475
7333,281,25.475
7334,281,15.988
7335,276,15.988
7336,279,25.4
7337,279,25.4
7338,305,25.362
7339,299,15.521
7340,297,8.876
7341,279,11.238
7342,275,11.238
7343,264,24.77
7344,259,24.77
7345,240,24.058
7346,242,24.253
7347,242,24.058
7348,245,23.368
7349,250,23.368
7350,249,23.368
7351,242,23.368
7352,239,24.16
7353,240,24.16
7354,238,25.798
7355,283,25.798
7356,281,25.798
7357,285,25.798
7358,284,25.798
7359,281,24.238
7360,292,24.238
7361,294,24.238
7362,292,24.238
7363,279,24.238
7364,250,22.657
7365,249,22.657
7366,251,22.657
7367,242,20.786
7368,241,22.394
7369,239,23.476
7370,234,23.476
7371,231,23.476
7372,236,23.476
7373,230,23.476
7374,223,23.763
7375,226,23.763
7376,242,23.763
7377,233,23.763
7378,246,23.763
7379,247,25.045
7380,247,25.045
7381,237,25.045
7382,244,25.045
7383,248,22.98
7384,248,25.676
7385,251,25.676
7386,250,25.676
7387,255,25.676
7388,255,25.676
7389,261,25.676
7390,256,25.676
7391,255,25.676
7392,258,24.352
7393,252,19.674
7394,258,24.854
7395,247,24.854
7396,235,24.854
7397,265,24.854
7398,261,21.399
7399,261,25.556
7400,260,25.556
7401,268,21.399
7402,286,21.399
7403,285,21.399
7404,281,21.399
7405,251,21.399
7406,248,21.399
7407,245,21.399
7408,252,21.399
7409,260,25.554
7410,271,25.554
7411,281,25.554
7412,248,25.554
7413,277,25.554
7414,278,25.554
7415,301,25.554
7416,298,25.554
7417,296,25.554
7418,291,25.554
7419,297,25.554
7420,289,25.554
7421,291,25.554
7422,274,25.554
7423,264,21.045
7424,255,21.045
7425,265,21.045
7426,274,21.045
7427,261,24.86
7428,262,24.86
7429,273,21.045
7430,257,21.045
7431,277,21.045
7432,280,21.045
7433,285,22.671
7434,293,21.045
7435,303,22.561
7436,300,25.487
7437,300,25.487
7438,285,25.487
7439,275,24.214
7440,268,24.214
7441,255,24.806
7442,274,24.806
7443,269,24.806
7444,268,25.747
7445,245,25.747
7446,253,25.747
7447,248,25.747
7448,244,25.747
7449,244,25.747
7450,250,20.562
7451,256,19.829
7452,259,19.829
7453,255,25.669
7454,267,25.669
7455,254,25.669
7456,231,24.073
7457,245,24.073
7458,245,24.073
7459,240,24.073
7460,218,24.073
7461,217,24.073
7462,224,24.073
7463,234,24.073
7464,263,23.335
7465,261,23.335
7466,246,11.686
7467,244,18.377
7468,234,15.796
7469,245,9.962
7470,251,17.605
7471,244,19.937
7472,239,19.937
7473,237,19.937
7474,231,22.725
7475,227,22.725
7476,235,25.356
7477,246,15.928
7478,241,14.46
7479,237,21.488
7480,243,21.544
7481,248,21.544
7482,248,21.544
7483,262,21.544
7484,250,21.488
7485,261,21.488
7486,266,17.303
7487,276,22.735
7488,290,23.374
7489,281,24.725
7490,276,24.725
7491,291,24.725
7492,273,19.703
7493,271,19.703
7494,288,19.703
7495,284,24.17
7496,269,24.17
7497,266,24.17
7498,275,21.213
7499,279,21.213
7500,283,17.907
7501,297,17.907
7502,304,24.785
7503,297,24.785
7504,301,24.785
7505,306,24.785
7506,292,24.785
7507,286,24.785
7508,285,24.785
7509,284,19.341
7510,283,23.32
7511,256,23.32
7512,254,23.32
7513,253,23.32
7514,248,22.594
7515,244,22.529
7516,240,22.026
7517,259,22.026
7518,265,22.026
7519,260,24.214
7520,270,22.704
7521,256,22.704
7522,268,22.704
7523,275,21.73
7524,268,21.73
7525,267,21.73
7526,262,21.73
7527,261,21.73
7528,261,21.73
7529,245,23.335
7530,250,23.335
7531,251,21.73
7532,247,21.73
7533,299,21.73
7534,293,21.73
7535,258,24.037
7536,262,24.037
7537,260,24.749
7538,266,24.749
7539,263,22.929
7540,262,23.957
7541,264,22.929
7542,251,22.929
7543,249,22.929
7544,251,21.473
7545,252,21.473
7546,296,21.473
7547,270,21.473
7548,274,21.473
7549,280,21.473
7550,276,21.473
7551,269,23.614
7552,247,23.614
7553,253,25.569
7554,249,25.569
7555,249,25.569
7556,235,25.569
7557,237,25.569
7558,247,25.569
7559,250,25.569
7560,243,20.137
7561,240,20.137
7562,243,20.137
7563,244,18.897
7564,238,18.897
7565,240,18.897
7566,261,14.269
7567,261,14.514
7568,253,21.87
7569,270,18.22
7570,257,14.559
7571,277,24.127
7572,273,14.559
7573,279,22.439
7574,291,17.13
7575,287,25.258
7576,278,24.463
7577,268,25.215
7578,263,25.215
7579,242,25.215
7580,241,25.215
7581,261,25.132
7582,261,25.132
7583,262,25.132
7584,246,25.132
7585,249,25.726
7586,259,25.132
7587,249,25.132
7588,258,25.132
7589,287,25.132
7590,261,25.132
7591,272,25.132
7592,283,25.523
7593,299,25.523
7594,286,25.523
7595,275,25.132
7596,290,25.132
7597,281,25.132
7598,274,24.764
7599,278,24.764
7600,273,24.764
7601,268,24.764
7602,259,24.764
7603,275,23.844
7604,285,23.844
7605,278,23.844
7606,277,22.266
7607,273,22.532
7608,264,22.532
7609,271,22.532
7610,278,22.532
7611,279,22.756
7612,277,22.756
7613,276,25.669
7614,279,22.756
7615,280,22.532
7616,283,22.532
7617,283,22.532
7618,274,22.532
7619,268,22.532
7620,279,22.532
7621,280,22.532
7622,279,17.163
7623,283,17.163
7624,279,17.163
7625,295,19.417
7626,295,19.417
7627,294,15.064
7628,293,18.146
7629,294,16.86
7630,285,16.86
7631,277,16.86
7632,280,16.86
7633,280,16.364
7634,273,16.364
7635,259,16.364
7636,261,16.364
7637,257,23.195
7638,261,25.177
7639,267,25.177
7640,259,25.177
7641,253,25.759
7642,253,25.759
7643,250,25.759
7644,250,25.759
7645,252,25.759
7646,244,25.759
7647,251,25.177
7648,253,25.177
7649,241,25.177
7650,262,25.177
7651,247,25.177
7652,244,25.177
7653,259,25.177
7654,259,25.177
7655,257,25.177
7656,239,25.177
7657,242,22.63
7658,250,25.045
7659,265,25.045
7660,275,25.045
7661,271,25.045
7662,273,25.045
7663,266,25.045
7664,268,25.045
7665,272,22.63
7666,270,25.652
7667,260,24.853
7668,260,24.853
7669,263,24.853
7670,256,24.853
7671,266,24.853
7672,267,23.799
7673,267,23.799
7674,273,23.799
7675,279,23.799
7676,288,25.72
7677,311,25.72
7678,314,25.72
7679,306,23.799
7680,276,23.799
7681,269,23.799
7682,258,24.22
7683,266,24.384
7684,263,24.384
7685,258,24.384
7686,254,24.384
7687,254,25.281
7688,268,25.281
7689,268,25.281
7690,263,23.799
7691,265,23.799
7692,263,20.792
7693,268,20.792
7694,272,23.392
7695,271,24.815
7696,278,24.815
7697,256,24.815
7698,242,21.108
7699,233,21.108
7700,237,21.108
7701,236,21.108
7702,233,21.108
7703,236,21.108
7704,254,21.108
7705,254,21.108
7706,256,21.108
7707,239,21.108
7708,231,21.108
7709,239,21.108
7710,255,23.449
7711,262,23.449
7712,262,23.449
7713,263,24.976
7714,273,24.976
7715,281,24.393
7716,267,24.393
7717,276,24.393
7718,274,24.393
7719,267,24.393
7720,290,24.964
7721,295,24.393
7722,283,24.393
7723,287,24.393
7724,289,24.393
7725,279,24.393
7726,301,24.393
7727,296,24.393
7728,300,24.393
7729,299,24.393
7730,281,25.478
7731,276,24.385
7732,271,25.297
7733,265,25.297
7734,263,25.297
7735,240,25.297
7736,231,25.297
7737,254,19.494
7738,263,19.494
7739,264,19.676
7740,257,19.676
7741,265,22.665
7742,265,22.665
7743,265,22.819
7744,266,25.717
7745,250,25.717
7746,243,25.717
7747,264,25.717
7748,265,25.717
7749,267,25.717
7750,255,25.717
7751,256,23.867
7752,242,23.867
7753,237,23.867
7754,242,24.896
7755,231,24.896
7756,215,25.305
7757,213,25.305
7758,198,25.305
7759,203,25.305
7760,198,25.547
7761,202,24.049
7762,205,24.049
7763,207,24.049
7764,201,24.049
7765,202,24.049
7766,201,24.049
7767,231,24.049
7768,201,24.049
7769,206,24.049
7770,210,24.049
7771,216,25.69
7772,218,24.895
7773,222,24.895
7774,223,23.649
7775,233,23.368
7776,234,23.688
7777,238,25.386
7778,233,24.943
7779,254,24.943
7780,253,24.943
7781,231,24.943
7782,237,25.278
7783,228,22.819
7784,231,22.819
7785,236,22.819
7786,220,24.403
7787,223,24.403
7788,240,24.403
7789,249,24.403
7790,237,24.403
7791,242,23.051
7792,243,23.051
7793,261,23.051
7794,265,23.051
7795,260,23.051
7796,261,23.051
7797,268,24.782
7798,279,24.782
7799,259,23.051
7800,267,23.051
7801,257,23.051
7802,248,23.051
7803,251,25.652
7804,255,25.652
7805,258,25.652
7806,250,25.589
7807,259,22.819
7808,240,22.819
7809,226,24.214
7810,234,24.214
7811,245,24.214
7812,261,24.214
7813,256,24.214
7814,249,23.105
7815,264,22.819
7816,245,23.004
7817,249,22.819
7818,253,22.819
7819,251,22.819
7820,234,24.56
7821,261,22.819
7822,264,22.819
7823,264,22.819
7824,269,22.819
7825,277,24.492
7826,289,24.492
7827,284,24.492
7828,285,24.492
7829,246,24.492
7830,272,24.492
7831,259,24.492
7832,259,25.751
7833,258,25.53
7834,254,25.53
7835,260,25.53
7836,244,25.53
7837,246,25.53
7838,248,25.53
7839,244,25.53
7840,243,25.643
7841,247,24.959
7842,223,24.959
7843,228,24.959
7844,240,24.959
7845,230,25.197
7846,229,25.197
7847,229,25.697
7848,249,25.697
7849,227,25.697
7850,211,25.697
7851,259,25.697
7852,264,25.697
7853,266,25.697
7854,280,25.697
7855,266,25.697
7856,264,25.697
7857,247,25.697
7858,253,25.697
7859,278,25.697
7860,260,25.697
7861,250,25.697
7862,243,25.697
7863,234,25.697
7864,238,25.697
7865,239,25.697
7866,246,25.697
7867,249,25.697
7868,270,25.697
7869,266,25.697
7870,265,25.697
7871,263,25.697
7872,266,19.823
7873,266,19.823
7874,274,19.823
7875,273,9.203
7876,269,15.378
7877,269,20.483
7878,284,22.13
7879,286,22.13
7880,283,23.389
7881,279,24.19
7882,281,24.19
7883,282,24.19
7884,282,24.19
7885,306,24.19
7886,322,24.19
7887,335,25.753
7888,316,24.665
7889,280,24.665
7890,287,22.819
7891,291,25.762
7892,285,22.819
7893,286,22.819
7894,285,22.579
7895,269,24.717
7896,277,24.717
7897,279,24.717
7898,252,25.741
7899,243,25.741
7900,237,25.741
7901,228,25.741
7902,224,25.741
7903,233,23.206
7904,235,23.206
7905,255,24.067
7906,259,24.067
7907,256,24.107
7908,247,24.107
7909,249,25.048
7910,247,24.916
7911,235,24.916
7912,233,24.916
7913,241,24.916
7914,241,24.107
7915,239,24.107
7916,242,24.107
7917,239,24.107
7918,229,25.517
7919,230,25.517
7920,230,24.107
7921,218,24.107
7922,213,24.107
7923,214,24.107
7924,222,24.107
7925,232,25.263
7926,230,25.263
7927,232,24.34
7928,238,24.34
7929,226,24.34
7930,219,24.34
7931,220,24.34
7932,226,24.34
7933,229,22.438
7934,228,22.438
7935,228,19.625
7936,234,23.729
7937,234,23.729
7938,267,24.651
7939,280,23.729
7940,283,19.625
7941,283,19.625
7942,273,25.125
7943,266,25.125
7944,250,25.125
7945,252,25.125
7946,260,21.006
7947,254,22.151
7948,242,22.151
7949,244,20.843
7950,240,20.843
7951,251,20.843
7952,250,20.843
7953,250,16.962
7954,249,16.962
7955,243,23.365
7956,248,23.365
7957,252,24.865
7958,251,24.865
7959,254,22.591
7960,278,22.591
7961,280,18.236
7962,283,23.903
7963,273,22.274
7964,273,22.274
7965,274,22.274
7966,287,22.274
7967,290,23.476
7968,274,23.476
7969,270,22.274
7970,281,22.274
7971,281,22.274
7972,277,21.593
7973,279,23.079
7974,275,21.593
7975,278,25.27
7976,286,25.27
7977,268,25.27
7978,269,25.27
7979,254,25.27
7980,254,23.841
7981,252,22.005
7982,251,24.98
7983,240,22.005
7984,244,22.005
7985,228,19.157
7986,223,19.157
7987,236,16.439
7988,224,16.439
7989,222,16.625
7990,229,23.829
7991,231,23.829
7992,253,16.439
7993,255,16.439
7994,254,23.76
7995,265,25.631
7996,259,25.631
7997,262,22.508
7998,230,22.508
7999,208,22.508
8000,216,22.508
8001,222,22.508
8002,239,24.363
8003,251,22.508
8004,239,22.508
8005,238,22.508
8006,236,22.508
8007,244,22.508
8008,258,22.508
8009,257,23.251
8010,249,22.508
8011,247,23.802
8012,249,23.802
8013,262,23.802
8014,283,23.802
8015,278,23.802
8016,265,20.053
8017,266,20.833
8018,270,24.836
8019,270,24.836
8020,274,24.836
8021,259,24.836
8022,261,24.836
8023,264,24.403
8024,252,23.626
8025,260,23.626
8026,256,21.354
8027,265,22.263
8028,271,22.989
8029,261,21.354
8030,250,22.869
8031,266,22.869
8032,256,24.54
8033,274,23.117
8034,258,22.869
8035,266,25.146
8036,264,25.146
8037,259,22.869
8038,258,22.869
8039,271,22.233
8040,272,22.233
8041,274,19.861
8042,273,19.861
8043,280,15.534
8044,281,15.534
8045,280,24.764
8046,284,24.764
8047,275,23.73
8048,258,23.73
8049,248,23.73
8050,253,23.73
8051,257,23.73
8052,255,25.237
8053,267,25.237
8054,268,25.111
8055,264,25.111
8056,273,25.111
8057,266,25.111
8058,269,25.111
8059,259,25.111
8060,258,25.111
8061,255,25.111
8062,238,25.111
8063,234,25.111
8064,229,25.111
8065,245,25.111
8066,244,25.111
8067,240,25.111
8068,242,25.111
8069,238,25.111
8070,251,14.603
8071,251,22.086
8072,255,22.086
8073,245,24.333
8074,262,22.983
8075,258,19.894
8076,264,19.894
8077,265,20.122
8078,262,24.755
8079,277,24.755
8080,271,13.572
8081,260,13.572
8082,262,24.866
8083,281,25.631
8084,265,25.631
8085,271,25.631
8086,276,25.631
8087,296,24.866
8088,294,24.866
8089,292,24.866
8090,302,24.866
8091,301,24.866
8092,301,19.826
8093,301,19.814
8094,294,22.45
8095,295,22.45
8096,308,23.024
8097,309,23.024
8098,303,23.024
8099,295,23.024
8100,295,23.024
8101,287,22.964
8102,288,25.702
8103,279,23.326
8104,277,23.326
8105,255,22.964
8106,255,19.814
8107,257,19.814
8108,272,22.163
8109,267,24.055
8110,261,24.055
8111,251,24.847
8112,244,24.847
8113,241,24.847
8114,241,24.847
8115,246,24.847
8116,240,24.847
8117,243,22.819
8118,243,22.819
8119,247,22.819
8120,243,22.819
8121,257,22.819
8122,246,22.819
8123,241,22.819
8124,241,23.709
8125,247,23.709
8126,250,22.819
8127,265,22.819
8128,262,22.819
8129,283,23.548
8130,294,24.113
8131,294,23.548
8132,274,23.548
8133,252,24.934
8134,263,25.404
8135,277,25.799
8136,269,24.934
8137,256,24.934
8138,258,24.629
8139,257,24.629
8140,255,24.629
8141,257,25.783
8142,264,25.783
8143,258,25.783
8144,285,25.783
8145,262,25.783
8146,262,25.783
8147,268,25.783
8148,272,25.804
8149,268,25.804
8150,262,25.678
8151,265,25.678
8152,274,25.678
8153,289,25.678
8154,272,25.678
8155,270,25.678
8156,281,24.292
8157,286,24.794
8158,291,24.292
8159,284,24.683
8160,284,24.683
8161,284,24.683
8162,274,24.292
8163,267,24.292
8164,273,24.292
8165,286,24.292
8166,296,25.541
8167,289,25.541
8168,305,25.541
8169,308,25.541
8170,310,25.541
8171,309,25.732
8172,304,24.315
8173,303,24.315
8174,291,24.315
8175,299,24.292
8176,298,24.292
8177,298,24.292
8178,301,24.292
8179,312,24.328
8180,315,24.328
8181,308,23.963
8182,313,25.261
8183,316,25.261
8184,305,23.963
8185,314,23.156
8186,312,23.156
8187,314,23.156
8188,312,23.156
8189,293,23.156
8190,308,23.156
8191,299,23.156
8192,305,23.15
8193,307,24.262
8194,296,24.262
8195,298,24.262
8196,284,24.262
8197,280,24.262
8198,282,25.397
8199,284,25.397
8200,285,25.397
8201,269,24.262
8202,280,24.262
8203,282,24.262
8204,281,25.503
8205,274,25.503
8206,269,25.503
8207,267,25.503
8208,267,25.503
8209,261,25.503
8210,262,25.503
8211,269,25.503
8212,300,25.503
8213,303,25.503
8214,309,25.503
8215,311,25.503
8216,272,25.503
8217,264,25.503
8218,255,25.503
8219,252,25.503
8220,255,25.503
8221,257,25.503
8222,250,25.503
8223,250,23.197
8224,262,23.197
8225,258,23.197
8226,266,23.466
8227,268,23.466
8228,284,23.466
8229,283,23.466
8230,276,23.466
8231,277,23.466
8232,274,23.466
8233,271,20.861
8234,271,20.861
8235,269,24.397
8236,254,24.397
8237,254,24.397
8238,247,24.397
8239,256,24.397
8240,251,24.397
8241,267,25.703
8242,275,25.703
8243,275,21.461
8244,277,20.675
8245,285,20.675
8246,285,20.675
8247,290,20.675
8248,295,21.159
8249,293,23.679
8250,300,23.679
8251,295,23.679
8252,293,24.923
8253,294,24.923
8254,288,25.176
8255,292,23.679
8256,292,22.313
8257,284,22.313
8258,294,19.031
8259,299,20.926
8260,308,20.361
8261,307,22.534
8262,290,22.534
8263,256,24.321
8264,262,22.534
8265,271,20.068
8266,274,24.312
8267,270,25.601
8268,267,25.601
8269,249,25.601
8270,262,23.284
8271,266,23.284
8272,260,23.284
8273,260,23.284
8274,277,23.284
8275,257,25.159
8276,233,25.159
8277,240,25.159
8278,237,25.159
8279,250,25.159
8280,246,25.159
8281,240,25.159
8282,244,25.159
8283,240,25.159
8284,235,25.159
8285,270,23.284
8286,266,23.284
8287,242,23.284
8288,250,24.946
8289,244,23.284
8290,255,23.284
8291,238,25.661
8292,247,23.284
8293,252,23.547
8294,245,24.875
8295,248,24.875
8296,245,24.875
8297,245,24.875
8298,245,24.875
8299,235,24.875
8300,241,24.875
8301,242,24.875
8302,245,24.875
8303,238,24.875
8304,235,24.875
8305,239,24.875
8306,235,20.678
8307,245,20.678
8308,242,20.678
8309,242,20.77
8310,254,20.77
8311,262,24.91
8312,267,22.086
8313,255,22.086
8314,245,25.365
8315,242,25.365
8316,240,25.365
8317,245,20.42
8318,238,20.42
8319,238,19.936
8320,254,22.656
8321,254,22.656
8322,262,19.862
8323,262,20.776
8324,268,20.776
8325,275,20.776
8326,272,25.678
8327,247,20.465
8328,251,19.862
8329,257,19.862
8330,273,21.249
8331,274,21.249
8332,266,21.249
8333,258,21.249
8334,276,24.1
8335,277,21.249
8336,256,21.249
8337,262,21.249
8338,250,18.158
8339,236,23.389
8340,221,23.389
8341,229,22.226
8342,223,22.376
8343,227,22.226
8344,225,18.158
8345,237,16.658
8346,227,17.078
8347,245,17.078
8348,224,22.819
8349,224,23.688
8350,235,23.688
8351,229,22.819
8352,234,22.819
8353,249,22.819
8354,256,22.819
8355,256,22.819
8356,259,24.853
8357,257,22.819
8358,264,22.819
8359,255,22.819
8360,254,24.002
8361,252,24.002
8362,239,25.747
8363,246,23.081
8364,242,24.695
8365,256,24.695
8366,255,23.081
8367,247,22.819
8368,251,22.819
8369,250,22.819
8370,247,22.819
8371,252,22.819
8372,260,22.819
8373,268,22.866
8374,267,22.866
8375,258,22.866
8376,260,22.866
8377,265,22.866
8378,261,24.411
8379,273,24.531
8380,271,24.411
8381,280,24.411
8382,289,24.411
8383,283,13.157
8384,284,13.157
8385,267,13.157
8386,259,19.913
8387,255,19.913
8388,256,23.073
8389,258,23.073
8390,277,23.073
8391,286,24.773
8392,265,24.492
8393,268,24.492
8394,269,24.815
8395,269,24.815
8396,273,24.815
8397,263,24.815
8398,262,25.114
8399,241,25.114
8400,239,24.815
8401,236,24.223
8402,230,24.223
8403,229,24.223
8404,231,24.223
8405,239,23.03
8406,237,23.03
8407,226,23.024
8408,222,23.024
8409,236,23.024
8410,254,21.894
8411,277,25.194
8412,272,25.194
8413,276,24.943
8414,274,22.145
8415,296,25.697
8416,299,14.682
8417,307,21.533
8418,289,21.533
8419,269,24.421
8420,249,24.421
8421,268,24.421
8422,271,24.421
8423,278,24.421
8424,278,15.444
8425,277,23.093
8426,300,23.365
8427,278,23.365
8428,273,23.093
8429,252,23.093
8430,266,23.093
8431,259,23.093
8432,261,23.093
8433,270,16.332
8434,271,20.202
8435,273,16.332
8436,271,25.754
8437,258,25.754
8438,246,25.754
8439,250,22.953
8440,253,22.953
8441,262,21.889
8442,254,21.889
8443,259,22.266
8444,251,24.54
8445,240,24.54
8446,245,15.402
8447,242,16.484
8448,231,23.135
8449,228,23.135
8450,223,23.135
8451,231,23.135
8452,228,19.32
8453,216,19.32
8454,210,19.32
8455,248,19.368
8456,250,24.654
8457,252,24.654
8458,221,24.654
8459,218,22.974
8460,234,24.487
8461,233,24.487
8462,218,25.802
8463,219,25.802
8464,220,25.802
8465,222,25.802
8466,219,25.802
8467,227,24.387
8468,238,24.387
8469,237,24.387
8470,240,24.387
8471,256,24.387
8472,250,24.387
8473,250,24.387
8474,249,24.387
8475,263,24.387
8476,263,24.387
8477,237,24.387
8478,229,24.387
8479,226,24.387
8480,226,23.024
8481,229,19.919
8482,234,19.919
8483,225,19.919
8484,218,19.919
8485,221,23.339
8486,226,21.006
8487,226,20.899
8488,233,20.899
8489,232,18.986
8490,232,23.236
8491,238,23.861
8492,262,23.236
8493,268,23.236
8494,276,17.558
8495,292,22.104
8496,297,22.104
8497,277,22.104
8498,276,22.104
8499,271,22.104
8500,273,24.669
8501,279,24.669
8502,282,24.669
8503,282,24.669
8504,271,24.669
8505,245,22.211
8506,243,25.294
8507,238,25.294
8508,251,25.294
8509,300,25.294
8510,291,25.294
8511,295,25.294
8512,262,25.294
8513,263,25.294
8514,256,24.197
8515,275,21.378
8516,258,23.375
8517,252,23.375
8518,283,23.375
8519,282,23.375
8520,272,23.375
8521,274,24.525
8522,265,24.525
8523,277,24.525
8524,297,24.088
8525,286,25.134
8526,286,25.134
8527,289,25.134
8528,279,25.134
8529,278,24.28
8530,272,24.28
8531,277,25.027
8532,270,25.452
8533,271,25.714
8534,269,25.714
8535,264,25.452
8536,265,25.027
8537,270,25.027
8538,258,25.027
8539,241,22.394
8540,245,22.394
8541,228,22.394
8542,232,24.082
8543,235,24.082
8544,247,24.082
8545,251,24.082
8546,266,23.036
8547,266,23.048
8548,266,23.048
8549,263,23.048
8550,269,23.048
8551,271,22.25
8552,264,24.794
8553,258,24.794
8554,247,24.794
8555,250,24.794
8556,248,22.25
8557,247,22.25
8558,250,25.523
8559,250,25.523
8560,250,25.523
8561,241,25.523
8562,258,25.523
8563,256,24.991
8564,238,25.455
8565,255,25.455
8566,253,25.455
8567,248,24.991
8568,245,24.991
8569,270,24.991
8570,262,24.991
8571,269,24.991
8572,242,24.991
8573,232,21.269
8574,234,20.846
8575,236,22.836
8576,238,20.846
8577,255,20.846
8578,261,20.846
8579,265,20.846
8580,266,22.788
8581,267,22.788
8582,258,22.788
8583,276,22.788
8584,279,24.525
8585,279,24.306
8586,277,24.306
8587,274,25.753
8588,259,25.753
8589,256,24.125
8590,256,24.125
8591,268,24.125
8592,265,24.125
8593,265,24.125
8594,250,22.788
8595,250,25.392
8596,252,25.392
8597,254,25.392
8598,250,21.213
8599,247,21.213
8600,239,21.213
8601,260,16.11
8602,267,16.11
8603,259,17.135
8604,265,22.764
8605,261,22.764
8606,267,21.386
8607,261,19.967
8608,270,19.967
8609,271,17.566
8610,270,17.566
8611,275,25.281
8612,276,25.281
8613,275,25.281
8614,276,20.033
8615,287,20.329
8616,284,24.877
8617,266,24.877
8618,263,24.877
8619,264,24.877
8620,265,24.877
8621,256,24.877
8622,260,24.877
8623,244,24.877
8624,241,24.877
8625,247,24.877
8626,250,24.877
8627,251,24.877
8628,267,22.704
8629,274,22.704
8630,261,22.704
8631,244,19.45
8632,241,19.45
8633,244,17.539
8634,238,18.143
8635,268,23.676
8636,274,23.676
8637,265,22.997
8638,268,20.765
8639,269,23.317
8640,273,22.36
8641,284,23.957
8642,288,23.957
8643,287,21.694
8644,303,21.694
8645,282,21.694
8646,288,21.694
8647,266,16.182
8648,264,16.182
8649,264,16.182
8650,262,16.182
8651,258,22.875
8652,278,22.875
8653,288,22.875
8654,279,22.875
8655,280,25.533
8656,274,25.533
8657,273,25.533
8658,275,25.533
8659,268,25.533
8660,256,25.533
8661,253,23.186
8662,251,23.375
8663,261,23.375
8664,253,23.375
8665,263,23.375
8666,253,23.375
8667,254,23.375
8668,250,23.375
8669,247,23.375
8670,259,23.375
8671,277,23.375
8672,277,20.816
8673,275,20.816
8674,272,19.061
8675,269,20.444
8676,269,20.444
8677,277,20.444
8678,288,20.738
8679,270,20.444
8680,260,23.75
8681,260,23.75
8682,268,19.061
8683,268,24.176
8684,262,24.176
8685,258,22.454
8686,261,22.454
8687,270,18.989
8688,275,20.726
8689,272,20.726
8690,260,20.726
8691,254,20.726
8692,266,18.989
8693,262,18.989
8694,271,24.94
8695,265,18.989
8696,268,18.989
8697,270,24.531
8698,267,24.531
8699,275,25.027
8700,266,24.531
8701,302,24.531
8702,287,24.531
8703,279,24.531
8704,283,24.531
8705,263,24.531
8706,266,25.057
8707,265,25.497
8708,263,25.497
8709,255,25.057
8710,248,25.057
8711,247,25.057
8712,248,24.531
8713,259,24.531
8714,254,22.836
8715,247,25.024
8716,243,25.024
8717,249,25.024
8718,234,25.024
8719,234,25.024
8720,242,25.024
8721,254,25.024
8722,267,25.024
8723,265,25.024
8724,269,25.024
8725,267,25.024
8726,255,25.024
8727,254,25.024
8728,254,25.024
8729,255,20.789
8730,254,20.789
8731,255,20.789
8732,254,25.275
8733,253,25.275
8734,257,25.275
8735,250,25.275
8736,280,25.275
8737,258,25.526
8738,259,25.275
8739,251,23.823
8740,262,23.823
8741,258,17.186
8742,268,19.084
8743,277,19.084
8744,273,19.084
8745,267,19.084
8746,249,20.247
8747,255,20.247
8748,255,20.247
8749,255,20.247
8750,263,19.084
8751,265,19.084
8752,265,19.084
8753,265,19.084
8754,267,19.084
8755,270,19.084
8756,274,19.084
8757,261,19.084
8758,272,19.084
8759,271,19.084
8760,271,19.084
8761,268,18.205
8762,258,18.205
8763,251,18.711
8764,236,18.711
8765,241,18.711
8766,242,18.711
8767,267,18.205
8768,267,18.205
8769,273,18.205
8770,256,18.205
8771,288,23.548
8772,257,18.205
8773,258,20.893
8774,278,20.893
8775,272,20.893
8776,273,20.893
8777,282,20.893
8778,288,22.053
8779,295,15.832
8780,290,15.832
8781,298,14.52
8782,288,14.52
8783,288,20.849
8784,293,24.178
8785,287,24.178
8786,275,24.178
8787,275,24.178
8788,267,24.178
8789,259,21.942
8790,252,21.942
8791,254,21.942
8792,255,21.942
8793,247,25.152
8794,228,9.07
8795,226,14.302
8796,224,14.302
8797,235,14.302
8798,240,15.28
8799,239,15.28
8800,250,15.28
8801,267,15.28
8802,268,21.423
8803,259,21.423
8804,252,21.423
8805,234,21.423
8806,217,15.28
8807,216,15.928
8808,220,17.455
8809,238,15.928
8810,242,15.802
8811,241,16.242
8812,240,16.242
8813,237,16.242
8814,228,16.316
8815,223,16.316
8816,228,23.454
8817,226,20.468
8818,224,20.468
8819,224,22.887
8820,226,22.887
8821,219,22.887
8822,223,22.887
8823,220,22.887
8824,219,22.887
8825,221,19.377
8826,203,19.377
8827,226,19.377
8828,208,21.069
8829,203,19.377
8830,198,23.41
8831,227,19.377
8832,229,19.377
8833,234,25.753
8834,233,25.753
8835,229,25.753
8836,213,25.753
8837,226,25.753
8838,239,25.753
8839,220,25.753
8840,218,25.753
8841,241,25.753
8842,241,25.753
8843,221,25.753
8844,220,24.603
8845,215,24.603
8846,216,24.603
8847,257,24.603
8848,254,25.724
8849,251,25.724
8850,248,25.724
8851,248,24.043
8852,262,17.647
8853,270,18.855
8854,277,25.431
8855,265,25.431
8856,270,25.431
8857,272,25.431
8858,273,25.431
8859,298,25.431
8860,281,25.431
8861,274,25.431
8862,273,23.294
8863,257,23.966
8864,264,23.294
8865,264,23.294
8866,254,23.294
8867,254,23.294
8868,253,23.294
8869,251,23.294
8870,254,21.036
8871,264,21.036
8872,264,18.878
8873,263,25.672
8874,259,25.672
8875,263,25.672
8876,258,25.672
8877,258,22.51
8878,247,22.51
8879,257,22.51
8880,276,22.51
8881,262,16.505
8882,253,25.741
8883,264,25.741
8884,251,25.741
8885,253,25.741
8886,249,23.614
8887,254,25.583
8888,254,25.583
8889,253,25.583
8890,259,25.583
8891,275,25.583
8892,292,25.583
8893,288,20.409
8894,286,20.409
8895,295,20.409
8896,289,23.954
8897,292,20.409
8898,253,20.409
8899,259,20.409
8900,262,24.818
8901,277,24.818
8902,262,24.818
8903,255,24.818
8904,262,22.65
8905,267,22.65
8906,268,22.65
8907,266,22.65
8908,263,22.65
8909,265,23.236
8910,262,22.65
8911,263,22.995
8912,285,22.995
8913,283,22.995
8914,286,22.995
8915,269,22.995
8916,277,23.777
8917,272,23.777
8918,273,22.995
8919,273,25.362
8920,281,25.362
8921,275,22.995
8922,270,22.995
8923,262,22.995
8924,264,22.995
8925,264,13.367
8926,258,15.297
8927,263,21.384
8928,258,21.384
8929,249,24.841
8930,239,24.841
8931,230,24.841
8932,232,24.841
8933,240,23.251
8934,235,23.251
8935,247,23.251
8936,229,23.251
8937,224,23.251
8938,206,17.27
8939,209,23.354
8940,218,23.354
8941,218,23.272
8942,218,23.272
8943,218,23.272
8944,221,23.272
8945,232,23.272
8946,233,23.272
8947,239,24.172
8948,246,24.172
8949,226,19.635
8950,245,19.635
8951,258,23.428
8952,287,23.428
8953,287,23.428
8954,281,25.535
8955,282,25.535
8956,273,19.175
8957,284,19.175
8958,249,19.175
8959,258,19.175
8960,247,19.175
8961,234,19.175
8962,243,19.175
8963,250,19.175
8964,245,19.934
8965,243,22.728
8966,254,24.895
8967,256,24.895
8968,266,24.298
8969,279,24.298
8970,281,24.824
8971,261,25.362
8972,255,24.824
8973,256,24.824
8974,266,24.824
8975,270,24.824
8976,264,24.824
8977,268,24.824
8978,246,24.824
8979,263,24.824
8980,261,24.824
8981,243,24.824
8982,269,24.824
8983,249,24.824
8984,247,24.824
8985,249,24.824
8986,259,24.824
8987,261,24.824
8988,239,24.824
8989,237,24.824
8990,239,23.795
8991,229,23.795
8992,230,23.795
8993,233,14.227
8994,233,18.848
8995,223,23.512
8996,229,23.512
8997,229,23.512
8998,230,23.512
8999,230,23.512
9000,206,23.512
9001,211,19.473
9002,209,17.94
9003,215,19.042
9004,214,19.727
9005,214,19.727
9006,216,19.727
9007,212,19.727
9008,210,17.94
9009,210,17.94
9010,221,18.018
9011,229,18.018
9012,228,18.018
9013,227,20.579
9014,225,20.579
9015,231,22.746
9016,235,22.746
9017,247,22.746
9018,249,21.441
9019,258,21.441
9020,253,18.779
9021,283,18.779
9022,272,18.779
9023,278,18.779
9024,276,24.886
9025,239,24.886
9026,236,24.886
9027,235,24.197
9028,230,24.408
9029,274,24.408
9030,229,25.134
9031,229,25.134
9032,237,25.134
9033,226,25.134
9034,247,24.408
9035,230,24.408
9036,234,25.805
9037,231,25.805
9038,242,25.805
9039,249,25.805
9040,254,24.408
9041,289,24.408
9042,284,24.408
9043,271,24.408
9044,259,24.408
9045,259,24.408
9046,249,24.408
9047,244,24.408
9048,246,24.408
9049,238,24.408
9050,250,24.408
9051,248,24.408
9052,260,24.408
9053,266,24.408
9054,272,24.408
9055,261,24.408
9056,250,24.408
9057,250,24.408
9058,252,25.123
9059,255,25.123
9060,250,25.123
9061,259,25.123
9062,251,25.123
9063,236,25.123
9064,245,24.408
9065,245,24.408
9066,271,24.408
9067,238,24.408
9068,236,25.246
9069,234,24.408
9070,254,24.408
9071,252,24.408
9072,273,24.408
9073,267,24.408
9074,271,24.408
9075,265,24.408
9076,259,25.784
9077,247,25.784
9078,246,24.408
9079,253,24.408
9080,258,24.54
9081,276,24.408
9082,268,25.554
9083,266,24.408
9084,265,23.048
9085,259,23.048
9086,255,23.048
9087,258,23.048
9088,258,23.437
9089,265,23.437
9090,280,23.437
9091,268,23.437
9092,270,24.139
9093,271,23.278
9094,279,23.278
9095,271,23.278
9096,270,23.278
9097,271,23.41
9098,267,23.41
9099,271,25.655
9100,277,25.655
9101,266,25.655
9102,265,25.655
9103,274,25.655
9104,272,25.655
9105,271,25.655
9106,275,25.185
9107,294,25.613
9108,294,25.613
9109,287,25.613
9110,285,25.613
9111,264,23.954
9112,264,24.121
9113,268,24.121
9114,262,24.121
9115,255,23.904
9116,259,23.904
9117,253,23.904
9118,251,23.904
9119,249,25.506
9120,254,25.506
9121,251,23.198
9122,247,23.198
9123,256,23.198
9124,261,23.198
9125,271,23.198
9126,273,23.198
9127,260,23.198
9128,254,25.49
9129,256,25.49
9130,258,25.49
9131,294,25.49
9132,294,25.275
9133,297,25.275
9134,292,25.275
9135,293,25.275
9136,247,18.866
9137,250,15.473
9138,272,15.473
9139,263,21.315
9140,251,24.318
9141,255,24.931
9142,255,24.931
9143,256,25.368
9144,256,25.368
9145,233,21.886
9146,233,21.886
9147,239,21.886
9148,237,21.886
9149,247,25.377
9150,259,25.377
9151,265,21.886
9152,241,21.886
9153,261,21.886
9154,254,21.886
9155,267,21.886
9156,257,21.886
9157,255,22.946
9158,263,22.946
9159,274,22.946
9160,275,21.263
9161,272,19.858
9162,273,20.773
9163,280,25.684
9164,298,25.684
9165,279,25.684
9166,265,24.919
9167,277,21.748
9168,277,22.552
9169,261,25.306
9170,260,25.306
9171,266,25.306
9172,253,25.306
9173,248,25.306
9174,261,23.179
9175,273,23.179
9176,278,25.043
9177,285,25.043
9178,279,22.472
9179,278,22.472
9180,263,23.348
9181,267,25.407
9182,258,25.407
9183,260,25.407
9184,258,25.407
9185,247,25.407
9186,246,25.407
9187,258,25.407
9188,241,25.407
9189,234,25.012
9190,232,25.012
9191,231,25.499
9192,230,25.499
9193,241,23.787
9194,233,24.919
9195,230,24.919
9196,235,24.919
9197,232,24.919
9198,231,24.285
9199,233,22.922
9200,224,22.522
9201,225,22.522
9202,236,21.446
9203,236,24.265
9204,236,24.265
9205,238,24.265
9206,245,24.3
9207,242,24.3
9208,225,25.377
9209,242,25.377
9210,231,25.377
9211,230,22.423
9212,240,23.162
9213,231,23.909
9214,232,23.909
9215,257,23.909
9216,247,23.87
9217,234,23.87
9218,239,23.87
9219,239,23.87
9220,250,23.679
9221,253,24.558
9222,250,22.86
9223,241,22.86
9224,240,22.86
9225,257,22.86
9226,257,22.86
9227,275,24.274
9228,257,24.274
9229,246,25.744
9230,270,25.744
9231,267,25.744
9232,257,16.274
9233,258,13.572
9234,256,13.572
9235,255,13.784
9236,276,17.246
9237,285,24.363
9238,305,24.363
9239,302,24.363
9240,301,24.363
9241,271,13.851
9242,242,23.024
9243,245,23.058
9244,244,23.058
9245,262,21.479
9246,264,21.479
9247,267,18.791
9248,270,20.926
9249,271,18.791
9250,256,18.791
9251,270,23.557
9252,272,21.53
9253,272,21.53
9254,260,20.352
9255,267,20.352
9256,262,20.352
9257,260,20.352
9258,226,22.884
9259,243,23.371
9260,240,22.884
9261,244,20.319
9262,246,24.259
9263,248,24.259
9264,252,24.259
9265,247,24.259
9266,249,24.863
9267,249,24.863
9268,243,24.863
9269,249,25.649
9270,259,25.765
9271,250,25.765
9272,247,25.765
9273,261,25.765
9274,256,18.116
9275,248,20.391
9276,248,20.391
9277,234,17.375
9278,224,25.503
9279,217,25.503
9280,216,18.962
9281,243,13.675
9282,250,13.675
9283,250,21.204
9284,249,22.179
9285,258,22.179
9286,257,25.246
9287,264,22.179
9288,271,22.202
9289,270,22.179
9290,272,21.204
9291,273,22.674
9292,266,22.184
9293,259,22.184
9294,266,22.184
9295,261,20.866
9296,264,25.122
9297,257,25.122
9298,256,19.025
9299,234,19.025
9300,233,22.89
9301,243,24.394
9302,252,24.394
9303,250,22.647
9304,250,22.647
9305,242,17.438
9306,245,19.506
9307,248,19.506
9308,274,24.893
9309,276,19.506
9310,270,19.506
9311,287,19.506
9312,273,25.49
9313,267,19.506
9314,262,19.506
9315,257,22.618
9316,252,22.618
9317,250,15.656
9318,245,15.656
9319,256,19.045
9320,264,25.308
9321,271,24.602
9322,270,24.602
9323,268,24.602
9324,267,24.602
9325,251,14.923
9326,252,17.274
9327,256,19.339
9328,258,19.339
9329,248,20.818
9330,247,23.061
9331,247,23.061
9332,240,23.061
9333,235,23.061
9334,237,23.061
9335,225,22.916
9336,236,22.916
9337,233,22.916
9338,241,23.628
9339,245,23.628
9340,240,23.628
9341,233,25.176
9342,217,25.176
9343,218,25.176
9344,229,25.176
9345,243,25.176
9346,260,23.9
9347,273,23.9
9348,269,20.818
9349,258,21.778
9350,240,24.142
9351,261,24.142
9352,263,24.142
9353,256,24.142
9354,257,24.142
9355,252,24.142
9356,251,22.169
9357,252,22.169
9358,254,22.169
9359,254,25.655
9360,244,22.169
9361,246,22.576
9362,278,22.576
9363,280,22.806
9364,267,22.806
9365,260,23.046
9366,280,23.046
9367,223,25.448
9368,225,21.063
9369,225,24.209
9370,225,24.209
9371,225,24.209
9372,229,24.209
9373,235,24.209
9374,238,24.89
9375,251,24.89
9376,239,24.89
9377,232,24.89
9378,221,24.89
9379,226,24.549
9380,223,24.549
9381,236,24.549
9382,266,24.209
9383,264,24.209
9384,265,24.209
9385,274,24.209
9386,273,24.531
9387,274,24.531
9388,255,24.209
9389,259,24.209
9390,261,24.209
9391,261,24.209
9392,265,24.178
9393,266,24.178
9394,260,22.768
9395,264,21.593
9396,282,21.593
9397,269,21.593
9398,262,21.593
9399,229,21.593
9400,228,23.59
9401,231,23.59
9402,231,23.59
9403,218,23.59
9404,208,23.59
9405,211,23.951
9406,211,18.843
9407,209,18.843
9408,206,19.428
9409,205,13.811
9410,241,14.717
9411,280,21.976
9412,239,14.717
9413,247,14.717
9414,240,14.717
9415,230,14.717
9416,234,14.717
9417,238,14.717
9418,240,14.717
9419,235,16.253
9420,241,16.253
9421,239,16.206
9422,260,13.286
9423,278,25.204
9424,282,25.204
9425,287,24.232
9426,271,24.232
9427,278,24.689
9428,282,25.55
9429,265,24.689
9430,266,24.689
9431,252,21.054
9432,251,21.054
9433,246,21.054
9434,241,21.054
9435,239,21.054
9436,244,24.621
9437,252,24.621
9438,254,24.621
9439,243,25.338
9440,242,25.338
9441,245,25.338
9442,235,25.338
9443,245,25.338
9444,226,25.338
9445,221,25.338
9446,230,25.338
9447,239,25.338
9448,254,25.338
9449,252,25.338
9450,255,25.338
9451,256,25.063
9452,260,25.58
9453,261,25.58
9454,251,24.164
9455,255,24.731
9456,257,24.164
9457,259,25.144
9458,264,25.144
9459,262,25.144
9460,264,25.144
9461,267,25.087
9462,269,22.558
9463,269,22.558
9464,270,22.387
9465,291,22.387
9466,270,25.371
9467,267,25.371
9468,269,25.371
9469,245,25.371
9470,243,23.383
9471,244,23.383
9472,257,15.495
9473,250,24.17
9474,251,15.495
9475,249,15.495
9476,251,12.356
9477,247,12.563
9478,248,13.883
9479,252,13.883
9480,252,13.883
9481,247,13.953
9482,230,18.546
9483,240,18.546
9484,239,18.546
9485,234,24.824
9486,244,24.824
9487,295,24.824
9488,299,20.741
9489,305,20.741
9490,277,24.722
9491,276,25.338
9492,277,25.565
9493,264,25.338
9494,252,25.338
9495,239,25.338
9496,238,25.338
9497,226,25.338
9498,227,25.338
9499,253,25.338
9500,256,25.338
9501,262,25.338
9502,258,18.744
9503,261,25.255
9504,264,25.255
9505,265,25.255
9506,263,25.255
9507,266,25.255
9508,263,25.255
9509,261,25.255
9510,286,25.255
9511,291,25.255
9512,282,25.255
9513,309,25.255
9514,302,25.255
9515,300,23.598
9516,309,23.598
9517,296,14.344
9518,294,23.631
9519,268,18.424
9520,268,22.511
9521,252,22.511
9522,254,24.785
9523,248,24.785
9524,247,24.785
9525,244,24.785
9526,232,22.511
9527,216,24.558
9528,223,24.558
9529,235,24.558
9530,233,24.558
9531,243,24.558
9532,234,23.733
9533,223,23.733
9534,225,23.224
9535,231,23.224
9536,260,23.224
9537,265,23.224
9538,261,23.224
9539,259,20.824
9540,258,20.824
9541,265,18.504
9542,260,18.504
9543,261,20.837
9544,261,20.837
9545,268,20.837
9546,274,20.837
9547,272,20.837
9548,277,22.977
9549,277,20.837
9550,284,21.045
9551,271,21.045
9552,299,21.045
9553,292,25.565
9554,295,25.565
9555,298,25.565
9556,290,25.565
9557,289,25.493
9558,290,25.493
9559,297,25.493
9560,269,25.493
9561,271,25.493
9562,271,25.493
9563,287,25.493
9564,287,25.493
9565,295,25.493
9566,285,25.493
9567,272,25.493
9568,296,25.493
9569,301,25.493
9570,295,25.493
9571,297,25.493
9572,269,25.493
9573,271,25.493
9574,270,25.493
9575,291,25.493
9576,302,25.493
9577,294,25.493
9578,279,25.493
9579,278,25.493
9580,276,25.493
9581,268,25.493
9582,277,25.493
9583,275,25.493
9584,266,25.493
9585,265,25.493
9586,266,25.493
9587,260,25.661
9588,263,25.661
9589,271,25.493
9590,273,25.493
9591,277,25.493
9592,274,25.493
9593,273,25.341
9594,271,22.644
9595,267,22.091
9596,271,22.091
9597,266,25.436
9598,264,25.436
9599,277,25.436
9600,256,25.436
9601,256,25.436
9602,249,25.436
9603,266,25.436
9604,263,25.436
9605,254,16.442
9606,257,20.801
9607,254,20.801
9608,263,24.029
9609,259,22.098
9610,251,22.098
9611,237,22.098
9612,242,22.692
9613,243,22.692
9614,238,22.692
9615,259,22.692
9616,257,22.692
9617,263,23.993
9618,232,23.993
9619,246,24.63
9620,257,24.63
9621,281,23.993
9622,276,23.993
9623,263,24.675
9624,262,24.675
9625,226,24.675
9626,229,23.993
9627,239,23.993
9628,242,23.993
9629,244,16.171
9630,243,17.871
9631,255,25.467
9632,263,25.467
9633,276,25.467
9634,269,25.467
9635,272,25.467
9636,274,25.467
9637,281,25.467
9638,257,25.467
9639,256,25.467
9640,263,25.467
9641,253,25.467
9642,255,25.467
9643,250,25.467
9644,248,18.821
9645,253,24.617
9646,251,24.617
9647,252,23.876
9648,249,23.876
9649,247,23.876
9650,260,23.876
9651,248,23.876
9652,260,23.876
9653,253,23.876
9654,245,22.432
9655,242,22.432
9656,249,20.271
9657,255,22.411
9658,265,22.411
9659,267,22.848
9660,268,22.848
9661,270,23.389
9662,261,25.472
9663,266,25.655
9664,259,23.389
9665,261,23.389
9666,265,21.763
9667,272,18.313
9668,278,18.313
9669,278,17.818
9670,275,15.524
9671,279,15.524
9672,280,15.524
9673,264,17.725
9674,261,17.725
9675,259,16.72
9676,251,22.197
9677,248,22.197
9678,244,16.72
9679,242,16.481
9680,243,24.95
9681,245,16.481
9682,245,21.344
9683,245,25.392
9684,245,25.392
9685,240,12.989
9686,238,12.989
9687,242,19.793
9688,249,19.793
9689,251,25.377
9690,261,19.793
9691,250,22.555
9692,250,22.555
9693,255,22.555
9694,260,24.863
9695,280,24.863
9696,263,24.863
9697,261,24.863
9698,262,24.474
9699,285,18.11
9700,285,18.11
9701,286,11.956
9702,281,25.679
9703,275,25.679
9704,264,25.679
9705,258,24.336
9706,259,24.336
9707,262,24.336
9708,268,24.336
9709,240,24.336
9710,230,20.884
9711,239,20.884
9712,236,20.884
9713,234,20.184
9714,265,20.184
9715,266,20.184
9716,268,25.093
9717,270,25.093
9718,259,25.093
9719,263,23.386
9720,257,23.386
9721,271,23.386
9722,276,24.244
9723,292,24.244
9724,294,24.244
9725,304,23.386
9726,313,23.179
9727,313,23.179
9728,290,23.179
9729,291,23.179
9730,293,23.179
9731,305,23.179
9732,304,23.179
9733,305,23.179
9734,307,19.993
9735,309,19.993
9736,323,24.647
9737,316,24.647
9738,314,24.647
9739,315,24.647
9740,304,22.926
9741,286,22.926
9742,291,22.926
9743,261,22.926
9744,252,22.926
9745,236,22.926
9746,237,24.053
9747,244,24.053
9748,239,25.545
9749,228,25.545
9750,223,25.694
9751,241,25.458
9752,238,24.176
9753,230,22.63
9754,223,22.63
9755,224,23.042
9756,230,23.67
9757,242,23.042
9758,253,21.303
9759,255,21.303
9760,251,21.303
9761,251,21.303
9762,282,21.303
9763,268,24.531
9764,264,24.531
9765,238,24.531
9766,253,23.395
9767,257,20.534
9768,268,20.534
9769,263,20.534
9770,261,20.43
9771,263,18.454
9772,251,25.015
9773,256,25.015
9774,262,25.015
9775,262,25.015
9776,262,25.015
9777,257,22.819
9778,260,23.117
9779,267,22.819
9780,265,22.819
9781,257,24.782
9782,254,24.782
9783,253,24.306
9784,254,23.608
9785,249,23.608
9786,259,23.608
9787,259,23.608
9788,279,23.608
9789,277,23.608
9790,274,23.608
9791,271,22.819
9792,266,22.819
9793,242,22.819
9794,243,25.575
9795,228,25.575
9796,228,22.819
9797,224,22.819
9798,205,22.819
9799,207,25.511
9800,209,24.1
9801,209,24.883
9802,218,24.883
9803,221,24.883
9804,237,24.883
9805,236,24.883
9806,241,24.883
9807,240,24.883
9808,242,24.883
9809,240,24.991
9810,240,25.472
9811,239,25.472
9812,245,24.991
9813,250,23.446
9814,260,22.819
9815,254,22.819
9816,256,24.599
9817,252,24.599
9818,255,24.599
9819,247,24.599
9820,253,24.599
9821,248,24.599
9822,245,24.599
9823,244,24.599
9824,232,24.599
9825,237,24.399
9826,240,24.399
9827,232,23.034
9828,227,21.954
9829,228,23.682
9830,223,18.824
9831,224,18.14
9832,222,20.713
9833,246,18.14
9834,260,18.14
9835,257,21.375
9836,281,21.61
9837,288,21.61
9838,303,21.375
9839,250,22.059
9840,249,22.059
9841,253,22.059
9842,240,24.432
9843,246,21.375
9844,251,21.375
9845,238,21.375
9846,230,21.375
9847,233,21.375
9848,243,21.375
9849,238,21.392
9850,234,21.392
9851,233,23.858
9852,229,25.596
9853,252,25.596
9854,247,25.596
9855,235,23.858
9856,236,23.858
9857,226,23.858
9858,231,23.858
9859,245,23.858
9860,245,23.858
9861,250,23.858
9862,253,23.858
9863,249,23.858
9864,275,23.858
9865,283,23.858
9866,254,23.858
9867,264,23.858
9868,262,23.858
9869,258,23.858
9870,262,24.602
9871,240,24.602
9872,243,24.602
9873,244,25.47
9874,243,24.602
9875,253,24.916
9876,250,25.469
9877,255,25.469
9878,249,25.469
9879,246,25.469
9880,251,25.696
9881,250,25.696
9882,257,25.696
9883,252,25.696
9884,252,25.437
9885,238,25.699
9886,241,25.437
9887,245,25.437
9888,237,25.437
9889,277,25.437
9890,275,25.437
9891,249,25.437
9892,253,23.165
9893,261,24.779
9894,246,23.87
9895,243,23.87
9896,237,25.116
9897,239,25.102
9898,243,22.755
9899,251,22.798
9900,253,21.978
9901,260,22.949
9902,248,21.964
9903,263,24.133
9904,278,24.133
9905,283,24.593
9906,287,24.466
9907,289,24.466
9908,278,24.466
9909,285,22.496
9910,282,22.496
9911,286,22.496
9912,282,22.496
9913,289,22.496
9914,287,22.496
9915,287,22.496
9916,292,22.496
9917,280,22.496
9918,276,22.496
9919,300,22.916
9920,287,22.916
9921,263,22.807
9922,280,22.807
9923,273,22.807
9924,278,23.009
9925,263,22.807
9926,263,18.513
9927,283,18.513
9928,279,21.942
9929,268,21.942
9930,267,24.418
9931,269,24.418
9932,261,25.374
9933,247,21.482
9934,254,19.691
9935,263,20.006
9936,256,24.898
9937,276,24.898
9938,264,24.898
9939,271,24.898
9940,264,24.898
9941,265,24.898
9942,261,24.898
9943,249,24.898
9944,250,24.898
9945,259,24.898
9946,253,24.898
9947,269,24.898
9948,275,24.898
9949,270,24.898
9950,275,24.898
9951,283,24.898
9952,298,24.68
9953,279,24.68
9954,276,21.261
9955,280,21.261
9956,282,21.261
9957,283,23.228
9958,276,23.228
9959,287,23.228
9960,265,24.937
9961,257,25.655
9962,244,24.937
9963,256,24.937
9964,259,24.937
9965,263,24.618
9966,275,25.21
9967,260,25.198
9968,268,24.815
9969,256,20.316
9970,246,20.316
9971,247,18.35
9972,258,18.35
9973,263,18.35
9974,257,24.385
9975,252,24.385
9976,252,24.385
9977,242,24.385
9978,245,24.385
9979,237,24.385
9980,243,18.675
9981,232,25.73
9982,242,25.73
9983,239,25.73
9984,226,25.73
9985,230,25.73
9986,227,25.73
9987,212,25.177
9988,208,25.177
9989,212,25.177
9990,218,25.177
9991,216,25.177
9992,225,25.177
9993,230,25.177
9994,239,25.177
9995,235,25.682
9996,243,25.682
9997,261,25.177
9998,267,23.398
9999,274,19.013
