step,cut_edges,max_dev_pct
0,295,16.869
1,280,16.869
2,289,9.558
3,318,9.558
4,309,12.221
5,281,12.796
6,281,16.514
7,263,13.808
8,256,18.322
9,264,18.322
10,272,15.431
11,274,13.806
12,268,12.796
13,272,11.868
14,277,14.048
15,278,16.926
16,290,16.926
17,289,16.926
18,300,16.926
19,308,16.926
20,304,16.926
21,283,16.054
22,268,16.283
23,278,16.054
24,273,16.224
25,267,16.281
26,269,16.786
27,261,16.786
28,264,16.786
29,264,17.823
30,241,17.823
31,266,17.823
32,266,17.823
33,250,16.281
34,227,16.281
35,217,16.281
36,215,16.281
37,218,16.281
38,219,16.281
39,231,17.808
40,226,17.808
41,238,17.808
42,265,18.501
43,268,18.501
44,286,18.501
45,303,18.501
46,305,18.501
47,284,18.232
48,275,18.232
49,261,18.232
50,264,15.674
51,263,15.674
52,262,15.674
53,263,15.674
54,271,16.95
55,264,15.674
56,259,15.674
57,272,15.674
58,281,15.674
59,282,16.038
60,281,18.029
61,271,18.029
62,271,17.507
63,275,17.507
64,281,17.507
65,279,17.507
66,279,13.22
67,278,18.475
68,291,16.579
69,282,13.594
70,271,17.566
71,269,15.73
72,256,16.855
73,257,15.73
74,259,15.73
75,260,18.486
76,262,18.486
77,262,18.486
78,269,18.486
79,288,18.486
80,273,18.486
81,276,18.486
82,276,18.486
83,273,18.589
84,257,18.589
85,255,18.589
86,284,18.589
87,285,18.589
88,289,18.589
89,295,18.589
90,287,18.589
91,293,18.589
92,289,18.589
93,301,18.589
94,301,18.589
95,305,18.523
96,293,18.523
97,299,18.523
98,310,18.523
99,295,18.523
100,280,18.523
101,280,18.681
102,293,18.741
103,289,18.741
104,291,18.741
105,314,18.741
106,301,17.545
107,298,18.239
108,293,18.239
109,293,18.239
110,305,17.64
111,292,17.64
112,278,17.64
113,269,17.64
114,257,18.559
115,273,17.64
116,263,17.64
117,254,17.64
118,249,18.152
119,243,18.152
120,236,18.152
121,249,11.734
122,247,11.235
123,244,12.643
124,238,12.643
125,241,14.092
126,239,12.643
127,239,18.732
128,241,18.732
129,232,18.732
130,237,18.732
131,239,18.732
132,241,18.732
133,247,18.732
134,232,18.732
135,234,18.492
136,235,18.492
137,238,15.103
138,238,16.077
139,236,16.077
140,226,11.913
141,230,16.044
142,230,16.044
143,241,16.044
144,257,16.044
145,254,16.044
146,257,15.823
147,248,15.011
148,250,15.011
149,251,15.011
150,247,17.405
151,240,18.696
152,256,17.184
153,236,17.758
154,236,13.432
155,224,14.203
156,248,17.096
157,226,15.94
158,250,15.94
159,236,13.432
160,231,13.432
161,245,13.432
162,250,14.236
163,286,17.01
164,284,14.236
165,277,17.707
166,252,18.755
167,257,18.755
168,247,17.707
169,261,14.932
170,257,15.694
171,259,14.932
172,277,16.493
173,265,14.932
174,265,15.862
175,265,18.63
176,243,15.868
177,252,18.254
178,241,18.254
179,229,15.868
180,236,18.474
181,230,18.474
182,241,17.778
183,250,17.778
184,252,17.778
185,261,17.778
186,250,17.778
187,239,17.425
188,245,15.967
189,234,15.967
190,240,16.218
191,241,16.218
192,237,16.218
193,230,16.218
194,227,16.218
195,223,16.182
196,225,17.429
197,228,17.429
198,259,16.182
199,260,14.517
200,256,12.651
201,220,12.651
202,227,12.651
203,253,6.243
204,248,15.165
205,243,15.165
206,244,15.165
207,247,6.87
208,256,6.766
209,255,6.766
210,244,6.766
211,243,14.529
212,243,14.529
213,241,14.529
214,248,14.529
215,249,17.641
216,250,17.641
217,253,13.56
218,250,13.56
219,272,13.56
220,250,13.56
221,244,13.56
222,243,17.428
223,249,17.428
224,259,18.017
225,254,18.017
226,255,18.017
227,254,17.441
228,257,17.428
229,259,17.428
230,264,17.428
231,271,17.428
232,286,18.251
233,289,18.869
234,296,18.869
235,277,18.869
236,277,18.869
237,280,18.869
238,266,14.63
239,257,16.813
240,250,16.813
241,251,16.813
242,248,16.813
243,265,16.537
244,269,16.537
245,269,18.424
246,279,16.537
247,276,16.537
248,270,16.537
249,247,16.537
250,231,17.306
251,246,16.537
252,251,16.537
253,233,16.537
254,241,16.537
255,236,16.537
256,227,17.142
257,225,17.142
258,226,17.142
259,220,17.142
260,232,17.142
261,225,17.142
262,228,16.945
263,229,16.945
264,235,16.945
265,220,16.197
266,226,16.197
267,226,16.197
268,226,16.197
269,219,16.197
270,213,16.197
271,253,16.197
272,208,16.586
273,215,16.056
274,215,16.056
275,219,16.056
276,210,17.256
277,228,16.056
278,239,15.866
279,219,16.425
280,233,16.678
281,231,16.678
282,234,16.678
283,224,16.678
284,226,16.678
285,220,15.612
286,221,15.612
287,230,15.612
288,267,15.612
289,246,18.341
290,242,18.341
291,242,18.341
292,239,18.341
293,233,17.751
294,231,17.996
295,236,17.996
296,235,17.996
297,252,17.996
298,255,17.996
299,268,17.996
300,269,17.996
301,270,17.996
302,267,18.845
303,273,17.996
304,273,17.996
305,256,17.996
306,256,17.996
307,251,17.996
308,260,17.996
309,280,17.996
310,267,18.374
311,265,18.374
312,255,18.374
313,270,18.374
314,261,18.374
315,272,18.374
316,260,18.474
317,245,18.374
318,243,18.374
319,243,18.374
320,246,18.374
321,251,18.374
322,247,18.374
323,261,18.374
324,257,18.374
325,259,18.374
326,276,17.996
327,266,18.502
328,260,18.502
329,260,18.502
330,257,18.502
331,259,18.263
332,255,18.263
333,248,14.607
334,248,16.036
335,235,16.658
336,236,16.472
337,240,16.472
338,243,16.472
339,249,16.472
340,244,16.472
341,242,16.472
342,241,16.472
343,249,16.472
344,245,16.472
345,253,16.472
346,263,15.829
347,268,18.532
348,281,18.218
349,278,17.757
350,282,17.757
351,271,16.448
352,270,16.448
353,276,15.829
354,267,17.383
355,269,15.829
356,261,15.829
357,264,15.829
358,266,15.829
359,270,15.829
360,261,15.829
361,261,15.829
362,260,15.829
363,259,15.829
364,258,15.829
365,255,13.357
366,273,13.357
367,270,13.357
368,285,13.357
369,265,16.691
370,286,18.564
371,290,18.564
372,267,18.564
373,287,18.564
374,288,18.564
375,299,18.564
376,285,17.096
377,264,17.096
378,261,17.096
379,256,18.182
380,265,18.182
381,260,18.828
382,278,18.828
383,279,18.828
384,265,18.828
385,253,18.828
386,259,18.828
387,234,18.828
388,254,18.828
389,260,16.43
390,256,16.43
391,244,14.583
392,246,14.583
393,248,14.583
394,242,16.818
395,237,16.818
396,256,14.583
397,259,17.489
398,259,17.489
399,277,14.583
400,272,14.583
401,266,14.885
402,265,15.895
403,238,14.885
404,238,14.885
405,258,17.781
406,255,17.781
407,248,17.781
408,243,17.781
409,248,17.781
410,247,17.781
411,255,17.781
412,240,12.179
413,247,12.179
414,234,12.179
415,225,14.783
416,216,16.099
417,232,14.783
418,229,13.267
419,225,17.67
420,242,11.408
421,232,11.408
422,231,11.408
423,235,11.408
424,232,11.408
425,237,12.093
426,238,16.065
427,227,16.065
428,225,12.093
429,237,18.038
430,244,18.038
431,244,18.038
432,251,18.038
433,263,18.038
434,279,18.038
435,273,18.038
436,273,18.038
437,273,18.038
438,260,18.038
439,262,18.038
440,263,18.791
441,257,18.791
442,257,18.791
443,264,15.25
444,280,15.25
445,282,15.25
446,283,18.125
447,301,18.125
448,291,18.125
449,291,18.125
450,280,18.125
451,280,18.125
452,277,18.265
453,267,18.125
454,272,14.556
455,271,14.556
456,270,14.556
457,270,18.063
458,277,18.063
459,273,18.063
460,267,18.063
461,270,18.063
462,269,18.063
463,255,17.8
464,267,17.8
465,265,14.763
466,268,14.58
467,255,15.991
468,257,15.991
469,256,15.991
470,260,15.991
471,259,15.991
472,259,18.424
473,259,18.424
474,259,18.424
475,265,17.184
476,270,16.987
477,287,16.987
478,283,18.507
479,282,16.987
480,282,16.987
481,271,18.57
482,297,18.57
483,276,18.57
484,270,18.57
485,269,18.57
486,257,18.57
487,242,18.57
488,248,18.57
489,257,18.57
490,258,18.57
491,253,18.57
492,271,18.57
493,277,18.57
494,273,18.57
495,277,18.57
496,245,18.57
497,246,18.442
498,245,18.442
499,242,18.442
500,261,18.442
501,244,18.442
502,232,18.442
503,246,15.584
504,249,15.584
505,260,15.584
506,261,15.584
507,259,15.226
508,248,15.226
509,254,15.226
510,259,15.226
511,255,16.027
512,261,16.027
513,266,15.417
514,266,15.417
515,263,15.417
516,279,17.482
517,286,18.74
518,272,16.147
519,263,16.147
520,289,17.324
521,278,17.324
522,301,17.324
523,263,16.147
524,264,16.147
525,262,16.147
526,277,16.147
527,269,16.147
528,274,16.147
529,285,16.147
530,294,17.052
531,288,16.147
532,287,16.147
533,279,16.147
534,279,16.147
535,267,16.147
536,242,16.147
537,233,16.174
538,226,16.174
539,223,16.174
540,226,16.174
541,226,15.337
542,235,15.337
543,241,15.337
544,249,15.337
545,235,15.337
546,230,15.337
547,223,15.337
548,226,13.564
549,223,15.979
550,262,15.979
551,262,15.979
552,259,15.979
553,264,15.979
554,244,15.979
555,224,11.534
556,222,18.374
557,213,17.761
558,211,17.761
559,211,17.761
560,229,17.494
561,248,17.494
562,242,17.494
563,255,17.494
564,256,16.027
565,261,16.027
566,260,16.027
567,253,16.027
568,250,16.027
569,249,18.848
570,252,18.848
571,252,18.848
572,238,13.112
573,235,14.559
574,223,13.477
575,229,14.18
576,220,13.477
577,228,13.477
578,216,16.143
579,217,17.336
580,219,17.336
581,221,17.336
582,220,17.336
583,231,17.336
584,244,17.336
585,248,14.978
586,238,14.996
587,250,17.54
588,256,17.54
589,255,17.54
590,256,17.54
591,240,14.591
592,245,17.782
593,250,17.782
594,268,16.831
595,272,16.831
596,278,16.831
597,247,10.948
598,246,13.34
599,254,16.664
600,285,16.664
601,276,16.664
602,271,16.664
603,271,16.027
604,268,15.459
605,242,15.211
606,239,15.211
607,248,17.482
608,244,17.482
609,240,14.745
610,246,15.57
611,242,18.391
612,270,15.57
613,270,15.57
614,263,14.281
615,266,14.281
616,272,14.281
617,269,14.275
618,287,14.275
619,263,14.275
620,255,18.556
621,251,13.97
622,229,16.577
623,246,16.577
624,251,15.845
625,248,18.244
626,245,18.244
627,253,18.244
628,269,18.364
629,267,18.8
630,261,18.08
631,248,18.08
632,252,18.08
633,256,15.698
634,252,18.149
635,253,17.818
636,250,18.044
637,284,17.818
638,276,17.818
639,254,17.818
640,271,17.818
641,272,17.818
642,273,14.654
643,279,18.534
644,276,18.534
645,274,18.534
646,274,18.534
647,273,18.534
648,270,18.534
649,263,17.868
650,284,17.868
651,277,17.868
652,271,16.646
653,272,16.362
654,270,16.362
655,274,16.362
656,260,16.362
657,266,16.362
658,265,16.362
659,265,16.362
660,264,14.021
661,268,16.627
662,270,16.185
663,271,14.021
664,264,15.539
665,268,14.021
666,255,14.021
667,254,18.768
668,256,18.768
669,255,16.46
670,257,16.46
671,259,16.46
672,261,16.46
673,258,17.321
674,255,17.321
675,261,18.732
676,289,18.732
677,286,18.732
678,289,18.732
679,292,18.732
680,305,18.732
681,286,18.732
682,281,16.46
683,267,16.46
684,267,16.46
685,297,16.46
686,294,16.46
687,288,16.46
688,286,16.46
689,280,15.3
690,275,15.3
691,269,15.3
692,242,17.324
693,253,17.324
694,262,17.324
695,275,16.712
696,280,16.712
697,280,16.712
698,267,17.584
699,248,18.687
700,251,18.687
701,243,18.687
702,248,18.687
703,249,18.687
704,250,13.701
705,241,13.701
706,241,17.247
707,254,17.247
708,254,17.247
709,250,17.247
710,251,17.247
711,255,17.247
712,254,15.736
713,254,17.327
714,256,17.327
715,263,17.327
716,259,17.327
717,254,15.736
718,254,11.235
719,257,11.235
720,252,18.307
721,254,18.307
722,239,18.307
723,237,18.307
724,239,18.307
725,231,18.307
726,234,18.307
727,235,16.359
728,263,17.79
729,233,16.359
730,229,16.359
731,231,16.359
732,233,16.359
733,229,16.359
734,230,16.359
735,248,16.359
736,250,16.359
737,247,16.359
738,240,16.359
739,240,17.211
740,241,17.211
741,234,17.211
742,240,17.211
743,242,17.211
744,244,16.941
745,254,17.241
746,271,17.241
747,292,17.241
748,281,17.241
749,288,17.241
750,280,14.941
751,297,14.941
752,273,11.707
753,280,13.252
754,266,12.084
755,280,16.334
756,253,11.707
757,296,12.589
758,275,11.707
759,257,16.197
760,253,16.197
761,250,16.197
762,262,16.197
763,268,16.197
764,266,16.197
765,261,18.601
766,264,16.197
767,260,16.197
768,255,18.708
769,274,14.108
770,265,14.108
771,267,14.108
772,271,16.478
773,272,17.746
774,275,17.912
775,280,17.746
776,272,17.746
777,264,17.746
778,275,17.256
779,276,17.827
780,276,17.827
781,286,17.827
782,289,17.827
783,285,17.827
784,288,17.827
785,285,17.827
786,282,18.771
787,282,18.771
788,275,18.771
789,243,18.771
790,249,18.442
791,253,17.049
792,254,14.574
793,257,14.574
794,284,15.07
795,276,15.07
796,276,15.07
797,260,13.13
798,262,12.637
799,257,12.637
800,258,12.637
801,253,12.637
802,245,12.9
803,246,14.987
804,254,14.987
805,251,16.135
806,247,16.135
807,268,17.468
808,272,16.135
809,241,16.135
810,241,18.167
811,278,16.135
812,264,16.135
813,261,16.135
814,262,16.135
815,261,15.345
816,259,15.345
817,255,18.442
818,256,18.442
819,255,18.442
820,266,18.442
821,266,18.442
822,250,18.442
823,252,18.442
824,248,18.442
825,271,18.442
826,270,18.442
827,276,18.442
828,267,18.442
829,255,18.442
830,254,17.416
831,261,13.917
832,263,13.917
833,258,13.917
834,260,13.091
835,252,16.669
836,235,18.72
837,250,18.72
838,255,18.72
839,257,18.197
840,265,18.732
841,268,18.732
842,268,18.732
843,252,18.732
844,246,16.334
845,246,16.286
846,247,11.955
847,245,11.955
848,243,11.955
849,244,15.937
850,249,15.937
851,248,15.937
852,254,17.909
853,255,17.909
854,252,14.032
855,253,16.401
856,238,16.401
857,228,16.401
858,216,18.51
859,219,18.062
860,220,18.062
861,224,12.554
862,230,12.554
863,215,12.554
864,215,10.007
865,216,10.007
866,220,10.007
867,217,10.007
868,229,10.007
869,222,15.013
870,230,17.76
871,231,16.891
872,234,16.891
873,233,16.891
874,244,16.891
875,244,16.891
876,244,16.891
877,247,17.16
878,255,17.16
879,235,17.16
880,235,17.16
881,219,17.16
882,208,17.16
883,224,17.102
884,222,16.753
885,220,18.696
886,218,16.753
887,215,16.753
888,223,13.632
889,229,13.542
890,241,16.203
891,253,18.379
892,247,18.379
893,255,18.379
894,244,17.117
895,243,17.117
896,242,17.117
897,257,18.101
898,236,17.132
899,258,16.123
900,256,16.123
901,258,16.123
902,258,16.123
903,256,16.123
904,256,16.123
905,236,17.422
906,252,17.422
907,231,17.422
908,246,17.422
909,247,16.543
910,247,16.543
911,245,16.096
912,246,16.096
913,233,17.874
914,235,18.468
915,240,16.574
916,236,16.096
917,236,16.096
918,246,16.096
919,241,16.732
920,261,16.762
921,229,16.732
922,229,16.732
923,227,16.732
924,232,16.732
925,231,15.916
926,230,15.916
927,248,18.553
928,255,18.553
929,246,18.553
930,242,14.102
931,247,14.993
932,241,13.411
933,241,13.704
934,252,13.704
935,273,13.704
936,270,14.469
937,252,18.37
938,256,18.37
939,261,18.37
940,264,18.37
941,251,18.37
942,251,18.37
943,251,18.37
944,244,17.655
945,267,14.939
946,264,14.939
947,245,14.939
948,238,14.992
949,245,14.992
950,242,14.992
951,227,14.939
952,226,18.612
953,236,15.491
954,238,15.491
955,250,18.424
956,248,18.424
957,238,18.424
958,241,18.424
959,235,18.424
960,235,15.781
961,235,16.732
962,244,14.541
963,239,14.541
964,241,14.541
965,243,16.051
966,251,16.051
967,255,16.051
968,247,16.051
969,247,16.051
970,249,16.051
971,245,16.051
972,247,16.051
973,254,16.388
974,257,17.383
975,257,17.383
976,257,17.946
977,251,17.946
978,262,17.946
979,254,17.946
980,258,17.946
981,243,17.946
982,234,17.946
983,236,17.946
984,232,17.946
985,231,17.946
986,230,17.946
987,231,17.946
988,230,17.946
989,236,17.946
990,242,17.946
991,242,14.666
992,242,11.698
993,232,18.409
994,231,18.409
995,243,18.409
996,233,18.409
997,241,18.409
998,231,18.409
999,231,18.409
1000,227,18.409
1001,244,18.409
1002,247,18.409
1003,243,18.409
1004,236,16.262
1005,224,15.608
1006,227,15.608
1007,225,15.608
1008,244,15.608
1009,273,15.608
1010,260,17.294
1011,241,17.458
1012,239,17.294
1013,240,17.294
1014,247,17.294
1015,270,14.763
1016,275,12.945
1017,272,17.497
1018,292,15.582
1019,277,15.931
1020,258,18.346
1021,256,15.931
1022,255,15.931
1023,255,15.931
1024,257,15.931
1025,266,15.931
1026,252,15.582
1027,246,14.135
1028,258,14.852
1029,254,14.852
1030,256,14.852
1031,272,14.852
1032,263,16.033
1033,250,16.033
1034,251,16.033
1035,264,15.253
1036,260,14.852
1037,256,14.852
1038,253,14.852
1039,251,15.294
1040,244,15.294
1041,265,15.31
1042,261,15.31
1043,240,18.188
1044,247,18.188
1045,249,18.188
1046,249,18.188
1047,247,18.188
1048,254,18.188
1049,261,18.188
1050,271,18.188
1051,257,18.188
1052,264,18.188
1053,266,18.188
1054,285,17.653
1055,282,17.653
1056,277,17.653
1057,278,16.63
1058,272,16.63
1059,268,17.189
1060,270,16.594
1061,244,13.198
1062,244,13.198
1063,261,13.198
1064,263,16.914
1065,270,16.914
1066,256,16.914
1067,237,18.193
1068,249,18.193
1069,256,17.324
1070,250,17.468
1071,254,17.33
1072,253,17.33
1073,270,17.33
1074,262,17.33
1075,257,17.33
1076,252,14.156
1077,243,16.431
1078,250,16.549
1079,246,17.073
1080,239,17.073
1081,239,17.073
1082,243,18.232
1083,224,18.232
1084,228,18.232
1085,228,18.232
1086,245,18.232
1087,247,18.232
1088,247,18.232
1089,240,18.232
1090,248,18.232
1091,239,18.779
1092,233,18.779
1093,226,18.779
1094,219,18.779
1095,220,18.779
1096,233,18.779
1097,233,18.779
1098,231,18.779
1099,226,18.779
1100,230,18.779
1101,215,18.779
1102,229,16.098
1103,256,16.098
1104,254,16.098
1105,259,18.687
1106,247,16.098
1107,229,16.098
1108,232,16.098
1109,233,16.098
1110,219,16.711
1111,223,15.572
1112,220,15.572
1113,232,15.572
1114,232,15.572
1115,238,15.572
1116,262,15.543
1117,267,15.543
1118,270,18.842
1119,249,16.409
1120,276,16.46
1121,273,16.46
1122,260,15.543
1123,258,15.543
1124,268,15.543
1125,262,16.697
1126,258,16.697
1127,259,16.697
1128,247,16.697
1129,261,16.697
1130,262,16.697
1131,250,17.246
1132,245,17.246
1133,243,17.246
1134,241,17.246
1135,241,17.419
1136,244,17.419
1137,236,17.602
1138,236,17.064
1139,239,17.064
1140,250,18.46
1141,256,18.46
1142,269,18.735
1143,261,18.735
1144,238,18.735
1145,231,11.367
1146,209,13.354
1147,222,17.082
1148,223,17.082
1149,225,12.628
1150,211,17.028
1151,213,11.148
1152,228,14.601
1153,225,11.148
1154,219,11.148
1155,216,13.178
1156,224,13.178
1157,234,14.418
1158,224,16.454
1159,227,16.454
1160,233,9.663
1161,233,9.663
1162,232,12.302
1163,237,12.302
1164,220,18.507
1165,229,12.302
1166,229,12.421
1167,230,12.421
1168,225,12.421
1169,236,12.421
1170,245,12.421
1171,238,12.421
1172,255,12.421
1173,249,12.421
1174,247,12.421
1175,245,9.741
1176,236,9.741
1177,238,8.945
1178,248,12.927
1179,240,14.161
1180,240,14.161
1181,230,8.945
1182,236,6.616
1183,225,11.241
1184,228,16.821
1185,224,15.295
1186,220,15.295
1187,220,15.295
1188,217,15.295
1189,229,17.996
1190,224,17.996
1191,227,17.996
1192,226,17.996
1193,211,17.996
1194,234,17.996
1195,215,17.996
1196,231,17.996
1197,234,15.812
1198,241,15.812
1199,234,15.56
1200,225,18.678
1201,233,18.678
1202,242,18.678
1203,250,10.96
1204,277,9.591
1205,264,16.58
1206,277,16.58
1207,301,16.58
1208,297,14.757
1209,294,13.884
1210,289,13.884
1211,277,13.884
1212,280,13.884
1213,306,16.218
1214,272,13.884
1215,259,13.884
1216,258,13.115
1217,272,17.56
1218,277,13.115
1219,274,13.115
1220,298,13.115
1221,297,11.306
1222,292,14.679
1223,295,14.679
1224,305,17.94
1225,323,18.316
1226,311,18.316
1227,307,18.316
1228,295,15.343
1229,303,13.669
1230,298,15.527
1231,301,17.501
1232,320,17.91
1233,299,18.338
1234,308,17.501
1235,303,17.501
1236,294,17.501
1237,298,18.619
1238,308,18.619
1239,297,18.619
1240,295,18.619
1241,285,16.699
1242,281,16.699
1243,284,18.217
1244,281,18.217
1245,270,18.217
1246,256,18.217
1247,257,17.898
1248,238,17.898
1249,238,17.898
1250,253,12.666
1251,251,12.666
1252,261,12.666
1253,266,12.666
1254,271,18.651
1255,262,18.651
1256,260,18.651
1257,263,18.651
1258,267,18.651
1259,258,18.651
1260,263,18.651
1261,258,18.651
1262,255,18.651
1263,253,13.121
1264,251,17.623
1265,245,17.623
1266,273,17.623
1267,249,17.623
1268,255,17.623
1269,239,15.357
1270,239,15.357
1271,244,13.083
1272,243,13.083
1273,238,13.083
1274,244,13.083
1275,236,11.874
1276,251,14.104
1277,234,17.111
1278,239,16.095
1279,275,16.095
1280,271,16.095
1281,280,16.095
1282,265,16.095
1283,263,18.2
1284,265,16.095
1285,249,16.095
1286,235,16.095
1287,231,9.337
1288,250,9.337
1289,251,16.634
1290,258,16.634
1291,248,16.634
1292,243,9.259
1293,261,11.211
1294,268,14.66
1295,244,18.863
1296,251,18.292
1297,246,15.231
1298,243,15.231
1299,234,13.22
1300,231,13.22
1301,222,13.22
1302,221,13.22
1303,260,16.502
1304,266,16.502
1305,255,16.502
1306,254,16.502
1307,215,16.284
1308,214,16.284
1309,207,16.284
1310,207,16.284
1311,222,16.326
1312,226,16.326
1313,226,16.326
1314,230,16.326
1315,224,16.326
1316,249,16.326
1317,252,13.725
1318,264,18.158
1319,262,18.158
1320,269,18.158
1321,270,18.158
1322,275,18.158
1323,275,18.158
1324,250,18.158
1325,237,18.158
1326,231,12.356
1327,245,12.356
1328,245,15.889
1329,244,15.889
1330,247,15.889
1331,245,15.889
1332,246,15.889
1333,235,17.898
1334,242,14.538
1335,237,17.549
1336,252,17.549
1337,259,17.549
1338,244,17.549
1339,246,17.549
1340,249,17.549
1341,233,17.549
1342,241,17.549
1343,261,17.549
1344,267,11.594
1345,272,13.214
1346,276,17.993
1347,278,17.993
1348,275,17.993
1349,276,17.993
1350,269,17.993
1351,271,18.779
1352,267,17.013
1353,254,17.013
1354,254,17.013
1355,258,17.013
1356,275,13.994
1357,273,13.994
1358,249,16.818
1359,232,16.818
1360,240,16.818
1361,248,18.22
1362,247,18.22
1363,257,18.22
1364,259,17.722
1365,265,17.722
1366,264,17.722
1367,259,17.722
1368,260,18.256
1369,261,18.256
1370,262,18.256
1371,250,18.256
1372,250,18.256
1373,267,18.256
1374,277,18.767
1375,278,18.256
1376,268,18.256
1377,264,18.256
1378,261,18.256
1379,271,18.256
1380,249,18.496
1381,235,18.496
1382,246,18.496
1383,250,18.652
1384,243,18.652
1385,245,18.652
1386,244,18.652
1387,254,18.496
1388,250,18.496
1389,265,18.496
1390,259,18.496
1391,266,18.496
1392,278,18.483
1393,273,17.791
1394,272,17.791
1395,277,17.791
1396,259,17.791
1397,240,17.791
1398,239,17.791
1399,241,17.791
1400,241,17.791
1401,242,18.78
1402,255,18.78
1403,243,18.78
1404,246,18.78
1405,248,18.78
1406,249,17.791
1407,264,17.791
1408,273,18.618
1409,275,18.618
1410,288,18.618
1411,304,16.771
1412,306,18.412
1413,308,18.412
1414,295,17.013
1415,301,17.013
1416,296,18.257
1417,283,16.929
1418,276,16.929
1419,275,16.929
1420,271,16.929
1421,271,16.929
1422,273,16.726
1423,280,16.726
1424,295,12.837
1425,300,12.837
1426,303,12.837
1427,278,12.837
1428,281,18.253
1429,276,17.85
1430,277,17.85
1431,274,12.736
1432,287,12.736
1433,292,12.736
1434,302,17.01
1435,292,17.01
1436,288,17.01
1437,275,18.131
1438,283,18.131
1439,274,18.131
1440,262,18.131
1441,260,16.395
1442,256,15.136
1443,266,15.136
1444,266,12.533
1445,270,13.958
1446,266,18.501
1447,274,18.501
1448,281,18.501
1449,286,18.501
1450,278,18.501
1451,280,12.9
1452,259,18.182
1453,246,18.182
1454,258,12.533
1455,263,18.302
1456,268,18.8
1457,277,18.8
1458,275,12.533
1459,276,16.286
1460,271,16.286
1461,278,16.286
1462,266,16.286
1463,262,16.286
1464,256,16.286
1465,256,16.286
1466,256,16.286
1467,261,16.286
1468,260,15.712
1469,263,15.712
1470,278,18.562
1471,283,18.562
1472,283,18.562
1473,283,18.562
1474,278,18.562
1475,278,18.562
1476,283,18.562
1477,265,18.562
1478,250,17.004
1479,234,17.004
1480,255,15.853
1481,267,15.853
1482,267,15.853
1483,262,15.853
1484,250,15.31
1485,255,15.31
1486,251,15.31
1487,254,15.751
1488,262,15.827
1489,257,18.11
1490,267,18.11
1491,269,18.11
1492,261,18.532
1493,258,18.532
1494,269,18.532
1495,269,18.532
1496,274,18.532
1497,277,18.532
1498,265,16.896
1499,264,17.781
1500,265,18.806
1501,263,18.806
1502,276,18.806
1503,282,18.806
1504,284,18.806
1505,292,18.806
1506,290,18.806
1507,298,18.806
1508,292,18.806
1509,282,18.176
1510,277,18.771
1511,277,17.204
1512,284,15.901
1513,292,15.901
1514,295,15.901
1515,300,15.901
1516,304,15.901
1517,300,17.168
1518,295,14.667
1519,297,14.667
1520,282,14.667
1521,270,16.44
1522,266,16.44
1523,264,16.44
1524,258,17.27
1525,257,17.27
1526,267,18.032
1527,263,18.032
1528,267,18.032
1529,260,18.627
1530,262,18.627
1531,246,13.653
1532,251,15.115
1533,242,15.115
1534,258,15.115
1535,268,14.248
1536,278,14.248
1537,275,16.247
1538,276,16.247
1539,272,17.126
1540,289,17.126
1541,287,17.126
1542,271,17.126
1543,271,17.126
1544,281,18.672
1545,288,18.672
1546,274,18.672
1547,263,18.672
1548,276,18.672
1549,269,17.821
1550,262,17.662
1551,287,17.126
1552,275,17.126
1553,268,17.246
1554,265,17.246
1555,261,17.724
1556,248,17.724
1557,253,17.724
1558,271,17.533
1559,281,17.533
1560,286,17.533
1561,285,17.533
1562,289,17.533
1563,289,18.514
1564,280,18.514
1565,275,18.514
1566,270,17.626
1567,285,17.626
1568,300,17.626
1569,307,16.687
1570,296,16.687
1571,291,16.687
1572,291,16.687
1573,301,16.687
1574,296,18.69
1575,309,18.69
1576,300,18.69
1577,302,18.69
1578,307,18.69
1579,297,18.69
1580,301,18.69
1581,309,16.687
1582,304,16.687
1583,278,17.68
1584,270,18.015
1585,265,18.015
1586,270,18.015
1587,272,18.015
1588,284,18.015
1589,263,18.015
1590,251,18.606
1591,248,18.015
1592,234,14.475
1593,243,14.475
1594,254,17.71
1595,252,17.71
1596,251,17.71
1597,239,15.261
1598,239,18.448
1599,236,18.448
1600,232,18.448
1601,236,14.165
1602,241,14.165
1603,230,14.165
1604,241,14.165
1605,242,14.165
1606,231,15.097
1607,233,15.097
1608,234,16.69
1609,223,16.69
1610,220,14.165
1611,223,17.691
1612,224,18.35
1613,224,18.35
1614,222,18.35
1615,227,18.35
1616,227,18.35
1617,229,18.35
1618,227,18.35
1619,227,18.35
1620,217,18.35
1621,215,18.35
1622,217,18.35
1623,209,18.35
1624,217,15.993
1625,218,18.654
1626,219,17.754
1627,248,17.754
1628,248,17.754
1629,249,17.754
1630,245,18.317
1631,256,17.934
1632,256,17.754
1633,256,17.754
1634,223,17.754
1635,237,18.511
1636,229,18.511
1637,229,18.511
1638,237,18.511
1639,228,18.511
1640,232,18.511
1641,232,17.205
1642,239,17.205
1643,253,18.047
1644,261,18.047
1645,262,18.047
1646,283,16.839
1647,280,16.839
1648,281,16.839
1649,277,16.839
1650,282,8.335
1651,282,14.41
1652,285,13.594
1653,278,13.594
1654,264,15.265
1655,267,17.94
1656,269,17.94
1657,279,17.94
1658,275,17.919
1659,278,13.594
1660,281,14.177
1661,279,11.276
1662,281,17.256
1663,296,11.276
1664,280,11.276
1665,249,11.594
1666,241,11.594
1667,235,14.643
1668,229,14.643
1669,226,14.643
1670,224,16.902
1671,221,16.295
1672,220,16.295
1673,219,16.295
1674,219,14.643
1675,219,14.643
1676,237,17.689
1677,208,17.689
1678,223,14.526
1679,227,14.526
1680,238,14.526
1681,243,14.526
1682,252,17.761
1683,244,17.761
1684,233,17.761
1685,239,16.624
1686,236,14.526
1687,231,12.808
1688,232,18.776
1689,220,18.776
1690,217,18.776
1691,217,18.776
1692,209,15.603
1693,211,15.603
1694,216,15.603
1695,219,14.852
1696,217,10.766
1697,223,10.766
1698,217,18.531
1699,217,16.54
1700,218,16.185
1701,224,16.185
1702,224,13.399
1703,221,18.092
1704,222,18.558
1705,223,18.558
1706,239,18.558
1707,233,17.53
1708,244,16.194
1709,254,16.194
1710,240,16.194
1711,249,18.562
1712,248,18.562
1713,250,16.194
1714,252,18.604
1715,249,18.604
1716,238,18.604
1717,234,18.604
1718,234,17.596
1719,241,16.872
1720,237,18.385
1721,242,18.385
1722,242,18.385
1723,246,18.385
1724,253,18.385
1725,264,18.385
1726,266,18.433
1727,268,17.943
1728,254,17.943
1729,239,17.943
1730,238,17.943
1731,234,18.089
1732,231,17.943
1733,238,17.943
1734,255,11.492
1735,263,9.22
1736,263,10.288
1737,258,17.581
1738,259,17.581
1739,256,17.581
1740,267,17.581
1741,279,17.581
1742,256,16.045
1743,278,16.045
1744,274,16.045
1745,273,16.045
1746,269,17.058
1747,244,17.058
1748,252,17.058
1749,255,17.058
1750,256,11.451
1751,255,14.506
1752,248,16.52
1753,248,17.037
1754,240,17.725
1755,244,17.725
1756,244,17.725
1757,244,17.725
1758,246,17.369
1759,258,17.369
1760,261,17.369
1761,255,17.369
1762,263,17.369
1763,270,17.369
1764,280,17.369
1765,264,17.369
1766,263,16.323
1767,274,16.323
1768,271,16.323
1769,265,16.323
1770,266,17.064
1771,249,17.404
1772,254,17.404
1773,240,16.323
1774,259,18.541
1775,235,16.323
1776,235,16.323
1777,262,16.323
1778,247,17.793
1779,258,16.323
1780,260,16.323
1781,252,16.323
1782,260,16.323
1783,253,16.323
1784,250,16.323
1785,250,16.323
1786,234,16.323
1787,238,16.323
1788,273,16.323
1789,231,17.383
1790,251,16.323
1791,239,16.323
1792,248,16.986
1793,230,16.323
1794,227,16.323
1795,237,16.323
1796,235,16.323
1797,241,16.323
1798,225,18.604
1799,224,18.604
1800,225,18.604
1801,240,18.604
1802,253,18.604
1803,269,18.277
1804,273,18.277
1805,277,18.277
1806,282,18.277
1807,271,18.277
1808,266,18.277
1809,270,18.277
1810,267,18.199
1811,264,18.726
1812,266,18.726
1813,282,17.259
1814,278,17.259
1815,283,17.259
1816,286,17.259
1817,288,17.259
1818,287,17.259
1819,289,13.803
1820,288,13.803
1821,289,13.803
1822,278,13.803
1823,280,13.803
1824,263,17.724
1825,260,17.724
1826,260,15.322
1827,259,15.322
1828,258,15.322
1829,245,18.735
1830,244,18.735
1831,259,18.735
1832,256,15.05
1833,280,15.05
1834,282,18.836
1835,275,15.05
1836,269,16.849
1837,263,18.415
1838,232,18.415
1839,242,10.521
1840,278,18.361
1841,280,18.361
1842,282,18.361
1843,277,18.361
1844,276,18.361
1845,275,18.361
1846,293,17.83
1847,284,17.83
1848,279,17.83
1849,273,17.83
1850,276,17.83
1851,276,17.83
1852,286,17.83
1853,266,18.541
1854,271,18.541
1855,269,18.541
1856,275,18.541
1857,267,18.541
1858,266,18.541
1859,264,18.541
1860,251,18.541
1861,258,18.541
1862,257,18.541
1863,257,18.541
1864,236,18.541
1865,251,18.541
1866,247,18.541
1867,244,15.289
1868,244,15.289
1869,261,15.289
1870,244,16.293
1871,241,16.293
1872,248,16.293
1873,252,16.293
1874,253,16.293
1875,259,16.293
1876,259,18.427
1877,250,18.427
1878,242,13.692
1879,232,17.159
1880,256,17.159
1881,259,15.408
1882,254,15.408
1883,244,12.926
1884,240,12.926
1885,237,12.926
1886,234,13.887
1887,255,18.427
1888,283,18.427
1889,278,17.174
1890,275,16.522
1891,269,16.522
1892,269,16.522
1893,244,17.88
1894,240,17.88
1895,238,18.397
1896,236,18.397
1897,240,18.397
1898,241,18.397
1899,239,16.499
1900,237,16.499
1901,237,11.926
1902,239,11.926
1903,249,11.901
1904,247,11.901
1905,254,15.964
1906,247,15.964
1907,250,15.964
1908,255,17.404
1909,255,17.404
1910,252,12.419
1911,261,16.248
1912,247,16.248
1913,247,16.248
1914,249,18.232
1915,239,16.248
1916,242,16.248
1917,234,16.248
1918,238,10.859
1919,225,10.859
1920,233,15.866
1921,233,15.866
1922,230,18.493
1923,248,13.808
1924,249,17.961
1925,221,17.961
1926,225,17.961
1927,228,17.961
1928,234,17.961
1929,234,17.961
1930,232,17.961
1931,233,17.961
1932,224,17.961
1933,232,17.961
1934,234,17.961
1935,239,17.961
1936,238,17.961
1937,236,17.961
1938,268,17.961
1939,282,17.393
1940,282,17.393
1941,276,17.752
1942,272,17.393
1943,276,17.393
1944,279,17.88
1945,276,17.626
1946,256,16.334
1947,260,16.334
1948,263,16.334
1949,256,16.334
1950,235,16.334
1951,266,16.334
1952,266,17.365
1953,273,17.365
1954,275,17.365
1955,270,17.365
1956,279,16.334
1957,275,16.334
1958,264,16.334
1959,278,9.029
1960,254,8.73
1961,252,14.053
1962,259,14.053
1963,235,17.662
1964,268,18.101
1965,286,18.101
1966,263,18.101
1967,266,18.101
1968,270,18.101
1969,245,17.147
1970,249,17.147
1971,254,17.109
1972,267,17.109
1973,257,17.109
1974,267,18.409
1975,277,17.109
1976,294,17.109
1977,281,17.109
1978,285,15.847
1979,271,13.459
1980,281,14.263
1981,280,14.263
1982,282,14.263
1983,283,14.263
1984,272,14.263
1985,274,14.263
1986,264,14.263
1987,269,14.263
1988,297,14.263
1989,304,15.106
1990,288,17.504
1991,286,15.106
1992,282,15.106
1993,289,15.68
1994,296,15.68
1995,264,15.632
1996,255,17.186
1997,275,17.186
1998,246,17.186
1999,270,17.186
2000,265,15.632
2001,263,15.632
2002,262,15.632
2003,260,18.033
2004,259,18.033
2005,260,16.361
2006,252,16.361
2007,254,16.361
2008,265,17.132
2009,270,17.132
2010,278,17.145
2011,274,17.145
2012,270,17.132
2013,270,17.132
2014,268,17.132
2015,268,17.132
2016,279,17.132
2017,278,17.132
2018,276,17.132
2019,279,17.132
2020,268,18.436
2021,267,12.0
2022,258,17.253
2023,247,14.452
2024,265,18.026
2025,249,16.543
2026,242,17.204
2027,243,17.204
2028,225,18.122
2029,235,17.204
2030,240,17.204
2031,234,17.204
2032,230,17.204
2033,242,17.204
2034,270,16.292
2035,280,16.292
2036,272,16.292
2037,275,16.292
2038,270,13.142
2039,255,15.829
2040,291,15.829
2041,281,18.439
2042,280,18.439
2043,281,18.439
2044,265,18.439
2045,270,16.329
2046,263,18.047
2047,234,18.305
2048,234,18.305
2049,218,18.305
2050,224,18.305
2051,224,18.347
2052,228,17.274
2053,240,17.274
2054,235,17.274
2055,246,17.274
2056,247,17.274
2057,247,17.274
2058,245,17.274
2059,235,17.274
2060,242,16.818
2061,230,16.098
2062,231,16.098
2063,232,11.806
2064,227,11.806
2065,239,11.806
2066,236,14.945
2067,236,18.759
2068,236,18.759
2069,240,18.759
2070,239,18.759
2071,261,18.759
2072,264,18.759
2073,259,18.759
2074,255,18.759
2075,251,18.436
2076,254,18.329
2077,258,17.291
2078,250,17.291
2079,260,17.779
2080,273,17.779
2081,275,17.779
2082,267,15.972
2083,269,17.515
2084,271,17.515
2085,271,17.243
2086,266,17.243
2087,261,17.243
2088,269,17.243
2089,245,17.243
2090,240,17.243
2091,228,17.243
2092,227,17.243
2093,227,17.243
2094,231,17.243
2095,228,17.058
2096,224,17.933
2097,225,17.933
2098,225,17.933
2099,217,17.817
2100,218,17.817
2101,226,17.817
2102,230,17.817
2103,247,17.817
2104,239,17.817
2105,244,17.817
2106,241,17.817
2107,250,17.817
2108,258,17.817
2109,256,17.817
2110,232,17.623
2111,235,17.623
2112,241,17.623
2113,251,17.623
2114,264,17.623
2115,250,18.346
2116,249,18.346
2117,248,18.346
2118,235,17.686
2119,231,17.623
2120,239,17.623
2121,237,15.372
2122,244,16.31
2123,252,16.31
2124,256,16.31
2125,259,18.54
2126,261,18.54
2127,253,18.54
2128,259,17.324
2129,254,17.963
2130,244,17.963
2131,242,17.963
2132,248,17.963
2133,246,17.963
2134,223,17.963
2135,234,17.963
2136,235,13.073
2137,237,13.073
2138,230,13.073
2139,237,18.251
2140,242,18.251
2141,229,18.251
2142,240,18.251
2143,246,18.251
2144,233,18.251
2145,248,17.967
2146,269,17.967
2147,269,17.967
2148,269,17.967
2149,269,17.967
2150,258,17.967
2151,266,17.967
2152,267,17.967
2153,283,17.967
2154,292,13.385
2155,291,13.385
2156,301,13.385
2157,298,18.702
2158,289,18.702
2159,282,17.005
2160,289,16.956
2161,304,16.956
2162,286,17.187
2163,285,18.424
2164,288,18.46
2165,289,18.46
2166,294,18.46
2167,277,18.645
2168,272,18.645
2169,269,18.645
2170,278,18.645
2171,278,18.645
2172,260,18.645
2173,257,18.645
2174,256,16.159
2175,258,16.159
2176,239,14.26
2177,218,13.405
2178,233,13.405
2179,241,15.082
2180,224,15.082
2181,230,13.405
2182,224,14.61
2183,228,14.61
2184,230,16.401
2185,234,16.401
2186,235,16.401
2187,233,16.401
2188,233,16.401
2189,240,16.401
2190,246,16.401
2191,246,16.401
2192,257,16.401
2193,256,16.401
2194,248,16.401
2195,249,16.401
2196,241,16.401
2197,251,16.657
2198,239,16.401
2199,236,16.401
2200,224,16.401
2201,230,16.401
2202,235,16.401
2203,233,15.859
2204,230,15.859
2205,232,16.792
2206,234,16.792
2207,232,16.792
2208,237,16.792
2209,244,18.816
2210,250,18.816
2211,264,18.816
2212,259,18.816
2213,263,18.816
2214,261,18.816
2215,260,18.816
2216,255,18.816
2217,248,18.816
2218,253,18.816
2219,251,18.816
2220,269,18.816
2221,273,18.816
2222,268,18.816
2223,272,18.816
2224,269,14.9
2225,269,15.348
2226,274,16.398
2227,256,17.452
2228,252,16.398
2229,251,18.555
2230,251,18.555
2231,251,18.555
2232,253,18.555
2233,252,18.555
2234,258,18.555
2235,271,18.468
2236,282,18.468
2237,289,18.364
2238,284,18.448
2239,280,18.448
2240,277,18.448
2241,279,15.691
2242,283,15.691
2243,274,17.339
2244,269,17.339
2245,257,17.339
2246,279,13.145
2247,284,13.145
2248,285,14.38
2249,291,14.38
2250,294,14.38
2251,288,14.38
2252,271,14.38
2253,250,14.254
2254,250,18.684
2255,254,14.254
2256,254,14.254
2257,275,16.355
2258,276,16.355
2259,279,16.355
2260,264,16.355
2261,264,16.355
2262,266,16.355
2263,263,12.143
2264,258,12.143
2265,250,16.968
2266,249,16.968
2267,245,18.454
2268,240,18.454
2269,251,18.454
2270,248,18.454
2271,255,18.454
2272,234,18.454
2273,246,18.454
2274,244,13.035
2275,227,13.982
2276,234,16.059
2277,237,14.876
2278,235,14.876
2279,230,16.652
2280,225,16.652
2281,240,17.467
2282,240,17.509
2283,241,17.509
2284,239,16.983
2285,242,16.983
2286,217,16.983
2287,218,16.983
2288,222,17.805
2289,234,17.805
2290,238,17.805
2291,240,17.805
2292,243,17.805
2293,240,17.584
2294,222,17.584
2295,231,17.584
2296,256,17.584
2297,228,17.584
2298,226,17.652
2299,231,17.552
2300,246,17.552
2301,241,16.301
2302,252,16.301
2303,255,18.194
2304,248,18.194
2305,249,18.368
2306,241,18.368
2307,228,18.368
2308,221,18.368
2309,227,18.74
2310,229,18.795
2311,232,18.795
2312,236,18.795
2313,238,18.795
2314,249,18.4
2315,243,18.4
2316,232,18.4
2317,231,18.4
2318,235,18.4
2319,237,18.4
2320,233,17.937
2321,217,17.937
2322,231,16.834
2323,228,16.834
2324,229,16.834
2325,235,16.834
2326,239,17.303
2327,241,17.985
2328,235,17.303
2329,241,18.549
2330,241,15.24
2331,239,15.24
2332,250,15.24
2333,245,12.918
2334,242,12.918
2335,222,12.918
2336,227,17.814
2337,230,17.814
2338,237,15.428
2339,250,18.651
2340,260,15.428
2341,257,17.321
2342,257,17.321
2343,253,18.657
2344,242,18.657
2345,228,17.321
2346,230,17.321
2347,230,17.321
2348,235,18.391
2349,246,18.391
2350,249,18.391
2351,244,18.391
2352,243,18.391
2353,250,18.391
2354,250,18.391
2355,250,18.391
2356,247,16.075
2357,259,16.075
2358,251,16.075
2359,245,14.071
2360,257,14.071
2361,251,14.071
2362,252,14.071
2363,285,13.678
2364,243,13.678
2365,250,15.162
2366,254,16.239
2367,262,13.678
2368,253,13.678
2369,262,14.176
2370,262,14.176
2371,265,15.494
2372,256,15.494
2373,260,18.161
2374,277,18.161
2375,282,18.161
2376,290,18.161
2377,286,18.161
2378,287,18.161
2379,299,18.161
2380,306,18.161
2381,295,18.161
2382,295,18.164
2383,275,18.594
2384,292,18.164
2385,263,18.083
2386,262,14.487
2387,257,14.392
2388,271,14.392
2389,277,14.392
2390,277,14.392
2391,275,15.393
2392,279,14.392
2393,276,14.392
2394,262,14.392
2395,251,14.392
2396,262,14.392
2397,257,14.392
2398,262,14.392
2399,271,14.392
2400,268,14.699
2401,264,14.699
2402,257,15.138
2403,252,15.138
2404,246,15.138
2405,243,15.138
2406,238,14.392
2407,242,14.392
2408,243,16.065
2409,254,16.065
2410,258,15.706
2411,254,15.706
2412,252,15.706
2413,261,15.348
2414,266,14.392
2415,269,14.392
2416,265,17.82
2417,272,14.392
2418,260,14.392
2419,253,16.783
2420,255,14.392
2421,239,14.392
2422,239,17.148
2423,237,17.148
2424,233,18.49
2425,243,18.49
2426,244,18.49
2427,242,13.495
2428,241,13.495
2429,245,12.356
2430,246,12.356
2431,256,12.356
2432,254,13.525
2433,283,13.525
2434,289,13.525
2435,297,13.525
2436,283,13.976
2437,291,14.329
2438,290,14.329
2439,286,14.329
2440,290,14.329
2441,281,14.5
2442,276,14.5
2443,277,14.5
2444,285,15.997
2445,259,15.997
2446,247,18.32
2447,240,18.32
2448,239,18.32
2449,245,18.32
2450,245,18.32
2451,247,18.32
2452,269,18.32
2453,264,18.32
2454,272,15.378
2455,271,15.378
2456,266,12.616
2457,264,12.616
2458,269,12.616
2459,274,12.616
2460,274,12.616
2461,276,12.616
2462,255,13.016
2463,242,14.054
2464,244,15.052
2465,230,18.226
2466,236,18.226
2467,225,18.226
2468,234,18.226
2469,236,15.052
2470,243,15.052
2471,247,14.654
2472,237,13.701
2473,233,13.253
2474,238,13.253
2475,243,16.965
2476,242,16.965
2477,242,16.965
2478,245,16.965
2479,252,16.965
2480,246,16.965
2481,248,16.965
2482,252,16.965
2483,242,17.913
2484,233,17.913
2485,226,18.389
2486,211,18.389
2487,217,17.913
2488,221,18.069
2489,227,18.069
2490,226,18.069
2491,225,18.377
2492,228,18.377
2493,250,18.377
2494,250,18.377
2495,244,18.377
2496,246,18.377
2497,241,17.913
2498,242,17.913
2499,234,17.913
2500,241,17.913
2501,233,17.913
2502,247,17.913
2503,248,17.913
2504,246,17.913
2505,246,15.596
2506,250,15.596
2507,258,15.596
2508,251,13.531
2509,259,14.059
2510,254,13.531
2511,251,13.531
2512,244,13.531
2513,244,18.675
2514,240,18.604
2515,260,18.604
2516,269,18.604
2517,252,18.604
2518,253,17.634
2519,251,17.634
2520,260,17.634
2521,280,17.634
2522,262,17.634
2523,252,17.634
2524,243,17.634
2525,252,17.634
2526,251,17.634
2527,251,17.634
2528,263,17.634
2529,257,17.634
2530,251,16.392
2531,249,16.392
2532,245,16.392
2533,246,16.392
2534,248,16.392
2535,253,16.392
2536,255,16.392
2537,246,18.11
2538,240,18.11
2539,229,18.806
2540,219,18.806
2541,226,18.806
2542,267,17.234
2543,253,18.513
2544,238,18.513
2545,220,17.473
2546,226,17.473
2547,233,18.226
2548,231,18.567
2549,225,18.567
2550,239,18.534
2551,252,18.534
2552,267,18.534
2553,271,17.031
2554,252,17.031
2555,257,17.031
2556,248,17.031
2557,247,17.031
2558,249,17.031
2559,254,14.873
2560,243,17.374
2561,253,17.374
2562,254,17.374
2563,242,17.374
2564,247,18.283
2565,241,17.374
2566,265,17.374
2567,260,16.666
2568,259,16.215
2569,272,16.215
2570,271,16.215
2571,275,13.509
2572,268,11.669
2573,263,11.669
2574,263,11.223
2575,260,14.696
2576,264,17.447
2577,260,17.447
2578,275,14.128
2579,262,17.3
2580,258,17.3
2581,256,14.954
2582,277,17.647
2583,258,17.647
2584,258,17.647
2585,254,17.647
2586,259,18.006
2587,266,18.006
2588,274,18.006
2589,272,18.006
2590,263,18.006
2591,272,18.006
2592,265,18.006
2593,266,18.006
2594,264,18.006
2595,256,18.006
2596,258,18.006
2597,258,18.006
2598,251,18.006
2599,252,18.006
2600,257,18.006
2601,257,18.006
2602,236,18.825
2603,237,18.825
2604,243,18.825
2605,239,14.476
2606,233,15.54
2607,246,18.415
2608,246,18.415
2609,242,18.415
2610,227,18.263
2611,230,18.263
2612,237,18.263
2613,286,18.263
2614,237,18.263
2615,237,18.263
2616,237,18.263
2617,234,16.616
2618,244,16.616
2619,257,16.616
2620,264,17.599
2621,253,16.616
2622,251,16.616
2623,256,16.616
2624,255,16.616
2625,268,17.82
2626,256,16.616
2627,256,16.616
2628,250,18.392
2629,257,18.392
2630,261,18.392
2631,261,18.392
2632,260,18.392
2633,258,18.392
2634,270,18.392
2635,264,18.392
2636,258,18.392
2637,264,16.8
2638,269,16.8
2639,266,13.707
2640,284,13.707
2641,281,12.47
2642,279,15.551
2643,257,13.267
2644,262,13.267
2645,265,13.267
2646,268,18.78
2647,263,18.78
2648,276,18.78
2649,265,18.78
2650,276,13.244
2651,272,13.244
2652,288,13.244
2653,291,16.549
2654,280,15.079
2655,273,15.079
2656,278,15.079
2657,286,15.079
2658,256,16.364
2659,256,16.364
2660,246,16.152
2661,244,15.079
2662,252,15.079
2663,270,18.579
2664,273,18.579
2665,283,18.579
2666,280,18.579
2667,280,18.579
2668,272,18.579
2669,265,18.579
2670,266,18.579
2671,269,18.579
2672,267,18.579
2673,273,18.579
2674,271,18.579
2675,266,18.579
2676,268,18.579
2677,249,18.454
2678,247,18.454
2679,256,18.454
2680,261,15.402
2681,260,17.028
2682,261,17.028
2683,251,17.028
2684,246,18.586
2685,252,18.586
2686,254,15.292
2687,263,10.261
2688,252,9.205
2689,251,16.962
2690,254,16.962
2691,263,16.962
2692,268,17.886
2693,263,17.886
2694,276,6.632
2695,257,10.323
2696,258,10.589
2697,253,10.589
2698,266,17.16
2699,269,17.16
2700,270,17.16
2701,281,17.76
2702,272,17.16
2703,270,17.16
2704,268,17.16
2705,258,15.091
2706,274,15.588
2707,289,14.251
2708,267,11.659
2709,253,16.43
2710,249,16.43
2711,234,16.43
2712,220,16.43
2713,235,16.43
2714,254,16.43
2715,258,16.43
2716,261,16.43
2717,259,16.43
2718,272,12.344
2719,269,15.465
2720,244,17.016
2721,243,15.465
2722,227,15.465
2723,231,15.465
2724,236,15.465
2725,243,15.465
2726,226,15.465
2727,225,16.356
2728,227,14.757
2729,235,16.087
2730,228,16.087
2731,239,18.465
2732,230,18.465
2733,235,17.291
2734,239,17.291
2735,241,17.291
2736,248,16.908
2737,251,16.908
2738,252,17.07
2739,252,17.07
2740,256,18.229
2741,290,15.748
2742,275,15.414
2743,250,17.416
2744,259,17.416
2745,244,17.416
2746,238,17.96
2747,242,17.96
2748,257,15.414
2749,257,15.414
2750,245,16.215
2751,253,16.215
2752,238,16.31
2753,233,16.31
2754,229,18.854
2755,241,18.854
2756,248,18.854
2757,238,18.854
2758,238,18.854
2759,239,18.854
2760,239,18.854
2761,235,18.854
2762,226,18.854
2763,220,18.854
2764,225,18.854
2765,232,18.851
2766,248,18.851
2767,248,18.851
2768,248,18.851
2769,269,18.851
2770,269,18.851
2771,263,18.851
2772,252,16.302
2773,254,16.302
2774,267,16.302
2775,266,16.302
2776,270,16.302
2777,261,16.302
2778,259,16.302
2779,264,15.013
2780,265,15.013
2781,261,15.013
2782,261,14.122
2783,264,16.209
2784,252,16.209
2785,268,16.209
2786,269,15.468
2787,245,18.532
2788,235,18.532
2789,246,13.964
2790,279,13.964
2791,275,15.866
2792,271,15.866
2793,272,15.866
2794,267,15.866
2795,238,15.866
2796,236,15.866
2797,232,15.866
2798,227,18.791
2799,230,18.791
2800,240,18.791
2801,231,18.791
2802,233,18.791
2803,231,17.689
2804,235,17.689
2805,243,17.689
2806,240,17.689
2807,248,17.689
2808,247,13.249
2809,247,13.249
2810,253,13.249
2811,244,13.249
2812,255,13.249
2813,254,13.249
2814,258,13.249
2815,257,15.916
2816,257,15.916
2817,253,15.916
2818,252,15.916
2819,251,15.916
2820,260,15.916
2821,264,15.916
2822,259,15.916
2823,242,11.264
2824,244,11.773
2825,237,14.496
2826,237,14.496
2827,242,11.657
2828,244,17.114
2829,233,16.525
2830,224,11.657
2831,236,11.657
2832,236,9.008
2833,239,14.774
2834,241,14.774
2835,241,14.774
2836,254,12.72
2837,248,12.439
2838,246,9.244
2839,253,9.244
2840,267,8.816
2841,269,8.79
2842,241,14.095
2843,243,18.702
2844,249,17.157
2845,248,16.649
2846,248,16.649
2847,254,16.2
2848,263,15.978
2849,262,13.689
2850,248,13.689
2851,244,13.689
2852,244,13.689
2853,246,17.465
2854,229,17.465
2855,231,17.465
2856,234,17.465
2857,231,14.499
2858,231,14.499
2859,226,16.801
2860,237,16.801
2861,231,16.801
2862,231,12.75
2863,238,18.352
2864,231,13.288
2865,224,14.075
2866,239,14.075
2867,237,14.075
2868,248,13.309
2869,251,13.309
2870,254,13.309
2871,244,13.309
2872,247,13.309
2873,248,18.833
2874,253,18.833
2875,236,18.833
2876,226,13.309
2877,232,13.486
2878,231,13.309
2879,233,13.309
2880,223,13.309
2881,237,15.698
2882,248,17.972
2883,248,17.972
2884,238,17.972
2885,243,18.711
2886,246,18.711
2887,250,17.972
2888,269,17.972
2889,261,17.972
2890,255,18.514
2891,260,18.514
2892,258,18.514
2893,263,18.514
2894,265,14.484
2895,266,14.484
2896,270,18.738
2897,268,11.878
2898,270,11.878
2899,258,16.298
2900,250,17.264
2901,251,17.264
2902,261,12.843
2903,259,12.843
2904,237,12.843
2905,245,15.922
2906,243,15.922
2907,240,15.922
2908,244,15.922
2909,236,17.33
2910,254,17.33
2911,263,17.33
2912,264,17.33
2913,270,15.802
2914,245,15.802
2915,247,15.802
2916,246,15.802
2917,247,15.802
2918,245,15.512
2919,246,15.512
2920,243,15.512
2921,259,15.512
2922,243,15.512
2923,243,15.512
2924,254,15.512
2925,252,16.972
2926,267,16.972
2927,264,15.189
2928,264,15.189
2929,258,17.667
2930,240,17.667
2931,244,17.667
2932,253,17.667
2933,269,16.4
2934,274,17.892
2935,255,17.892
2936,283,17.892
2937,256,17.892
2938,266,17.892
2939,267,17.892
2940,259,17.892
2941,264,17.892
2942,269,14.586
2943,274,17.949
2944,275,14.532
2945,278,14.532
2946,267,14.532
2947,267,14.532
2948,256,14.532
2949,263,14.532
2950,261,9.895
2951,259,17.5
2952,254,15.372
2953,257,17.44
2954,248,17.44
2955,225,18.642
2956,231,18.642
2957,232,18.717
2958,234,18.717
2959,233,18.642
2960,248,18.642
2961,241,18.642
2962,236,18.642
2963,245,16.98
2964,267,16.98
2965,268,16.98
2966,241,16.98
2967,251,16.98
2968,256,18.28
2969,251,16.98
2970,252,18.343
2971,247,18.343
2972,260,18.343
2973,247,18.343
2974,258,18.343
2975,259,15.877
2976,264,17.407
2977,253,15.877
2978,262,17.664
2979,256,17.664
2980,260,17.676
2981,253,17.676
2982,248,17.676
2983,252,17.676
2984,244,14.945
2985,242,14.945
2986,240,14.945
2987,239,13.976
2988,238,15.821
2989,248,15.821
2990,250,15.821
2991,258,15.821
2992,257,15.821
2993,254,17.082
2994,260,17.082
2995,239,17.082
2996,238,17.082
2997,238,17.082
2998,237,17.082
2999,258,17.259
3000,258,17.259
3001,259,17.259
3002,250,17.259
3003,255,17.259
3004,245,17.259
3005,247,17.259
3006,240,17.259
3007,230,14.275
3008,223,17.103
3009,219,17.518
3010,212,17.518
3011,225,17.518
3012,223,17.518
3013,237,17.518
3014,226,18.471
3015,228,17.518
3016,233,14.993
3017,240,14.993
3018,271,14.993
3019,274,14.122
3020,250,14.122
3021,247,14.122
3022,238,14.122
3023,254,14.122
3024,257,12.527
3025,243,12.527
3026,233,14.089
3027,260,15.192
3028,253,14.089
3029,226,14.089
3030,224,14.089
3031,237,14.089
3032,241,14.089
3033,238,14.089
3034,249,16.815
3035,248,16.815
3036,251,16.815
3037,247,16.561
3038,243,16.561
3039,258,17.189
3040,264,16.561
3041,253,18.465
3042,236,18.465
3043,242,15.339
3044,224,16.021
3045,242,18.167
3046,250,18.167
3047,251,18.167
3048,249,18.167
3049,248,18.167
3050,255,18.167
3051,247,18.827
3052,228,18.827
3053,222,18.827
3054,240,17.432
3055,242,16.534
3056,249,18.376
3057,243,18.376
3058,249,18.376
3059,243,18.376
3060,239,16.412
3061,241,18.11
3062,232,18.188
3063,237,18.188
3064,236,18.188
3065,259,18.188
3066,269,18.188
3067,275,18.11
3068,255,18.11
3069,269,16.866
3070,270,14.452
3071,273,14.452
3072,273,14.452
3073,260,14.452
3074,252,14.452
3075,252,14.452
3076,258,18.436
3077,257,18.436
3078,260,16.152
3079,257,18.863
3080,250,18.863
3081,266,17.578
3082,257,17.748
3083,256,18.594
3084,256,18.594
3085,256,18.594
3086,251,18.594
3087,238,18.594
3088,232,18.594
3089,245,18.594
3090,234,18.594
3091,238,18.594
3092,235,18.594
3093,240,18.594
3094,256,18.594
3095,253,18.594
3096,272,18.594
3097,266,18.594
3098,258,18.594
3099,268,18.594
3100,288,18.696
3101,276,18.621
3102,276,18.621
3103,261,18.621
3104,275,18.621
3105,275,18.621
3106,260,18.621
3107,249,18.621
3108,248,18.621
3109,243,18.594
3110,247,18.594
3111,257,18.068
3112,252,18.068
3113,262,18.068
3114,277,18.068
3115,284,18.068
3116,278,18.068
3117,279,18.068
3118,284,18.068
3119,279,18.068
3120,285,12.057
3121,271,12.724
3122,258,12.724
3123,253,13.381
3124,259,12.724
3125,285,13.193
3126,273,12.057
3127,279,17.016
3128,278,16.116
3129,285,16.116
3130,273,16.116
3131,263,12.057
3132,255,11.495
3133,251,13.555
3134,245,13.555
3135,258,18.208
3136,256,18.208
3137,261,18.208
3138,258,18.208
3139,259,17.658
3140,258,17.658
3141,267,18.108
3142,255,18.108
3143,250,18.108
3144,251,18.108
3145,253,18.552
3146,260,18.552
3147,254,18.108
3148,260,18.108
3149,264,18.108
3150,273,18.108
3151,266,15.156
3152,270,18.78
3153,281,18.78
3154,285,18.78
3155,281,18.78
3156,269,17.022
3157,271,17.022
3158,286,17.022
3159,290,16.517
3160,287,16.517
3161,295,13.824
3162,281,13.824
3163,267,13.291
3164,245,13.291
3165,246,13.291
3166,255,13.291
3167,255,18.66
3168,255,18.66
3169,246,18.66
3170,265,18.66
3171,263,17.685
3172,267,17.685
3173,254,18.797
3174,251,18.797
3175,247,18.797
3176,246,18.806
3177,236,18.806
3178,255,11.223
3179,235,11.51
3180,236,14.55
3181,238,15.506
3182,241,14.55
3183,244,17.557
3184,245,17.557
3185,253,17.557
3186,246,18.377
3187,243,18.377
3188,248,17.557
3189,241,17.557
3190,241,14.464
3191,243,14.464
3192,259,14.464
3193,253,14.464
3194,247,14.464
3195,250,16.442
3196,255,17.142
3197,243,17.142
3198,241,16.442
3199,255,16.442
3200,259,16.442
3201,264,16.442
3202,258,16.442
3203,259,15.978
3204,267,16.735
3205,261,16.735
3206,262,17.235
3207,283,17.235
3208,280,17.235
3209,280,18.55
3210,288,18.55
3211,288,18.55
3212,287,18.55
3213,285,18.55
3214,280,18.55
3215,281,18.55
3216,264,18.55
3217,269,18.55
3218,265,18.55
3219,258,18.55
3220,266,17.575
3221,271,17.575
3222,253,15.13
3223,255,15.13
3224,235,15.13
3225,228,18.364
3226,225,18.364
3227,264,18.353
3228,261,18.365
3229,267,18.365
3230,257,18.365
3231,259,18.579
3232,231,18.579
3233,241,18.579
3234,229,18.579
3235,232,18.579
3236,245,18.579
3237,249,18.579
3238,247,18.579
3239,229,18.752
3240,240,14.164
3241,251,12.255
3242,260,12.255
3243,243,18.511
3244,244,18.511
3245,241,18.511
3246,246,18.48
3247,248,17.934
3248,245,17.934
3249,249,17.934
3250,259,17.934
3251,252,17.934
3252,249,17.934
3253,258,17.934
3254,238,17.934
3255,242,17.934
3256,241,17.934
3257,240,17.934
3258,243,17.934
3259,240,17.934
3260,240,17.934
3261,254,17.934
3262,252,17.934
3263,264,17.934
3264,279,17.934
3265,267,17.934
3266,269,17.934
3267,261,17.934
3268,259,17.715
3269,252,17.715
3270,258,15.623
3271,246,15.623
3272,248,16.296
3273,249,15.895
3274,255,15.895
3275,249,15.623
3276,242,15.623
3277,249,16.586
3278,271,16.586
3279,299,18.116
3280,291,18.116
3281,275,18.116
3282,281,18.116
3283,271,18.116
3284,257,18.439
3285,253,16.591
3286,254,16.591
3287,241,16.591
3288,232,16.586
3289,222,16.586
3290,220,16.586
3291,224,16.586
3292,235,16.586
3293,238,16.586
3294,230,16.586
3295,234,16.586
3296,222,17.566
3297,217,16.586
3298,212,17.082
3299,213,17.082
3300,216,18.514
3301,239,18.514
3302,224,18.514
3303,253,18.514
3304,257,18.514
3305,234,18.514
3306,228,18.514
3307,227,16.242
3308,236,16.242
3309,229,16.242
3310,229,16.242
3311,235,16.242
3312,248,16.242
3313,251,14.882
3314,248,14.882
3315,272,14.882
3316,249,18.558
3317,291,16.7
3318,266,14.882
3319,252,14.882
3320,255,15.461
3321,257,15.461
3322,257,15.461
3323,254,15.461
3324,270,15.461
3325,273,18.244
3326,275,18.244
3327,273,18.558
3328,281,18.558
3329,283,18.558
3330,268,18.558
3331,268,18.558
3332,269,18.244
3333,259,17.904
3334,261,16.404
3335,266,18.292
3336,290,18.292
3337,260,15.985
3338,261,15.985
3339,277,15.985
3340,274,15.985
3341,298,15.985
3342,283,16.286
3343,272,17.898
3344,287,17.898
3345,293,13.672
3346,279,17.561
3347,272,17.561
3348,267,17.561
3349,261,17.561
3350,259,15.638
3351,290,15.758
3352,260,17.725
3353,269,11.576
3354,272,11.576
3355,263,11.576
3356,247,11.576
3357,261,11.576
3358,259,11.576
3359,275,11.576
3360,279,17.715
3361,277,17.715
3362,277,18.812
3363,257,18.812
3364,271,18.812
3365,271,18.812
3366,273,14.096
3367,277,12.694
3368,270,12.694
3369,268,12.694
3370,266,12.694
3371,266,17.853
3372,264,11.534
3373,271,11.423
3374,275,11.423
3375,283,17.144
3376,287,17.144
3377,282,17.144
3378,288,17.144
3379,281,17.144
3380,278,15.766
3381,271,15.766
3382,263,15.766
3383,257,16.49
3384,263,17.396
3385,259,15.766
3386,268,15.766
3387,259,15.494
3388,251,15.734
3389,253,15.734
3390,260,16.703
3391,284,16.703
3392,277,10.01
3393,275,13.426
3394,260,13.426
3395,269,16.727
3396,262,13.426
3397,282,13.917
3398,282,13.917
3399,283,13.917
3400,283,13.917
3401,274,13.917
3402,279,18.32
3403,285,18.32
3404,268,18.32
3405,273,18.32
3406,287,18.32
3407,288,18.32
3408,282,18.32
3409,279,18.32
3410,278,18.32
3411,284,18.32
3412,284,18.32
3413,284,18.32
3414,265,18.32
3415,241,13.928
3416,238,13.928
3417,234,13.465
3418,237,12.394
3419,237,15.465
3420,240,18.033
3421,242,18.033
3422,234,18.033
3423,246,18.033
3424,231,18.033
3425,246,18.033
3426,243,18.033
3427,247,18.033
3428,265,18.033
3429,268,18.033
3430,270,17.643
3431,288,17.643
3432,277,17.643
3433,277,17.643
3434,280,17.643
3435,275,17.643
3436,279,17.643
3437,278,18.383
3438,257,17.643
3439,251,18.128
3440,253,18.128
3441,259,17.643
3442,258,17.643
3443,256,17.614
3444,269,16.209
3445,251,16.209
3446,235,17.796
3447,241,16.209
3448,245,17.315
3449,245,17.315
3450,238,17.315
3451,222,16.209
3452,227,16.854
3453,227,16.854
3454,242,14.658
3455,242,14.658
3456,229,18.851
3457,240,18.851
3458,240,18.851
3459,228,18.851
3460,225,18.851
3461,223,18.851
3462,228,18.851
3463,223,18.851
3464,227,18.851
3465,221,18.851
3466,239,18.851
3467,240,18.851
3468,238,18.851
3469,241,18.851
3470,272,18.851
3471,274,18.851
3472,281,18.851
3473,283,18.637
3474,285,18.72
3475,278,18.72
3476,261,18.72
3477,267,18.72
3478,280,18.72
3479,275,18.72
3480,280,18.72
3481,280,18.72
3482,280,17.82
3483,265,10.231
3484,245,10.231
3485,248,11.814
3486,245,11.814
3487,249,15.904
3488,250,15.904
3489,249,15.904
3490,257,15.904
3491,257,15.904
3492,256,14.38
3493,249,14.38
3494,238,18.51
3495,246,18.51
3496,241,18.51
3497,245,18.51
3498,235,18.51
3499,236,18.51
3500,237,18.51
3501,249,18.51
3502,234,18.51
3503,235,18.51
3504,239,17.994
3505,244,17.994
3506,232,17.994
3507,232,17.647
3508,230,18.161
3509,230,18.161
3510,232,17.836
3511,235,17.836
3512,239,17.836
3513,241,17.836
3514,248,17.836
3515,245,17.836
3516,245,17.836
3517,246,17.836
3518,257,17.836
3519,254,17.836
3520,259,17.836
3521,262,13.949
3522,264,18.241
3523,258,13.949
3524,281,14.657
3525,280,14.657
3526,254,18.119
3527,258,18.286
3528,271,18.546
3529,267,18.546
3530,261,18.546
3531,264,18.546
3532,260,18.546
3533,242,15.665
3534,263,17.605
3535,263,17.605
3536,281,17.605
3537,273,17.895
3538,274,17.895
3539,270,17.255
3540,271,18.113
3541,273,18.113
3542,258,18.113
3543,260,18.113
3544,260,18.113
3545,253,18.113
3546,259,18.113
3547,253,18.113
3548,255,18.113
3549,250,18.702
3550,243,18.702
3551,238,18.702
3552,238,18.702
3553,229,18.645
3554,228,18.645
3555,237,18.17
3556,234,18.17
3557,233,18.235
3558,237,18.331
3559,236,18.331
3560,239,18.331
3561,243,18.331
3562,241,18.331
3563,237,18.331
3564,235,18.331
3565,239,18.331
3566,228,18.331
3567,234,17.22
3568,249,17.22
3569,262,17.365
3570,249,18.797
3571,228,17.446
3572,227,17.446
3573,232,17.446
3574,240,17.446
3575,247,17.22
3576,248,17.22
3577,262,17.22
3578,268,17.354
3579,260,17.354
3580,263,17.354
3581,260,17.22
3582,260,17.22
3583,264,17.22
3584,266,17.22
3585,268,17.907
3586,257,17.907
3587,250,17.907
3588,255,17.22
3589,267,17.22
3590,264,17.22
3591,261,17.22
3592,271,17.22
3593,268,18.017
3594,240,18.017
3595,251,18.017
3596,258,17.309
3597,241,17.919
3598,226,17.919
3599,238,17.919
3600,237,17.919
3601,246,17.919
3602,245,18.286
3603,238,17.919
3604,240,17.919
3605,243,17.919
3606,245,17.919
3607,245,17.22
3608,260,17.22
3609,271,17.22
3610,291,17.22
3611,266,17.22
3612,268,17.22
3613,260,17.3
3614,268,17.3
3615,272,17.3
3616,269,17.3
3617,278,17.3
3618,286,17.22
3619,271,17.22
3620,269,17.22
3621,272,17.22
3622,255,18.301
3623,261,18.301
3624,239,18.301
3625,244,17.697
3626,243,17.22
3627,243,18.592
3628,241,18.592
3629,248,18.592
3630,243,18.592
3631,241,18.592
3632,244,18.592
3633,241,18.592
3634,250,17.764
3635,248,17.764
3636,252,17.207
3637,259,15.987
3638,253,18.101
3639,260,18.101
3640,255,18.101
3641,261,18.101
3642,263,17.847
3643,270,16.866
3644,247,16.866
3645,239,16.866
3646,232,18.577
3647,237,17.967
3648,235,17.967
3649,249,17.967
3650,260,18.232
3651,250,17.967
3652,266,17.967
3653,273,17.967
3654,273,17.967
3655,264,17.967
3656,264,13.352
3657,274,13.348
3658,274,13.348
3659,270,12.819
3660,270,14.26
3661,269,12.819
3662,270,17.608
3663,262,17.608
3664,265,17.608
3665,263,17.608
3666,273,17.608
3667,263,17.608
3668,260,13.791
3669,254,13.791
3670,250,13.791
3671,252,15.025
3672,253,16.717
3673,250,17.82
3674,249,17.82
3675,240,17.82
3676,242,17.697
3677,236,17.697
3678,234,17.697
3679,240,16.104
3680,239,14.352
3681,238,14.352
3682,254,18.268
3683,252,18.268
3684,249,18.268
3685,251,18.268
3686,265,18.268
3687,273,18.268
3688,279,18.268
3689,284,18.268
3690,293,18.268
3691,293,18.268
3692,308,18.268
3693,294,18.268
3694,292,18.268
3695,297,18.268
3696,298,18.268
3697,281,18.268
3698,277,18.268
3699,270,18.268
3700,274,18.268
3701,265,17.954
3702,276,17.954
3703,278,18.586
3704,274,18.586
3705,264,18.586
3706,250,17.96
3707,238,12.431
3708,248,10.572
3709,243,15.455
3710,247,15.455
3711,246,16.685
3712,262,16.685
3713,241,16.685
3714,246,16.685
3715,248,16.685
3716,257,16.685
3717,252,16.685
3718,246,16.685
3719,248,14.239
3720,252,14.591
3721,268,17.856
3722,256,17.856
3723,269,17.931
3724,259,17.931
3725,260,17.931
3726,257,17.931
3727,249,17.727
3728,248,18.412
3729,244,17.727
3730,250,17.727
3731,248,17.727
3732,242,17.727
3733,248,17.727
3734,245,17.342
3735,236,14.473
3736,227,14.473
3737,229,15.868
3738,229,15.868
3739,241,10.336
3740,243,10.336
3741,238,18.182
3742,238,10.261
3743,236,10.261
3744,243,16.789
3745,246,16.789
3746,258,16.789
3747,277,16.789
3748,262,15.662
3749,248,16.039
3750,245,16.039
3751,246,15.662
3752,248,15.662
3753,241,17.407
3754,270,18.774
3755,269,18.774
3756,249,17.407
3757,250,17.407
3758,254,17.407
3759,251,17.407
3760,245,17.407
3761,240,17.551
3762,241,17.551
3763,244,17.551
3764,246,17.112
3765,257,17.112
3766,255,13.545
3767,253,13.545
3768,255,13.545
3769,256,16.857
3770,265,16.857
3771,273,13.832
3772,278,15.333
3773,271,17.136
3774,281,17.136
3775,269,17.136
3776,269,16.73
3777,269,16.67
3778,277,16.972
3779,277,16.972
3780,275,16.972
3781,263,16.972
3782,250,17.543
3783,248,18.553
3784,256,15.333
3785,242,15.333
3786,233,15.333
3787,235,17.216
3788,232,14.146
3789,235,14.146
3790,226,11.46
3791,229,12.17
3792,229,15.174
3793,243,10.637
3794,266,10.637
3795,262,10.637
3796,266,10.404
3797,238,18.481
3798,230,9.478
3799,227,13.938
3800,218,13.938
3801,218,13.938
3802,212,11.548
3803,239,17.599
3804,230,17.599
3805,236,17.599
3806,226,15.118
3807,227,18.517
3808,227,18.517
3809,230,18.517
3810,219,13.689
3811,228,13.689
3812,247,13.689
3813,251,17.028
3814,232,17.028
3815,235,17.028
3816,230,17.028
3817,247,17.028
3818,253,18.211
3819,243,18.376
3820,249,18.376
3821,252,18.376
3822,230,18.376
3823,243,18.376
3824,241,18.376
3825,238,18.376
3826,229,18.376
3827,238,18.376
3828,228,18.376
3829,236,18.607
3830,243,18.607
3831,249,18.607
3832,235,18.607
3833,263,18.412
3834,260,18.412
3835,281,18.412
3836,268,18.412
3837,265,17.229
3838,266,17.229
3839,263,17.217
3840,263,17.217
3841,254,16.558
3842,258,16.558
3843,275,16.558
3844,262,16.558
3845,270,16.356
3846,261,16.356
3847,269,16.356
3848,264,16.356
3849,268,16.356
3850,275,16.356
3851,276,16.401
3852,299,18.564
3853,295,18.564
3854,299,18.564
3855,300,18.564
3856,289,18.564
3857,260,18.525
3858,256,17.94
3859,259,17.94
3860,248,17.94
3861,248,17.94
3862,261,17.94
3863,259,18.039
3864,271,16.401
3865,274,18.561
3866,275,18.561
3867,275,18.561
3868,258,18.561
3869,271,11.901
3870,272,11.901
3871,271,15.437
3872,264,15.437
3873,268,15.437
3874,267,15.437
3875,267,18.556
3876,262,16.359
3877,260,16.359
3878,268,17.865
3879,263,17.865
3880,253,17.865
3881,252,17.865
3882,252,17.865
3883,249,17.865
3884,245,17.865
3885,235,17.865
3886,238,17.865
3887,229,17.865
3888,227,17.865
3889,226,17.865
3890,236,18.218
3891,250,18.218
3892,251,18.218
3893,263,18.454
3894,245,18.218
3895,248,18.218
3896,246,17.276
3897,267,17.276
3898,267,17.276
3899,269,17.276
3900,274,17.377
3901,263,17.709
3902,263,17.709
3903,261,17.709
3904,256,17.709
3905,249,17.709
3906,250,17.709
3907,254,17.709
3908,257,17.709
3909,255,17.53
3910,248,17.53
3911,255,17.53
3912,261,17.53
3913,264,17.53
3914,250,17.53
3915,259,13.799
3916,253,13.536
3917,248,13.536
3918,241,13.536
3919,236,16.352
3920,246,16.352
3921,248,16.352
3922,256,16.352
3923,259,11.698
3924,259,14.84
3925,262,18.22
3926,264,14.84
3927,270,17.145
3928,246,17.145
3929,237,17.145
3930,236,17.145
3931,236,15.5
3932,223,15.109
3933,243,15.109
3934,231,15.109
3935,241,15.109
3936,236,16.035
3937,241,15.109
3938,239,15.109
3939,241,18.819
3940,239,14.302
3941,242,17.342
3942,246,17.342
3943,247,17.342
3944,250,18.577
3945,243,17.148
3946,262,17.674
3947,267,17.999
3948,250,17.999
3949,252,17.674
3950,251,17.674
3951,266,17.247
3952,263,17.247
3953,259,17.247
3954,264,17.247
3955,264,17.247
3956,238,14.503
3957,252,14.503
3958,254,12.717
3959,256,15.342
3960,258,15.342
3961,254,15.342
3962,266,15.342
3963,256,15.342
3964,255,15.342
3965,255,15.342
3966,247,15.342
3967,247,15.485
3968,249,15.485
3969,243,16.547
3970,242,16.547
3971,240,16.547
3972,243,16.547
3973,244,16.547
3974,253,13.896
3975,249,14.732
3976,257,14.732
3977,260,17.769
3978,257,14.732
3979,256,10.918
3980,258,18.044
3981,261,16.084
3982,268,10.03
3983,269,13.055
3984,263,13.055
3985,263,13.055
3986,264,15.896
3987,262,15.896
3988,253,16.452
3989,246,16.452
3990,240,13.055
3991,245,13.055
3992,248,13.055
3993,262,13.055
3994,266,12.389
3995,256,15.757
3996,248,15.757
3997,248,15.757
3998,246,15.757
3999,237,18.576
4000,239,16.46
4001,233,16.46
4002,267,17.731
4003,264,17.731
4004,260,17.731
4005,245,18.09
4006,231,16.46
4007,224,18.176
4008,247,18.176
4009,234,18.223
4010,229,18.223
4011,234,18.223
4012,239,17.677
4013,244,17.677
4014,271,12.652
4015,249,12.927
4016,223,5.63
4017,232,15.884
4018,215,16.663
4019,220,17.005
4020,226,17.005
4021,220,17.005
4022,242,10.697
4023,242,10.697
4024,238,12.966
4025,236,15.904
4026,244,15.904
4027,246,15.904
4028,250,15.904
4029,238,18.764
4030,234,13.734
4031,250,14.691
4032,236,13.734
4033,230,13.734
4034,233,14.084
4035,228,14.986
4036,233,15.618
4037,232,15.618
4038,239,15.618
4039,253,15.618
4040,240,10.745
4041,243,18.603
4042,244,18.603
4043,267,18.603
4044,278,18.603
4045,289,16.074
4046,304,18.57
4047,297,16.074
4048,299,16.074
4049,311,18.02
4050,314,18.02
4051,299,18.02
4052,292,18.02
4053,302,18.02
4054,279,18.02
4055,281,18.02
4056,273,18.589
4057,269,18.02
4058,253,18.02
4059,263,18.02
4060,269,18.02
4061,259,18.02
4062,259,18.02
4063,260,18.02
4064,244,18.02
4065,251,18.02
4066,256,17.327
4067,253,17.085
4068,252,16.741
4069,262,13.232
4070,260,13.232
4071,264,13.65
4072,265,16.209
4073,264,18.776
4074,264,18.776
4075,274,18.776
4076,259,18.776
4077,263,16.732
4078,288,16.732
4079,267,16.732
4080,277,16.732
4081,280,12.714
4082,275,17.706
4083,283,18.338
4084,282,18.338
4085,288,18.338
4086,285,18.338
4087,275,18.338
4088,282,18.338
4089,273,18.338
4090,287,17.706
4091,274,17.706
4092,296,17.706
4093,305,18.861
4094,312,18.861
4095,305,18.861
4096,304,17.706
4097,292,17.706
4098,299,17.706
4099,307,17.706
4100,298,16.003
4101,307,16.003
4102,296,16.123
4103,296,17.04
4104,269,17.04
4105,254,17.04
4106,252,17.04
4107,255,17.04
4108,236,17.04
4109,247,17.485
4110,246,17.485
4111,242,17.485
4112,269,17.04
4113,271,17.04
4114,266,17.04
4115,258,17.04
4116,278,17.04
4117,276,17.04
4118,271,17.552
4119,257,17.552
4120,258,17.552
4121,252,17.552
4122,249,17.552
4123,257,17.552
4124,252,17.049
4125,239,17.04
4126,232,17.04
4127,235,17.04
4128,227,17.04
4129,227,17.04
4130,229,17.04
4131,227,17.853
4132,212,17.838
4133,226,17.04
4134,227,15.999
4135,227,15.999
4136,234,15.999
4137,238,15.647
4138,243,17.459
4139,236,11.989
4140,231,17.395
4141,245,17.395
4142,248,17.395
4143,258,17.781
4144,258,17.781
4145,256,17.781
4146,258,18.848
4147,251,18.848
4148,251,18.848
4149,254,18.848
4150,243,18.848
4151,242,18.848
4152,267,18.848
4153,271,17.064
4154,269,17.064
4155,267,17.064
4156,254,14.667
4157,238,14.667
4158,255,14.667
4159,250,14.667
4160,231,14.667
4161,226,14.667
4162,234,14.667
4163,216,18.604
4164,204,14.667
4165,234,14.667
4166,232,14.667
4167,213,14.667
4168,212,14.667
4169,214,14.667
4170,217,14.667
4171,211,14.667
4172,210,14.667
4173,220,17.614
4174,213,17.614
4175,215,17.614
4176,213,17.614
4177,214,18.543
4178,215,17.614
4179,225,17.614
4180,230,17.614
4181,222,17.614
4182,236,18.185
4183,230,18.185
4184,229,17.285
4185,223,18.445
4186,216,18.445
4187,239,18.445
4188,232,18.445
4189,229,10.35
4190,226,18.09
4191,240,18.09
4192,221,18.09
4193,228,11.941
4194,230,11.941
4195,231,15.354
4196,231,11.941
4197,249,11.232
4198,257,11.232
4199,263,15.017
4200,259,15.017
4201,267,8.774
4202,259,18.52
4203,245,18.52
4204,242,10.745
4205,237,10.745
4206,238,9.854
4207,239,10.461
4208,254,15.883
4209,248,18.176
4210,246,18.176
4211,268,15.883
4212,279,15.171
4213,260,13.07
4214,254,17.787
4215,244,17.787
4216,236,10.918
4217,238,11.642
4218,237,10.918
4219,238,10.918
4220,220,10.918
4221,218,10.918
4222,221,9.289
4223,224,14.078
4224,227,14.078
4225,245,14.078
4226,220,14.078
4227,221,14.078
4228,237,15.232
4229,251,16.57
4230,257,16.57
4231,272,18.661
4232,265,16.57
4233,261,16.57
4234,264,16.57
4235,259,16.57
4236,265,16.57
4237,265,16.57
4238,252,16.57
4239,270,16.57
4240,257,10.141
4241,282,13.564
4242,286,13.564
4243,294,15.465
4244,298,15.465
4245,256,16.353
4246,246,16.353
4247,250,16.353
4248,270,18.469
4249,278,18.469
4250,282,18.469
4251,283,18.469
4252,286,18.469
4253,253,16.55
4254,252,11.331
4255,243,10.111
4256,249,10.111
4257,255,13.289
4258,244,18.72
4259,238,18.502
4260,226,18.502
4261,224,18.502
4262,233,14.819
4263,227,14.819
4264,225,15.851
4265,221,15.851
4266,219,18.502
4267,216,18.502
4268,205,18.502
4269,199,18.502
4270,202,18.502
4271,204,18.502
4272,228,18.502
4273,226,18.502
4274,219,18.502
4275,223,18.502
4276,217,18.502
4277,208,18.502
4278,207,18.502
4279,218,15.515
4280,245,15.515
4281,255,17.652
4282,256,17.652
4283,251,17.652
4284,245,13.115
4285,253,13.115
4286,262,13.115
4287,275,11.316
4288,278,12.454
4289,274,12.454
4290,260,15.668
4291,243,18.454
4292,238,18.454
4293,237,18.454
4294,245,17.563
4295,239,17.563
4296,226,17.563
4297,231,16.09
4298,218,16.09
4299,213,16.09
4300,221,17.336
4301,226,17.336
4302,226,17.336
4303,225,17.336
4304,244,17.336
4305,230,17.336
4306,248,17.336
4307,251,16.619
4308,265,16.619
4309,257,17.715
4310,273,16.619
4311,259,16.619
4312,251,16.619
4313,252,16.619
4314,263,16.619
4315,249,16.619
4316,250,16.619
4317,263,17.034
4318,255,17.034
4319,249,18.125
4320,254,18.119
4321,247,16.619
4322,251,17.378
4323,246,17.378
4324,243,16.619
4325,229,16.619
4326,250,16.619
4327,251,15.668
4328,254,15.668
4329,255,15.668
4330,251,15.668
4331,250,18.359
4332,256,18.359
4333,251,15.668
4334,226,15.668
4335,240,16.98
4336,221,15.668
4337,223,16.993
4338,233,16.993
4339,227,16.993
4340,233,15.668
4341,241,15.668
4342,241,15.668
4343,236,15.668
4344,237,16.804
4345,229,18.128
4346,234,18.128
4347,248,18.128
4348,245,18.128
4349,248,18.128
4350,252,18.128
4351,243,18.128
4352,237,18.128
4353,250,16.804
4354,262,16.804
4355,257,18.152
4356,255,16.848
4357,259,16.848
4358,251,16.848
4359,250,16.848
4360,255,16.848
4361,246,16.848
4362,240,16.848
4363,241,16.848
4364,250,16.948
4365,249,16.948
4366,242,16.848
4367,247,16.848
4368,256,16.848
4369,254,16.848
4370,251,16.848
4371,260,16.848
4372,265,18.385
4373,274,18.385
4374,273,16.848
4375,260,16.81
4376,275,15.504
4377,279,15.504
4378,264,15.504
4379,268,15.504
4380,267,15.504
4381,264,15.787
4382,264,15.787
4383,268,15.787
4384,264,15.787
4385,263,15.787
4386,261,15.715
4387,264,17.524
4388,237,17.892
4389,231,18.26
4390,244,18.26
4391,227,18.26
4392,246,13.453
4393,245,14.893
4394,245,15.534
4395,246,15.534
4396,244,15.534
4397,227,15.534
4398,242,15.534
4399,242,15.534
4400,246,15.534
4401,246,15.534
4402,263,15.534
4403,288,16.833
4404,284,16.833
4405,266,18.334
4406,266,15.534
4407,255,15.534
4408,259,15.534
4409,251,15.534
4410,252,15.534
4411,267,15.534
4412,272,15.534
4413,276,15.534
4414,276,15.534
4415,273,15.534
4416,278,17.978
4417,271,18.474
4418,274,18.474
4419,280,18.474
4420,268,18.516
4421,255,18.516
4422,260,18.516
4423,258,18.516
4424,250,18.516
4425,227,15.534
4426,266,15.534
4427,241,15.534
4428,245,18.714
4429,264,18.714
4430,275,18.714
4431,258,18.714
4432,254,18.714
4433,235,18.714
4434,236,18.714
4435,237,15.534
4436,228,15.534
4437,252,15.534
4438,252,14.721
4439,248,13.934
4440,249,16.141
4441,258,18.798
4442,258,18.798
4443,254,13.934
4444,241,16.135
4445,243,16.135
4446,241,16.135
4447,242,16.135
4448,256,11.886
4449,255,11.886
4450,258,11.886
4451,260,11.886
4452,279,11.886
4453,267,11.886
4454,257,11.886
4455,255,11.886
4456,247,11.886
4457,258,11.886
4458,272,15.621
4459,273,15.621
4460,245,15.621
4461,249,17.002
4462,247,17.002
4463,247,17.002
4464,240,15.546
4465,238,15.546
4466,228,15.546
4467,206,15.546
4468,207,18.651
4469,228,18.651
4470,236,18.651
4471,253,18.651
4472,243,18.651
4473,243,18.651
4474,268,18.651
4475,234,18.651
4476,217,18.651
4477,215,18.607
4478,220,18.607
4479,221,18.607
4480,220,14.754
4481,232,15.205
4482,232,15.205
4483,261,16.323
4484,237,13.654
4485,240,15.014
4486,258,15.014
4487,233,15.014
4488,235,14.29
4489,228,14.29
4490,261,14.29
4491,262,17.342
4492,241,17.342
4493,251,17.342
4494,246,17.342
4495,243,12.691
4496,240,12.691
4497,233,10.793
4498,232,10.793
4499,269,18.376
4500,237,10.793
4501,244,10.793
4502,244,11.986
4503,233,11.507
4504,241,17.046
4505,253,17.046
4506,253,17.046
4507,255,15.025
4508,260,17.871
4509,259,18.675
4510,278,18.675
4511,287,18.675
4512,290,18.675
4513,257,18.675
4514,273,18.761
4515,289,18.761
4516,303,18.761
4517,300,17.859
4518,298,17.859
4519,314,18.619
4520,305,18.619
4521,308,18.619
4522,312,17.859
4523,290,17.859
4524,288,17.859
4525,286,17.859
4526,294,17.859
4527,302,17.859
4528,312,17.859
4529,306,17.859
4530,309,17.859
4531,300,17.859
4532,283,17.859
4533,299,15.363
4534,301,14.355
4535,282,16.406
4536,293,16.322
4537,272,16.322
4538,280,15.381
4539,271,17.07
4540,275,17.07
4541,261,17.07
4542,262,15.988
4543,262,15.988
4544,266,18.262
4545,243,18.262
4546,244,18.262
4547,249,18.262
4548,249,16.493
4549,248,16.493
4550,250,18.382
4551,268,18.382
4552,273,15.988
4553,270,16.029
4554,268,16.029
4555,263,16.029
4556,259,16.029
4557,265,16.029
4558,258,16.029
4559,254,16.029
4560,262,17.545
4561,263,17.545
4562,244,17.545
4563,230,17.545
4564,230,18.451
4565,224,17.545
4566,240,17.545
4567,236,17.545
4568,235,17.635
4569,231,17.545
4570,228,17.545
4571,219,17.545
4572,205,17.545
4573,219,17.545
4574,223,17.545
4575,246,18.462
4576,232,18.462
4577,228,17.223
4578,242,15.378
4579,242,15.337
4580,234,18.11
4581,222,18.11
4582,233,18.786
4583,252,18.786
4584,252,18.786
4585,248,18.786
4586,242,18.786
4587,234,18.786
4588,232,18.786
4589,222,18.786
4590,219,18.11
4591,237,18.11
4592,236,18.11
4593,226,18.11
4594,230,18.11
4595,232,18.11
4596,225,18.11
4597,224,18.11
4598,241,18.11
4599,271,18.11
4600,237,18.11
4601,239,17.85
4602,236,17.85
4603,266,16.762
4604,232,16.762
4605,222,16.762
4606,229,16.762
4607,238,16.425
4608,241,16.425
4609,244,16.425
4610,249,16.425
4611,251,16.425
4612,246,16.425
4613,245,15.736
4614,248,15.736
4615,267,15.736
4616,261,15.736
4617,263,17.88
4618,273,11.591
4619,273,11.591
4620,248,18.609
4621,245,15.563
4622,250,15.563
4623,244,12.953
4624,239,13.587
4625,245,13.587
4626,244,16.618
4627,250,16.119
4628,247,16.119
4629,247,16.119
4630,241,17.324
4631,248,12.29
4632,247,11.591
4633,250,11.591
4634,249,11.591
4635,250,14.732
4636,246,11.217
4637,245,12.44
4638,249,13.444
4639,254,12.44
4640,266,11.931
4641,281,14.072
4642,279,14.072
4643,297,14.072
4644,295,14.072
4645,294,14.346
4646,296,14.825
4647,277,15.674
4648,227,13.498
4649,218,13.498
4650,222,13.498
4651,241,18.29
4652,233,18.29
4653,235,18.29
4654,246,18.29
4655,245,18.29
4656,220,18.589
4657,220,18.589
4658,225,18.589
4659,222,18.589
4660,225,18.589
4661,243,18.589
4662,236,18.589
4663,255,18.589
4664,254,18.589
4665,290,17.533
4666,274,17.533
4667,254,17.533
4668,256,17.637
4669,261,17.637
4670,264,17.637
4671,267,17.533
4672,268,16.807
4673,279,17.244
4674,289,16.807
4675,291,15.742
4676,288,15.423
4677,272,15.097
4678,268,15.097
4679,271,15.097
4680,265,15.097
4681,260,17.099
4682,260,17.099
4683,228,17.099
4684,238,17.551
4685,249,17.551
4686,245,17.551
4687,242,17.686
4688,235,18.4
4689,240,18.4
4690,241,17.099
4691,242,17.099
4692,253,17.099
4693,261,17.099
4694,266,17.099
4695,263,17.099
4696,277,18.469
4697,283,18.469
4698,278,18.469
4699,282,18.469
4700,271,18.469
4701,279,18.469
4702,273,17.638
4703,286,17.638
4704,290,17.638
4705,286,17.099
4706,286,17.099
4707,284,18.0
4708,265,17.099
4709,260,17.099
4710,260,17.099
4711,290,17.099
4712,279,18.546
4713,267,18.546
4714,261,18.546
4715,242,17.099
4716,242,17.099
4717,255,17.099
4718,258,17.099
4719,255,17.099
4720,250,18.52
4721,251,17.74
4722,253,17.74
4723,255,17.74
4724,267,17.823
4725,270,17.74
4726,270,17.74
4727,274,17.755
4728,282,17.755
4729,273,18.236
4730,266,18.236
4731,266,18.236
4732,271,17.099
4733,275,17.099
4734,268,17.099
4735,280,17.099
4736,284,17.099
4737,287,18.535
4738,290,18.535
4739,289,18.535
4740,267,18.535
4741,278,18.535
4742,265,18.612
4743,255,18.612
4744,263,18.612
4745,246,18.612
4746,237,18.612
4747,246,18.612
4748,244,18.612
4749,231,18.612
4750,230,16.932
4751,221,17.889
4752,221,17.889
4753,242,16.176
4754,229,18.782
4755,216,18.782
4756,208,18.782
4757,215,18.782
4758,209,18.782
4759,202,18.782
4760,218,16.666
4761,220,16.666
4762,224,16.666
4763,228,16.666
4764,229,18.268
4765,235,15.716
4766,235,15.716
4767,250,17.3
4768,257,14.917
4769,242,14.374
4770,244,13.157
4771,237,17.267
4772,243,16.9
4773,238,16.9
4774,239,16.9
4775,233,17.658
4776,231,17.658
4777,222,17.658
4778,244,16.9
4779,239,16.9
4780,240,16.9
4781,238,16.9
4782,219,16.9
4783,224,16.9
4784,219,16.9
4785,219,16.9
4786,219,15.776
4787,249,17.159
4788,253,15.776
4789,270,17.712
4790,263,15.776
4791,221,15.776
4792,218,18.283
4793,219,18.283
4794,229,18.283
4795,245,15.776
4796,236,17.425
4797,226,17.425
4798,224,17.425
4799,225,17.425
4800,225,17.425
4801,219,17.425
4802,232,17.425
4803,232,17.425
4804,240,16.688
4805,242,13.776
4806,236,17.09
4807,222,17.09
4808,229,17.09
4809,213,18.34
4810,219,18.34
4811,214,18.34
4812,228,15.842
4813,218,12.129
4814,216,13.387
4815,219,13.387
4816,219,13.979
4817,217,13.979
4818,219,13.979
4819,263,13.387
4820,262,13.387
4821,264,13.387
4822,246,17.408
4823,245,17.408
4824,255,18.005
4825,247,18.005
4826,229,18.005
4827,231,18.005
4828,236,18.005
4829,243,18.005
4830,268,18.005
4831,261,17.874
4832,265,17.405
4833,267,18.093
4834,267,18.093
4835,279,18.738
4836,269,18.738
4837,292,18.738
4838,283,18.167
4839,289,18.167
4840,277,18.436
4841,275,16.401
4842,272,15.904
4843,256,15.904
4844,259,15.904
4845,278,13.868
4846,282,13.868
4847,283,17.318
4848,267,17.318
4849,253,17.318
4850,261,17.318
4851,254,17.674
4852,264,17.674
4853,269,17.674
4854,257,17.674
4855,275,17.674
4856,290,17.883
4857,292,17.883
4858,289,18.056
4859,290,18.056
4860,283,17.401
4861,273,17.231
4862,291,17.231
4863,310,17.231
4864,294,17.548
4865,277,17.548
4866,294,17.548
4867,288,15.65
4868,299,16.812
4869,270,16.812
4870,265,16.812
4871,252,16.609
4872,247,16.609
4873,238,16.609
4874,240,16.531
4875,251,16.531
4876,249,18.619
4877,248,16.531
4878,246,16.531
4879,261,15.285
4880,256,14.863
4881,251,12.428
4882,258,12.179
4883,244,12.179
4884,236,16.2
4885,247,16.2
4886,246,16.974
4887,242,14.422
4888,252,14.422
4889,280,17.817
4890,270,17.817
4891,286,15.435
4892,295,17.234
4893,269,17.234
4894,281,17.566
4895,262,17.566
4896,255,18.636
4897,247,18.636
4898,256,18.636
4899,266,18.636
4900,256,18.636
4901,254,18.636
4902,246,18.636
4903,241,13.468
4904,240,13.468
4905,250,13.468
4906,255,13.468
4907,253,13.468
4908,247,11.011
4909,256,13.465
4910,237,13.465
4911,240,15.626
4912,264,16.63
4913,268,17.423
4914,262,14.76
4915,258,14.981
4916,259,17.964
4917,259,17.964
4918,270,17.964
4919,268,17.964
4920,266,16.125
4921,274,16.125
4922,281,16.125
4923,282,16.125
4924,284,16.125
4925,275,16.125
4926,256,16.125
4927,263,16.125
4928,242,16.212
4929,244,16.212
4930,245,16.212
4931,249,16.212
4932,250,16.212
4933,260,16.212
4934,260,16.212
4935,243,16.212
4936,234,16.212
4937,247,16.212
4938,242,16.212
4939,244,16.212
4940,253,16.212
4941,265,16.212
4942,261,16.212
4943,275,17.883
4944,288,16.212
4945,251,16.212
4946,251,18.652
4947,254,18.652
4948,255,18.652
4949,284,18.652
4950,249,18.652
4951,269,18.652
4952,248,18.652
4953,252,14.505
4954,244,14.505
4955,231,15.168
4956,236,9.884
4957,232,9.884
4958,221,9.884
4959,228,10.493
4960,230,15.046
4961,229,15.046
4962,225,15.588
4963,227,18.648
4964,230,18.648
4965,231,18.648
4966,230,18.648
4967,248,18.648
4968,263,18.652
4969,290,18.652
4970,299,18.652
4971,326,18.652
4972,318,18.652
4973,317,18.652
4974,314,18.652
4975,310,17.793
4976,324,17.793
4977,303,16.986
4978,282,16.986
4979,271,14.122
4980,255,14.122
4981,246,14.676
4982,240,17.5
4983,255,17.5
4984,255,18.002
4985,242,18.002
4986,256,18.002
4987,257,14.122
4988,241,17.803
4989,241,17.803
4990,229,17.803
4991,229,17.803
4992,225,17.803
4993,224,17.803
4994,229,17.803
4995,255,17.803
4996,244,17.803
4997,252,17.803
4998,268,17.803
4999,274,17.803
5000,275,17.803
5001,289,15.479
5002,285,15.479
5003,279,18.271
5004,278,18.4
5005,272,18.271
5006,284,18.271
5007,303,18.271
5008,310,18.271
5009,309,18.364
5010,307,18.364
5011,300,15.91
5012,307,15.91
5013,297,16.723
5014,293,16.723
5015,283,16.723
5016,284,16.723
5017,284,16.723
5018,275,16.723
5019,275,16.723
5020,279,16.842
5021,273,16.842
5022,275,15.969
5023,280,13.602
5024,281,13.602
5025,286,17.823
5026,291,17.823
5027,280,13.602
5028,271,13.602
5029,280,14.694
5030,290,14.694
5031,283,14.694
5032,283,13.602
5033,263,13.602
5034,248,17.192
5035,239,17.192
5036,235,16.89
5037,256,15.294
5038,260,14.72
5039,260,14.72
5040,262,12.724
5041,263,12.724
5042,264,12.724
5043,264,12.78
5044,240,14.176
5045,241,14.176
5046,242,14.176
5047,241,14.176
5048,256,16.295
5049,238,14.37
5050,236,14.37
5051,238,15.004
5052,242,15.004
5053,239,14.37
5054,236,14.37
5055,241,15.814
5056,241,15.814
5057,238,15.814
5058,244,12.395
5059,258,17.019
5060,256,10.918
5061,280,16.857
5062,254,16.857
5063,258,16.857
5064,255,18.672
5065,256,18.672
5066,268,18.672
5067,292,18.672
5068,263,18.672
5069,262,18.672
5070,249,18.672
5071,246,18.672
5072,252,17.907
5073,248,17.907
5074,282,13.349
5075,282,16.822
5076,253,16.598
5077,265,16.598
5078,259,16.598
5079,257,16.305
5080,238,16.305
5081,224,18.711
5082,224,18.711
5083,237,18.711
5084,243,18.711
5085,243,17.132
5086,261,17.132
5087,264,17.132
5088,260,17.629
5089,259,17.976
5090,256,17.976
5091,260,17.976
5092,251,17.976
5093,258,17.976
5094,258,14.577
5095,250,14.577
5096,245,14.63
5097,252,18.113
5098,257,18.113
5099,252,13.576
5100,248,15.25
5101,245,17.994
5102,245,17.994
5103,243,15.25
5104,240,16.732
5105,242,16.732
5106,250,16.732
5107,267,13.336
5108,260,13.336
5109,257,15.459
5110,246,15.459
5111,240,15.459
5112,249,17.563
5113,246,12.308
5114,250,12.308
5115,261,18.782
5116,257,18.782
5117,261,17.907
5118,254,18.185
5119,240,18.185
5120,239,18.185
5121,235,18.185
5122,261,18.185
5123,249,18.185
5124,251,18.185
5125,265,18.185
5126,264,18.185
5127,268,14.137
5128,264,13.856
5129,269,15.187
5130,269,15.187
5131,255,13.856
5132,258,17.1
5133,267,13.856
5134,263,12.308
5135,267,12.308
5136,266,17.811
5137,261,17.811
5138,272,14.18
5139,298,14.18
5140,283,14.18
5141,274,14.18
5142,255,14.18
5143,257,14.18
5144,273,14.18
5145,273,14.18
5146,270,13.588
5147,264,15.794
5148,278,15.794
5149,290,15.794
5150,292,15.794
5151,298,17.112
5152,290,15.794
5153,286,15.794
5154,287,15.794
5155,270,18.848
5156,268,18.848
5157,302,18.848
5158,259,18.848
5159,253,18.848
5160,252,18.848
5161,256,15.817
5162,269,15.817
5163,283,18.747
5164,281,18.747
5165,279,18.747
5166,285,18.747
5167,276,18.311
5168,279,18.311
5169,287,18.311
5170,288,18.311
5171,297,18.311
5172,298,18.311
5173,298,18.311
5174,283,18.311
5175,289,18.311
5176,282,18.311
5177,280,18.311
5178,273,18.311
5179,268,18.311
5180,265,18.311
5181,264,18.311
5182,260,18.311
5183,263,18.311
5184,262,18.311
5185,264,15.425
5186,275,15.425
5187,288,15.425
5188,280,15.425
5189,286,15.142
5190,275,15.142
5191,282,15.142
5192,279,17.709
5193,295,17.709
5194,281,17.709
5195,278,17.709
5196,273,17.709
5197,265,17.709
5198,276,17.709
5199,256,17.709
5200,255,18.314
5201,252,18.314
5202,266,18.314
5203,268,18.314
5204,268,18.314
5205,270,18.314
5206,270,18.314
5207,272,18.314
5208,279,18.314
5209,279,18.723
5210,266,18.723
5211,266,18.723
5212,266,18.723
5213,251,18.723
5214,247,18.723
5215,250,18.002
5216,245,18.002
5217,243,18.002
5218,243,18.002
5219,261,18.002
5220,255,18.55
5221,257,18.55
5222,263,18.55
5223,271,18.002
5224,286,18.002
5225,283,18.002
5226,291,18.866
5227,286,18.002
5228,294,18.002
5229,276,18.002
5230,274,18.002
5231,266,18.002
5232,262,18.002
5233,258,18.002
5234,249,18.002
5235,236,18.002
5236,240,18.002
5237,242,16.278
5238,237,16.278
5239,213,16.278
5240,218,16.278
5241,218,13.754
5242,227,17.223
5243,232,16.182
5244,226,16.484
5245,223,16.484
5246,215,18.054
5247,234,16.96
5248,231,16.96
5249,233,16.96
5250,227,16.96
5251,225,16.96
5252,240,18.541
5253,240,18.541
5254,238,18.591
5255,238,18.591
5256,246,18.591
5257,271,18.591
5258,251,18.591
5259,251,18.591
5260,250,18.591
5261,252,18.591
5262,279,18.591
5263,280,18.591
5264,281,16.505
5265,252,14.224
5266,243,16.806
5267,233,16.164
5268,237,16.164
5269,243,18.729
5270,254,16.164
5271,249,16.164
5272,252,16.164
5273,248,17.187
5274,249,17.187
5275,259,18.29
5276,267,18.29
5277,259,18.29
5278,248,18.29
5279,250,18.29
5280,252,18.29
5281,258,18.29
5282,262,18.29
5283,257,18.29
5284,252,18.29
5285,250,18.29
5286,244,18.29
5287,265,18.29
5288,272,10.643
5289,267,15.558
5290,266,15.558
5291,264,16.669
5292,277,15.919
5293,280,15.919
5294,280,10.643
5295,281,16.803
5296,273,16.803
5297,273,16.803
5298,287,14.308
5299,276,17.049
5300,277,17.049
5301,274,18.81
5302,274,18.81
5303,258,18.81
5304,254,18.81
5305,252,18.81
5306,251,18.81
5307,256,18.81
5308,256,18.81
5309,251,18.81
5310,249,18.81
5311,252,18.81
5312,255,18.81
5313,254,18.81
5314,244,18.81
5315,249,18.81
5316,265,18.81
5317,272,18.81
5318,272,18.81
5319,270,18.81
5320,272,18.81
5321,273,18.81
5322,282,18.81
5323,289,18.81
5324,298,18.81
5325,306,18.81
5326,285,18.81
5327,288,18.81
5328,293,18.81
5329,292,18.81
5330,291,18.81
5331,280,18.81
5332,277,18.81
5333,280,18.81
5334,260,18.81
5335,257,18.81
5336,255,18.81
5337,270,18.81
5338,273,18.81
5339,272,18.81
5340,251,18.81
5341,241,18.81
5342,239,18.773
5343,238,12.013
5344,236,12.013
5345,237,12.395
5346,232,12.395
5347,233,8.885
5348,224,12.293
5349,218,16.971
5350,227,12.293
5351,227,13.169
5352,231,16.359
5353,229,16.359
5354,232,16.359
5355,250,15.964
5356,253,13.02
5357,254,16.645
5358,253,16.645
5359,259,13.853
5360,281,13.02
5361,281,10.309
5362,281,10.309
5363,267,18.206
5364,263,18.206
5365,258,18.206
5366,252,18.206
5367,276,18.206
5368,269,18.206
5369,271,18.206
5370,266,18.206
5371,263,18.206
5372,270,18.206
5373,262,16.443
5374,284,16.443
5375,270,16.443
5376,268,16.191
5377,277,16.191
5378,265,16.191
5379,277,16.191
5380,273,16.401
5381,280,16.077
5382,283,12.487
5383,278,12.487
5384,258,12.855
5385,246,18.606
5386,255,14.926
5387,241,14.926
5388,247,14.926
5389,245,10.467
5390,243,12.793
5391,245,17.477
5392,258,17.408
5393,268,18.588
5394,273,18.588
5395,265,18.588
5396,267,18.588
5397,260,16.685
5398,239,16.685
5399,246,16.685
5400,247,16.685
5401,237,17.365
5402,247,17.365
5403,259,17.365
5404,253,18.113
5405,254,18.529
5406,245,18.529
5407,242,18.529
5408,250,18.529
5409,259,18.529
5410,252,18.529
5411,252,18.529
5412,264,18.529
5413,275,18.529
5414,273,18.529
5415,272,18.529
5416,261,18.529
5417,240,18.529
5418,229,18.529
5419,255,18.529
5420,244,18.529
5421,245,18.634
5422,241,16.514
5423,248,18.278
5424,277,16.329
5425,274,16.329
5426,279,17.522
5427,278,17.522
5428,281,15.136
5429,248,18.457
5430,249,18.457
5431,244,18.457
5432,251,15.193
5433,233,17.901
5434,227,17.901
5435,231,15.516
5436,239,16.917
5437,239,16.917
5438,230,16.917
5439,216,17.74
5440,242,16.917
5441,243,16.917
5442,216,16.917
5443,225,15.136
5444,240,13.642
5445,236,13.642
5446,237,13.642
5447,245,17.079
5448,258,17.079
5449,259,17.079
5450,255,17.079
5451,244,17.079
5452,244,17.079
5453,249,15.325
5454,255,16.439
5455,257,18.753
5456,243,18.753
5457,246,18.753
5458,248,18.753
5459,261,18.753
5460,256,18.753
5461,235,18.753
5462,244,16.887
5463,254,16.887
5464,283,16.893
5465,276,16.887
5466,263,16.887
5467,273,16.887
5468,256,16.887
5469,265,16.887
5470,264,17.892
5471,276,17.892
5472,272,12.941
5473,266,9.453
5474,257,11.067
5475,261,16.247
5476,266,16.247
5477,286,16.655
5478,276,16.247
5479,267,16.247
5480,242,16.721
5481,238,16.721
5482,244,16.247
5483,238,16.247
5484,234,16.247
5485,244,17.973
5486,240,17.973
5487,262,17.973
5488,257,16.247
5489,257,18.289
5490,255,16.247
5491,269,17.102
5492,254,18.346
5493,263,17.102
5494,274,17.102
5495,259,17.102
5496,258,12.397
5497,246,12.252
5498,249,7.737
5499,277,16.347
5500,235,15.262
5501,248,17.697
5502,220,15.262
5503,250,18.842
5504,259,16.323
5505,245,16.323
5506,252,16.323
5507,234,16.559
5508,226,16.559
5509,260,18.193
5510,239,16.559
5511,237,16.559
5512,240,16.508
5513,225,17.658
5514,229,16.508
5515,220,16.508
5516,218,17.184
5517,237,17.184
5518,240,17.184
5519,241,15.184
5520,219,15.184
5521,228,15.184
5522,225,15.184
5523,251,15.184
5524,242,7.737
5525,242,7.737
5526,254,7.737
5527,253,12.132
5528,248,16.278
5529,245,15.73
5530,244,18.188
5531,247,18.188
5532,266,18.188
5533,269,18.188
5534,254,18.188
5535,254,18.188
5536,249,18.188
5537,256,18.188
5538,260,18.188
5539,267,18.188
5540,262,18.188
5541,261,18.188
5542,257,18.188
5543,257,18.188
5544,260,18.188
5545,260,18.188
5546,260,18.188
5547,263,18.188
5548,264,18.077
5549,267,18.14
5550,272,18.14
5551,275,18.14
5552,274,18.14
5553,276,18.14
5554,249,18.14
5555,240,18.14
5556,236,17.234
5557,255,18.012
5558,243,17.234
5559,236,17.234
5560,230,11.4
5561,247,11.4
5562,256,12.682
5563,250,12.682
5564,251,18.824
5565,257,18.824
5566,272,18.855
5567,274,18.855
5568,265,18.855
5569,261,18.855
5570,254,18.824
5571,254,17.234
5572,243,17.234
5573,239,12.903
5574,233,12.903
5575,254,12.903
5576,266,15.402
5577,265,15.402
5578,285,17.733
5579,286,17.733
5580,288,17.377
5581,265,12.559
5582,257,12.559
5583,242,16.672
5584,243,17.551
5585,232,17.969
5586,238,17.969
5587,237,17.969
5588,237,17.969
5589,237,17.969
5590,234,17.969
5591,233,17.969
5592,222,13.784
5593,223,13.384
5594,226,13.384
5595,239,13.384
5596,254,12.79
5597,251,16.897
5598,269,18.735
5599,239,17.016
5600,246,16.897
5601,235,18.439
5602,260,18.439
5603,269,18.024
5604,264,18.11
5605,246,18.11
5606,237,18.11
5607,270,15.6
5608,254,15.6
5609,259,15.6
5610,259,15.6
5611,250,15.6
5612,235,15.6
5613,249,16.75
5614,256,16.75
5615,250,18.296
5616,263,18.296
5617,263,18.296
5618,255,18.296
5619,255,16.571
5620,248,16.571
5621,261,17.951
5622,254,17.951
5623,279,17.951
5624,279,17.951
5625,283,17.951
5626,282,17.951
5627,275,16.873
5628,280,16.873
5629,289,14.751
5630,288,13.872
5631,292,13.872
5632,263,13.872
5633,268,17.703
5634,250,18.194
5635,277,18.194
5636,257,18.194
5637,261,18.194
5638,244,18.194
5639,243,18.194
5640,246,16.768
5641,252,16.768
5642,246,16.768
5643,241,16.768
5644,241,15.899
5645,235,15.899
5646,226,17.531
5647,224,17.531
5648,218,17.531
5649,222,16.529
5650,255,14.263
5651,253,16.532
5652,234,16.532
5653,244,16.532
5654,249,16.532
5655,254,18.61
5656,243,18.61
5657,250,18.61
5658,240,17.913
5659,261,17.913
5660,266,17.913
5661,257,17.913
5662,236,17.913
5663,235,15.144
5664,238,15.144
5665,244,12.52
5666,253,12.52
5667,284,12.52
5668,264,18.436
5669,263,18.436
5670,263,18.436
5671,265,18.436
5672,277,12.52
5673,252,14.421
5674,253,14.421
5675,254,12.52
5676,254,14.517
5677,254,14.517
5678,252,14.517
5679,258,14.517
5680,249,14.517
5681,287,14.517
5682,283,14.517
5683,245,14.517
5684,247,14.517
5685,254,12.727
5686,241,12.727
5687,232,11.88
5688,229,17.952
5689,249,17.952
5690,255,13.283
5691,254,13.343
5692,251,11.88
5693,249,10.981
5694,249,11.196
5695,243,15.357
5696,249,15.357
5697,244,15.357
5698,251,15.357
5699,252,10.75
5700,257,10.75
5701,270,10.954
5702,267,10.954
5703,269,10.954
5704,252,10.954
5705,253,10.954
5706,250,14.284
5707,237,18.535
5708,235,18.535
5709,236,18.535
5710,238,18.535
5711,235,18.054
5712,254,18.054
5713,253,18.054
5714,254,18.054
5715,220,18.054
5716,221,18.054
5717,211,18.38
5718,211,18.38
5719,208,18.38
5720,207,18.054
5721,218,17.969
5722,221,17.969
5723,221,17.969
5724,222,17.969
5725,252,12.786
5726,252,14.367
5727,248,15.304
5728,263,17.596
5729,275,17.596
5730,275,17.596
5731,258,15.118
5732,240,15.094
5733,245,15.094
5734,255,15.453
5735,256,16.319
5736,254,16.319
5737,263,18.664
5738,269,16.319
5739,250,18.406
5740,265,16.319
5741,274,15.334
5742,274,18.828
5743,271,18.675
5744,247,18.675
5745,253,18.675
5746,256,18.675
5747,260,18.675
5748,284,14.367
5749,284,14.367
5750,276,14.367
5751,253,15.241
5752,257,18.451
5753,250,18.451
5754,260,18.451
5755,260,14.873
5756,268,14.873
5757,268,14.873
5758,265,14.873
5759,258,16.634
5760,261,16.634
5761,263,16.634
5762,275,14.873
5763,268,14.873
5764,262,14.873
5765,275,14.873
5766,261,15.898
5767,258,15.898
5768,297,16.224
5769,300,16.224
5770,282,15.189
5771,294,15.189
5772,300,15.189
5773,289,15.814
5774,292,15.814
5775,261,16.666
5776,263,15.189
5777,263,15.189
5778,256,15.16
5779,269,15.223
5780,269,15.223
5781,280,15.671
5782,281,15.671
5783,282,15.671
5784,272,15.671
5785,271,18.314
5786,275,18.314
5787,267,18.314
5788,267,18.314
5789,270,18.314
5790,249,18.314
5791,235,18.314
5792,235,18.314
5793,236,18.314
5794,234,18.314
5795,236,18.314
5796,241,18.314
5797,244,18.314
5798,236,18.314
5799,246,15.967
5800,246,15.967
5801,257,16.591
5802,261,17.62
5803,257,17.62
5804,262,17.62
5805,259,17.318
5806,255,18.639
5807,247,10.248
5808,248,9.531
5809,253,14.382
5810,269,14.382
5811,264,14.382
5812,262,17.172
5813,262,17.348
5814,263,17.348
5815,253,17.172
5816,268,17.172
5817,276,17.172
5818,241,17.172
5819,241,17.172
5820,251,17.172
5821,253,17.172
5822,263,17.172
5823,274,18.72
5824,275,18.72
5825,273,18.063
5826,261,18.355
5827,258,18.063
5828,258,18.063
5829,253,18.063
5830,251,18.063
5831,247,18.063
5832,251,18.063
5833,250,14.669
5834,250,14.669
5835,259,15.686
5836,264,16.633
5837,287,16.365
5838,265,16.365
5839,268,16.365
5840,278,16.365
5841,282,16.454
5842,287,16.454
5843,286,16.454
5844,287,18.597
5845,279,17.416
5846,261,16.365
5847,254,16.365
5848,252,16.365
5849,251,16.365
5850,259,17.459
5851,259,17.459
5852,277,17.778
5853,260,17.778
5854,268,17.778
5855,275,17.778
5856,276,17.459
5857,277,15.094
5858,269,9.674
5859,263,12.191
5860,261,12.191
5861,259,12.191
5862,251,12.191
5863,269,12.191
5864,249,13.961
5865,265,13.961
5866,247,17.141
5867,245,16.185
5868,258,16.185
5869,253,16.185
5870,263,18.857
5871,263,18.857
5872,270,16.833
5873,270,16.833
5874,285,16.833
5875,285,16.833
5876,273,16.833
5877,271,16.833
5878,259,16.833
5879,256,16.188
5880,291,16.188
5881,293,16.41
5882,289,18.05
5883,273,18.05
5884,273,18.05
5885,273,18.05
5886,264,17.993
5887,254,17.993
5888,241,17.993
5889,242,17.156
5890,233,17.156
5891,234,17.312
5892,230,17.823
5893,243,17.823
5894,237,17.823
5895,253,17.921
5896,254,17.921
5897,257,17.921
5898,251,17.921
5899,246,17.921
5900,254,17.921
5901,239,18.359
5902,266,17.921
5903,268,16.667
5904,276,16.667
5905,265,16.667
5906,259,16.849
5907,264,16.849
5908,270,16.849
5909,268,16.849
5910,268,16.849
5911,274,16.849
5912,275,18.723
5913,279,16.914
5914,270,16.914
5915,279,17.5
5916,263,17.5
5917,256,18.612
5918,256,18.612
5919,261,18.612
5920,269,18.612
5921,268,18.612
5922,256,18.612
5923,271,16.882
5924,260,16.882
5925,272,16.882
5926,269,16.882
5927,239,16.882
5928,233,16.882
5929,231,16.882
5930,234,16.882
5931,222,18.741
5932,233,16.709
5933,222,16.709
5934,224,16.709
5935,222,18.732
5936,240,16.709
5937,244,16.709
5938,251,16.709
5939,251,16.709
5940,248,16.709
5941,249,17.231
5942,250,16.709
5943,244,16.709
5944,241,15.987
5945,245,15.987
5946,248,15.987
5947,246,15.987
5948,245,15.987
5949,243,15.987
5950,267,16.334
5951,281,16.87
5952,282,16.87
5953,274,16.87
5954,282,17.264
5955,283,16.87
5956,289,16.87
5957,292,16.87
5958,290,14.756
5959,292,14.756
5960,291,14.756
5961,296,14.756
5962,294,14.756
5963,298,14.756
5964,296,14.756
5965,309,14.756
5966,316,15.991
5967,297,18.529
5968,295,18.529
5969,284,18.529
5970,284,18.529
5971,270,18.529
5972,245,18.529
5973,247,18.529
5974,247,18.529
5975,259,18.529
5976,252,18.761
5977,238,18.761
5978,256,16.463
5979,231,17.037
5980,241,16.804
5981,240,18.649
5982,242,18.649
5983,242,12.144
5984,234,15.545
5985,239,15.545
5986,249,15.545
5987,248,15.545
5988,250,8.587
5989,234,8.587
5990,219,8.587
5991,219,17.575
5992,208,17.575
5993,210,17.575
5994,218,17.575
5995,221,18.439
5996,218,18.439
5997,220,14.263
5998,228,18.304
5999,225,18.304
6000,239,14.535
6001,234,14.535
6002,243,14.535
6003,248,12.786
6004,250,15.36
6005,245,16.307
6006,243,16.307
6007,241,9.895
6008,239,12.261
6009,249,15.907
6010,251,15.907
6011,269,15.907
6012,274,15.808
6013,282,15.802
6014,272,15.802
6015,273,15.802
6016,259,15.802
6017,264,16.015
6018,263,16.015
6019,260,16.015
6020,265,16.015
6021,266,16.126
6022,274,17.172
6023,274,18.628
6024,275,18.628
6025,281,18.628
6026,279,17.073
6027,283,17.907
6028,282,17.907
6029,284,18.065
6030,270,18.09
6031,266,18.09
6032,261,18.74
6033,260,18.74
6034,259,17.907
6035,283,17.907
6036,278,16.302
6037,303,15.53
6038,295,15.53
6039,300,15.53
6040,278,17.022
6041,265,18.621
6042,262,18.621
6043,261,13.817
6044,258,13.817
6045,263,11.421
6046,261,11.421
6047,265,11.13
6048,266,11.13
6049,268,11.13
6050,260,17.3
6051,251,17.3
6052,261,17.3
6053,243,17.3
6054,257,16.062
6055,246,16.062
6056,258,16.062
6057,266,16.062
6058,258,16.242
6059,251,17.892
6060,256,17.892
6061,261,17.892
6062,261,17.892
6063,263,17.892
6064,263,17.892
6065,262,17.892
6066,297,14.852
6067,267,14.852
6068,257,14.852
6069,259,16.185
6070,258,16.185
6071,269,18.708
6072,280,18.708
6073,294,18.708
6074,279,18.474
6075,281,18.474
6076,285,18.474
6077,287,18.474
6078,292,18.474
6079,293,18.319
6080,277,16.185
6081,267,16.67
6082,263,16.67
6083,272,16.185
6084,267,16.185
6085,273,18.678
6086,264,17.237
6087,264,17.237
6088,262,17.237
6089,252,11.274
6090,251,16.846
6091,262,16.846
6092,265,16.846
6093,273,16.247
6094,268,16.247
6095,259,16.287
6096,259,16.511
6097,260,16.511
6098,269,17.204
6099,265,16.511
6100,267,16.511
6101,262,16.511
6102,273,16.511
6103,272,17.88
6104,274,16.287
6105,260,16.287
6106,259,16.287
6107,258,16.287
6108,258,17.569
6109,254,17.503
6110,262,17.503
6111,259,17.503
6112,254,17.503
6113,254,17.503
6114,259,18.609
6115,261,18.615
6116,264,18.637
6117,256,18.637
6118,251,18.637
6119,248,18.454
6120,265,18.454
6121,272,18.454
6122,274,18.454
6123,285,18.454
6124,275,18.454
6125,271,18.454
6126,260,18.454
6127,271,18.454
6128,284,18.454
6129,275,18.454
6130,273,18.454
6131,258,18.454
6132,253,18.454
6133,275,18.454
6134,275,18.454
6135,258,18.454
6136,259,18.454
6137,257,18.454
6138,248,18.454
6139,256,18.454
6140,239,18.454
6141,262,18.454
6142,265,18.454
6143,254,18.454
6144,251,18.621
6145,253,18.621
6146,254,18.621
6147,249,17.722
6148,248,17.722
6149,249,17.722
6150,239,17.722
6151,266,17.722
6152,273,17.722
6153,264,17.722
6154,248,17.722
6155,238,17.722
6156,246,17.722
6157,239,17.722
6158,250,17.722
6159,252,17.716
6160,240,17.716
6161,237,16.723
6162,245,16.15
6163,251,16.15
6164,272,18.43
6165,271,18.43
6166,277,18.155
6167,270,17.83
6168,239,15.739
6169,240,15.739
6170,236,15.875
6171,237,16.842
6172,232,18.454
6173,237,18.454
6174,239,16.842
6175,246,17.486
6176,230,16.842
6177,227,11.337
6178,241,17.767
6179,237,17.767
6180,232,17.767
6181,247,17.767
6182,235,14.341
6183,221,15.665
6184,221,15.665
6185,224,14.341
6186,217,18.029
6187,226,18.029
6188,226,18.029
6189,228,14.341
6190,224,12.989
6191,221,12.989
6192,223,17.377
6193,222,15.718
6194,249,15.718
6195,238,17.398
6196,237,15.718
6197,232,15.718
6198,222,15.718
6199,224,15.718
6200,229,17.055
6201,226,18.516
6202,247,17.055
6203,230,17.055
6204,227,17.055
6205,241,17.055
6206,222,18.577
6207,245,17.055
6208,258,17.055
6209,262,17.055
6210,260,14.917
6211,268,14.951
6212,249,14.951
6213,248,14.951
6214,255,14.951
6215,261,13.997
6216,263,13.997
6217,257,12.122
6218,255,13.573
6219,248,13.573
6220,243,13.573
6221,239,13.982
6222,253,13.982
6223,251,13.982
6224,240,13.982
6225,244,13.982
6226,236,13.982
6227,242,13.982
6228,269,13.573
6229,260,15.972
6230,244,15.972
6231,232,15.972
6232,231,15.972
6233,231,18.522
6234,246,18.522
6235,225,18.522
6236,241,18.522
6237,233,18.522
6238,251,17.664
6239,251,17.664
6240,260,17.664
6241,266,17.664
6242,292,17.664
6243,297,17.724
6244,268,17.724
6245,267,17.724
6246,261,17.724
6247,265,17.724
6248,263,17.724
6249,259,16.511
6250,274,16.511
6251,270,16.511
6252,278,16.511
6253,275,16.511
6254,272,16.511
6255,266,16.511
6256,281,13.546
6257,285,13.555
6258,288,18.648
6259,291,18.648
6260,289,13.555
6261,288,14.615
6262,272,14.615
6263,270,16.236
6264,273,17.847
6265,271,16.236
6266,274,16.236
6267,292,16.236
6268,275,14.986
6269,271,18.015
6270,267,18.015
6271,272,18.015
6272,266,18.015
6273,268,18.015
6274,259,18.015
6275,266,18.699
6276,255,16.445
6277,260,16.445
6278,260,15.115
6279,263,15.115
6280,274,16.995
6281,262,16.995
6282,263,15.295
6283,286,12.622
6284,267,12.622
6285,268,12.622
6286,281,12.678
6287,276,14.724
6288,277,18.14
6289,282,18.14
6290,260,18.14
6291,259,16.062
6292,262,16.062
6293,264,16.062
6294,280,17.387
6295,274,16.062
6296,264,18.741
6297,261,18.741
6298,255,17.279
6299,226,17.279
6300,228,17.279
6301,251,17.279
6302,241,17.324
6303,243,17.324
6304,244,17.324
6305,241,17.805
6306,245,18.137
6307,245,18.247
6308,239,18.247
6309,243,18.247
6310,239,18.247
6311,261,18.247
6312,248,18.247
6313,244,17.56
6314,250,16.323
6315,236,16.323
6316,239,16.323
6317,240,16.323
6318,249,12.213
6319,249,16.425
6320,251,16.425
6321,258,16.425
6322,269,15.283
6323,284,13.076
6324,284,13.076
6325,276,18.232
6326,267,18.232
6327,251,16.924
6328,249,16.924
6329,242,16.924
6330,259,18.86
6331,242,16.924
6332,247,16.924
6333,244,16.924
6334,249,17.244
6335,238,17.244
6336,224,17.244
6337,227,17.244
6338,225,17.244
6339,231,17.244
6340,234,17.244
6341,249,17.419
6342,247,17.419
6343,252,17.728
6344,254,17.728
6345,254,17.419
6346,258,18.81
6347,255,17.419
6348,262,17.419
6349,250,18.394
6350,249,18.394
6351,244,18.394
6352,259,18.394
6353,255,9.17
6354,264,9.17
6355,248,9.17
6356,239,9.17
6357,258,9.17
6358,251,10.995
6359,265,17.865
6360,248,16.935
6361,248,16.935
6362,254,15.055
6363,237,15.405
6364,238,15.055
6365,249,15.055
6366,259,17.626
6367,259,15.492
6368,257,17.563
6369,266,15.055
6370,263,15.055
6371,262,15.055
6372,272,15.339
6373,270,17.646
6374,264,17.646
6375,279,11.929
6376,258,11.929
6377,259,16.654
6378,256,18.714
6379,262,16.654
6380,260,16.654
6381,243,16.938
6382,239,17.464
6383,243,17.464
6384,250,17.464
6385,252,17.464
6386,261,16.128
6387,274,16.128
6388,275,16.128
6389,282,16.316
6390,263,16.316
6391,260,16.128
6392,277,16.128
6393,265,16.128
6394,261,16.386
6395,257,16.386
6396,249,16.386
6397,269,16.386
6398,280,16.128
6399,275,18.179
6400,286,18.179
6401,279,18.179
6402,279,18.179
6403,267,18.179
6404,273,18.179
6405,276,18.179
6406,292,17.417
6407,292,17.417
6408,276,17.417
6409,280,16.673
6410,280,16.673
6411,294,16.673
6412,305,16.128
6413,317,16.128
6414,304,16.128
6415,308,16.128
6416,294,16.951
6417,290,16.951
6418,283,18.451
6419,280,18.451
6420,283,18.451
6421,275,16.951
6422,278,16.951
6423,279,16.951
6424,270,17.955
6425,268,17.955
6426,275,17.955
6427,277,17.955
6428,257,17.955
6429,265,17.955
6430,261,17.955
6431,256,17.955
6432,261,17.955
6433,276,17.955
6434,276,18.809
6435,255,18.809
6436,262,18.809
6437,261,17.761
6438,247,18.134
6439,258,14.712
6440,256,14.712
6441,262,14.712
6442,249,14.712
6443,250,14.712
6444,252,17.183
6445,254,17.183
6446,272,17.183
6447,274,17.183
6448,243,17.183
6449,250,13.088
6450,252,13.088
6451,255,17.133
6452,246,17.133
6453,250,17.133
6454,238,15.19
6455,239,15.19
6456,259,15.19
6457,264,14.497
6458,264,14.497
6459,263,13.594
6460,265,16.143
6461,263,14.899
6462,270,17.812
6463,278,14.899
6464,273,14.899
6465,276,16.616
6466,258,16.616
6467,261,16.616
6468,279,16.616
6469,281,18.218
6470,272,18.696
6471,272,18.804
6472,288,18.804
6473,284,18.804
6474,277,18.804
6475,277,18.849
6476,289,18.652
6477,274,18.652
6478,276,18.652
6479,251,18.652
6480,253,18.652
6481,248,18.418
6482,253,18.418
6483,251,18.418
6484,252,18.418
6485,269,18.562
6486,272,18.562
6487,274,18.562
6488,282,18.562
6489,286,18.562
6490,282,18.418
6491,275,18.418
6492,274,18.418
6493,280,18.418
6494,278,16.684
6495,247,16.684
6496,249,12.921
6497,254,18.406
6498,266,18.406
6499,259,18.406
6500,258,18.075
6501,260,18.075
6502,264,18.075
6503,263,18.075
6504,281,16.801
6505,278,15.937
6506,277,18.726
6507,272,18.726
6508,274,18.726
6509,281,18.726
6510,282,18.726
6511,273,18.726
6512,272,18.726
6513,255,18.726
6514,263,17.629
6515,246,17.629
6516,246,17.629
6517,246,17.937
6518,252,17.937
6519,262,17.937
6520,263,17.166
6521,254,17.166
6522,253,17.166
6523,265,17.166
6524,261,15.005
6525,265,17.951
6526,266,17.951
6527,260,17.951
6528,281,17.951
6529,290,17.614
6530,295,15.298
6531,287,15.298
6532,285,15.298
6533,296,15.298
6534,278,15.298
6535,273,16.666
6536,268,16.325
6537,263,14.93
6538,263,14.93
6539,294,14.93
6540,259,14.93
6541,254,14.93
6542,245,14.968
6543,243,14.968
6544,262,13.923
6545,264,18.726
6546,268,18.726
6547,276,16.947
6548,276,13.923
6549,281,13.923
6550,287,18.314
6551,290,18.314
6552,288,16.906
6553,279,18.293
6554,284,18.293
6555,287,16.296
6556,284,16.296
6557,318,18.371
6558,286,18.009
6559,286,16.215
6560,279,17.043
6561,275,18.798
6562,277,17.043
6563,279,13.701
6564,280,13.701
6565,264,13.701
6566,264,13.701
6567,255,18.478
6568,258,15.65
6569,263,13.701
6570,267,17.277
6571,264,17.277
6572,287,17.277
6573,280,17.277
6574,281,17.277
6575,287,17.277
6576,285,18.522
6577,274,17.277
6578,273,17.277
6579,273,17.277
6580,288,17.277
6581,273,17.277
6582,283,17.277
6583,288,17.277
6584,276,17.277
6585,279,17.277
6586,282,15.806
6587,283,16.798
6588,287,15.806
6589,290,15.806
6590,280,18.788
6591,268,18.788
6592,264,18.788
6593,237,18.788
6594,236,18.788
6595,242,18.788
6596,240,12.132
6597,254,12.132
6598,264,18.797
6599,264,18.797
6600,238,15.109
6601,232,15.109
6602,223,15.109
6603,227,15.109
6604,233,15.109
6605,233,15.109
6606,231,15.109
6607,228,15.109
6608,236,15.109
6609,221,15.109
6610,217,15.109
6611,219,15.109
6612,247,15.109
6613,249,15.109
6614,249,15.109
6615,252,17.171
6616,230,17.171
6617,227,15.109
6618,239,18.25
6619,239,18.25
6620,273,18.25
6621,275,17.62
6622,260,15.109
6623,266,18.229
6624,245,18.229
6625,271,18.229
6626,273,18.229
6627,272,18.229
6628,270,18.229
6629,264,16.262
6630,263,16.262
6631,262,17.787
6632,250,17.933
6633,293,15.363
6634,293,15.363
6635,254,18.173
6636,226,18.173
6637,230,18.173
6638,240,17.129
6639,254,17.829
6640,256,17.829
6641,247,17.204
6642,252,17.204
6643,254,17.204
6644,237,16.188
6645,237,18.209
6646,237,16.32
6647,215,16.32
6648,233,16.32
6649,247,16.601
6650,245,17.291
6651,248,17.291
6652,231,17.291
6653,234,17.291
6654,248,17.291
6655,249,17.291
6656,251,17.291
6657,254,13.925
6658,233,13.925
6659,236,14.38
6660,236,14.38
6661,231,14.38
6662,234,14.464
6663,243,14.464
6664,256,16.795
6665,262,17.667
6666,266,17.667
6667,260,17.667
6668,252,14.464
6669,259,15.13
6670,260,14.024
6671,284,14.024
6672,277,14.024
6673,263,14.024
6674,260,15.076
6675,268,15.076
6676,265,15.076
6677,273,15.076
6678,279,15.076
6679,261,15.076
6680,246,15.076
6681,256,11.489
6682,282,14.762
6683,268,17.88
6684,262,17.88
6685,265,17.88
6686,260,17.88
6687,265,15.255
6688,266,16.906
6689,255,18.451
6690,269,18.451
6691,257,17.754
6692,248,16.906
6693,252,16.906
6694,271,18.029
6695,278,16.906
6696,276,18.114
6697,256,18.114
6698,248,18.391
6699,249,18.114
6700,268,18.114
6701,265,18.114
6702,268,15.773
6703,269,15.773
6704,277,15.773
6705,272,16.212
6706,275,14.446
6707,271,16.424
6708,251,9.546
6709,250,9.546
6710,244,12.18
6711,249,16.413
6712,249,16.413
6713,254,16.413
6714,235,16.413
6715,249,17.963
6716,250,17.963
6717,272,17.963
6718,271,17.963
6719,279,17.404
6720,270,17.404
6721,271,16.538
6722,271,16.538
6723,281,14.307
6724,262,16.146
6725,241,16.146
6726,241,16.146
6727,250,18.368
6728,270,18.368
6729,268,18.368
6730,267,18.368
6731,250,18.368
6732,241,16.146
6733,230,14.601
6734,256,17.028
6735,251,17.028
6736,231,16.256
6737,221,16.256
6738,243,16.256
6739,229,16.256
6740,235,16.256
6741,223,18.164
6742,231,18.164
6743,229,18.164
6744,217,18.164
6745,223,18.164
6746,217,14.778
6747,274,11.686
6748,275,11.432
6749,273,18.245
6750,252,13.941
6751,249,13.941
6752,254,13.941
6753,242,13.941
6754,221,17.644
6755,223,16.398
6756,229,17.345
6757,233,16.236
6758,234,14.296
6759,236,14.174
6760,237,14.434
6761,236,16.579
6762,238,14.434
6763,235,14.434
6764,238,14.434
6765,228,15.763
6766,228,15.763
6767,220,15.763
6768,230,15.763
6769,254,14.434
6770,254,14.434
6771,259,14.969
6772,267,16.929
6773,244,16.929
6774,209,15.579
6775,209,15.579
6776,209,15.579
6777,214,14.434
6778,216,14.434
6779,221,17.907
6780,228,18.821
6781,239,18.821
6782,238,18.821
6783,261,18.821
6784,264,18.821
6785,251,18.821
6786,243,18.821
6787,268,16.893
6788,267,14.434
6789,256,14.434
6790,285,14.434
6791,280,14.434
6792,274,16.912
6793,259,16.912
6794,261,17.542
6795,265,17.542
6796,261,17.542
6797,254,16.912
6798,254,16.912
6799,246,17.222
6800,266,16.912
6801,254,16.912
6802,252,17.096
6803,242,14.434
6804,242,14.434
6805,241,14.434
6806,231,14.434
6807,231,14.434
6808,226,14.434
6809,247,14.434
6810,246,15.127
6811,252,14.603
6812,270,18.179
6813,284,18.179
6814,292,18.179
6815,275,18.179
6816,275,18.179
6817,266,14.434
6818,251,16.182
6819,257,16.182
6820,259,16.496
6821,260,16.496
6822,272,17.868
6823,263,14.006
6824,255,14.006
6825,269,14.006
6826,271,13.881
6827,257,13.881
6828,253,13.881
6829,242,17.333
6830,241,15.805
6831,242,18.075
6832,246,18.075
6833,249,18.762
6834,249,18.762
6835,250,18.762
6836,234,18.762
6837,229,18.714
6838,214,18.714
6839,212,18.794
6840,222,18.714
6841,225,18.714
6842,235,18.714
6843,222,18.714
6844,227,18.714
6845,240,16.741
6846,227,18.592
6847,228,18.592
6848,221,18.592
6849,212,18.592
6850,223,18.592
6851,226,18.592
6852,243,18.592
6853,236,18.592
6854,231,18.592
6855,228,17.608
6856,239,18.666
6857,220,18.666
6858,241,17.74
6859,224,17.74
6860,239,17.74
6861,238,17.74
6862,242,16.436
6863,241,16.436
6864,259,16.436
6865,266,16.436
6866,266,16.436
6867,279,18.693
6868,278,18.693
6869,250,18.693
6870,237,16.436
6871,252,14.751
6872,247,15.168
6873,249,15.348
6874,241,15.168
6875,241,15.168
6876,252,18.409
6877,252,15.168
6878,257,11.642
6879,256,18.014
6880,246,11.929
6881,252,13.489
6882,262,17.655
6883,264,17.655
6884,262,17.655
6885,264,17.655
6886,250,17.655
6887,245,16.068
6888,245,16.068
6889,247,16.068
6890,245,16.068
6891,244,16.068
6892,234,16.068
6893,228,18.074
6894,243,15.89
6895,251,15.89
6896,236,15.89
6897,233,13.929
6898,225,13.489
6899,226,14.609
6900,223,13.489
6901,240,13.489
6902,249,15.142
6903,265,15.351
6904,257,16.063
6905,266,16.063
6906,269,16.063
6907,267,16.063
6908,260,16.349
6909,261,16.349
6910,256,13.489
6911,241,14.122
6912,252,14.122
6913,247,14.122
6914,270,13.489
6915,253,13.489
6916,261,13.489
6917,264,13.489
6918,256,13.76
6919,258,12.867
6920,254,12.867
6921,260,11.677
6922,261,11.677
6923,258,8.548
6924,243,14.032
6925,227,15.255
6926,232,15.255
6927,236,13.007
6928,235,13.007
6929,244,12.379
6930,240,16.0
6931,231,16.0
6932,221,16.0
6933,206,16.0
6934,201,16.0
6935,202,16.0
6936,202,15.599
6937,201,15.599
6938,194,17.973
6939,220,17.973
6940,227,18.317
6941,231,14.293
6942,252,14.609
6943,253,18.729
6944,259,18.729
6945,245,18.729
6946,250,18.729
6947,239,16.278
6948,242,18.723
6949,263,18.723
6950,257,15.476
6951,254,15.476
6952,235,15.782
6953,241,15.782
6954,232,17.7
6955,240,15.476
6956,242,15.476
6957,238,14.319
6958,245,13.163
6959,243,14.843
6960,227,17.07
6961,217,17.07
6962,223,14.843
6963,219,14.843
6964,214,16.05
6965,224,16.05
6966,224,16.938
6967,225,14.337
6968,225,14.337
6969,225,14.735
6970,225,14.735
6971,231,14.615
6972,241,15.449
6973,246,18.852
6974,247,18.852
6975,251,14.322
6976,242,14.322
6977,237,17.74
6978,220,14.322
6979,214,14.322
6980,220,14.322
6981,224,14.322
6982,227,14.322
6983,228,16.903
6984,231,16.903
6985,247,16.903
6986,254,16.903
6987,235,16.903
6988,237,18.368
6989,243,18.368
6990,251,18.027
6991,265,18.027
6992,266,18.027
6993,253,14.322
6994,236,14.428
6995,244,14.428
6996,242,14.428
6997,245,14.428
6998,241,17.506
6999,251,15.603
7000,258,17.991
7001,270,14.428
7002,267,14.322
7003,292,14.322
7004,265,14.589
7005,256,17.743
7006,265,17.743
7007,265,14.322
7008,270,14.322
7009,269,14.322
7010,285,14.322
7011,293,14.322
7012,270,14.322
7013,271,16.188
7014,269,16.188
7015,261,16.188
7016,268,17.704
7017,260,17.704
7018,276,17.229
7019,274,17.229
7020,280,17.229
7021,275,17.229
7022,274,17.229
7023,279,17.229
7024,290,17.229
7025,270,17.229
7026,260,17.229
7027,252,17.1
7028,267,16.606
7029,268,16.606
7030,265,16.606
7031,253,18.457
7032,259,18.457
7033,249,18.457
7034,240,18.457
7035,240,18.457
7036,239,18.457
7037,262,18.457
7038,252,18.457
7039,255,16.977
7040,262,16.977
7041,251,16.977
7042,259,18.078
7043,259,18.078
7044,261,18.078
7045,279,18.078
7046,261,18.078
7047,272,18.078
7048,271,18.821
7049,288,18.821
7050,277,18.821
7051,274,18.821
7052,270,18.821
7053,253,18.821
7054,244,18.821
7055,254,18.821
7056,247,18.821
7057,251,18.803
7058,258,18.803
7059,279,18.803
7060,276,18.803
7061,282,18.803
7062,276,18.803
7063,276,18.803
7064,268,18.803
7065,241,18.803
7066,246,18.803
7067,220,18.803
7068,222,18.803
7069,219,15.136
7070,230,17.226
7071,235,17.226
7072,236,17.226
7073,256,17.226
7074,254,17.226
7075,262,17.226
7076,264,16.511
7077,263,16.162
7078,242,16.162
7079,247,16.162
7080,252,16.162
7081,243,16.162
7082,237,16.162
7083,240,16.162
7084,258,16.162
7085,246,16.162
7086,262,18.806
7087,258,18.806
7088,256,18.806
7089,259,18.806
7090,257,18.806
7091,287,18.806
7092,267,18.806
7093,260,17.76
7094,266,17.76
7095,275,18.062
7096,283,18.062
7097,261,18.062
7098,250,16.162
7099,251,12.505
7100,248,14.771
7101,251,12.505
7102,243,11.666
7103,239,9.546
7104,241,18.107
7105,235,18.454
7106,231,18.454
7107,250,18.454
7108,258,18.454
7109,256,18.454
7110,263,18.454
7111,245,18.454
7112,244,18.454
7113,237,18.454
7114,247,18.454
7115,242,18.454
7116,245,18.454
7117,252,18.454
7118,247,18.454
7119,245,18.454
7120,246,18.454
7121,263,18.454
7122,262,18.454
7123,288,18.454
7124,268,18.454
7125,252,18.454
7126,250,18.55
7127,277,18.55
7128,273,18.55
7129,274,18.55
7130,277,18.55
7131,288,18.571
7132,289,18.571
7133,278,18.55
7134,278,18.55
7135,278,18.55
7136,259,18.55
7137,261,18.55
7138,255,18.55
7139,259,17.662
7140,247,17.662
7141,243,18.217
7142,241,18.217
7143,235,16.514
7144,246,16.514
7145,242,16.697
7146,244,16.514
7147,236,17.495
7148,217,16.514
7149,214,16.514
7150,220,14.846
7151,230,16.317
7152,245,16.317
7153,253,16.317
7154,258,16.317
7155,264,16.317
7156,269,16.317
7157,256,16.317
7158,256,16.317
7159,277,16.317
7160,275,16.317
7161,275,16.777
7162,273,16.777
7163,268,16.317
7164,253,16.155
7165,236,16.191
7166,237,16.915
7167,271,16.915
7168,237,16.915
7169,224,18.627
7170,228,18.627
7171,222,18.627
7172,239,18.038
7173,239,18.038
7174,234,18.038
7175,227,16.326
7176,231,16.326
7177,235,16.326
7178,240,16.326
7179,239,16.326
7180,235,13.507
7181,232,18.193
7182,216,18.193
7183,224,18.193
7184,229,18.193
7185,228,18.193
7186,224,18.193
7187,197,17.99
7188,195,17.99
7189,203,17.721
7190,200,17.721
7191,206,17.721
7192,206,17.721
7193,208,17.721
7194,205,17.721
7195,202,17.721
7196,218,17.721
7197,211,17.721
7198,210,17.721
7199,212,17.721
7200,211,17.721
7201,213,17.721
7202,221,16.697
7203,253,16.697
7204,232,16.697
7205,241,16.697
7206,258,16.697
7207,260,16.697
7208,254,16.697
7209,249,18.275
7210,256,18.051
7211,249,18.051
7212,247,17.339
7213,244,17.339
7214,255,16.697
7215,255,16.697
7216,240,16.697
7217,240,16.697
7218,243,16.697
7219,243,16.697
7220,275,16.697
7221,277,17.784
7222,272,17.784
7223,272,16.697
7224,277,16.697
7225,271,18.173
7226,252,18.173
7227,249,18.173
7228,252,18.173
7229,271,18.173
7230,271,18.173
7231,253,18.173
7232,250,18.173
7233,250,18.173
7234,226,18.173
7235,242,16.697
7236,244,16.697
7237,246,16.697
7238,258,16.697
7239,262,16.697
7240,251,16.697
7241,237,16.697
7242,238,16.697
7243,250,16.697
7244,248,16.697
7245,252,16.697
7246,268,16.697
7247,272,16.697
7248,268,16.697
7249,276,16.697
7250,284,16.697
7251,286,17.979
7252,296,17.979
7253,294,17.979
7254,277,18.489
7255,289,18.489
7256,295,18.4
7257,291,18.4
7258,293,18.4
7259,293,18.062
7260,292,18.062
7261,288,18.062
7262,283,18.427
7263,266,18.427
7264,266,18.427
7265,265,18.427
7266,268,18.427
7267,270,15.175
7268,275,15.175
7269,273,15.175
7270,266,15.175
7271,266,15.175
7272,267,15.175
7273,267,15.461
7274,269,15.461
7275,280,15.461
7276,271,16.663
7277,243,16.663
7278,269,18.867
7279,261,18.867
7280,275,18.867
7281,279,18.867
7282,276,18.867
7283,275,18.867
7284,274,18.867
7285,254,18.424
7286,257,18.791
7287,260,18.424
7288,256,18.424
7289,231,18.424
7290,260,18.735
7291,262,18.735
7292,262,18.735
7293,272,17.764
7294,269,17.764
7295,269,17.558
7296,273,17.558
7297,245,17.558
7298,240,16.341
7299,249,17.817
7300,254,17.817
7301,247,17.817
7302,233,17.817
7303,231,17.817
7304,259,16.433
7305,260,16.433
7306,264,15.656
7307,285,15.656
7308,279,13.136
7309,270,16.083
7310,267,16.083
7311,277,16.083
7312,275,16.277
7313,268,16.277
7314,255,16.277
7315,257,15.848
7316,240,18.14
7317,253,15.848
7318,241,15.848
7319,237,15.848
7320,246,15.848
7321,227,15.426
7322,245,17.217
7323,240,15.375
7324,244,10.601
7325,258,10.601
7326,260,17.791
7327,252,17.791
7328,254,17.791
7329,264,17.939
7330,268,17.939
7331,269,17.939
7332,240,17.939
7333,266,17.939
7334,254,17.791
7335,261,18.752
7336,263,18.752
7337,265,17.791
7338,263,16.882
7339,253,16.768
7340,249,16.768
7341,243,16.768
7342,236,16.768
7343,248,16.768
7344,249,18.663
7345,249,18.663
7346,256,18.663
7347,250,18.663
7348,251,16.768
7349,245,16.768
7350,256,16.768
7351,235,14.206
7352,225,14.206
7353,226,14.206
7354,225,14.206
7355,224,14.984
7356,240,14.984
7357,235,14.984
7358,229,14.984
7359,226,17.495
7360,234,17.495
7361,224,17.495
7362,245,15.824
7363,263,15.824
7364,273,17.578
7365,263,18.227
7366,259,18.227
7367,274,18.227
7368,275,17.631
7369,274,17.686
7370,272,17.686
7371,266,17.686
7372,269,17.686
7373,282,17.686
7374,276,17.921
7375,283,17.921
7376,275,17.921
7377,269,18.018
7378,251,18.018
7379,250,18.018
7380,256,18.018
7381,245,17.751
7382,251,18.188
7383,248,18.188
7384,233,18.188
7385,223,18.188
7386,233,18.188
7387,233,18.188
7388,245,18.774
7389,240,18.774
7390,236,18.774
7391,249,18.774
7392,261,12.075
7393,259,12.075
7394,253,12.075
7395,252,12.075
7396,260,17.924
7397,262,17.924
7398,255,17.924
7399,250,12.228
7400,255,12.228
7401,263,16.72
7402,263,16.935
7403,267,16.935
7404,267,16.935
7405,259,18.654
7406,268,16.935
7407,273,16.935
7408,276,16.293
7409,282,16.875
7410,279,16.875
7411,282,17.201
7412,266,17.201
7413,250,17.201
7414,247,16.49
7415,245,15.656
7416,243,15.656
7417,229,15.656
7418,232,16.132
7419,235,18.555
7420,247,18.555
7421,243,17.53
7422,257,18.669
7423,256,18.409
7424,244,18.409
7425,248,18.409
7426,240,18.409
7427,252,18.409
7428,241,16.131
7429,247,16.131
7430,227,16.131
7431,234,16.182
7432,234,16.131
7433,242,10.883
7434,243,11.773
7435,239,12.386
7436,233,12.386
7437,231,12.386
7438,219,12.234
7439,216,15.787
7440,216,12.234
7441,227,12.79
7442,230,12.79
7443,230,17.901
7444,232,17.901
7445,234,17.901
7446,235,17.901
7447,239,17.901
7448,236,18.053
7449,267,13.088
7450,246,18.274
7451,235,18.274
7452,257,18.274
7453,260,12.921
7454,266,12.114
7455,262,12.114
7456,262,16.987
7457,269,16.987
7458,281,16.987
7459,269,18.645
7460,263,18.645
7461,261,16.987
7462,260,17.12
7463,263,18.146
7464,262,18.146
7465,250,18.14
7466,257,16.281
7467,263,16.281
7468,258,14.766
7469,251,18.791
7470,250,18.791
7471,252,18.791
7472,252,18.791
7473,240,14.308
7474,243,17.821
7475,242,17.821
7476,261,17.821
7477,261,15.315
7478,257,15.315
7479,258,17.963
7480,265,18.498
7481,257,17.963
7482,282,15.324
7483,280,15.324
7484,272,15.593
7485,279,17.223
7486,282,17.223
7487,289,17.494
7488,266,17.494
7489,265,17.223
7490,265,17.223
7491,257,15.324
7492,258,15.324
7493,256,15.324
7494,255,15.324
7495,274,15.324
7496,275,16.962
7497,300,16.962
7498,291,17.48
7499,298,16.962
7500,308,16.962
7501,307,17.703
7502,286,17.703
7503,274,17.703
7504,276,17.703
7505,287,16.962
7506,259,16.962
7507,263,16.962
7508,274,17.151
7509,275,17.151
7510,278,17.258
7511,268,11.576
7512,264,12.885
7513,249,13.426
7514,237,18.845
7515,238,18.845
7516,240,18.845
7517,228,16.15
7518,233,12.885
7519,241,7.227
7520,247,9.432
7521,254,9.432
7522,258,13.824
7523,256,13.824
7524,258,11.874
7525,263,11.874
7526,273,11.874
7527,275,11.874
7528,275,16.26
7529,260,16.26
7530,260,16.26
7531,292,12.894
7532,290,15.465
7533,272,15.608
7534,264,17.016
7535,268,15.465
7536,276,15.465
7537,274,17.727
7538,275,17.727
7539,277,17.727
7540,270,16.809
7541,287,16.809
7542,275,16.765
7543,276,16.765
7544,289,15.256
7545,293,15.731
7546,277,18.723
7547,278,18.723
7548,267,18.723
7549,272,18.723
7550,252,18.723
7551,259,18.723
7552,266,18.723
7553,295,17.847
7554,288,17.847
7555,278,17.847
7556,268,17.847
7557,283,17.847
7558,296,17.847
7559,309,17.847
7560,308,17.847
7561,309,17.847
7562,281,17.847
7563,289,17.847
7564,267,17.847
7565,264,17.847
7566,274,17.847
7567,268,17.847
7568,257,17.847
7569,263,17.847
7570,265,17.847
7571,261,18.442
7572,263,18.442
7573,262,18.442
7574,263,18.442
7575,256,18.442
7576,241,18.442
7577,257,17.847
7578,276,17.847
7579,274,17.847
7580,279,17.847
7581,297,17.94
7582,287,17.847
7583,291,17.847
7584,277,17.847
7585,268,16.263
7586,260,14.165
7587,239,11.86
7588,249,10.703
7589,252,15.878
7590,246,10.871
7591,236,17.384
7592,227,16.559
7593,238,16.559
7594,232,18.465
7595,213,18.465
7596,216,18.465
7597,239,18.465
7598,220,18.465
7599,219,18.465
7600,223,18.116
7601,217,8.856
7602,228,17.817
7603,258,8.856
7604,255,8.031
7605,274,8.774
7606,273,13.1
7607,275,13.725
7608,227,16.206
7609,238,13.725
7610,235,13.725
7611,236,18.489
7612,226,18.489
7613,243,18.489
7614,239,17.386
7615,260,15.15
7616,279,18.35
7617,264,18.35
7618,265,18.35
7619,269,18.35
7620,288,18.35
7621,289,18.35
7622,281,18.35
7623,283,16.694
7624,284,16.694
7625,292,16.694
7626,298,13.297
7627,258,14.34
7628,246,14.34
7629,265,13.297
7630,248,14.284
7631,253,14.284
7632,259,14.284
7633,258,13.297
7634,278,13.297
7635,263,12.146
7636,271,18.06
7637,271,12.146
7638,270,16.7
7639,251,16.7
7640,264,17.028
7641,254,11.205
7642,243,11.465
7643,252,18.158
7644,239,18.783
7645,228,18.783
7646,218,18.783
7647,215,18.783
7648,213,18.783
7649,217,16.472
7650,220,16.472
7651,230,17.706
7652,220,17.706
7653,226,12.733
7654,229,12.733
7655,234,18.451
7656,229,15.748
7657,222,12.733
7658,229,12.733
7659,243,15.515
7660,254,13.028
7661,270,13.028
7662,269,10.246
7663,277,11.684
7664,288,11.684
7665,300,13.63
7666,288,13.63
7667,265,18.565
7668,260,14.559
7669,254,14.559
7670,251,14.559
7671,251,14.559
7672,251,14.559
7673,252,15.525
7674,248,14.559
7675,233,14.559
7676,237,10.357
7677,244,10.357
7678,257,10.357
7679,256,10.188
7680,259,17.129
7681,259,17.129
7682,273,17.129
7683,284,17.129
7684,281,14.204
7685,253,14.204
7686,249,14.204
7687,260,14.204
7688,274,14.204
7689,275,18.498
7690,291,18.854
7691,291,18.854
7692,284,18.854
7693,292,18.854
7694,302,12.876
7695,310,12.876
7696,299,13.552
7697,311,13.552
7698,287,13.552
7699,288,14.822
7700,285,14.822
7701,282,14.822
7702,274,15.381
7703,270,15.381
7704,265,18.612
7705,263,13.077
7706,250,12.876
7707,260,16.03
7708,261,16.03
7709,255,16.03
7710,258,18.812
7711,303,18.812
7712,293,18.812
7713,285,18.812
7714,301,18.812
7715,289,18.812
7716,280,18.812
7717,277,18.812
7718,288,18.812
7719,279,18.812
7720,285,18.812
7721,287,18.812
7722,291,18.812
7723,284,18.812
7724,260,18.812
7725,237,18.812
7726,233,18.812
7727,269,18.812
7728,274,18.812
7729,280,18.812
7730,285,18.812
7731,283,18.812
7732,275,18.812
7733,280,12.835
7734,279,14.96
7735,276,18.463
7736,271,18.463
7737,302,18.463
7738,302,18.463
7739,302,18.463
7740,267,18.463
7741,273,18.463
7742,257,18.02
7743,266,18.02
7744,274,18.02
7745,265,18.328
7746,265,18.328
7747,273,18.328
7748,259,18.328
7749,259,18.328
7750,268,17.309
7751,278,17.309
7752,276,17.309
7753,283,14.92
7754,281,17.754
7755,292,17.754
7756,290,17.754
7757,300,17.754
7758,295,13.832
7759,268,15.967
7760,272,15.967
7761,277,14.81
7762,289,14.81
7763,288,14.763
7764,287,15.375
7765,286,15.375
7766,286,15.375
7767,284,10.897
7768,254,10.111
7769,259,14.413
7770,261,14.413
7771,242,14.413
7772,259,16.824
7773,274,14.413
7774,266,14.413
7775,262,18.601
7776,262,18.337
7777,268,18.337
7778,266,18.337
7779,263,18.337
7780,259,18.337
7781,234,15.216
7782,234,15.216
7783,237,15.216
7784,235,16.896
7785,248,16.896
7786,239,16.887
7787,247,16.887
7788,234,14.861
7789,237,17.061
7790,225,17.061
7791,267,10.918
7792,274,15.754
7793,275,15.754
7794,247,15.754
7795,265,14.622
7796,264,18.561
7797,283,14.622
7798,291,18.424
7799,283,14.622
7800,278,14.622
7801,277,14.622
7802,277,14.622
7803,272,10.305
7804,268,10.978
7805,259,18.864
7806,270,10.978
7807,257,10.527
7808,258,14.379
7809,269,14.379
7810,268,16.269
7811,271,14.379
7812,281,15.249
7813,279,18.146
7814,283,18.146
7815,274,17.949
7816,280,17.949
7817,288,17.949
7818,286,17.949
7819,276,14.149
7820,292,14.149
7821,296,13.874
7822,293,15.656
7823,296,15.656
7824,295,18.591
7825,295,18.591
7826,291,18.591
7827,288,13.824
7828,285,13.824
7829,274,13.824
7830,276,15.961
7831,279,15.961
7832,276,15.961
7833,277,15.961
7834,275,15.961
7835,270,16.774
7836,246,16.774
7837,243,18.851
7838,249,18.851
7839,259,18.851
7840,256,18.851
7841,280,15.961
7842,266,15.961
7843,242,15.961
7844,246,15.961
7845,238,18.241
7846,228,18.241
7847,228,18.241
7848,226,18.241
7849,218,17.7
7850,227,15.733
7851,245,15.733
7852,250,15.482
7853,261,15.183
7854,275,15.183
7855,257,15.183
7856,246,15.898
7857,249,15.898
7858,249,15.898
7859,245,16.81
7860,239,16.81
7861,235,16.81
7862,232,16.81
7863,233,16.81
7864,237,16.81
7865,243,15.249
7866,254,15.249
7867,248,15.249
7868,247,15.249
7869,246,15.249
7870,272,17.36
7871,270,17.36
7872,269,17.36
7873,271,17.229
7874,243,17.229
7875,248,17.229
7876,242,17.229
7877,242,18.119
7878,251,18.119
7879,250,18.119
7880,265,18.119
7881,275,18.119
7882,270,18.119
7883,250,18.119
7884,250,17.229
7885,247,17.497
7886,246,17.497
7887,295,17.497
7888,305,17.764
7889,272,17.764
7890,273,16.412
7891,280,16.299
7892,256,17.524
7893,248,17.524
7894,248,17.524
7895,235,16.726
7896,259,16.299
7897,256,16.026
7898,255,16.026
7899,239,16.026
7900,232,17.853
7901,235,17.853
7902,238,18.033
7903,251,17.853
7904,274,17.853
7905,242,17.853
7906,263,17.853
7907,237,17.853
7908,235,18.008
7909,226,17.853
7910,220,16.645
7911,226,16.645
7912,226,16.645
7913,227,16.679
7914,224,18.755
7915,225,18.755
7916,225,18.755
7917,250,16.679
7918,256,18.827
7919,253,18.827
7920,255,16.679
7921,276,16.679
7922,276,16.679
7923,276,17.282
7924,287,17.282
7925,292,17.282
7926,276,18.51
7927,261,18.51
7928,263,18.51
7929,266,18.51
7930,262,17.892
7931,258,17.892
7932,253,17.736
7933,261,17.736
7934,262,17.736
7935,260,17.736
7936,264,17.736
7937,254,17.342
7938,256,17.342
7939,262,17.342
7940,267,18.114
7941,273,17.267
7942,275,17.267
7943,275,17.267
7944,272,17.267
7945,288,17.267
7946,284,17.267
7947,297,16.679
7948,303,18.445
7949,303,18.445
7950,300,18.445
7951,286,18.445
7952,283,17.892
7953,279,17.892
7954,278,17.892
7955,278,17.892
7956,266,17.649
7957,267,18.179
7958,274,18.179
7959,277,18.179
7960,290,18.726
7961,293,18.295
7962,270,18.179
7963,257,18.179
7964,261,18.179
7965,257,18.179
7966,264,17.235
7967,276,17.235
7968,283,17.235
7969,284,14.086
7970,295,15.24
7971,271,13.677
7972,269,13.677
7973,270,13.677
7974,265,13.677
7975,271,13.677
7976,273,15.901
7977,270,15.901
7978,283,17.339
7979,282,17.339
7980,278,17.339
7981,278,16.006
7982,286,16.006
7983,294,16.006
7984,281,13.056
7985,277,15.219
7986,277,15.219
7987,267,9.28
7988,265,9.28
7989,270,14.469
7990,292,17.832
7991,260,17.174
7992,255,16.57
7993,267,17.83
7994,257,17.83
7995,262,16.401
7996,251,15.196
7997,244,15.196
7998,252,18.552
7999,256,15.196
8000,257,17.07
8001,268,15.196
8002,247,15.555
8003,251,15.555
8004,255,15.555
8005,248,15.151
8006,264,15.151
8007,260,15.151
8008,258,15.748
8009,277,15.151
8010,275,17.948
8011,274,17.948
8012,254,17.53
8013,244,17.53
8014,259,17.599
8015,272,17.599
8016,265,17.114
8017,259,17.114
8018,292,16.938
8019,292,16.278
8020,304,16.278
8021,282,16.278
8022,276,16.278
8023,239,16.278
8024,254,16.278
8025,255,16.278
8026,250,16.278
8027,274,16.278
8028,282,15.695
8029,270,15.695
8030,290,14.55
8031,267,11.964
8032,265,18.17
8033,267,18.17
8034,247,14.239
8035,230,16.678
8036,229,18.732
8037,234,18.732
8038,220,17.198
8039,229,17.198
8040,226,13.648
8041,227,14.597
8042,218,17.847
8043,214,17.847
8044,213,15.079
8045,221,18.236
8046,222,18.236
8047,221,18.236
8048,225,18.236
8049,209,13.648
8050,220,15.381
8051,220,13.648
8052,215,13.648
8053,211,13.648
8054,212,13.648
8055,211,13.648
8056,222,14.941
8057,228,14.941
8058,230,14.941
8059,249,13.648
8060,256,13.648
8061,238,14.26
8062,229,18.627
8063,227,18.72
8064,222,18.72
8065,219,18.72
8066,242,18.72
8067,252,18.627
8068,262,17.348
8069,265,17.348
8070,258,16.436
8071,267,16.436
8072,278,18.09
8073,281,18.09
8074,281,18.09
8075,277,18.09
8076,270,18.09
8077,275,18.09
8078,288,18.09
8079,274,18.09
8080,269,17.629
8081,291,17.629
8082,280,15.555
8083,282,15.895
8084,290,15.895
8085,285,17.551
8086,272,15.555
8087,271,15.555
8088,277,17.437
8089,288,18.137
8090,273,18.137
8091,282,18.137
8092,279,18.137
8093,284,15.706
8094,275,15.555
8095,269,18.235
8096,266,18.705
8097,250,18.705
8098,258,18.705
8099,253,18.705
8100,275,18.705
8101,271,18.705
8102,267,18.48
8103,265,18.48
8104,271,18.48
8105,269,15.226
8106,262,15.226
8107,272,14.37
8108,269,18.149
8109,265,18.149
8110,268,18.149
8111,273,18.149
8112,269,18.149
8113,274,18.149
8114,279,18.149
8115,264,18.149
8116,268,17.933
8117,266,17.933
8118,262,18.424
8119,256,18.424
8120,256,18.424
8121,242,17.226
8122,255,17.226
8123,258,17.226
8124,258,17.226
8125,256,17.226
8126,250,17.226
8127,235,17.226
8128,245,17.002
8129,250,11.232
8130,252,11.232
8131,248,11.232
8132,253,13.862
8133,250,17.494
8134,251,18.702
8135,248,12.382
8136,246,12.382
8137,246,13.047
8138,233,13.047
8139,237,14.009
8140,235,14.009
8141,245,14.009
8142,253,14.009
8143,255,14.009
8144,242,18.591
8145,231,14.009
8146,249,17.898
8147,234,12.844
8148,236,17.079
8149,244,17.079
8150,244,14.245
8151,259,14.245
8152,262,14.245
8153,259,16.896
8154,258,16.89
8155,256,18.83
8156,270,18.83
8157,274,18.83
8158,281,18.83
8159,285,18.83
8160,290,17.198
8161,278,17.198
8162,278,17.198
8163,271,17.198
8164,264,10.664
8165,280,14.741
8166,281,14.741
8167,282,15.973
8168,284,18.502
8169,291,18.502
8170,283,18.502
8171,280,16.786
8172,286,16.786
8173,268,16.786
8174,274,14.837
8175,298,14.837
8176,295,14.837
8177,294,16.765
8178,293,16.765
8179,290,16.812
8180,286,16.812
8181,290,16.765
8182,305,16.857
8183,294,16.857
8184,277,16.765
8185,279,16.765
8186,288,16.478
8187,287,16.478
8188,287,16.478
8189,286,16.478
8190,301,16.842
8191,302,18.627
8192,293,18.777
8193,295,18.777
8194,276,18.777
8195,273,18.777
8196,272,18.343
8197,270,18.343
8198,256,17.031
8199,255,17.031
8200,265,17.031
8201,281,14.111
8202,276,14.111
8203,273,14.111
8204,265,14.111
8205,260,14.111
8206,265,18.51
8207,267,18.51
8208,260,18.51
8209,233,18.51
8210,235,18.247
8211,235,18.43
8212,238,18.43
8213,252,18.43
8214,252,18.43
8215,247,18.43
8216,237,18.43
8217,237,18.43
8218,239,18.43
8219,235,18.43
8220,245,18.43
8221,244,18.43
8222,251,18.43
8223,273,18.43
8224,265,18.43
8225,246,18.43
8226,268,18.43
8227,257,18.43
8228,267,18.528
8229,266,18.528
8230,259,18.359
8231,250,18.352
8232,262,17.5
8233,261,17.5
8234,252,17.5
8235,255,17.5
8236,253,17.5
8237,255,17.5
8238,261,17.5
8239,261,17.5
8240,266,17.5
8241,273,17.5
8242,271,17.5
8243,259,16.017
8244,270,17.395
8245,258,16.017
8246,264,16.017
8247,253,15.319
8248,256,15.319
8249,256,14.748
8250,237,14.748
8251,227,14.748
8252,232,14.748
8253,230,15.993
8254,236,17.076
8255,236,17.076
8256,235,17.076
8257,237,17.076
8258,236,17.076
8259,233,17.076
8260,246,17.076
8261,240,17.542
8262,234,17.542
8263,246,12.529
8264,256,12.529
8265,258,14.251
8266,262,10.123
8267,251,10.123
8268,245,10.123
8269,235,17.515
8270,248,18.508
8271,259,18.508
8272,255,18.508
8273,252,18.508
8274,234,17.515
8275,231,17.515
8276,230,17.515
8277,230,17.515
8278,220,18.2
8279,230,18.2
8280,231,18.2
8281,242,18.834
8282,232,17.515
8283,239,17.515
8284,245,17.515
8285,252,17.515
8286,261,17.515
8287,254,17.515
8288,259,17.515
8289,260,17.515
8290,253,17.515
8291,244,17.515
8292,240,17.515
8293,249,17.515
8294,235,17.515
8295,247,17.515
8296,252,17.515
8297,252,17.515
8298,251,17.515
8299,259,17.515
8300,261,17.515
8301,250,17.515
8302,246,17.515
8303,243,17.515
8304,240,17.515
8305,239,17.515
8306,239,17.515
8307,240,17.515
8308,246,18.55
8309,247,18.55
8310,250,18.55
8311,251,18.773
8312,254,18.773
8313,255,18.773
8314,258,18.773
8315,257,18.773
8316,255,17.393
8317,241,14.156
8318,239,14.156
8319,238,14.156
8320,282,16.012
8321,236,17.608
8322,256,17.608
8323,252,17.608
8324,238,17.608
8325,257,17.608
8326,238,17.608
8327,237,15.842
8328,240,18.208
8329,240,15.842
8330,234,16.582
8331,268,16.242
8332,272,16.242
8333,271,16.242
8334,234,17.727
8335,236,15.842
8336,237,15.842
8337,227,16.221
8338,241,15.842
8339,253,15.842
8340,259,15.842
8341,255,17.217
8342,246,17.217
8343,263,17.217
8344,263,15.842
8345,241,15.842
8346,243,15.842
8347,252,15.842
8348,264,15.842
8349,258,15.842
8350,261,15.842
8351,265,15.842
8352,270,16.2
8353,269,16.2
8354,259,16.2
8355,258,16.2
8356,249,18.63
8357,263,18.63
8358,249,18.63
8359,246,17.081
8360,246,18.543
8361,239,18.543
8362,232,18.776
8363,231,18.322
8364,253,18.322
8365,249,18.322
8366,251,18.322
8367,243,18.322
8368,269,18.322
8369,272,18.507
8370,274,18.507
8371,266,18.507
8372,262,18.507
8373,270,18.507
8374,258,18.507
8375,245,18.666
8376,250,18.666
8377,256,18.666
8378,248,13.557
8379,249,13.557
8380,248,18.812
8381,232,18.812
8382,210,18.812
8383,218,18.812
8384,222,18.812
8385,220,18.812
8386,231,17.061
8387,222,8.922
8388,236,8.922
8389,263,14.473
8390,233,12.616
8391,240,12.616
8392,238,12.616
8393,246,12.616
8394,247,12.616
8395,243,12.616
8396,246,12.616
8397,249,18.861
8398,271,18.861
8399,242,18.861
8400,232,12.7
8401,229,12.7
8402,231,12.7
8403,257,13.767
8404,236,17.818
8405,237,17.818
8406,235,17.818
8407,250,17.818
8408,245,17.818
8409,244,18.015
8410,255,18.015
8411,245,18.015
8412,256,18.015
8413,261,14.035
8414,262,14.035
8415,252,14.035
8416,247,17.279
8417,249,17.279
8418,252,17.177
8419,254,17.177
8420,256,13.835
8421,250,13.835
8422,234,12.9
8423,238,12.9
8424,240,12.9
8425,237,12.9
8426,232,18.854
8427,233,12.9
8428,232,12.9
8429,233,12.9
8430,240,15.076
8431,234,12.751
8432,237,12.751
8433,237,12.751
8434,239,13.061
8435,241,13.225
8436,239,13.225
8437,236,13.225
8438,240,15.985
8439,244,18.687
8440,247,18.687
8441,239,18.687
8442,247,18.687
8443,246,15.118
8444,258,15.138
8445,250,17.921
8446,248,17.921
8447,237,18.863
8448,236,18.863
8449,236,18.863
8450,249,18.362
8451,251,17.921
8452,271,17.921
8453,261,16.274
8454,259,16.274
8455,271,16.528
8456,270,16.528
8457,273,17.157
8458,265,16.528
8459,258,16.528
8460,258,16.528
8461,254,16.283
8462,239,16.274
8463,245,18.705
8464,250,18.705
8465,262,18.705
8466,258,14.84
8467,242,15.955
8468,240,15.955
8469,239,17.722
8470,245,15.955
8471,253,15.955
8472,253,18.654
8473,264,18.654
8474,267,18.654
8475,267,18.654
8476,273,18.654
8477,269,18.654
8478,278,18.654
8479,273,18.654
8480,267,18.654
8481,243,18.032
8482,266,18.032
8483,256,15.307
8484,258,15.307
8485,263,15.307
8486,255,15.307
8487,261,15.307
8488,264,15.307
8489,271,15.307
8490,272,14.684
8491,267,16.418
8492,263,16.418
8493,267,16.418
8494,280,16.418
8495,258,16.418
8496,256,16.418
8497,265,16.418
8498,264,13.722
8499,249,17.106
8500,254,17.106
8501,258,17.106
8502,260,17.106
8503,244,17.106
8504,233,18.69
8505,247,18.69
8506,254,18.69
8507,280,18.69
8508,285,18.69
8509,277,18.69
8510,275,18.69
8511,275,16.881
8512,278,18.319
8513,276,18.319
8514,276,18.319
8515,279,18.319
8516,280,18.319
8517,280,18.319
8518,289,18.319
8519,278,18.319
8520,261,18.319
8521,265,18.319
8522,276,18.319
8523,278,17.988
8524,269,17.988
8525,269,17.988
8526,263,17.988
8527,267,17.68
8528,270,18.005
8529,268,18.005
8530,270,18.005
8531,284,18.005
8532,275,15.94
8533,260,15.602
8534,260,16.783
8535,279,14.882
8536,284,14.882
8537,258,14.882
8538,277,14.461
8539,283,14.461
8540,289,14.461
8541,285,14.461
8542,284,17.691
8543,290,17.691
8544,288,17.691
8545,276,17.691
8546,276,17.691
8547,273,17.691
8548,280,17.691
8549,284,17.691
8550,265,17.691
8551,270,18.672
8552,272,18.672
8553,280,18.672
8554,258,18.672
8555,263,18.672
8556,273,18.672
8557,267,18.672
8558,259,18.672
8559,264,18.672
8560,265,18.672
8561,269,18.788
8562,277,18.788
8563,270,18.788
8564,271,18.788
8565,272,18.672
8566,271,18.672
8567,264,18.672
8568,271,18.672
8569,290,18.672
8570,293,18.672
8571,293,18.672
8572,285,18.672
8573,281,18.672
8574,270,18.672
8575,255,17.754
8576,251,17.754
8577,269,17.754
8578,257,17.754
8579,258,17.754
8580,264,17.754
8581,268,17.754
8582,268,17.754
8583,267,17.754
8584,263,17.754
8585,264,17.754
8586,250,17.754
8587,248,16.131
8588,240,17.025
8589,266,17.025
8590,270,18.851
8591,269,18.274
8592,269,18.274
8593,250,18.274
8594,242,18.274
8595,232,18.274
8596,231,18.274
8597,231,18.274
8598,232,17.853
8599,236,17.853
8600,239,18.101
8601,239,18.101
8602,263,18.101
8603,270,18.101
8604,267,18.101
8605,251,18.101
8606,240,18.101
8607,237,12.404
8608,239,14.499
8609,251,18.379
8610,253,18.379
8611,250,18.379
8612,247,18.379
8613,245,18.379
8614,275,18.696
8615,271,17.368
8616,277,14.316
8617,289,16.338
8618,266,16.338
8619,271,16.338
8620,253,16.338
8621,265,16.667
8622,255,16.338
8623,253,16.338
8624,246,16.338
8625,246,16.338
8626,244,18.786
8627,240,18.786
8628,265,18.786
8629,265,16.481
8630,260,16.622
8631,261,17.503
8632,261,17.126
8633,282,16.622
8634,255,16.622
8635,255,16.622
8636,277,16.622
8637,269,16.622
8638,266,16.622
8639,269,13.232
8640,250,15.088
8641,246,15.088
8642,257,15.088
8643,242,15.088
8644,242,13.232
8645,236,13.232
8646,240,17.794
8647,244,18.218
8648,248,16.26
8649,251,16.26
8650,253,15.378
8651,254,16.391
8652,251,18.735
8653,262,18.074
8654,275,18.074
8655,294,18.074
8656,297,18.074
8657,287,18.442
8658,288,18.442
8659,277,18.442
8660,251,18.442
8661,253,18.442
8662,252,18.442
8663,255,18.442
8664,270,18.442
8665,272,18.442
8666,256,18.442
8667,254,17.509
8668,258,18.08
8669,255,17.241
8670,255,17.241
8671,257,17.241
8672,252,15.925
8673,250,13.252
8674,275,11.51
8675,278,15.863
8676,288,17.474
8677,261,10.75
8678,261,12.06
8679,250,10.75
8680,242,10.784
8681,262,17.593
8682,264,17.593
8683,264,16.449
8684,278,16.449
8685,289,16.449
8686,289,18.55
8687,299,18.55
8688,296,18.55
8689,278,18.55
8690,279,17.324
8691,284,17.324
8692,272,17.324
8693,268,17.324
8694,252,17.324
8695,257,17.324
8696,253,17.324
8697,257,17.557
8698,261,18.087
8699,270,17.557
8700,263,17.557
8701,277,17.557
8702,260,17.557
8703,269,17.557
8704,239,17.557
8705,256,16.938
8706,251,16.938
8707,259,16.938
8708,263,16.048
8709,254,16.048
8710,267,16.048
8711,270,16.048
8712,264,16.048
8713,267,16.048
8714,254,16.048
8715,253,14.355
8716,241,14.355
8717,241,14.355
8718,247,14.355
8719,266,14.355
8720,276,15.748
8721,281,10.353
8722,286,17.459
8723,281,17.459
8724,277,17.459
8725,278,17.459
8726,276,17.459
8727,267,17.459
8728,272,17.459
8729,276,17.459
8730,274,17.459
8731,270,17.459
8732,270,17.459
8733,256,17.459
8734,256,18.597
8735,256,18.597
8736,263,18.597
8737,266,18.597
8738,266,18.693
8739,270,18.693
8740,270,17.408
8741,296,18.675
8742,292,18.664
8743,274,18.664
8744,264,18.664
8745,266,18.664
8746,264,18.678
8747,267,18.792
8748,261,18.792
8749,269,18.792
8750,263,18.334
8751,260,18.334
8752,261,17.883
8753,249,17.883
8754,258,17.883
8755,259,18.555
8756,255,18.555
8757,254,17.883
8758,247,15.806
8759,239,15.806
8760,242,16.466
8761,244,17.527
8762,253,17.527
8763,254,17.527
8764,262,17.527
8765,261,17.832
8766,271,17.832
8767,278,17.832
8768,268,17.832
8769,265,17.832
8770,272,17.832
8771,281,17.832
8772,294,18.822
8773,289,18.822
8774,294,18.822
8775,298,18.822
8776,294,18.822
8777,301,18.822
8778,301,18.822
8779,287,17.832
8780,280,15.321
8781,278,17.685
8782,278,15.321
8783,267,15.345
8784,262,15.871
8785,273,15.345
8786,285,15.345
8787,291,15.321
8788,297,15.321
8789,282,17.596
8790,286,17.596
8791,274,17.596
8792,269,15.321
8793,264,15.321
8794,256,15.321
8795,253,14.556
8796,258,16.452
8797,259,16.452
8798,257,16.452
8799,255,18.403
8800,259,18.403
8801,251,18.403
8802,250,18.403
8803,263,18.403
8804,246,18.403
8805,258,18.403
8806,269,18.403
8807,266,18.403
8808,260,18.403
8809,260,18.403
8810,252,18.403
8811,253,18.403
8812,245,18.403
8813,247,18.403
8814,254,14.742
8815,241,16.96
8816,220,16.96
8817,224,16.96
8818,231,16.96
8819,259,16.96
8820,266,16.96
8821,265,15.27
8822,271,16.29
8823,274,16.29
8824,255,17.336
8825,238,17.336
8826,237,17.336
8827,238,17.336
8828,240,17.336
8829,232,17.336
8830,252,17.336
8831,230,17.85
8832,235,11.737
8833,249,11.737
8834,250,16.059
8835,250,16.059
8836,247,13.609
8837,251,14.081
8838,267,14.081
8839,264,14.081
8840,265,14.081
8841,264,13.609
8842,258,10.466
8843,231,11.223
8844,248,12.019
8845,250,12.171
8846,263,18.002
8847,276,18.002
8848,271,18.002
8849,248,15.838
8850,245,15.259
8851,244,15.259
8852,231,14.918
8853,239,16.23
8854,230,16.23
8855,230,16.23
8856,231,16.23
8857,233,16.23
8858,228,15.046
8859,229,10.063
8860,231,10.152
8861,222,18.855
8862,248,18.855
8863,266,18.855
8864,264,18.855
8865,255,18.855
8866,257,18.855
8867,238,18.855
8868,250,18.855
8869,246,18.855
8870,246,18.855
8871,255,17.377
8872,253,17.904
8873,266,17.904
8874,270,17.904
8875,258,15.958
8876,255,18.744
8877,258,15.958
8878,262,18.753
8879,244,18.753
8880,258,18.753
8881,266,17.781
8882,271,17.781
8883,258,17.781
8884,255,18.236
8885,263,18.236
8886,240,18.236
8887,226,18.236
8888,226,17.781
8889,237,16.783
8890,237,16.783
8891,239,16.783
8892,248,17.766
8893,269,16.783
8894,272,16.783
8895,301,16.783
8896,288,16.783
8897,262,16.783
8898,261,18.164
8899,270,17.3
8900,297,17.3
8901,292,17.3
8902,300,17.3
8903,305,16.637
8904,287,16.637
8905,288,16.637
8906,268,16.637
8907,265,16.637
8908,263,16.637
8909,259,16.637
8910,267,16.633
8911,268,16.633
8912,275,16.633
8913,275,16.633
8914,275,16.633
8915,277,16.633
8916,267,16.633
8917,278,16.633
8918,289,16.633
8919,280,16.633
8920,271,18.287
8921,260,18.654
8922,252,18.654
8923,250,18.654
8924,244,18.654
8925,239,18.654
8926,239,16.633
8927,250,16.633
8928,256,17.196
8929,268,17.196
8930,262,17.196
8931,261,16.633
8932,267,16.633
8933,263,8.751
8934,257,8.186
8935,254,6.494
8936,256,16.374
8937,265,16.374
8938,255,16.374
8939,249,17.004
8940,271,17.004
8941,245,17.004
8942,239,17.004
8943,239,17.004
8944,239,17.004
8945,225,17.004
8946,237,18.555
8947,230,18.555
8948,220,18.555
8949,237,18.555
8950,228,18.4
8951,229,18.4
8952,237,13.976
8953,234,13.976
8954,240,13.976
8955,241,13.976
8956,219,16.558
8957,224,16.558
8958,225,11.668
8959,235,17.836
8960,244,17.836
8961,233,17.836
8962,235,17.836
8963,229,18.361
8964,230,17.836
8965,254,17.836
8966,247,17.836
8967,255,17.836
8968,229,17.836
8969,235,17.836
8970,229,17.836
8971,229,14.769
8972,230,14.769
8973,238,14.769
8974,237,15.644
8975,258,14.769
8976,255,14.69
8977,255,16.918
8978,259,14.69
8979,246,18.215
8980,250,18.215
8981,249,15.279
8982,240,15.279
8983,233,18.356
8984,240,18.356
8985,240,18.111
8986,239,18.111
8987,240,18.111
8988,241,18.111
8989,245,18.111
8990,247,18.111
8991,249,18.111
8992,257,18.111
8993,272,18.111
8994,282,18.111
8995,285,18.111
8996,288,9.477
8997,290,9.477
8998,305,15.262
8999,302,18.762
9000,311,18.762
9001,285,18.762
9002,288,18.762
9003,288,18.762
9004,296,18.762
9005,296,18.762
9006,298,18.762
9007,264,18.762
9008,281,18.762
9009,281,18.866
9010,289,18.866
9011,282,18.866
9012,282,18.866
9013,278,18.866
9014,273,18.866
9015,262,18.866
9016,259,16.618
9017,260,18.577
9018,254,18.577
9019,233,16.618
9020,232,16.562
9021,226,16.562
9022,224,18.717
9023,228,18.717
9024,225,18.717
9025,229,18.717
9026,234,16.562
9027,238,16.562
9028,261,14.974
9029,251,14.974
9030,252,17.049
9031,252,16.116
9032,255,16.383
9033,254,16.383
9034,247,17.528
9035,242,17.528
9036,239,18.693
9037,239,18.693
9038,244,18.693
9039,236,18.693
9040,228,18.693
9041,234,18.693
9042,237,18.693
9043,248,18.693
9044,242,18.693
9045,243,18.693
9046,226,18.693
9047,241,17.716
9048,232,17.716
9049,232,17.716
9050,234,18.035
9051,241,17.716
9052,272,17.779
9053,260,17.779
9054,242,17.716
9055,260,17.716
9056,260,16.586
9057,258,14.715
9058,263,18.071
9059,249,18.071
9060,261,15.638
9061,250,15.638
9062,251,16.272
9063,255,16.272
9064,270,15.836
9065,269,17.297
9066,246,17.297
9067,250,14.322
9068,252,18.705
9069,250,14.807
9070,268,14.807
9071,265,14.807
9072,265,16.259
9073,259,16.259
9074,261,18.4
9075,287,18.4
9076,269,18.4
9077,262,18.4
9078,257,18.4
9079,257,18.4
9080,258,18.4
9081,265,17.142
9082,247,17.142
9083,245,17.142
9084,259,17.142
9085,248,17.142
9086,247,17.142
9087,257,17.142
9088,271,18.11
9089,261,18.11
9090,264,18.301
9091,267,18.301
9092,265,18.301
9093,281,18.301
9094,246,18.301
9095,243,17.142
9096,241,17.142
9097,241,17.142
9098,253,17.142
9099,239,17.142
9100,238,17.142
9101,258,17.142
9102,258,17.142
9103,253,18.827
9104,260,18.827
9105,269,18.827
9106,264,18.827
9107,262,18.827
9108,254,18.827
9109,253,18.827
9110,247,17.578
9111,248,17.578
9112,252,17.142
9113,247,17.142
9114,241,17.142
9115,252,17.142
9116,250,17.142
9117,253,18.211
9118,256,18.758
9119,248,18.758
9120,230,17.142
9121,223,17.142
9122,222,17.142
9123,229,17.142
9124,225,17.142
9125,225,17.142
9126,230,17.99
9127,236,17.99
9128,233,17.142
9129,257,17.142
9130,274,17.142
9131,274,17.142
9132,268,17.142
9133,262,17.142
9134,262,17.142
9135,263,17.142
9136,267,17.142
9137,254,17.142
9138,255,17.142
9139,268,17.142
9140,259,17.142
9141,258,17.142
9142,247,17.142
9143,244,17.142
9144,249,17.142
9145,277,18.666
9146,294,18.666
9147,269,18.666
9148,258,18.666
9149,257,18.666
9150,227,17.142
9151,229,17.142
9152,226,17.205
9153,228,17.205
9154,233,17.205
9155,240,17.205
9156,242,17.205
9157,246,17.118
9158,237,17.118
9159,233,17.24
9160,234,17.24
9161,233,17.24
9162,239,17.24
9163,236,17.901
9164,235,17.901
9165,241,17.24
9166,283,17.24
9167,260,17.24
9168,231,17.24
9169,229,17.24
9170,232,17.24
9171,238,17.24
9172,241,17.24
9173,243,17.24
9174,245,14.021
9175,246,14.021
9176,246,14.021
9177,234,14.021
9178,239,14.021
9179,239,14.021
9180,242,14.021
9181,244,17.646
9182,237,17.646
9183,263,17.646
9184,237,17.646
9185,254,17.646
9186,231,17.646
9187,236,17.646
9188,224,17.646
9189,227,17.646
9190,234,17.646
9191,222,17.646
9192,228,17.646
9193,224,17.646
9194,220,17.646
9195,231,17.646
9196,230,17.88
9197,247,17.88
9198,244,17.632
9199,269,17.632
9200,272,17.632
9201,257,18.335
9202,260,18.335
9203,251,18.335
9204,248,18.335
9205,250,18.335
9206,258,18.335
9207,264,18.867
9208,263,18.867
9209,263,18.867
9210,255,18.867
9211,255,18.867
9212,239,18.867
9213,257,18.867
9214,259,17.632
9215,270,17.542
9216,273,17.542
9217,274,17.542
9218,279,17.542
9219,282,17.969
9220,285,17.969
9221,278,17.969
9222,272,17.969
9223,274,17.969
9224,278,17.969
9225,275,17.969
9226,274,17.969
9227,270,15.881
9228,274,16.251
9229,271,16.251
9230,275,16.251
9231,277,14.517
9232,275,16.628
9233,275,17.658
9234,278,17.658
9235,282,17.658
9236,289,17.658
9237,279,17.658
9238,247,17.658
9239,224,17.658
9240,240,16.706
9241,246,16.093
9242,247,16.093
9243,228,18.415
9244,230,16.875
9245,221,17.5
9246,236,16.093
9247,235,16.093
9248,231,16.093
9249,254,18.869
9250,258,18.869
9251,272,18.869
9252,252,16.093
9253,242,18.051
9254,230,18.051
9255,223,18.051
9256,229,18.051
9257,228,18.051
9258,227,18.051
9259,213,18.051
9260,226,18.051
9261,246,18.051
9262,247,18.051
9263,249,17.85
9264,245,18.421
9265,242,17.85
9266,246,16.093
9267,221,16.093
9268,231,16.093
9269,229,16.068
9270,233,16.068
9271,239,16.068
9272,243,16.068
9273,258,16.068
9274,240,16.068
9275,233,16.068
9276,236,18.469
9277,227,16.068
9278,211,16.068
9279,212,18.852
9280,204,18.852
9281,198,16.068
9282,203,16.068
9283,183,16.068
9284,200,16.245
9285,218,17.524
9286,206,16.245
9287,202,16.245
9288,206,16.245
9289,219,17.489
9290,223,17.489
9291,227,16.164
9292,225,17.572
9293,226,17.572
9294,233,17.572
9295,251,17.428
9296,227,16.759
9297,224,14.983
9298,233,14.983
9299,258,14.983
9300,264,14.855
9301,230,17.551
9302,229,17.551
9303,241,17.551
9304,235,17.551
9305,250,17.688
9306,232,17.145
9307,218,17.145
9308,225,17.512
9309,221,17.512
9310,249,17.859
9311,259,17.859
9312,264,17.859
9313,236,16.923
9314,236,16.923
9315,224,16.923
9316,207,16.923
9317,212,16.923
9318,215,16.923
9319,213,16.549
9320,215,15.288
9321,228,18.815
9322,259,18.815
9323,233,18.815
9324,233,16.633
9325,247,16.633
9326,243,16.633
9327,236,14.999
9328,227,14.999
9329,228,14.813
9330,229,14.813
9331,244,15.883
9332,250,16.597
9333,289,14.012
9334,291,15.18
9335,279,15.18
9336,289,15.18
9337,299,15.18
9338,298,15.18
9339,288,15.47
9340,297,14.92
9341,305,12.476
9342,298,16.525
9343,288,16.525
9344,282,16.525
9345,280,16.525
9346,285,16.525
9347,281,18.119
9348,296,18.119
9349,272,18.119
9350,277,18.119
9351,257,18.119
9352,258,17.285
9353,266,18.495
9354,260,18.495
9355,266,18.495
9356,259,16.143
9357,262,17.15
9358,264,17.15
9359,278,17.15
9360,272,18.501
9361,282,18.501
9362,274,18.501
9363,271,18.501
9364,263,18.501
9365,242,18.501
9366,238,18.501
9367,242,18.501
9368,257,18.501
9369,238,18.501
9370,239,18.501
9371,249,18.501
9372,246,18.501
9373,241,18.501
9374,246,14.299
9375,242,15.854
9376,236,17.927
9377,236,17.927
9378,240,17.927
9379,255,15.854
9380,250,15.854
9381,268,15.854
9382,252,16.355
9383,252,16.355
9384,268,16.355
9385,287,15.854
9386,273,15.854
9387,282,15.854
9388,265,15.854
9389,256,15.854
9390,253,15.854
9391,257,15.854
9392,262,15.854
9393,265,18.448
9394,262,18.448
9395,260,18.448
9396,256,15.169
9397,253,15.169
9398,266,16.878
9399,266,16.878
9400,247,16.878
9401,252,15.169
9402,258,17.719
9403,281,17.719
9404,259,18.46
9405,251,17.719
9406,242,17.719
9407,232,17.719
9408,228,17.719
9409,225,17.719
9410,221,17.719
9411,212,17.294
9412,219,13.781
9413,225,13.781
9414,216,14.129
9415,223,14.129
9416,224,14.129
9417,211,14.129
9418,222,16.831
9419,223,16.831
9420,233,11.244
9421,219,11.244
9422,228,11.244
9423,227,18.454
9424,229,18.454
9425,213,18.454
9426,214,18.454
9427,222,12.487
9428,222,16.478
9429,210,16.478
9430,220,18.558
9431,224,18.558
9432,206,13.982
9433,220,13.982
9434,227,18.143
9435,214,14.78
9436,221,14.807
9437,219,14.807
9438,234,13.982
9439,237,16.397
9440,239,16.397
9441,229,16.397
9442,233,18.535
9443,237,16.397
9444,238,16.397
9445,246,16.397
9446,238,16.397
9447,246,16.397
9448,241,15.02
9449,252,15.02
9450,253,16.63
9451,254,16.63
9452,250,15.02
9453,252,15.02
9454,250,15.02
9455,250,16.645
9456,250,15.106
9457,250,15.106
9458,250,15.106
9459,242,17.507
9460,239,17.507
9461,246,17.507
9462,256,17.507
9463,258,17.507
9464,257,17.507
9465,256,17.507
9466,242,17.507
9467,244,17.507
9468,244,17.507
9469,232,17.507
9470,247,16.756
9471,258,16.756
9472,248,18.672
9473,247,16.493
9474,266,17.599
9475,260,16.493
9476,267,16.209
9477,270,16.209
9478,277,16.209
9479,264,16.194
9480,232,17.844
9481,225,16.117
9482,224,16.117
9483,230,16.117
9484,224,16.117
9485,222,15.497
9486,242,15.497
9487,221,15.497
9488,234,18.582
9489,254,18.582
9490,254,18.582
9491,263,17.549
9492,268,17.549
9493,263,17.936
9494,250,17.936
9495,249,17.936
9496,248,18.368
9497,249,18.368
9498,249,17.833
9499,250,17.833
9500,263,17.833
9501,241,18.137
9502,243,18.137
9503,275,18.861
9504,254,18.137
9505,254,18.137
9506,275,16.897
9507,283,8.638
9508,293,12.107
9509,288,14.272
9510,297,14.272
9511,286,14.272
9512,267,18.654
9513,275,15.554
9514,270,14.538
9515,250,18.804
9516,255,18.804
9517,255,18.804
9518,251,18.804
9519,250,18.804
9520,255,18.804
9521,242,18.804
9522,245,18.804
9523,249,18.804
9524,248,18.804
9525,246,18.804
9526,244,18.804
9527,258,18.804
9528,269,15.244
9529,268,15.244
9530,274,17.751
9531,275,17.751
9532,279,17.751
9533,280,17.751
9534,276,17.751
9535,272,17.751
9536,275,16.729
9537,302,16.729
9538,302,16.729
9539,300,12.951
9540,284,16.678
9541,276,16.777
9542,272,18.442
9543,268,18.442
9544,274,18.442
9545,276,18.442
9546,313,16.777
9547,282,16.777
9548,287,16.777
9549,296,16.777
9550,300,16.777
9551,290,18.009
9552,288,18.009
9553,285,13.154
9554,290,15.165
9555,291,15.165
9556,275,17.889
9557,278,17.889
9558,283,15.399
9559,274,17.963
9560,273,14.981
9561,258,18.505
9562,264,18.505
9563,271,18.505
9564,290,14.981
9565,289,13.863
9566,286,13.863
9567,289,13.863
9568,298,13.863
9569,297,13.863
9570,292,14.987
9571,285,16.128
9572,287,16.128
9573,291,18.128
9574,288,18.128
9575,280,15.659
9576,279,15.659
9577,265,15.659
9578,262,12.297
9579,278,16.425
9580,277,13.19
9581,277,13.19
9582,276,13.19
9583,247,12.126
9584,248,13.382
9585,246,13.382
9586,250,15.124
9587,253,15.124
9588,264,17.745
9589,269,17.745
9590,259,17.745
9591,250,16.828
9592,243,16.828
9593,254,16.828
9594,254,16.765
9595,249,16.765
9596,276,16.517
9597,317,8.685
9598,277,10.204
9599,273,18.652
9600,240,18.652
9601,248,18.652
9602,245,17.623
9603,250,17.623
9604,254,17.623
9605,252,17.623
9606,252,17.623
9607,244,17.623
9608,252,17.623
9609,251,17.649
9610,258,17.649
9611,246,17.649
9612,261,17.649
9613,243,17.649
9614,235,17.623
9615,233,17.623
9616,231,17.937
9617,221,17.937
9618,236,17.937
9619,224,17.937
9620,223,17.937
9621,222,18.4
9622,232,18.4
9623,242,18.4
9624,252,14.945
9625,265,14.945
9626,277,14.945
9627,256,14.945
9628,247,14.945
9629,248,8.817
9630,242,8.817
9631,241,14.177
9632,242,13.501
9633,240,13.501
9634,234,13.501
9635,241,14.929
9636,241,14.929
9637,252,14.58
9638,251,14.58
9639,252,18.012
9640,266,18.012
9641,282,18.012
9642,270,18.012
9643,249,18.012
9644,250,18.012
9645,255,18.012
9646,256,18.012
9647,253,18.012
9648,232,16.978
9649,242,16.978
9650,234,16.978
9651,235,14.033
9652,229,18.397
9653,232,18.397
9654,235,18.397
9655,240,15.635
9656,237,15.115
9657,253,15.115
9658,248,15.115
9659,247,17.984
9660,253,17.984
9661,269,18.553
9662,263,18.553
9663,251,18.553
9664,243,18.553
9665,242,18.553
9666,243,18.553
9667,243,18.553
9668,247,18.553
9669,260,18.553
9670,260,18.553
9671,249,18.06
9672,250,18.06
9673,252,18.06
9674,269,18.06
9675,263,18.06
9676,251,18.06
9677,254,18.06
9678,262,18.06
9679,257,18.06
9680,260,17.315
9681,263,17.315
9682,276,17.315
9683,267,17.315
9684,254,10.263
9685,253,10.697
9686,251,16.888
9687,258,16.888
9688,269,16.888
9689,259,16.888
9690,260,16.852
9691,253,16.852
9692,259,16.852
9693,261,16.852
9694,254,16.852
9695,260,16.852
9696,256,16.852
9697,259,16.852
9698,259,17.689
9699,253,16.852
9700,275,16.852
9701,276,16.852
9702,283,15.934
9703,289,15.934
9704,283,15.934
9705,283,15.934
9706,281,18.732
9707,286,18.732
9708,284,18.732
9709,297,18.726
9710,306,18.726
9711,284,15.187
9712,285,16.574
9713,298,16.574
9714,288,16.574
9715,266,17.136
9716,253,17.136
9717,248,17.136
9718,233,17.136
9719,238,16.574
9720,236,14.269
9721,245,17.485
9722,240,17.485
9723,239,17.485
9724,228,17.485
9725,217,18.193
9726,216,16.233
9727,240,16.233
9728,255,16.233
9729,250,16.233
9730,235,16.233
9731,235,16.233
9732,240,14.672
9733,241,14.672
9734,212,14.672
9735,227,14.672
9736,243,14.491
9737,253,14.491
9738,249,15.608
9739,252,15.608
9740,255,16.269
9741,252,16.269
9742,255,17.74
9743,257,10.915
9744,261,11.321
9745,289,12.018
9746,283,17.835
9747,295,16.259
9748,300,16.259
9749,298,16.385
9750,298,16.385
9751,290,18.14
9752,287,18.14
9753,307,18.14
9754,290,18.14
9755,269,18.14
9756,247,18.486
9757,248,18.504
9758,247,18.504
9759,248,18.504
9760,252,18.332
9761,252,18.14
9762,257,18.14
9763,258,18.14
9764,260,18.14
9765,253,18.14
9766,261,18.14
9767,261,18.14
9768,248,18.14
9769,246,18.14
9770,241,18.14
9771,243,18.14
9772,222,18.14
9773,243,18.14
9774,249,18.14
9775,246,18.14
9776,247,18.14
9777,267,18.14
9778,264,18.14
9779,269,18.14
9780,267,18.14
9781,282,18.14
9782,292,18.14
9783,290,18.14
9784,285,18.424
9785,275,18.424
9786,275,18.519
9787,270,18.654
9788,271,18.654
9789,282,18.654
9790,279,18.654
9791,277,18.14
9792,270,18.14
9793,265,18.14
9794,272,18.14
9795,269,18.14
9796,268,18.14
9797,278,18.14
9798,301,18.14
9799,288,18.546
9800,295,18.83
9801,292,18.83
9802,286,18.83
9803,263,18.83
9804,281,18.83
9805,276,18.14
9806,276,18.14
9807,274,18.14
9808,263,18.14
9809,268,18.14
9810,249,18.14
9811,250,18.14
9812,243,18.202
9813,241,18.202
9814,247,18.202
9815,251,18.202
9816,258,18.202
9817,258,18.202
9818,253,18.202
9819,249,18.202
9820,250,18.14
9821,242,18.14
9822,244,16.942
9823,242,16.942
9824,235,16.942
9825,246,16.942
9826,252,14.389
9827,247,10.269
9828,243,13.949
9829,249,13.949
9830,244,13.949
9831,270,13.949
9832,275,13.949
9833,275,13.949
9834,256,13.949
9835,249,17.378
9836,262,16.783
9837,240,13.949
9838,260,13.949
9839,277,15.623
9840,279,15.588
9841,270,16.209
9842,269,16.209
9843,256,16.209
9844,276,15.435
9845,272,15.435
9846,274,14.086
9847,284,14.086
9848,268,16.086
9849,269,16.086
9850,258,16.086
9851,266,15.351
9852,255,17.135
9853,255,15.351
9854,239,17.643
9855,248,17.643
9856,250,17.643
9857,249,17.643
9858,247,16.343
9859,248,15.847
9860,239,15.847
9861,259,13.459
9862,252,13.459
9863,250,18.791
9864,250,16.271
9865,247,16.271
9866,242,17.219
9867,239,17.219
9868,249,17.219
9869,251,18.445
9870,251,18.454
9871,245,18.454
9872,224,18.454
9873,235,18.454
9874,229,18.454
9875,225,18.454
9876,231,18.454
9877,239,18.848
9878,242,18.717
9879,239,18.761
9880,236,18.761
9881,225,18.761
9882,236,18.454
9883,252,18.454
9884,258,18.454
9885,255,18.454
9886,259,13.172
9887,270,15.45
9888,272,15.45
9889,272,14.104
9890,279,14.104
9891,255,11.635
9892,273,17.39
9893,275,17.39
9894,264,17.315
9895,262,16.152
9896,275,17.443
9897,262,16.152
9898,276,16.152
9899,269,18.066
9900,269,18.066
9901,275,18.699
9902,276,18.699
9903,256,18.699
9904,261,18.699
9905,261,18.699
9906,257,18.699
9907,262,8.676
9908,253,8.67
9909,250,8.67
9910,247,15.372
9911,240,15.372
9912,238,18.388
9913,238,18.388
9914,239,18.388
9915,250,18.388
9916,248,18.041
9917,246,18.041
9918,249,18.041
9919,239,15.393
9920,266,16.227
9921,270,16.227
9922,269,13.881
9923,268,13.881
9924,252,15.859
9925,248,15.555
9926,248,12.625
9927,245,14.059
9928,234,14.059
9929,227,18.646
9930,239,18.646
9931,248,18.646
9932,246,15.286
9933,240,15.286
9934,238,15.286
9935,235,16.493
9936,234,16.493
9937,231,18.618
9938,242,18.618
9939,233,18.618
9940,226,18.618
9941,224,15.65
9942,224,15.65
9943,229,15.65
9944,261,15.65
9945,281,16.726
9946,279,16.726
9947,270,16.726
9948,272,11.958
9949,270,13.914
9950,281,18.655
9951,289,18.655
9952,317,10.225
9953,318,12.379
9954,284,12.379
9955,273,12.379
9956,276,18.041
9957,273,18.564
9958,277,18.564
9959,257,18.564
9960,268,18.564
9961,272,15.28
9962,280,16.538
9963,287,10.939
9964,288,10.939
9965,290,11.818
9966,285,14.9
9967,291,18.567
9968,292,18.567
9969,282,18.567
9970,287,18.567
9971,284,18.567
9972,253,17.945
9973,245,17.945
9974,252,17.945
9975,260,17.945
9976,252,17.945
9977,242,18.744
9978,234,18.744
9979,222,18.744
9980,210,18.744
9981,217,18.389
9982,231,18.389
9983,278,18.389
9984,281,14.938
9985,227,14.451
9986,249,13.001
9987,248,12.4
9988,240,12.523
9989,223,12.523
9990,238,12.523
9991,242,14.341
9992,248,14.341
9993,248,14.625
9994,242,14.625
9995,232,14.735
9996,239,14.735
9997,241,15.683
9998,245,15.683
9999,255,15.683
