step,cut_edges,max_dev_pct
0,264,6.407
1,263,7.803
2,263,6.407
3,271,7.568
4,263,7.568
5,263,7.568
6,265,7.568
7,266,7.612
8,270,7.612
9,271,7.612
10,274,8.365
11,269,8.365
12,259,8.365
13,256,7.612
14,256,7.568
15,237,7.568
16,237,7.568
17,248,7.568
18,226,7.528
19,226,7.528
20,227,7.528
21,230,8.378
22,228,8.378
23,242,8.378
24,233,8.378
25,253,8.378
26,251,7.55
27,249,7.528
28,253,7.528
29,249,7.528
30,245,7.528
31,241,8.33
32,244,8.359
33,264,8.359
34,253,8.359
35,234,8.359
36,244,8.359
37,244,8.359
38,251,8.048
39,249,8.048
40,232,6.955
41,254,8.025
42,257,8.025
43,256,8.025
44,236,6.955
45,241,6.955
46,249,6.955
47,254,7.526
48,242,7.526
49,241,7.982
50,241,7.982
51,252,8.251
52,239,8.251
53,249,8.251
54,250,8.251
55,241,8.251
56,242,8.251
57,240,8.251
58,227,8.251
59,228,8.251
60,230,8.251
61,241,8.251
62,240,8.251
63,241,7.6
64,263,7.6
65,265,7.6
66,261,7.262
67,256,7.262
68,257,7.262
69,285,7.262
70,247,7.262
71,245,7.262
72,278,7.262
73,275,7.262
74,281,8.022
75,282,8.022
76,238,8.022
77,229,8.022
78,228,8.022
79,229,8.022
80,225,8.022
81,228,8.022
82,239,8.022
83,231,8.022
84,236,8.022
85,238,8.022
86,222,8.022
87,248,8.022
88,248,6.512
89,247,6.512
90,231,6.512
91,229,7.585
92,231,7.585
93,245,6.674
94,251,6.674
95,290,6.674
96,273,6.674
97,220,6.674
98,245,8.177
99,221,6.674
100,216,6.674
101,205,8.033
102,203,8.033
103,214,6.864
104,230,6.674
105,237,6.674
106,217,6.674
107,214,6.674
108,219,7.205
109,219,7.205
110,239,7.696
111,242,6.168
112,242,6.168
113,240,6.168
114,253,6.168
115,252,6.168
116,264,6.598
117,268,8.147
118,269,8.147
119,272,7.229
120,262,7.229
121,256,7.229
122,286,7.489
123,286,7.489
124,290,6.395
125,284,6.897
126,282,6.897
127,287,6.897
128,283,6.897
129,284,6.897
130,284,6.897
131,281,8.212
132,268,8.111
133,260,6.999
134,263,7.364
135,270,8.144
136,267,6.079
137,267,6.079
138,263,6.079
139,257,6.079
140,270,6.105
141,270,6.105
142,258,8.057
143,259,8.057
144,261,8.057
145,264,8.057
146,280,7.328
147,277,7.328
148,272,7.328
149,265,7.328
150,271,7.621
151,277,7.621
152,279,7.621
153,279,7.621
154,295,7.514
155,281,7.181
156,287,7.181
157,270,7.181
158,269,7.181
159,268,7.131
160,289,7.472
161,289,7.472
162,270,7.472
163,270,5.024
164,275,8.351
165,259,8.351
166,270,8.351
167,277,7.179
168,274,7.179
169,275,6.742
170,269,6.742
171,276,6.742
172,276,6.742
173,274,6.742
174,269,6.742
175,266,6.539
176,239,7.843
177,248,7.843
178,242,8.066
179,249,8.066
180,243,8.066
181,263,6.539
182,266,6.539
183,251,6.539
184,251,6.539
185,250,5.87
186,253,5.87
187,253,5.642
188,250,5.642
189,266,5.642
190,257,5.642
191,250,6.946
192,250,6.946
193,254,6.946
194,284,6.946
195,282,7.505
196,291,6.479
197,303,6.479
198,304,6.479
199,290,6.479
200,266,6.479
201,265,5.81
202,270,5.81
203,265,7.621
204,255,7.621
205,250,7.941
206,257,7.941
207,256,7.914
208,259,7.914
209,254,7.914
210,285,8.374
211,280,7.914
212,277,7.914
213,276,7.723
214,276,7.723
215,278,8.389
216,281,8.389
217,285,7.837
218,301,8.159
219,301,8.159
220,278,8.159
221,272,8.159
222,273,8.159
223,283,8.115
224,290,8.115
225,298,8.115
226,289,8.115
227,291,8.115
228,290,6.961
229,285,5.421
230,286,5.421
231,279,7.155
232,275,7.155
233,277,7.155
234,266,7.475
235,267,7.475
236,274,7.475
237,275,7.475
238,272,7.475
239,272,7.475
240,274,7.475
241,269,7.475
242,269,7.475
243,260,7.992
244,255,7.992
245,248,8.287
246,243,8.287
247,231,8.287
248,241,7.992
249,243,7.992
250,250,7.992
251,245,7.992
252,246,7.992
253,240,7.992
254,240,7.992
255,243,7.992
256,233,7.992
257,244,7.992
258,241,7.992
259,247,8.311
260,258,8.311
261,246,7.992
262,246,7.992
263,235,7.992
264,237,7.789
265,261,7.789
266,268,7.789
267,273,7.789
268,274,7.789
269,286,7.789
270,271,7.789
271,274,7.789
272,281,7.789
273,281,7.992
274,308,7.992
275,311,5.87
276,302,5.87
277,307,5.87
278,278,5.87
279,276,5.87
280,284,6.03
281,288,7.006
282,298,7.006
283,297,6.503
284,299,6.673
285,293,7.421
286,289,8.171
287,284,8.171
288,286,8.171
289,271,8.171
290,272,8.171
291,268,8.171
292,279,8.171
293,286,8.171
294,298,8.171
295,272,8.171
296,274,7.501
297,273,7.501
298,271,7.501
299,263,8.081
300,276,7.501
301,259,7.501
302,264,8.212
303,269,8.212
304,273,7.674
305,274,8.405
306,266,8.405
307,264,8.405
308,263,8.405
309,265,8.405
310,254,8.405
311,251,8.405
312,238,8.405
313,240,8.405
314,254,8.405
315,258,8.405
316,256,8.405
317,249,8.405
318,250,8.405
319,261,8.405
320,256,8.405
321,250,8.405
322,242,8.405
323,242,8.405
324,250,8.405
325,259,8.405
326,259,8.405
327,268,8.405
328,265,8.405
329,257,8.405
330,254,7.932
331,253,7.932
332,271,7.932
333,275,7.905
334,274,7.905
335,274,7.752
336,268,7.845
337,259,7.845
338,254,7.845
339,256,7.845
340,250,7.115
341,247,7.115
342,238,8.132
343,230,8.132
344,215,8.132
345,221,8.132
346,228,8.132
347,230,7.232
348,236,7.139
349,235,7.139
350,249,7.193
351,259,7.193
352,254,5.962
353,265,5.962
354,262,5.962
355,271,5.962
356,271,5.962
357,276,6.646
358,268,6.646
359,269,6.646
360,278,7.095
361,281,7.095
362,262,7.095
363,252,7.095
364,243,7.095
365,249,8.136
366,252,8.136
367,249,8.136
368,255,8.386
369,255,8.153
370,257,8.153
371,257,8.153
372,254,6.766
373,254,6.766
374,265,6.733
375,252,6.733
376,269,6.733
377,268,8.114
378,267,8.114
379,272,4.749
380,274,6.867
381,269,6.867
382,278,6.169
383,274,6.65
384,277,6.65
385,272,7.989
386,276,7.989
387,263,7.989
388,263,7.989
389,265,7.989
390,268,7.989
391,266,7.989
392,262,6.691
393,270,8.299
394,267,8.299
395,266,8.054
396,253,8.054
397,255,6.671
398,265,6.671
399,263,6.671
400,272,8.007
401,264,8.007
402,262,7.899
403,275,7.899
404,277,7.899
405,274,7.899
406,272,7.899
407,271,7.899
408,268,7.552
409,279,7.552
410,304,7.552
411,295,7.552
412,265,7.552
413,267,6.269
414,272,6.419
415,288,8.067
416,294,8.067
417,287,8.067
418,293,4.545
419,277,4.545
420,287,5.687
421,287,5.687
422,282,4.545
423,289,4.545
424,298,6.246
425,293,4.704
426,295,4.704
427,294,4.704
428,305,4.704
429,300,6.109
430,308,7.454
431,297,7.454
432,283,7.454
433,284,7.454
434,284,7.454
435,286,8.198
436,286,8.198
437,287,8.198
438,289,7.454
439,279,7.48
440,275,7.48
441,271,7.454
442,275,7.454
443,281,7.441
444,267,7.441
445,290,6.76
446,293,7.011
447,293,7.011
448,290,7.011
449,290,7.011
450,291,7.011
451,281,5.152
452,260,7.071
453,260,7.071
454,251,7.071
455,249,8.207
456,247,8.207
457,245,8.207
458,252,7.97
459,258,7.97
460,254,7.008
461,259,6.898
462,258,6.898
463,260,6.898
464,263,6.898
465,263,6.464
466,269,8.294
467,270,7.699
468,244,7.699
469,242,7.699
470,236,7.699
471,234,8.13
472,251,8.13
473,251,7.699
474,245,7.699
475,249,7.699
476,257,7.746
477,258,7.746
478,274,8.159
479,268,8.159
480,272,8.159
481,258,8.159
482,277,8.159
483,277,8.159
484,269,8.159
485,272,8.159
486,281,8.159
487,279,8.159
488,280,8.267
489,280,8.267
490,279,8.267
491,267,8.279
492,270,8.279
493,255,8.333
494,258,8.333
495,254,8.333
496,254,8.333
497,254,8.333
498,256,8.333
499,248,8.333
500,257,8.333
501,261,8.333
502,249,8.333
503,270,8.333
504,265,8.333
505,261,7.758
506,255,7.758
507,278,7.857
508,254,7.857
509,252,7.857
510,254,7.857
511,255,7.857
512,258,7.857
513,260,7.857
514,256,8.183
515,256,8.183
516,253,8.183
517,244,5.643
518,248,5.643
519,287,5.643
520,286,6.207
521,277,6.207
522,277,6.207
523,283,6.207
524,295,6.207
525,293,5.624
526,292,5.624
527,262,5.489
528,259,4.655
529,255,5.43
530,268,5.43
531,262,5.43
532,251,6.958
533,235,6.958
534,232,6.958
535,242,7.101
536,242,7.101
537,235,7.325
538,242,7.325
539,239,7.325
540,240,7.325
541,244,7.325
542,242,7.325
543,254,7.325
544,268,7.597
545,272,8.085
546,275,6.829
547,267,7.728
548,258,6.829
549,254,6.829
550,253,6.829
551,259,6.829
552,245,6.398
553,232,6.728
554,244,6.728
555,233,8.01
556,236,8.01
557,257,8.01
558,236,8.01
559,236,8.01
560,243,8.01
561,242,8.01
562,246,8.01
563,258,8.01
564,255,8.01
565,251,8.01
566,249,6.5
567,253,6.5
568,256,7.107
569,249,7.328
570,257,7.328
571,249,7.328
572,261,5.753
573,265,5.753
574,295,5.753
575,297,4.731
576,300,6.901
577,299,6.16
578,310,6.423
579,305,6.423
580,309,6.423
581,290,6.686
582,298,6.686
583,252,6.775
584,250,4.71
585,259,8.136
586,259,8.136
587,297,8.136
588,302,8.273
589,303,8.273
590,301,8.273
591,313,8.273
592,312,7.58
593,314,7.58
594,304,7.58
595,270,7.58
596,260,7.58
597,257,7.58
598,250,7.58
599,233,7.58
600,241,7.131
601,235,7.131
602,253,7.131
603,259,7.932
604,260,7.932
605,255,5.257
606,270,7.343
607,266,7.343
608,248,7.343
609,235,7.923
610,249,7.343
611,245,6.671
612,246,6.671
613,246,6.671
614,240,8.201
615,235,6.671
616,242,6.19
617,231,6.19
618,226,7.182
619,223,6.656
620,223,6.656
621,221,6.656
622,234,6.656
623,242,8.272
624,240,8.272
625,243,8.272
626,234,8.272
627,240,8.272
628,230,8.272
629,244,6.656
630,239,6.353
631,238,8.293
632,219,8.303
633,219,8.303
634,223,5.912
635,203,4.754
636,208,4.754
637,208,4.754
638,218,5.394
639,226,5.394
640,247,6.345
641,238,6.345
642,302,6.345
643,252,6.345
644,255,6.345
645,246,6.345
646,240,7.964
647,240,6.488
648,237,6.488
649,246,8.048
650,246,8.048
651,253,8.048
652,254,8.048
653,241,8.048
654,242,6.482
655,241,6.073
656,241,6.073
657,239,6.073
658,245,7.717
659,261,7.849
660,242,7.849
661,233,8.32
662,239,5.696
663,260,4.27
664,263,7.615
665,265,7.615
666,274,7.615
667,258,7.615
668,251,7.615
669,236,7.615
670,239,7.615
671,231,7.615
672,227,7.104
673,222,7.779
674,221,7.779
675,220,7.104
676,222,7.104
677,225,7.104
678,225,7.104
679,211,7.104
680,215,7.971
681,216,7.971
682,219,7.971
683,218,7.89
684,224,7.89
685,228,7.89
686,238,7.89
687,243,7.89
688,233,7.89
689,233,7.89
690,229,7.89
691,233,7.89
692,228,7.89
693,232,7.89
694,229,7.771
695,233,7.343
696,228,8.153
697,242,8.153
698,244,6.981
699,239,6.981
700,255,4.718
701,261,7.45
702,248,7.45
703,251,7.45
704,244,7.45
705,246,7.45
706,250,7.453
707,258,7.453
708,259,7.453
709,255,7.453
710,238,8.26
711,245,7.453
712,241,7.453
713,258,7.528
714,245,7.528
715,244,7.396
716,244,7.396
717,244,7.396
718,245,6.901
719,234,6.422
720,246,8.138
721,234,7.441
722,232,7.441
723,234,7.441
724,237,6.943
725,245,7.322
726,243,6.446
727,240,7.663
728,238,7.663
729,241,7.663
730,245,7.663
731,243,7.663
732,254,6.36
733,245,6.829
734,269,7.053
735,257,7.358
736,251,5.621
737,248,7.124
738,245,7.124
739,241,7.124
740,237,7.974
741,248,8.075
742,247,7.974
743,247,7.974
744,255,7.974
745,262,7.974
746,259,7.974
747,245,7.974
748,235,7.974
749,229,7.974
750,246,7.974
751,248,7.974
752,241,8.278
753,256,7.974
754,251,8.288
755,249,8.288
756,246,8.288
757,250,8.288
758,243,8.288
759,244,7.974
760,239,7.974
761,239,7.974
762,241,7.974
763,230,8.207
764,238,8.207
765,250,8.207
766,251,8.207
767,254,7.974
768,251,7.974
769,241,7.974
770,250,8.087
771,234,7.974
772,262,7.974
773,264,7.974
774,267,8.111
775,266,8.111
776,265,8.111
777,276,8.111
778,281,8.111
779,280,8.111
780,276,8.111
781,270,7.974
782,260,7.974
783,226,7.974
784,224,7.974
785,228,7.974
786,218,7.974
787,233,7.974
788,248,7.974
789,262,7.974
790,261,8.233
791,274,7.974
792,270,8.251
793,259,8.251
794,248,8.251
795,252,7.974
796,251,7.974
797,252,8.248
798,252,7.974
799,261,7.974
800,260,8.204
801,260,8.204
802,259,8.204
803,259,8.204
804,242,8.204
805,240,8.278
806,245,7.974
807,249,7.974
808,252,7.974
809,258,7.974
810,240,7.974
811,236,7.974
812,233,7.974
813,239,7.974
814,236,7.974
815,227,8.317
816,234,8.317
817,261,8.317
818,248,8.317
819,228,8.317
820,236,8.317
821,230,8.317
822,241,8.317
823,242,8.204
824,248,7.974
825,244,7.974
826,238,7.974
827,234,7.974
828,246,8.066
829,232,8.066
830,228,8.066
831,236,8.066
832,239,8.066
833,242,8.066
834,243,8.066
835,245,8.066
836,244,8.066
837,244,8.066
838,259,8.066
839,244,8.066
840,242,8.066
841,243,8.066
842,245,7.974
843,246,7.974
844,250,7.974
845,263,7.974
846,266,7.974
847,257,7.974
848,256,7.974
849,258,7.974
850,248,7.974
851,248,7.974
852,257,7.974
853,253,7.974
854,252,7.974
855,255,7.974
856,245,7.974
857,240,7.974
858,234,7.974
859,234,7.994
860,233,7.974
861,229,8.124
862,230,8.124
863,234,7.974
864,241,7.974
865,255,7.974
866,248,7.974
867,251,7.974
868,247,7.974
869,242,7.974
870,240,8.26
871,246,8.26
872,245,8.021
873,255,8.021
874,254,8.021
875,237,8.021
876,226,8.021
877,231,8.021
878,231,8.021
879,236,8.021
880,240,7.779
881,245,7.779
882,245,7.779
883,245,7.779
884,272,7.779
885,266,7.779
886,278,7.779
887,291,7.779
888,287,7.552
889,271,8.302
890,289,7.501
891,276,8.003
892,280,7.373
893,277,7.281
894,276,7.281
895,282,7.812
896,265,7.812
897,279,7.281
898,271,7.281
899,283,7.281
900,274,7.281
901,274,7.281
902,283,7.281
903,273,7.281
904,302,7.281
905,298,6.611
906,299,6.611
907,299,7.568
908,298,7.568
909,296,7.568
910,292,7.568
911,289,7.855
912,289,7.855
913,290,7.855
914,306,7.855
915,304,7.648
916,307,7.648
917,290,7.218
918,288,7.218
919,273,7.674
920,269,7.674
921,262,7.381
922,262,7.381
923,264,7.381
924,261,7.381
925,256,7.218
926,250,7.361
927,251,7.218
928,249,7.866
929,256,7.701
930,260,7.701
931,252,7.218
932,244,7.218
933,244,7.674
934,235,7.674
935,233,7.674
936,233,7.674
937,226,7.764
938,229,7.764
939,230,7.764
940,252,7.674
941,262,8.389
942,251,7.674
943,249,7.674
944,235,7.674
945,260,8.156
946,254,8.156
947,255,8.121
948,256,7.639
949,256,7.639
950,263,7.639
951,263,7.639
952,248,7.594
953,251,7.278
954,235,7.278
955,247,6.626
956,245,7.319
957,229,7.343
958,235,7.343
959,235,8.375
960,248,6.706
961,252,6.706
962,258,8.405
963,267,6.706
964,243,6.706
965,240,6.706
966,257,6.706
967,260,6.706
968,272,6.18
969,267,6.18
970,274,6.18
971,274,6.18
972,264,7.399
973,263,7.711
974,254,7.711
975,260,7.319
976,255,7.764
977,256,7.648
978,262,6.832
979,302,6.832
980,306,6.832
981,265,6.832
982,255,6.832
983,256,6.832
984,260,6.832
985,273,6.832
986,271,6.832
987,277,6.832
988,299,7.58
989,295,8.338
990,296,7.58
991,289,7.58
992,292,8.03
993,284,7.58
994,280,7.58
995,278,7.139
996,276,7.887
997,275,7.887
998,286,7.887
999,287,7.887
1000,303,6.931
1001,322,6.931
1002,316,6.931
1003,293,6.931
1004,289,6.931
1005,287,6.931
1006,288,6.931
1007,270,6.931
1008,273,6.931
1009,261,6.931
1010,260,6.931
1011,272,6.631
1012,274,7.725
1013,256,7.725
1014,253,5.529
1015,248,6.524
1016,235,6.524
1017,238,6.115
1018,239,6.115
1019,240,6.115
1020,253,7.8
1021,262,8.091
1022,265,8.091
1023,264,8.091
1024,265,8.091
1025,268,8.091
1026,250,8.091
1027,251,8.091
1028,267,8.013
1029,268,8.013
1030,267,8.013
1031,258,4.56
1032,258,7.469
1033,249,6.94
1034,246,6.94
1035,246,6.94
1036,254,7.493
1037,263,7.361
1038,278,6.94
1039,276,6.94
1040,294,7.609
1041,298,7.609
1042,299,7.609
1043,297,7.609
1044,279,8.399
1045,302,7.609
1046,290,7.761
1047,266,7.761
1048,265,7.977
1049,267,7.761
1050,263,7.761
1051,256,7.761
1052,256,7.761
1053,259,7.761
1054,250,7.761
1055,254,7.761
1056,250,7.761
1057,263,7.761
1058,267,7.761
1059,267,7.761
1060,263,7.761
1061,252,7.761
1062,258,7.761
1063,255,7.881
1064,252,7.695
1065,249,5.26
1066,250,7.242
1067,250,7.242
1068,250,7.242
1069,252,7.211
1070,252,7.989
1071,253,7.645
1072,260,8.314
1073,251,8.314
1074,249,8.314
1075,249,8.314
1076,249,7.645
1077,242,7.169
1078,227,7.462
1079,229,6.867
1080,232,7.97
1081,232,7.97
1082,235,7.758
1083,249,7.758
1084,251,7.837
1085,262,7.837
1086,256,7.758
1087,257,7.758
1088,260,8.236
1089,265,8.236
1090,270,8.236
1091,276,7.758
1092,246,7.758
1093,256,7.758
1094,256,7.758
1095,250,7.758
1096,253,7.758
1097,261,7.758
1098,255,7.758
1099,253,6.058
1100,258,6.07
1101,264,6.07
1102,271,6.347
1103,253,6.07
1104,262,8.407
1105,248,8.407
1106,238,6.058
1107,254,8.103
1108,252,8.103
1109,235,7.101
1110,240,7.101
1111,237,7.101
1112,239,6.058
1113,252,6.058
1114,260,6.949
1115,257,6.949
1116,263,6.949
1117,269,6.949
1118,271,6.949
1119,277,6.949
1120,278,5.854
1121,280,7.0
1122,284,7.0
1123,273,7.567
1124,296,7.0
1125,269,7.0
1126,270,5.854
1127,299,5.854
1128,284,6.867
1129,280,6.867
1130,252,7.579
1131,246,7.579
1132,245,7.63
1133,261,6.867
1134,272,7.693
1135,273,7.693
1136,268,7.693
1137,281,7.059
1138,276,7.059
1139,287,6.867
1140,301,7.618
1141,296,6.867
1142,299,8.153
1143,279,8.153
1144,282,8.153
1145,278,8.153
1146,267,8.153
1147,267,8.153
1148,257,6.757
1149,263,6.757
1150,268,7.083
1151,265,6.757
1152,256,6.127
1153,283,8.201
1154,283,8.201
1155,283,8.201
1156,258,6.127
1157,255,8.129
1158,256,8.129
1159,258,8.129
1160,256,8.129
1161,259,8.129
1162,263,8.129
1163,263,8.129
1164,273,8.129
1165,273,8.129
1166,262,8.129
1167,282,8.351
1168,261,8.129
1169,248,8.129
1170,236,8.129
1171,238,8.129
1172,238,8.129
1173,244,8.129
1174,256,8.129
1175,260,8.129
1176,255,8.129
1177,246,8.129
1178,243,8.129
1179,242,8.129
1180,258,8.129
1181,249,8.129
1182,261,8.129
1183,268,8.129
1184,279,8.129
1185,286,8.129
1186,278,8.129
1187,287,8.129
1188,258,8.129
1189,241,8.129
1190,230,8.129
1191,256,8.129
1192,263,8.129
1193,257,8.129
1194,253,8.129
1195,256,8.129
1196,258,8.129
1197,258,8.129
1198,256,8.129
1199,258,8.129
1200,246,8.129
1201,250,8.129
1202,252,8.129
1203,255,8.129
1204,254,8.129
1205,255,8.129
1206,263,8.129
1207,263,8.129
1208,291,8.129
1209,291,8.129
1210,296,8.129
1211,311,8.129
1212,316,8.129
1213,317,8.3
1214,322,8.129
1215,320,8.129
1216,289,8.129
1217,295,8.129
1218,281,8.129
1219,274,8.129
1220,274,8.129
1221,282,8.129
1222,284,8.129
1223,266,8.165
1224,271,8.165
1225,265,8.165
1226,239,8.165
1227,244,8.165
1228,236,8.129
1229,238,8.129
1230,243,8.129
1231,247,8.129
1232,251,8.129
1233,257,8.129
1234,262,6.93
1235,263,6.93
1236,259,6.109
1237,261,6.799
1238,268,6.109
1239,263,8.129
1240,265,8.362
1241,262,8.362
1242,264,8.362
1243,275,8.362
1244,284,8.362
1245,297,8.362
1246,298,8.362
1247,300,8.362
1248,292,8.362
1249,280,8.362
1250,274,8.362
1251,272,8.129
1252,276,8.129
1253,259,8.129
1254,257,8.129
1255,257,8.129
1256,259,8.129
1257,274,8.129
1258,285,8.129
1259,276,8.129
1260,263,8.129
1261,267,8.129
1262,269,8.129
1263,257,8.129
1264,272,8.129
1265,273,8.129
1266,257,8.129
1267,260,8.129
1268,261,8.129
1269,254,8.129
1270,230,8.129
1271,238,8.129
1272,246,8.129
1273,233,8.129
1274,227,8.129
1275,232,8.129
1276,231,8.129
1277,246,8.129
1278,246,8.129
1279,255,8.129
1280,247,8.129
1281,230,8.129
1282,230,8.129
1283,235,8.129
1284,237,8.362
1285,229,8.362
1286,244,8.362
1287,252,8.362
1288,256,8.362
1289,252,8.362
1290,254,8.362
1291,230,8.362
1292,233,8.362
1293,230,8.362
1294,225,6.533
1295,217,6.533
1296,213,8.198
1297,225,6.533
1298,224,7.46
1299,231,7.46
1300,257,6.533
1301,258,6.533
1302,259,7.591
1303,266,7.74
1304,251,7.591
1305,242,6.569
1306,247,6.569
1307,248,7.985
1308,241,8.079
1309,238,7.985
1310,242,7.985
1311,253,8.165
1312,238,8.165
1313,242,8.165
1314,235,8.165
1315,241,8.165
1316,245,8.165
1317,253,8.165
1318,261,8.165
1319,252,8.165
1320,239,7.254
1321,243,7.254
1322,239,7.254
1323,267,7.442
1324,278,7.442
1325,278,7.442
1326,267,7.145
1327,251,7.346
1328,265,7.737
1329,272,7.737
1330,283,7.737
1331,275,8.393
1332,268,8.393
1333,269,8.393
1334,279,8.393
1335,278,8.393
1336,282,7.612
1337,282,7.612
1338,293,7.612
1339,302,7.612
1340,294,6.925
1341,295,6.925
1342,275,6.925
1343,261,6.925
1344,260,6.925
1345,260,4.141
1346,257,6.877
1347,254,5.481
1348,249,5.481
1349,251,5.481
1350,260,5.481
1351,274,6.136
1352,277,6.136
1353,276,7.591
1354,262,6.55
1355,257,6.55
1356,260,6.55
1357,310,8.354
1358,312,7.37
1359,317,7.37
1360,315,7.37
1361,321,7.101
1362,295,7.101
1363,277,6.55
1364,266,6.736
1365,273,6.736
1366,266,6.55
1367,249,6.55
1368,253,7.843
1369,253,7.843
1370,261,7.843
1371,259,7.843
1372,268,8.103
1373,270,8.103
1374,255,8.103
1375,255,8.103
1376,264,8.103
1377,264,7.902
1378,269,7.902
1379,267,8.245
1380,267,8.245
1381,259,7.902
1382,264,7.902
1383,278,7.902
1384,265,7.902
1385,260,7.902
1386,257,7.884
1387,258,7.215
1388,255,7.215
1389,267,7.215
1390,276,7.674
1391,278,7.215
1392,278,7.215
1393,290,5.804
1394,283,5.885
1395,275,6.949
1396,271,6.949
1397,278,7.172
1398,297,7.172
1399,292,8.327
1400,282,7.172
1401,287,7.172
1402,276,7.172
1403,275,7.172
1404,272,7.172
1405,280,7.172
1406,275,7.172
1407,280,7.19
1408,274,7.19
1409,288,7.19
1410,267,7.19
1411,254,7.902
1412,261,7.902
1413,253,7.902
1414,246,7.902
1415,254,7.902
1416,252,7.902
1417,262,6.93
1418,268,6.93
1419,259,6.93
1420,257,6.93
1421,251,6.963
1422,260,7.639
1423,247,6.963
1424,263,6.963
1425,263,6.963
1426,275,7.549
1427,273,7.549
1428,275,7.549
1429,251,7.549
1430,285,7.549
1431,263,7.549
1432,262,7.549
1433,264,7.549
1434,258,7.549
1435,260,7.549
1436,280,7.549
1437,284,7.549
1438,279,7.549
1439,280,7.549
1440,276,8.058
1441,269,8.058
1442,283,8.058
1443,281,8.058
1444,285,8.215
1445,301,8.215
1446,302,8.24
1447,289,8.24
1448,271,8.24
1449,260,8.24
1450,267,8.24
1451,270,8.24
1452,285,8.24
1453,284,8.24
1454,283,8.24
1455,272,8.24
1456,280,8.24
1457,277,8.24
1458,275,8.24
1459,275,8.24
1460,278,8.24
1461,280,8.24
1462,281,7.299
1463,269,7.139
1464,274,7.139
1465,267,7.139
1466,254,5.831
1467,242,7.2
1468,253,7.839
1469,263,7.2
1470,261,7.2
1471,254,8.144
1472,272,8.144
1473,273,7.289
1474,256,7.2
1475,262,7.2
1476,260,7.2
1477,262,7.2
1478,249,7.194
1479,246,6.617
1480,260,6.617
1481,252,7.752
1482,262,6.617
1483,260,8.314
1484,263,8.314
1485,263,8.314
1486,256,8.314
1487,267,8.314
1488,258,8.314
1489,267,8.314
1490,259,8.314
1491,258,8.314
1492,244,8.314
1493,243,8.314
1494,240,8.314
1495,248,8.314
1496,235,8.314
1497,241,7.869
1498,257,7.758
1499,257,7.923
1500,273,7.432
1501,261,8.04
1502,256,7.828
1503,240,7.828
1504,254,7.967
1505,255,7.967
1506,255,7.967
1507,257,7.967
1508,266,7.828
1509,258,7.828
1510,272,6.187
1511,271,6.426
1512,272,7.929
1513,275,7.929
1514,261,7.869
1515,252,7.869
1516,249,7.869
1517,255,7.827
1518,258,7.827
1519,250,7.387
1520,276,8.386
1521,274,8.386
1522,278,8.386
1523,272,8.386
1524,272,8.386
1525,272,8.386
1526,267,8.069
1527,260,8.069
1528,266,8.069
1529,254,8.069
1530,262,8.326
1531,262,8.326
1532,255,8.069
1533,252,8.069
1534,256,8.069
1535,254,8.069
1536,255,8.069
1537,252,8.069
1538,258,8.069
1539,258,8.069
1540,259,8.069
1541,256,8.069
1542,254,8.069
1543,248,8.069
1544,250,8.069
1545,247,8.069
1546,261,8.069
1547,260,8.069
1548,264,6.817
1549,263,6.817
1550,269,8.305
1551,260,6.817
1552,269,6.441
1553,241,6.441
1554,245,7.869
1555,246,7.869
1556,241,7.869
1557,242,4.856
1558,242,4.856
1559,241,4.196
1560,243,4.196
1561,247,3.803
1562,247,3.803
1563,259,3.803
1564,253,3.803
1565,259,3.58
1566,268,4.485
1567,279,7.328
1568,284,8.13
1569,271,8.13
1570,258,8.13
1571,258,8.192
1572,257,8.192
1573,255,8.315
1574,260,8.315
1575,270,8.315
1576,286,8.315
1577,303,8.315
1578,301,7.95
1579,295,6.016
1580,294,4.16
1581,295,6.054
1582,291,6.054
1583,275,8.359
1584,261,8.359
1585,257,5.843
1586,245,5.867
1587,245,5.867
1588,252,6.231
1589,242,5.867
1590,231,7.178
1591,233,7.029
1592,231,7.029
1593,236,8.103
1594,236,8.103
1595,242,8.103
1596,226,8.103
1597,233,8.103
1598,233,8.103
1599,226,8.103
1600,221,7.824
1601,212,7.824
1602,210,7.824
1603,208,7.824
1604,205,5.601
1605,206,5.277
1606,230,6.831
1607,231,6.831
1608,236,6.831
1609,236,6.56
1610,251,6.56
1611,236,6.56
1612,245,6.56
1613,261,6.56
1614,269,6.56
1615,258,6.56
1616,260,7.749
1617,266,7.749
1618,261,7.749
1619,258,7.749
1620,251,7.749
1621,248,7.749
1622,240,7.749
1623,235,7.749
1624,247,7.749
1625,253,7.749
1626,266,7.749
1627,243,7.749
1628,243,7.749
1629,238,7.749
1630,238,7.749
1631,241,7.749
1632,247,7.749
1633,245,7.749
1634,248,8.371
1635,248,7.561
1636,250,7.561
1637,238,7.713
1638,245,8.046
1639,242,8.046
1640,260,8.368
1641,265,7.713
1642,257,7.713
1643,256,5.361
1644,239,6.805
1645,241,6.805
1646,248,7.405
1647,245,7.405
1648,244,7.734
1649,247,7.773
1650,250,7.773
1651,248,6.976
1652,245,6.976
1653,249,6.976
1654,237,6.976
1655,238,6.237
1656,229,5.915
1657,221,5.915
1658,226,6.046
1659,237,6.287
1660,246,6.287
1661,231,7.14
1662,240,6.862
1663,262,6.862
1664,273,6.862
1665,269,8.377
1666,267,8.377
1667,265,8.392
1668,249,8.392
1669,246,7.429
1670,239,7.795
1671,230,7.235
1672,223,8.399
1673,223,8.399
1674,221,7.235
1675,221,7.235
1676,221,6.832
1677,222,7.974
1678,229,8.061
1679,227,8.061
1680,240,7.415
1681,254,7.415
1682,253,6.757
1683,258,7.869
1684,246,8.273
1685,243,7.869
1686,232,7.869
1687,239,7.869
1688,260,7.869
1689,266,7.869
1690,262,8.33
1691,259,7.869
1692,253,8.254
1693,243,8.254
1694,239,8.254
1695,238,8.254
1696,257,8.171
1697,254,7.952
1698,264,7.952
1699,264,7.952
1700,267,5.914
1701,266,5.561
1702,287,5.561
1703,278,6.413
1704,259,4.622
1705,238,4.622
1706,255,8.257
1707,252,6.506
1708,250,6.506
1709,256,6.506
1710,238,6.506
1711,249,7.352
1712,249,7.352
1713,241,7.352
1714,241,7.956
1715,249,7.956
1716,242,7.956
1717,252,7.956
1718,252,7.956
1719,248,8.329
1720,244,8.329
1721,242,7.956
1722,254,7.627
1723,264,4.489
1724,262,8.335
1725,262,8.335
1726,260,8.335
1727,260,8.335
1728,260,7.677
1729,255,7.677
1730,249,7.677
1731,240,7.677
1732,252,7.677
1733,270,7.677
1734,267,7.677
1735,260,7.677
1736,260,7.677
1737,251,8.264
1738,248,8.264
1739,252,7.677
1740,246,7.677
1741,247,6.867
1742,247,6.867
1743,277,6.867
1744,277,6.867
1745,288,6.867
1746,284,7.911
1747,269,7.911
1748,267,8.222
1749,300,8.222
1750,314,8.222
1751,283,8.222
1752,298,8.198
1753,291,6.867
1754,286,6.904
1755,285,6.904
1756,283,6.904
1757,275,8.291
1758,270,8.291
1759,273,8.291
1760,291,8.291
1761,276,8.291
1762,287,6.867
1763,274,6.867
1764,276,4.225
1765,273,4.225
1766,277,4.225
1767,279,4.225
1768,279,4.225
1769,278,6.823
1770,282,6.823
1771,279,7.905
1772,282,7.905
1773,280,7.905
1774,274,7.905
1775,274,7.905
1776,263,7.905
1777,258,7.905
1778,258,7.905
1779,263,7.905
1780,263,6.823
1781,256,8.308
1782,255,8.308
1783,254,8.308
1784,266,8.308
1785,252,8.308
1786,242,7.759
1787,253,7.759
1788,246,7.759
1789,269,8.159
1790,270,8.159
1791,274,8.159
1792,289,8.407
1793,283,8.338
1794,283,8.338
1795,282,8.338
1796,273,8.338
1797,265,8.338
1798,258,8.087
1799,259,8.087
1800,265,7.549
1801,263,8.139
1802,259,8.139
1803,265,8.139
1804,263,8.139
1805,262,8.139
1806,266,8.174
1807,255,8.174
1808,252,8.139
1809,272,8.139
1810,268,5.783
1811,262,5.783
1812,276,5.783
1813,259,7.797
1814,256,7.797
1815,255,7.995
1816,254,7.797
1817,247,4.613
1818,245,4.613
1819,242,4.312
1820,238,7.136
1821,234,8.401
1822,222,8.401
1823,250,8.401
1824,241,8.401
1825,229,8.228
1826,229,8.228
1827,224,8.228
1828,229,8.228
1829,235,7.583
1830,249,7.583
1831,255,7.583
1832,243,7.583
1833,245,8.105
1834,248,8.105
1835,247,8.105
1836,245,8.105
1837,246,8.159
1838,235,8.105
1839,242,8.102
1840,239,8.102
1841,242,8.102
1842,245,8.102
1843,249,8.102
1844,258,8.102
1845,261,8.102
1846,253,8.102
1847,256,6.996
1848,252,7.489
1849,260,8.04
1850,254,7.762
1851,275,7.762
1852,271,8.407
1853,269,7.762
1854,272,7.257
1855,252,8.275
1856,251,8.275
1857,254,7.257
1858,247,7.257
1859,245,7.059
1860,269,7.059
1861,268,7.059
1862,284,6.314
1863,278,6.314
1864,275,4.892
1865,281,8.039
1866,277,8.039
1867,259,8.039
1868,259,8.039
1869,257,5.471
1870,256,6.802
1871,270,7.477
1872,270,6.802
1873,275,6.802
1874,284,6.802
1875,290,6.802
1876,302,6.805
1877,294,6.805
1878,290,6.805
1879,306,8.18
1880,311,8.18
1881,295,8.07
1882,308,8.07
1883,313,8.072
1884,298,8.072
1885,282,6.488
1886,287,6.713
1887,280,6.713
1888,278,6.383
1889,284,6.383
1890,274,6.383
1891,270,7.837
1892,265,7.837
1893,266,7.837
1894,266,7.837
1895,281,7.914
1896,300,7.914
1897,288,7.914
1898,290,7.914
1899,289,7.914
1900,275,7.914
1901,269,7.914
1902,261,7.914
1903,260,8.033
1904,288,8.033
1905,285,8.033
1906,275,8.033
1907,265,8.033
1908,253,8.033
1909,242,6.667
1910,248,6.667
1911,259,6.667
1912,256,6.667
1913,254,6.667
1914,244,8.326
1915,232,6.667
1916,260,6.667
1917,267,6.667
1918,262,6.667
1919,245,6.667
1920,238,8.034
1921,245,8.034
1922,251,8.034
1923,238,8.034
1924,257,8.034
1925,263,8.067
1926,279,8.227
1927,266,8.227
1928,269,8.227
1929,248,8.227
1930,244,8.227
1931,250,8.227
1932,246,8.227
1933,255,8.227
1934,256,8.227
1935,253,8.227
1936,240,7.887
1937,239,8.227
1938,239,8.227
1939,233,8.227
1940,234,8.227
1941,226,8.227
1942,237,8.227
1943,234,8.227
1944,250,8.227
1945,246,8.227
1946,264,8.227
1947,269,8.227
1948,265,8.165
1949,268,7.633
1950,268,7.633
1951,263,7.633
1952,258,8.329
1953,263,8.329
1954,252,8.329
1955,253,8.39
1956,264,8.39
1957,261,8.39
1958,261,8.39
1959,257,8.39
1960,257,8.39
1961,258,8.39
1962,227,8.329
1963,231,7.716
1964,271,7.716
1965,223,7.716
1966,223,7.716
1967,232,7.716
1968,251,8.13
1969,248,8.13
1970,232,7.716
1971,231,7.716
1972,231,7.716
1973,251,7.716
1974,258,6.898
1975,258,6.898
1976,266,6.898
1977,258,6.898
1978,262,8.353
1979,225,6.898
1980,224,8.084
1981,224,7.606
1982,225,7.606
1983,234,7.606
1984,231,7.606
1985,220,6.897
1986,218,6.897
1987,220,6.897
1988,225,6.897
1989,229,6.897
1990,215,7.825
1991,218,7.825
1992,215,6.897
1993,223,6.897
1994,227,6.897
1995,233,6.897
1996,231,8.12
1997,227,6.843
1998,220,6.843
1999,223,6.843
2000,219,6.308
2001,219,7.053
2002,207,7.053
2003,207,7.603
2004,205,7.732
2005,201,7.732
2006,200,7.732
2007,198,7.732
2008,201,7.732
2009,210,8.156
2010,212,8.156
2011,212,8.156
2012,224,8.156
2013,213,8.156
2014,220,7.732
2015,213,7.732
2016,224,7.732
2017,247,7.732
2018,220,7.818
2019,222,7.732
2020,255,7.732
2021,260,8.257
2022,234,8.257
2023,234,5.454
2024,251,6.667
2025,251,7.896
2026,252,7.896
2027,249,7.896
2028,237,7.896
2029,211,7.211
2030,206,7.211
2031,212,7.211
2032,217,7.388
2033,221,7.388
2034,231,7.211
2035,254,6.527
2036,256,6.936
2037,260,6.936
2038,267,6.936
2039,270,6.936
2040,267,6.936
2041,265,5.187
2042,271,7.559
2043,273,7.559
2044,277,7.559
2045,282,8.242
2046,298,8.242
2047,311,8.242
2048,299,8.242
2049,291,8.242
2050,286,8.242
2051,277,8.347
2052,273,8.347
2053,266,8.347
2054,271,8.347
2055,268,8.347
2056,250,8.347
2057,255,8.156
2058,225,8.156
2059,227,8.156
2060,232,8.156
2061,232,8.156
2062,229,7.695
2063,233,7.695
2064,226,7.89
2065,231,7.89
2066,243,7.89
2067,233,8.118
2068,238,8.351
2069,242,8.351
2070,245,8.326
2071,242,8.118
2072,239,8.118
2073,228,8.118
2074,222,8.118
2075,229,8.118
2076,252,8.118
2077,252,7.974
2078,247,7.974
2079,243,7.974
2080,263,7.974
2081,262,7.974
2082,262,7.974
2083,263,7.846
2084,264,7.846
2085,269,7.846
2086,270,7.695
2087,268,7.695
2088,268,7.695
2089,259,7.695
2090,259,7.798
2091,268,8.389
2092,263,8.389
2093,285,8.389
2094,282,8.389
2095,295,6.629
2096,292,6.629
2097,292,6.629
2098,281,6.629
2099,285,7.008
2100,291,7.008
2101,285,7.008
2102,281,8.102
2103,279,8.102
2104,282,8.26
2105,283,8.215
2106,287,8.215
2107,285,7.265
2108,280,7.519
2109,271,8.405
2110,266,8.405
2111,260,7.519
2112,254,7.519
2113,264,7.519
2114,271,7.107
2115,263,7.107
2116,265,6.562
2117,263,7.121
2118,265,8.212
2119,265,7.121
2120,266,7.121
2121,265,7.121
2122,285,7.056
2123,282,7.056
2124,276,7.056
2125,267,6.326
2126,273,7.199
2127,279,7.199
2128,276,7.199
2129,275,5.101
2130,275,5.101
2131,277,5.101
2132,270,3.887
2133,270,7.917
2134,264,7.917
2135,250,7.917
2136,259,7.917
2137,279,7.57
2138,275,7.57
2139,275,7.322
2140,284,7.322
2141,286,7.322
2142,292,7.322
2143,295,6.775
2144,281,7.002
2145,276,7.002
2146,294,7.002
2147,273,7.929
2148,274,7.929
2149,261,7.929
2150,266,7.929
2151,271,7.929
2152,272,7.929
2153,271,7.929
2154,243,7.929
2155,252,8.049
2156,235,8.049
2157,236,8.049
2158,238,8.049
2159,243,7.929
2160,233,7.929
2161,234,7.929
2162,243,7.206
2163,242,7.206
2164,241,7.206
2165,249,6.045
2166,253,6.045
2167,252,5.977
2168,246,5.833
2169,254,6.09
2170,251,7.956
2171,250,7.956
2172,249,7.956
2173,247,7.956
2174,249,7.956
2175,249,7.956
2176,246,7.103
2177,245,7.103
2178,252,7.103
2179,262,6.521
2180,256,6.521
2181,258,6.521
2182,256,6.521
2183,262,7.923
2184,264,7.923
2185,249,7.923
2186,250,7.923
2187,245,8.112
2188,254,7.923
2189,262,7.923
2190,259,7.929
2191,259,7.929
2192,268,7.929
2193,265,7.929
2194,258,7.929
2195,274,7.929
2196,264,7.929
2197,257,7.929
2198,259,6.284
2199,262,7.825
2200,275,8.115
2201,276,8.115
2202,281,7.872
2203,283,8.257
2204,274,8.257
2205,280,8.257
2206,279,8.257
2207,267,8.257
2208,272,8.257
2209,287,8.257
2210,277,8.257
2211,272,8.257
2212,270,8.257
2213,264,5.932
2214,276,5.932
2215,272,5.932
2216,258,5.932
2217,255,5.932
2218,260,6.772
2219,263,7.378
2220,259,7.378
2221,280,7.698
2222,285,8.347
2223,284,8.347
2224,288,8.347
2225,288,8.347
2226,273,8.347
2227,270,8.347
2228,254,7.899
2229,256,7.899
2230,251,7.887
2231,247,7.173
2232,254,7.322
2233,251,6.163
2234,249,5.409
2235,263,6.946
2236,258,6.909
2237,262,7.752
2238,262,7.752
2239,254,7.752
2240,255,6.497
2241,256,6.497
2242,291,7.911
2243,294,7.911
2244,292,7.911
2245,324,7.911
2246,298,7.577
2247,299,8.333
2248,289,6.96
2249,281,6.497
2250,279,7.731
2251,275,7.731
2252,270,8.261
2253,263,8.261
2254,258,8.261
2255,265,8.261
2256,268,8.261
2257,269,8.261
2258,276,8.261
2259,291,8.261
2260,268,8.261
2261,263,8.261
2262,253,8.261
2263,260,8.261
2264,258,8.261
2265,253,8.261
2266,273,8.261
2267,258,8.261
2268,262,8.261
2269,269,8.261
2270,258,8.261
2271,248,8.261
2272,251,8.261
2273,251,8.261
2274,260,8.261
2275,259,7.831
2276,258,7.831
2277,259,7.831
2278,247,7.178
2279,245,8.249
2280,245,8.249
2281,251,8.249
2282,260,8.249
2283,260,8.249
2284,261,8.249
2285,261,8.249
2286,255,8.249
2287,257,8.249
2288,258,8.249
2289,258,8.249
2290,258,8.249
2291,251,8.249
2292,260,8.249
2293,261,8.249
2294,258,8.249
2295,245,8.249
2296,241,8.249
2297,233,8.249
2298,235,8.249
2299,235,7.399
2300,222,7.399
2301,221,7.594
2302,241,7.594
2303,229,7.594
2304,243,8.371
2305,242,7.594
2306,243,7.672
2307,237,7.672
2308,234,6.928
2309,234,6.928
2310,266,6.928
2311,246,6.928
2312,245,6.928
2313,246,7.287
2314,253,6.867
2315,257,6.867
2316,258,6.867
2317,261,6.867
2318,272,6.867
2319,279,6.867
2320,279,6.867
2321,276,7.648
2322,275,7.648
2323,267,7.648
2324,246,7.648
2325,239,7.648
2326,234,6.867
2327,239,8.308
2328,246,8.308
2329,246,8.308
2330,259,8.308
2331,256,8.396
2332,252,8.396
2333,254,7.899
2334,242,7.899
2335,247,7.866
2336,252,7.866
2337,247,7.866
2338,244,7.866
2339,245,7.866
2340,249,7.866
2341,249,8.219
2342,240,6.867
2343,240,7.6
2344,241,7.6
2345,248,6.867
2346,244,6.867
2347,244,6.867
2348,267,7.136
2349,278,7.136
2350,273,7.136
2351,255,6.867
2352,256,6.867
2353,261,6.867
2354,267,6.867
2355,272,6.867
2356,282,7.974
2357,273,8.21
2358,282,8.21
2359,282,8.21
2360,282,8.21
2361,278,8.21
2362,272,8.21
2363,265,8.21
2364,263,7.795
2365,254,5.992
2366,253,5.992
2367,253,6.569
2368,243,7.367
2369,242,7.367
2370,246,7.367
2371,252,7.529
2372,254,7.529
2373,256,7.633
2374,273,7.367
2375,275,8.127
2376,285,8.127
2377,254,8.127
2378,258,8.127
2379,259,7.163
2380,252,7.163
2381,251,7.163
2382,241,7.953
2383,239,7.163
2384,239,7.163
2385,237,7.053
2386,240,7.053
2387,229,6.948
2388,243,6.948
2389,237,7.34
2390,236,7.34
2391,230,7.34
2392,225,7.34
2393,221,7.34
2394,224,6.314
2395,229,7.737
2396,230,7.737
2397,232,7.737
2398,233,8.27
2399,250,8.109
2400,247,8.109
2401,226,8.363
2402,237,7.863
2403,239,7.863
2404,241,7.863
2405,246,8.081
2406,244,8.231
2407,252,8.231
2408,252,8.324
2409,248,8.081
2410,245,8.081
2411,250,8.081
2412,256,7.825
2413,245,7.825
2414,251,7.825
2415,257,7.825
2416,261,8.091
2417,260,8.091
2418,265,8.091
2419,279,8.091
2420,270,8.091
2421,264,8.091
2422,265,7.543
2423,269,7.543
2424,266,7.543
2425,252,7.543
2426,255,7.543
2427,251,7.543
2428,264,7.543
2429,256,7.543
2430,251,8.132
2431,255,8.132
2432,264,7.519
2433,259,8.076
2434,255,8.076
2435,241,8.076
2436,252,7.519
2437,250,7.519
2438,254,7.519
2439,245,7.519
2440,242,7.519
2441,212,7.519
2442,224,7.519
2443,228,7.519
2444,221,7.519
2445,244,7.519
2446,251,7.519
2447,245,7.519
2448,244,8.258
2449,250,8.258
2450,249,8.258
2451,249,8.258
2452,252,8.258
2453,259,8.258
2454,258,8.258
2455,258,8.258
2456,255,8.258
2457,258,8.258
2458,265,8.258
2459,265,8.344
2460,259,8.344
2461,264,8.344
2462,259,8.344
2463,255,8.344
2464,270,6.961
2465,274,6.961
2466,270,6.961
2467,286,6.961
2468,273,6.961
2469,272,6.961
2470,276,6.961
2471,277,7.824
2472,277,7.824
2473,259,8.317
2474,247,6.961
2475,246,6.961
2476,249,6.961
2477,258,6.961
2478,262,6.961
2479,265,6.871
2480,270,6.871
2481,256,6.871
2482,264,6.871
2483,272,6.871
2484,261,6.871
2485,266,6.204
2486,271,7.14
2487,265,8.212
2488,265,8.212
2489,266,8.212
2490,262,8.212
2491,243,8.212
2492,236,8.212
2493,243,7.124
2494,236,7.124
2495,244,7.124
2496,252,7.124
2497,250,7.124
2498,254,4.061
2499,240,4.061
2500,239,3.436
2501,259,3.939
2502,258,8.311
2503,248,8.311
2504,252,8.311
2505,251,8.311
2506,258,8.311
2507,255,8.311
2508,256,8.311
2509,263,8.311
2510,261,8.311
2511,278,8.311
2512,282,8.311
2513,294,8.311
2514,288,8.311
2515,288,8.311
2516,300,8.311
2517,303,8.311
2518,312,8.311
2519,312,8.311
2520,311,8.311
2521,301,8.311
2522,301,7.755
2523,285,7.755
2524,289,7.755
2525,290,8.357
2526,289,7.755
2527,305,7.755
2528,304,7.755
2529,307,7.755
2530,291,7.755
2531,292,7.755
2532,272,7.755
2533,275,7.755
2534,275,7.755
2535,254,7.755
2536,256,7.755
2537,237,7.755
2538,235,8.407
2539,235,7.988
2540,247,7.988
2541,247,7.988
2542,260,7.988
2543,260,7.988
2544,257,7.137
2545,264,7.137
2546,259,7.457
2547,257,8.224
2548,256,8.224
2549,250,8.224
2550,256,8.224
2551,255,8.224
2552,252,8.284
2553,235,8.296
2554,235,8.381
2555,236,8.381
2556,242,8.381
2557,258,8.381
2558,253,8.296
2559,263,8.296
2560,248,8.296
2561,235,8.296
2562,233,8.296
2563,248,7.837
2564,253,7.552
2565,245,7.552
2566,257,7.552
2567,260,7.552
2568,263,7.552
2569,274,7.552
2570,276,6.847
2571,269,6.847
2572,268,6.847
2573,267,6.847
2574,263,6.954
2575,276,6.858
2576,266,6.858
2577,263,6.858
2578,263,7.831
2579,264,6.858
2580,256,6.296
2581,255,6.296
2582,250,6.296
2583,246,6.296
2584,243,6.296
2585,240,6.296
2586,252,4.45
2587,250,5.242
2588,233,7.686
2589,242,5.242
2590,239,5.242
2591,217,5.242
2592,227,7.376
2593,234,6.147
2594,252,7.364
2595,258,7.495
2596,270,7.495
2597,288,7.495
2598,288,7.495
2599,288,7.495
2600,288,7.495
2601,286,6.147
2602,289,6.147
2603,258,6.147
2604,261,6.147
2605,262,7.529
2606,254,7.529
2607,261,7.529
2608,264,7.529
2609,276,8.159
2610,266,8.159
2611,261,8.159
2612,255,7.529
2613,282,7.529
2614,285,7.529
2615,283,7.861
2616,282,7.861
2617,288,7.471
2618,285,7.471
2619,308,7.675
2620,296,7.768
2621,269,7.768
2622,262,7.471
2623,263,7.471
2624,283,7.471
2625,269,7.471
2626,269,7.529
2627,249,7.471
2628,248,6.978
2629,251,6.886
2630,258,6.886
2631,252,6.404
2632,254,8.228
2633,250,8.228
2634,250,8.228
2635,254,8.228
2636,245,8.228
2637,242,8.228
2638,242,8.228
2639,245,8.273
2640,248,8.273
2641,242,8.273
2642,245,8.273
2643,260,8.273
2644,284,8.273
2645,288,8.273
2646,288,5.427
2647,284,5.962
2648,274,5.427
2649,290,7.059
2650,279,7.059
2651,275,7.059
2652,279,6.141
2653,251,6.141
2654,245,6.141
2655,249,7.224
2656,241,7.514
2657,270,7.514
2658,289,7.143
2659,280,7.143
2660,284,6.423
2661,269,7.821
2662,266,7.821
2663,269,6.423
2664,269,6.423
2665,264,6.423
2666,252,6.447
2667,224,6.447
2668,219,6.447
2669,248,6.447
2670,247,7.498
2671,247,7.498
2672,228,7.498
2673,232,7.498
2674,235,7.498
2675,230,7.498
2676,233,7.498
2677,228,7.498
2678,236,7.498
2679,250,7.498
2680,233,7.498
2681,233,7.498
2682,256,7.498
2683,229,7.498
2684,236,7.43
2685,230,8.386
2686,226,8.386
2687,229,8.386
2688,240,8.386
2689,232,8.212
2690,232,8.212
2691,234,8.212
2692,248,5.529
2693,256,5.962
2694,279,6.166
2695,271,6.166
2696,273,6.166
2697,282,6.166
2698,282,6.309
2699,282,6.309
2700,278,7.047
2701,266,7.047
2702,261,7.047
2703,253,7.047
2704,263,7.044
2705,278,7.044
2706,287,8.013
2707,299,8.013
2708,298,8.013
2709,289,8.013
2710,287,8.013
2711,276,8.013
2712,264,8.013
2713,245,7.677
2714,246,7.677
2715,248,7.677
2716,249,7.848
2717,241,7.848
2718,238,7.848
2719,240,7.677
2720,248,7.677
2721,251,8.207
2722,247,8.207
2723,235,7.677
2724,231,7.677
2725,244,7.677
2726,236,7.677
2727,234,7.677
2728,233,7.726
2729,220,7.726
2730,218,7.726
2731,220,7.726
2732,225,7.726
2733,222,7.726
2734,236,7.726
2735,238,7.726
2736,243,7.726
2737,241,7.726
2738,249,7.726
2739,237,8.106
2740,237,8.106
2741,241,8.106
2742,245,8.357
2743,245,8.357
2744,243,8.106
2745,246,8.106
2746,248,8.106
2747,234,8.106
2748,289,7.444
2749,237,7.444
2750,237,7.444
2751,236,7.881
2752,235,7.881
2753,235,7.881
2754,241,7.881
2755,236,7.881
2756,238,7.881
2757,240,7.444
2758,249,7.444
2759,251,7.444
2760,245,7.444
2761,252,7.444
2762,251,7.444
2763,248,7.759
2764,245,7.759
2765,248,7.759
2766,245,7.759
2767,245,8.01
2768,243,8.01
2769,255,8.037
2770,243,8.034
2771,243,8.034
2772,259,8.034
2773,261,7.444
2774,250,7.444
2775,251,7.444
2776,252,7.444
2777,254,7.444
2778,253,7.937
2779,267,7.444
2780,267,7.444
2781,273,7.444
2782,267,7.444
2783,267,7.444
2784,275,7.444
2785,264,7.753
2786,264,7.753
2787,259,7.753
2788,266,7.753
2789,274,7.753
2790,280,7.753
2791,286,7.828
2792,282,7.828
2793,301,7.828
2794,302,7.828
2795,294,7.952
2796,276,8.144
2797,281,8.144
2798,279,8.144
2799,288,8.01
2800,298,8.01
2801,291,8.347
2802,283,8.347
2803,276,8.347
2804,262,8.347
2805,249,8.347
2806,248,7.615
2807,247,7.896
2808,234,7.896
2809,237,7.896
2810,250,7.896
2811,243,7.896
2812,242,7.896
2813,256,7.896
2814,251,7.535
2815,246,7.444
2816,270,7.444
2817,263,7.444
2818,262,7.804
2819,262,7.804
2820,257,7.804
2821,266,7.444
2822,243,7.444
2823,248,7.444
2824,247,7.444
2825,253,8.32
2826,262,8.32
2827,271,8.32
2828,267,8.32
2829,264,8.32
2830,262,8.32
2831,262,8.32
2832,262,8.32
2833,267,7.693
2834,279,8.251
2835,275,7.693
2836,270,7.711
2837,278,7.711
2838,281,7.711
2839,280,7.711
2840,280,7.711
2841,260,8.027
2842,264,8.027
2843,274,7.693
2844,278,7.302
2845,278,8.317
2846,302,8.317
2847,295,8.317
2848,297,8.317
2849,291,8.317
2850,279,8.177
2851,284,8.177
2852,282,8.177
2853,279,8.237
2854,275,8.237
2855,284,7.902
2856,278,7.902
2857,278,7.902
2858,267,7.902
2859,267,7.902
2860,268,5.822
2861,263,5.822
2862,265,7.881
2863,309,7.881
2864,307,8.318
2865,309,8.318
2866,296,8.318
2867,276,7.209
2868,275,5.299
2869,243,7.379
2870,242,7.379
2871,231,7.379
2872,235,7.379
2873,236,7.379
2874,233,7.209
2875,233,7.305
2876,234,7.101
2877,247,7.824
2878,248,7.101
2879,240,8.136
2880,231,8.136
2881,233,7.606
2882,246,7.606
2883,231,7.51
2884,235,7.51
2885,240,7.522
2886,244,7.872
2887,244,7.872
2888,242,7.872
2889,237,7.522
2890,237,7.522
2891,230,7.878
2892,219,8.35
2893,219,8.35
2894,238,7.878
2895,230,7.878
2896,223,7.878
2897,224,4.174
2898,238,6.921
2899,239,6.921
2900,231,6.921
2901,238,6.921
2902,243,7.594
2903,247,7.594
2904,249,8.132
2905,236,8.132
2906,231,8.132
2907,238,8.132
2908,233,7.399
2909,225,7.399
2910,236,7.399
2911,233,7.399
2912,233,7.328
2913,246,7.328
2914,249,6.102
2915,246,6.931
2916,247,6.931
2917,250,6.931
2918,261,7.13
2919,269,7.13
2920,275,7.13
2921,290,7.13
2922,297,7.881
2923,297,7.881
2924,291,7.881
2925,291,7.881
2926,289,7.881
2927,279,7.881
2928,289,7.881
2929,286,7.881
2930,276,8.27
2931,283,7.13
2932,282,7.13
2933,277,7.618
2934,287,7.13
2935,286,7.13
2936,292,7.803
2937,298,7.367
2938,292,7.887
2939,290,7.887
2940,301,7.926
2941,294,7.13
2942,300,7.13
2943,295,7.13
2944,274,7.2
2945,273,7.2
2946,272,7.361
2947,288,7.13
2948,286,6.906
2949,288,6.906
2950,280,6.431
2951,288,8.386
2952,288,8.386
2953,300,8.386
2954,292,8.386
2955,295,8.386
2956,293,7.783
2957,318,6.323
2958,318,7.124
2959,308,7.124
2960,302,6.536
2961,303,7.606
2962,300,7.606
2963,299,7.606
2964,289,7.821
2965,288,8.356
2966,280,8.356
2967,270,8.356
2968,271,7.89
2969,274,7.89
2970,272,7.465
2971,280,7.465
2972,268,7.465
2973,277,7.465
2974,268,7.465
2975,266,7.465
2976,273,7.465
2977,274,7.465
2978,264,7.465
2979,264,7.465
2980,258,7.465
2981,256,7.465
2982,259,7.465
2983,264,7.465
2984,263,7.465
2985,273,6.057
2986,264,6.057
2987,279,6.057
2988,275,6.091
2989,256,6.091
2990,257,6.091
2991,256,6.091
2992,279,6.578
2993,279,6.578
2994,277,6.907
2995,288,7.278
2996,288,7.785
2997,262,7.785
2998,260,7.785
2999,259,7.785
3000,256,7.785
3001,253,7.785
3002,252,7.785
3003,245,7.785
3004,233,7.785
3005,238,6.907
3006,223,6.907
3007,220,7.373
3008,221,7.531
3009,241,7.531
3010,250,7.472
3011,258,7.782
3012,249,7.782
3013,248,7.782
3014,243,7.782
3015,246,6.907
3016,249,6.907
3017,247,7.549
3018,245,7.549
3019,250,7.549
3020,257,7.432
3021,256,7.432
3022,259,7.432
3023,255,6.907
3024,259,6.907
3025,256,6.907
3026,277,6.907
3027,281,6.907
3028,287,6.907
3029,286,7.63
3030,289,8.389
3031,280,6.907
3032,279,6.907
3033,287,6.907
3034,279,6.907
3035,284,6.907
3036,285,6.907
3037,290,6.907
3038,292,6.907
3039,285,6.907
3040,294,6.907
3041,294,6.907
3042,293,4.865
3043,287,5.648
3044,297,6.563
3045,279,6.563
3046,271,6.563
3047,273,7.899
3048,272,7.899
3049,274,7.899
3050,275,8.357
3051,287,8.357
3052,284,7.899
3053,295,7.591
3054,294,3.948
3055,300,7.065
3056,304,8.303
3057,294,8.303
3058,290,7.065
3059,294,7.065
3060,283,7.065
3061,278,7.065
3062,288,7.065
3063,286,7.065
3064,280,7.065
3065,298,7.065
3066,295,7.2
3067,295,7.2
3068,300,7.618
3069,303,7.618
3070,296,7.618
3071,280,7.2
3072,276,7.2
3073,305,7.2
3074,269,7.986
3075,265,7.986
3076,270,7.986
3077,295,8.058
3078,275,7.958
3079,277,6.867
3080,278,6.867
3081,278,8.139
3082,267,8.139
3083,284,8.139
3084,283,8.139
3085,280,8.034
3086,278,8.034
3087,254,8.034
3088,280,8.034
3089,255,8.034
3090,276,8.034
3091,290,8.339
3092,286,8.339
3093,294,8.339
3094,290,8.269
3095,270,8.269
3096,274,6.867
3097,268,6.867
3098,260,6.867
3099,252,7.483
3100,255,7.483
3101,244,7.483
3102,259,7.035
3103,264,7.035
3104,258,7.896
3105,248,6.867
3106,274,7.197
3107,275,7.197
3108,275,7.197
3109,277,7.284
3110,290,8.114
3111,262,8.114
3112,262,8.114
3113,251,8.114
3114,241,7.926
3115,240,7.926
3116,256,7.926
3117,256,7.926
3118,251,7.926
3119,237,7.806
3120,239,7.806
3121,242,7.806
3122,242,7.806
3123,251,7.935
3124,240,7.806
3125,244,7.806
3126,252,7.893
3127,255,7.893
3128,244,7.893
3129,235,6.985
3130,250,8.028
3131,260,8.028
3132,262,8.3
3133,283,8.028
3134,277,8.028
3135,269,8.028
3136,263,7.759
3137,268,7.121
3138,277,7.121
3139,267,7.121
3140,250,7.121
3141,251,6.867
3142,269,6.867
3143,250,6.867
3144,253,6.867
3145,251,6.867
3146,251,6.867
3147,289,6.867
3148,294,6.867
3149,318,7.406
3150,301,7.514
3151,307,7.514
3152,288,7.514
3153,291,7.514
3154,285,7.514
3155,261,7.514
3156,250,7.514
3157,251,7.514
3158,254,7.514
3159,244,6.867
3160,254,6.867
3161,250,6.867
3162,255,6.867
3163,258,6.867
3164,258,6.867
3165,271,6.867
3166,270,6.867
3167,265,7.908
3168,258,7.908
3169,257,6.867
3170,265,6.867
3171,254,6.867
3172,243,6.867
3173,244,6.867
3174,237,6.867
3175,250,6.867
3176,249,6.867
3177,250,6.351
3178,252,7.119
3179,255,7.119
3180,242,7.119
3181,243,7.119
3182,246,7.119
3183,249,7.119
3184,246,7.047
3185,243,7.047
3186,243,7.047
3187,243,7.047
3188,226,7.46
3189,228,8.359
3190,243,8.359
3191,257,8.359
3192,253,8.284
3193,259,8.284
3194,261,8.284
3195,236,8.284
3196,232,8.284
3197,236,8.345
3198,233,8.345
3199,244,8.284
3200,240,8.284
3201,241,8.055
3202,247,8.174
3203,249,8.127
3204,241,7.875
3205,239,7.875
3206,251,7.747
3207,258,7.747
3208,259,7.747
3209,256,7.747
3210,253,8.091
3211,248,8.091
3212,240,8.058
3213,251,8.13
3214,249,8.13
3215,258,8.13
3216,262,8.13
3217,256,8.058
3218,249,8.115
3219,243,8.115
3220,237,8.136
3221,215,8.136
3222,219,8.115
3223,221,8.115
3224,240,8.115
3225,250,8.115
3226,250,8.115
3227,234,8.115
3228,233,8.396
3229,236,8.396
3230,251,8.396
3231,253,8.396
3232,250,8.396
3233,249,8.396
3234,265,7.977
3235,261,8.144
3236,262,7.977
3237,280,7.896
3238,276,7.896
3239,279,7.896
3240,298,7.896
3241,298,6.725
3242,302,6.725
3243,272,7.412
3244,279,7.834
3245,295,7.834
3246,287,6.491
3247,270,8.396
3248,259,8.396
3249,259,8.055
3250,283,7.794
3251,282,7.794
3252,271,7.794
3253,275,7.37
3254,270,7.071
3255,267,7.008
3256,260,7.008
3257,256,7.008
3258,249,6.752
3259,242,6.752
3260,246,6.752
3261,243,6.752
3262,246,7.098
3263,241,8.049
3264,243,8.049
3265,256,8.186
3266,240,8.049
3267,238,8.049
3268,238,8.049
3269,235,8.049
3270,238,8.049
3271,245,8.288
3272,247,8.288
3273,263,8.288
3274,280,8.288
3275,279,8.36
3276,276,8.36
3277,264,8.36
3278,270,8.36
3279,268,8.36
3280,276,8.36
3281,275,8.144
3282,276,8.144
3283,279,8.144
3284,279,8.144
3285,280,8.144
3286,273,8.144
3287,278,8.144
3288,293,7.212
3289,298,7.212
3290,308,6.868
3291,336,7.187
3292,314,7.187
3293,302,7.044
3294,288,7.562
3295,294,7.044
3296,288,7.044
3297,258,7.044
3298,265,6.889
3299,266,6.889
3300,263,6.889
3301,262,6.311
3302,264,6.476
3303,265,7.659
3304,262,7.659
3305,266,7.562
3306,272,7.998
3307,274,8.35
3308,276,8.35
3309,274,8.35
3310,295,8.156
3311,282,8.156
3312,276,8.156
3313,276,8.156
3314,266,8.156
3315,250,5.619
3316,252,5.619
3317,249,5.619
3318,256,6.399
3319,254,5.663
3320,254,5.663
3321,258,5.663
3322,247,4.694
3323,258,6.749
3324,238,4.694
3325,250,4.73
3326,241,5.637
3327,245,7.163
3328,255,7.163
3329,267,7.163
3330,282,8.078
3331,278,8.078
3332,276,7.163
3333,278,7.163
3334,293,7.163
3335,295,7.37
3336,270,7.37
3337,271,7.6
3338,269,7.792
3339,287,7.6
3340,280,6.772
3341,276,6.772
3342,269,6.772
3343,270,6.772
3344,277,6.772
3345,268,6.772
3346,273,7.929
3347,270,7.929
3348,262,7.687
3349,261,7.687
3350,263,7.75
3351,273,7.75
3352,272,7.75
3353,285,8.087
3354,287,8.087
3355,278,8.087
3356,283,4.616
3357,274,4.891
3358,297,4.616
3359,301,4.616
3360,297,4.616
3361,293,4.616
3362,287,4.616
3363,283,7.932
3364,284,5.741
3365,290,5.741
3366,288,5.788
3367,286,6.339
3368,282,6.339
3369,282,6.339
3370,316,8.26
3371,309,8.26
3372,268,6.339
3373,272,7.66
3374,265,7.66
3375,271,7.66
3376,265,7.66
3377,268,7.66
3378,268,7.66
3379,271,7.66
3380,236,7.66
3381,232,6.506
3382,238,6.506
3383,241,6.506
3384,249,6.506
3385,246,6.506
3386,255,7.077
3387,261,7.077
3388,252,7.077
3389,255,7.077
3390,251,6.204
3391,254,6.204
3392,254,8.209
3393,248,8.209
3394,258,8.209
3395,258,8.209
3396,264,8.209
3397,258,8.209
3398,289,7.101
3399,287,7.992
3400,288,7.992
3401,286,7.992
3402,270,7.992
3403,257,7.992
3404,260,7.992
3405,254,7.992
3406,238,7.992
3407,236,7.992
3408,248,7.992
3409,246,7.4
3410,258,7.4
3411,258,7.4
3412,270,7.4
3413,273,7.4
3414,276,7.4
3415,271,7.4
3416,267,7.4
3417,272,8.398
3418,272,7.836
3419,281,7.836
3420,272,7.836
3421,265,7.836
3422,273,7.836
3423,268,7.836
3424,267,7.836
3425,263,7.836
3426,261,8.198
3427,267,8.198
3428,262,8.368
3429,267,7.624
3430,268,7.624
3431,270,7.624
3432,262,7.465
3433,255,7.465
3434,251,7.465
3435,245,7.465
3436,238,7.465
3437,237,7.465
3438,238,7.465
3439,230,6.024
3440,230,6.524
3441,235,6.524
3442,235,6.524
3443,235,7.908
3444,242,7.908
3445,243,7.908
3446,271,8.243
3447,270,8.243
3448,274,8.243
3449,265,7.582
3450,273,7.582
3451,278,6.383
3452,312,6.169
3453,289,7.089
3454,278,6.169
3455,279,6.219
3456,277,6.219
3457,272,6.219
3458,242,7.911
3459,248,7.911
3460,259,7.911
3461,258,7.911
3462,246,8.353
3463,251,8.353
3464,236,8.353
3465,239,8.353
3466,248,8.353
3467,236,7.158
3468,236,4.339
3469,244,4.339
3470,267,4.467
3471,271,8.049
3472,263,8.049
3473,261,8.049
3474,248,8.264
3475,255,8.264
3476,256,8.264
3477,234,8.264
3478,235,7.373
3479,237,7.373
3480,233,7.642
3481,229,5.926
3482,233,5.926
3483,252,5.926
3484,258,5.926
3485,257,7.937
3486,258,7.035
3487,255,4.8
3488,272,7.567
3489,279,5.788
3490,272,6.673
3491,273,5.902
3492,263,6.542
3493,256,6.542
3494,249,6.542
3495,246,7.361
3496,249,6.734
3497,253,6.157
3498,263,6.021
3499,246,7.248
3500,248,7.633
3501,248,7.6
3502,245,7.746
3503,239,7.746
3504,243,7.248
3505,244,7.248
3506,243,7.248
3507,271,7.248
3508,270,7.248
3509,268,8.311
3510,262,8.084
3511,262,8.084
3512,280,8.084
3513,276,7.815
3514,281,7.089
3515,280,7.089
3516,288,7.021
3517,293,5.558
3518,286,5.836
3519,297,5.836
3520,304,6.861
3521,297,6.861
3522,301,5.313
3523,301,6.462
3524,274,6.462
3525,272,6.462
3526,271,6.462
3527,271,7.164
3528,269,7.164
3529,269,6.124
3530,255,6.124
3531,268,6.124
3532,264,6.124
3533,267,6.721
3534,261,7.752
3535,260,7.752
3536,251,7.816
3537,253,7.816
3538,262,6.721
3539,253,6.721
3540,255,6.721
3541,241,6.721
3542,283,8.123
3543,255,5.983
3544,268,5.983
3545,267,5.983
3546,262,5.983
3547,248,7.316
3548,247,7.337
3549,246,7.337
3550,245,7.337
3551,250,7.337
3552,262,7.337
3553,237,7.57
3554,235,7.337
3555,242,7.337
3556,245,7.337
3557,243,7.337
3558,242,5.628
3559,254,5.628
3560,248,7.319
3561,250,7.463
3562,239,7.313
3563,226,7.313
3564,235,7.313
3565,231,7.313
3566,226,7.313
3567,236,7.313
3568,265,7.313
3569,266,7.313
3570,265,7.313
3571,265,7.516
3572,267,7.516
3573,278,7.516
3574,273,7.516
3575,273,7.516
3576,258,7.516
3577,259,7.516
3578,248,7.516
3579,253,7.516
3580,277,7.516
3581,274,7.516
3582,278,6.453
3583,218,5.296
3584,222,5.296
3585,218,7.516
3586,225,7.624
3587,233,7.624
3588,238,4.976
3589,241,7.466
3590,239,4.201
3591,228,4.201
3592,218,4.201
3593,214,4.67
3594,223,5.164
3595,220,5.347
3596,223,8.04
3597,222,8.04
3598,221,8.04
3599,224,8.04
3600,219,8.04
3601,219,8.04
3602,215,7.364
3603,219,7.364
3604,232,7.364
3605,234,7.364
3606,233,7.378
3607,241,8.366
3608,225,8.366
3609,225,8.366
3610,236,8.366
3611,240,6.148
3612,244,7.917
3613,240,7.029
3614,241,7.029
3615,241,7.029
3616,242,7.029
3617,241,7.029
3618,239,7.029
3619,252,7.958
3620,262,4.832
3621,224,7.995
3622,242,4.832
3623,246,7.002
3624,256,7.002
3625,280,7.002
3626,276,7.002
3627,265,4.841
3628,256,4.832
3629,251,5.415
3630,251,7.349
3631,254,7.349
3632,248,7.349
3633,238,7.349
3634,233,7.349
3635,226,7.349
3636,229,7.349
3637,226,7.349
3638,223,7.349
3639,223,7.349
3640,226,7.349
3641,223,7.349
3642,234,7.349
3643,234,7.349
3644,245,7.349
3645,241,7.349
3646,241,7.349
3647,244,7.349
3648,242,7.522
3649,247,7.522
3650,248,7.973
3651,227,7.973
3652,228,7.973
3653,229,8.135
3654,229,7.973
3655,240,7.973
3656,240,7.973
3657,250,7.973
3658,250,7.973
3659,250,7.973
3660,273,7.973
3661,274,7.973
3662,285,7.973
3663,257,7.973
3664,249,7.973
3665,262,7.973
3666,267,7.973
3667,260,7.973
3668,244,7.973
3669,249,7.973
3670,252,7.973
3671,250,7.973
3672,252,7.973
3673,258,8.354
3674,249,7.973
3675,236,7.973
3676,237,7.973
3677,237,7.973
3678,240,7.973
3679,270,7.973
3680,266,7.973
3681,269,7.973
3682,268,7.973
3683,266,7.973
3684,261,7.973
3685,261,7.973
3686,238,7.973
3687,242,7.973
3688,236,7.973
3689,234,7.973
3690,243,7.973
3691,275,7.973
3692,265,7.973
3693,251,7.973
3694,258,7.973
3695,235,7.973
3696,238,7.973
3697,245,7.973
3698,250,7.973
3699,252,7.973
3700,256,7.568
3701,252,7.869
3702,252,7.869
3703,255,7.869
3704,254,7.681
3705,263,7.681
3706,258,7.681
3707,272,7.681
3708,283,8.069
3709,277,7.681
3710,267,7.681
3711,269,7.681
3712,256,7.681
3713,250,7.681
3714,244,7.681
3715,252,7.597
3716,269,7.597
3717,248,7.597
3718,250,7.385
3719,245,7.238
3720,254,4.751
3721,250,7.387
3722,255,7.387
3723,268,7.387
3724,265,7.387
3725,268,7.101
3726,264,6.697
3727,263,8.15
3728,269,8.15
3729,263,8.15
3730,267,8.15
3731,270,8.15
3732,271,8.15
3733,269,8.15
3734,263,8.15
3735,268,8.096
3736,252,7.319
3737,249,8.231
3738,243,8.231
3739,255,8.231
3740,257,8.231
3741,272,8.231
3742,257,8.231
3743,279,8.231
3744,276,8.231
3745,276,8.231
3746,271,8.231
3747,271,8.231
3748,253,8.231
3749,247,8.231
3750,243,8.231
3751,225,8.231
3752,232,8.231
3753,254,8.231
3754,239,8.231
3755,247,8.231
3756,240,8.231
3757,242,8.231
3758,246,8.025
3759,254,7.152
3760,257,7.152
3761,252,6.27
3762,270,6.954
3763,263,6.954
3764,285,8.046
3765,289,8.046
3766,288,7.221
3767,288,7.221
3768,285,7.221
3769,272,7.221
3770,264,7.221
3771,265,7.221
3772,249,6.664
3773,254,6.664
3774,251,6.664
3775,256,4.369
3776,245,7.884
3777,241,7.884
3778,240,7.884
3779,253,7.884
3780,250,7.884
3781,242,7.884
3782,262,7.884
3783,254,8.177
3784,259,7.884
3785,254,7.884
3786,238,8.195
3787,245,8.195
3788,262,7.884
3789,256,7.884
3790,258,8.057
3791,254,8.057
3792,258,8.057
3793,256,7.989
3794,268,7.989
3795,263,7.989
3796,258,7.884
3797,268,7.119
3798,275,6.746
3799,284,6.746
3800,267,6.746
3801,268,7.373
3802,276,7.373
3803,281,7.373
3804,281,7.373
3805,282,7.373
3806,288,7.373
3807,281,7.373
3808,276,7.373
3809,267,6.148
3810,277,7.789
3811,274,6.148
3812,279,5.935
3813,287,5.935
3814,298,6.754
3815,311,6.754
3816,295,6.754
3817,289,5.935
3818,268,7.568
3819,263,5.935
3820,287,5.935
3821,291,5.935
3822,291,7.839
3823,284,7.839
3824,274,5.687
3825,263,7.988
3826,266,7.988
3827,275,7.988
3828,276,7.988
3829,279,7.988
3830,272,8.012
3831,257,8.012
3832,285,8.012
3833,313,8.012
3834,312,8.012
3835,284,8.012
3836,255,8.012
3837,254,8.012
3838,242,6.626
3839,242,6.626
3840,256,6.626
3841,269,8.369
3842,269,8.369
3843,267,8.369
3844,262,8.369
3845,269,8.369
3846,267,6.745
3847,264,7.997
3848,266,7.997
3849,268,8.049
3850,270,8.049
3851,278,8.049
3852,283,6.196
3853,282,5.9
3854,275,5.9
3855,279,5.9
3856,273,5.9
3857,275,7.857
3858,274,5.75
3859,258,5.75
3860,259,5.75
3861,255,5.75
3862,252,5.75
3863,272,5.459
3864,286,8.162
3865,289,8.162
3866,268,8.162
3867,272,8.162
3868,267,8.162
3869,267,5.2
3870,267,5.2
3871,269,5.2
3872,275,7.58
3873,260,7.58
3874,261,4.725
3875,262,4.725
3876,304,4.725
3877,291,6.745
3878,289,6.745
3879,274,6.745
3880,272,6.745
3881,271,8.112
3882,240,8.112
3883,238,7.722
3884,238,8.302
3885,250,8.302
3886,250,8.302
3887,257,8.392
3888,253,8.392
3889,253,8.392
3890,272,8.392
3891,269,8.392
3892,272,8.392
3893,276,8.392
3894,276,8.392
3895,287,8.392
3896,284,8.392
3897,278,8.392
3898,275,8.339
3899,287,7.501
3900,283,7.501
3901,281,5.471
3902,262,5.471
3903,262,7.609
3904,261,7.609
3905,254,7.958
3906,256,7.958
3907,250,7.958
3908,259,7.958
3909,263,7.958
3910,263,7.958
3911,265,7.958
3912,281,7.789
3913,276,7.789
3914,275,7.789
3915,277,7.789
3916,280,7.789
3917,257,7.789
3918,249,7.789
3919,249,7.789
3920,246,7.789
3921,243,7.789
3922,259,7.789
3923,260,7.789
3924,261,7.789
3925,264,7.789
3926,272,7.789
3927,267,7.789
3928,269,7.789
3929,283,7.789
3930,263,7.789
3931,244,7.789
3932,270,7.789
3933,262,7.789
3934,266,7.789
3935,257,7.789
3936,229,7.789
3937,222,7.789
3938,204,7.789
3939,208,7.911
3940,211,7.911
3941,214,7.911
3942,226,7.789
3943,226,7.789
3944,224,7.789
3945,228,7.789
3946,228,7.789
3947,234,7.789
3948,234,7.789
3949,217,7.789
3950,211,8.354
3951,215,7.789
3952,225,7.789
3953,218,7.818
3954,231,7.818
3955,217,7.86
3956,219,7.86
3957,219,7.86
3958,213,7.86
3959,219,7.86
3960,219,7.86
3961,223,5.534
3962,219,5.534
3963,217,7.549
3964,221,7.833
3965,225,7.833
3966,222,8.221
3967,236,8.308
3968,260,8.308
3969,248,6.742
3970,238,6.468
3971,247,6.468
3972,257,6.405
3973,256,6.653
3974,260,6.653
3975,230,6.653
3976,236,6.653
3977,212,6.653
3978,219,6.653
3979,203,5.765
3980,202,5.765
3981,190,7.923
3982,194,8.198
3983,199,8.198
3984,210,8.198
3985,212,8.127
3986,210,8.233
3987,234,8.233
3988,236,8.233
3989,237,8.233
3990,239,7.744
3991,239,7.744
3992,244,7.744
3993,227,7.744
3994,226,7.756
3995,238,7.947
3996,230,7.947
3997,229,7.947
3998,217,7.756
3999,229,7.756
4000,225,7.756
4001,225,7.756
4002,226,7.756
4003,225,7.756
4004,223,7.756
4005,222,7.756
4006,221,7.756
4007,214,7.756
4008,235,7.756
4009,238,7.756
4010,238,7.756
4011,244,7.756
4012,230,7.756
4013,219,7.756
4014,221,7.756
4015,223,6.536
4016,234,8.063
4017,239,8.063
4018,236,7.704
4019,234,7.791
4020,221,7.791
4021,218,7.791
4022,233,7.704
4023,233,7.704
4024,219,7.97
4025,225,7.97
4026,233,7.97
4027,223,7.97
4028,241,7.782
4029,249,7.782
4030,253,7.782
4031,249,7.782
4032,252,7.782
4033,256,7.962
4034,264,7.962
4035,234,7.962
4036,215,7.962
4037,212,7.962
4038,217,7.962
4039,220,7.962
4040,214,7.962
4041,212,7.962
4042,213,7.962
4043,229,7.881
4044,241,7.881
4045,253,6.739
4046,248,6.739
4047,238,6.739
4048,253,6.381
4049,248,6.381
4050,255,6.381
4051,259,6.381
4052,264,8.263
4053,271,6.381
4054,260,6.381
4055,271,8.341
4056,258,8.341
4057,251,8.341
4058,233,8.341
4059,244,8.341
4060,246,8.341
4061,242,8.341
4062,247,7.668
4063,247,7.668
4064,240,6.381
4065,240,6.381
4066,229,6.381
4067,210,5.317
4068,219,4.862
4069,228,6.952
4070,237,6.952
4071,244,6.282
4072,249,5.2
4073,247,4.862
4074,253,4.862
4075,250,4.862
4076,229,4.862
4077,230,5.783
4078,230,4.862
4079,224,4.862
4080,239,6.847
4081,233,5.926
4082,244,6.722
4083,253,6.722
4084,252,6.722
4085,271,6.722
4086,269,7.588
4087,263,7.588
4088,263,7.588
4089,262,7.325
4090,249,7.633
4091,249,6.515
4092,248,7.654
4093,248,7.654
4094,263,7.654
4095,290,7.478
4096,290,5.236
4097,292,5.72
4098,282,4.865
4099,279,7.624
4100,282,7.624
4101,276,7.624
4102,272,7.624
4103,282,7.624
4104,282,6.82
4105,296,6.345
4106,290,6.345
4107,261,6.345
4108,270,6.345
4109,265,6.781
4110,256,6.904
4111,250,6.904
4112,257,8.35
4113,263,6.936
4114,261,6.936
4115,259,6.936
4116,254,5.341
4117,255,6.542
4118,269,6.542
4119,262,6.542
4120,258,7.525
4121,269,8.243
4122,271,8.243
4123,271,8.243
4124,244,8.243
4125,242,7.875
4126,247,7.875
4127,263,7.875
4128,256,7.875
4129,250,7.875
4130,252,7.875
4131,244,7.875
4132,246,7.875
4133,249,6.817
4134,256,6.817
4135,263,6.817
4136,249,8.35
4137,248,6.817
4138,256,8.338
4139,258,7.396
4140,265,6.817
4141,263,6.383
4142,277,6.781
4143,283,8.028
4144,275,8.028
4145,279,8.028
4146,254,8.028
4147,247,5.496
4148,259,6.399
4149,255,8.395
4150,255,8.395
4151,255,8.177
4152,254,8.177
4153,265,7.642
4154,273,7.642
4155,260,7.642
4156,252,7.609
4157,250,7.609
4158,250,7.46
4159,246,7.46
4160,260,6.022
4161,258,6.022
4162,254,6.022
4163,261,6.022
4164,260,6.022
4165,264,8.168
4166,273,8.168
4167,267,8.168
4168,262,8.168
4169,272,8.168
4170,271,8.168
4171,267,8.168
4172,266,8.168
4173,279,6.079
4174,276,6.079
4175,286,6.079
4176,285,6.079
4177,257,6.079
4178,279,7.169
4179,274,7.169
4180,299,7.169
4181,304,7.169
4182,316,7.169
4183,285,7.169
4184,257,7.133
4185,244,7.133
4186,252,7.133
4187,244,7.636
4188,241,8.27
4189,237,7.636
4190,237,7.636
4191,215,7.411
4192,231,6.393
4193,247,6.393
4194,246,6.393
4195,242,7.998
4196,244,7.998
4197,247,7.998
4198,248,7.998
4199,250,6.393
4200,251,6.823
4201,240,8.127
4202,248,8.127
4203,244,8.127
4204,237,8.127
4205,235,8.127
4206,233,8.127
4207,234,8.127
4208,230,8.127
4209,226,8.127
4210,217,6.855
4211,235,6.855
4212,213,6.855
4213,213,6.855
4214,213,6.855
4215,215,6.479
4216,229,7.062
4217,221,6.12
4218,232,4.435
4219,240,7.408
4220,247,7.408
4221,242,7.408
4222,235,7.408
4223,235,5.852
4224,230,5.852
4225,223,7.45
4226,222,7.457
4227,264,7.457
4228,259,7.457
4229,261,7.457
4230,256,5.684
4231,229,6.688
4232,224,7.178
4233,236,5.684
4234,256,7.266
4235,267,7.266
4236,279,6.309
4237,290,7.523
4238,267,4.674
4239,265,4.196
4240,277,7.247
4241,288,7.247
4242,278,7.529
4243,284,7.529
4244,266,7.529
4245,255,7.529
4246,259,5.359
4247,258,5.359
4248,221,3.699
4249,242,6.264
4250,246,7.185
4251,261,7.185
4252,270,3.699
4253,261,5.468
4254,234,4.931
4255,244,6.393
4256,257,7.355
4257,259,7.355
4258,242,6.536
4259,225,5.746
4260,224,5.604
4261,225,5.604
4262,225,5.604
4263,232,5.604
4264,249,5.35
4265,261,5.35
4266,244,5.879
4267,230,5.879
4268,228,4.539
4269,228,6.452
4270,232,4.539
4271,229,4.211
4272,224,4.211
4273,231,4.211
4274,243,4.853
4275,240,4.327
4276,237,5.914
4277,254,8.258
4278,253,8.258
4279,242,6.297
4280,216,7.041
4281,225,7.83
4282,227,8.144
4283,232,8.144
4284,229,8.144
4285,232,8.144
4286,233,8.144
4287,233,8.144
4288,227,8.144
4289,218,8.144
4290,225,8.144
4291,221,8.144
4292,223,8.144
4293,227,8.144
4294,242,8.144
4295,250,8.144
4296,230,8.36
4297,231,8.36
4298,228,8.36
4299,230,8.36
4300,266,8.36
4301,270,8.144
4302,252,8.144
4303,257,8.144
4304,235,8.144
4305,253,8.264
4306,285,8.264
4307,307,8.144
4308,298,8.144
4309,284,8.144
4310,259,8.144
4311,258,8.281
4312,251,8.281
4313,255,8.281
4314,252,8.281
4315,256,8.281
4316,280,8.317
4317,281,8.317
4318,276,8.317
4319,277,8.317
4320,279,8.136
4321,283,8.136
4322,275,8.136
4323,266,8.136
4324,277,8.136
4325,275,8.136
4326,271,8.136
4327,260,8.136
4328,254,8.136
4329,257,8.136
4330,271,8.136
4331,269,7.399
4332,273,7.399
4333,261,7.484
4334,262,8.275
4335,283,8.275
4336,280,8.147
4337,283,7.747
4338,291,7.747
4339,299,7.747
4340,299,7.747
4341,295,7.301
4342,294,7.301
4343,292,7.301
4344,282,8.221
4345,268,8.221
4346,266,8.221
4347,256,8.221
4348,253,8.221
4349,271,8.221
4350,271,8.221
4351,263,8.115
4352,262,6.966
4353,255,6.966
4354,251,7.935
4355,243,7.935
4356,241,7.935
4357,263,8.368
4358,266,8.368
4359,259,8.368
4360,246,7.732
4361,264,7.732
4362,264,7.732
4363,270,7.732
4364,260,7.445
4365,262,8.384
4366,280,8.384
4367,281,8.384
4368,276,8.398
4369,275,8.398
4370,283,8.398
4371,283,8.398
4372,291,8.398
4373,297,8.398
4374,304,8.398
4375,305,5.864
4376,304,5.864
4377,294,5.864
4378,294,5.864
4379,303,6.311
4380,292,5.864
4381,290,8.123
4382,295,8.123
4383,302,8.123
4384,283,8.246
4385,283,8.246
4386,280,8.378
4387,277,8.378
4388,279,5.911
4389,259,7.552
4390,254,7.056
4391,251,7.056
4392,252,7.056
4393,252,7.056
4394,230,7.056
4395,253,7.056
4396,251,7.056
4397,243,7.603
4398,243,7.603
4399,232,8.052
4400,237,7.722
4401,234,7.056
4402,230,7.056
4403,230,7.056
4404,226,4.916
4405,235,4.916
4406,255,7.567
4407,253,7.567
4408,267,5.182
4409,255,8.106
4410,252,8.106
4411,269,8.294
4412,272,8.294
4413,273,8.294
4414,280,8.294
4415,277,8.294
4416,277,8.294
4417,277,8.294
4418,270,8.294
4419,257,8.294
4420,246,8.294
4421,246,8.294
4422,252,8.294
4423,270,8.294
4424,250,8.294
4425,263,8.294
4426,263,8.294
4427,259,7.914
4428,266,7.914
4429,279,7.914
4430,251,7.914
4431,247,7.914
4432,253,7.914
4433,238,7.914
4434,235,8.23
4435,228,8.23
4436,226,8.23
4437,260,5.651
4438,260,7.908
4439,247,7.908
4440,248,7.893
4441,256,5.86
4442,261,7.118
4443,257,6.867
4444,263,6.867
4445,252,6.867
4446,256,6.003
4447,257,5.899
4448,257,8.109
4449,255,8.109
4450,260,8.192
4451,260,8.192
4452,263,8.192
4453,265,8.192
4454,266,8.339
4455,265,8.339
4456,269,8.339
4457,272,8.339
4458,272,8.339
4459,266,8.339
4460,260,8.339
4461,261,8.339
4462,265,8.094
4463,276,6.545
4464,261,8.045
4465,247,8.045
4466,249,8.045
4467,255,8.309
4468,257,8.309
4469,257,8.309
4470,257,8.309
4471,267,8.045
4472,267,8.045
4473,270,8.045
4474,267,8.045
4475,265,8.127
4476,264,8.263
4477,261,8.389
4478,248,8.389
4479,278,8.389
4480,280,8.389
4481,281,8.389
4482,269,8.389
4483,259,8.389
4484,249,7.857
4485,249,7.662
4486,254,6.996
4487,238,6.996
4488,247,6.996
4489,264,7.893
4490,235,7.893
4491,226,7.779
4492,223,7.779
4493,218,7.779
4494,215,7.779
4495,230,7.779
4496,231,7.779
4497,230,7.779
4498,241,6.399
4499,246,6.399
4500,248,6.399
4501,248,6.399
4502,243,6.399
4503,246,8.204
4504,244,6.399
4505,244,6.399
4506,248,6.399
4507,246,7.941
4508,248,7.941
4509,253,6.898
4510,255,6.898
4511,253,7.893
4512,258,7.893
4513,267,7.893
4514,264,7.893
4515,273,7.893
4516,280,7.408
4517,271,7.408
4518,259,7.45
4519,247,7.45
4520,257,7.45
4521,260,7.45
4522,260,7.45
4523,262,7.45
4524,251,7.708
4525,267,7.708
4526,263,7.708
4527,266,7.708
4528,270,7.708
4529,290,7.708
4530,247,7.708
4531,239,7.708
4532,233,7.708
4533,241,7.708
4534,237,7.708
4535,244,6.399
4536,230,6.9
4537,227,6.332
4538,248,6.216
4539,250,6.216
4540,257,8.03
4541,250,7.37
4542,251,5.908
4543,251,5.908
4544,252,7.74
4545,249,7.74
4546,251,7.74
4547,248,7.74
4548,244,7.74
4549,243,7.74
4550,240,7.74
4551,236,7.74
4552,239,7.74
4553,241,7.74
4554,246,7.74
4555,244,7.74
4556,253,7.606
4557,248,7.606
4558,249,7.914
4559,260,8.078
4560,262,7.914
4561,265,7.914
4562,269,7.914
4563,269,7.914
4564,263,7.914
4565,266,8.072
4566,266,7.618
4567,271,7.618
4568,271,7.639
4569,275,7.639
4570,269,7.639
4571,266,7.639
4572,265,7.639
4573,271,7.639
4574,250,7.639
4575,253,7.639
4576,256,7.861
4577,253,8.15
4578,252,8.384
4579,243,8.384
4580,242,8.384
4581,247,8.384
4582,253,8.384
4583,250,8.126
4584,247,8.212
4585,244,8.212
4586,244,8.212
4587,243,8.212
4588,243,8.212
4589,251,8.212
4590,248,8.212
4591,237,8.321
4592,237,8.321
4593,239,8.321
4594,260,8.321
4595,235,8.321
4596,236,8.174
4597,235,8.174
4598,228,8.174
4599,238,8.174
4600,229,8.174
4601,229,8.174
4602,242,8.174
4603,255,8.174
4604,252,8.174
4605,248,8.174
4606,236,8.174
4607,240,8.174
4608,243,6.569
4609,249,6.204
4610,258,6.204
4611,254,6.204
4612,255,6.204
4613,259,6.204
4614,242,6.987
4615,259,6.503
4616,259,7.432
4617,268,7.711
4618,263,7.711
4619,240,7.711
4620,250,7.711
4621,249,7.905
4622,243,8.245
4623,232,8.245
4624,254,8.245
4625,249,8.245
4626,259,8.245
4627,262,8.245
4628,262,8.245
4629,273,8.245
4630,279,8.245
4631,264,8.245
4632,245,8.245
4633,230,8.245
4634,237,8.245
4635,235,8.245
4636,249,8.245
4637,270,8.245
4638,266,7.513
4639,254,7.513
4640,246,7.513
4641,240,7.513
4642,240,7.692
4643,238,7.846
4644,232,7.846
4645,238,7.846
4646,236,7.846
4647,239,7.561
4648,223,7.254
4649,232,7.254
4650,235,7.254
4651,233,7.254
4652,233,7.433
4653,234,5.14
4654,239,5.14
4655,245,5.869
4656,244,5.14
4657,247,5.613
4658,254,5.35
4659,253,5.35
4660,251,5.35
4661,239,5.789
4662,254,4.803
4663,258,7.202
4664,262,7.202
4665,271,7.328
4666,261,7.328
4667,259,7.328
4668,258,7.202
4669,265,7.202
4670,266,7.202
4671,261,7.202
4672,261,6.386
4673,256,6.386
4674,268,7.666
4675,243,7.547
4676,248,7.547
4677,249,8.282
4678,248,8.156
4679,244,7.547
4680,252,7.543
4681,256,6.743
4682,273,6.743
4683,262,6.743
4684,258,7.113
4685,229,7.113
4686,233,7.113
4687,236,7.113
4688,227,8.383
4689,230,7.113
4690,227,7.113
4691,218,7.113
4692,230,7.113
4693,233,7.113
4694,223,6.751
4695,223,6.964
4696,228,6.964
4697,224,6.964
4698,227,7.704
4699,228,7.704
4700,222,7.704
4701,222,7.704
4702,231,6.112
4703,224,6.112
4704,227,6.112
4705,237,6.112
4706,224,6.112
4707,224,6.243
4708,221,7.723
4709,218,7.723
4710,219,7.723
4711,217,8.183
4712,218,6.575
4713,216,6.575
4714,219,6.575
4715,212,6.575
4716,208,7.81
4717,209,6.656
4718,203,6.656
4719,203,6.656
4720,209,6.656
4721,242,6.656
4722,253,7.732
4723,253,7.732
4724,244,7.732
4725,250,7.732
4726,254,8.141
4727,271,7.732
4728,281,7.732
4729,285,7.732
4730,283,7.675
4731,293,6.456
4732,297,6.456
4733,324,6.456
4734,291,6.456
4735,291,6.456
4736,274,6.189
4737,271,6.189
4738,271,8.03
4739,270,6.189
4740,279,7.015
4741,286,6.294
4742,280,6.294
4743,291,6.294
4744,308,6.922
4745,311,6.922
4746,284,6.922
4747,285,6.922
4748,281,6.922
4749,284,6.922
4750,284,5.705
4751,295,6.784
4752,287,6.784
4753,275,6.784
4754,264,7.663
4755,271,8.097
4756,252,8.097
4757,257,8.097
4758,252,8.097
4759,234,8.097
4760,252,8.097
4761,245,5.463
4762,246,7.471
4763,241,5.788
4764,257,5.463
4765,267,5.376
4766,268,5.376
4767,252,7.065
4768,274,7.63
4769,266,5.382
4770,267,5.382
4771,273,5.382
4772,268,5.382
4773,281,5.968
4774,256,5.696
4775,249,5.696
4776,250,5.696
4777,249,5.376
4778,244,4.341
4779,252,4.341
4780,240,8.192
4781,249,8.192
4782,246,7.672
4783,244,7.672
4784,245,7.672
4785,238,7.672
4786,244,8.147
4787,237,8.147
4788,239,6.658
4789,246,7.322
4790,245,7.952
4791,243,7.952
4792,245,7.952
4793,246,6.027
4794,246,6.027
4795,245,7.668
4796,244,7.435
4797,242,7.435
4798,243,7.435
4799,257,5.072
4800,256,5.072
4801,250,5.072
4802,250,5.072
4803,252,5.072
4804,276,5.072
4805,283,8.35
4806,283,8.35
4807,299,8.35
4808,287,8.35
4809,274,8.35
4810,248,8.359
4811,245,8.359
4812,252,8.359
4813,269,7.821
4814,279,7.577
4815,293,7.504
4816,293,7.504
4817,265,7.145
4818,261,8.332
4819,261,8.332
4820,254,8.332
4821,244,8.332
4822,244,8.332
4823,245,8.332
4824,228,8.332
4825,222,8.332
4826,220,8.332
4827,220,8.332
4828,224,8.332
4829,223,8.332
4830,227,8.332
4831,237,8.332
4832,231,8.332
4833,234,8.332
4834,234,8.332
4835,253,8.332
4836,249,8.332
4837,255,8.332
4838,259,7.866
4839,265,8.383
4840,267,7.819
4841,265,7.151
4842,274,7.151
4843,274,7.151
4844,272,7.151
4845,273,7.43
4846,285,7.43
4847,283,7.642
4848,277,8.26
4849,279,8.332
4850,275,8.332
4851,273,8.26
4852,274,8.26
4853,274,8.26
4854,271,7.923
4855,269,7.923
4856,278,8.111
4857,280,8.314
4858,291,8.314
4859,274,8.314
4860,281,8.314
4861,288,7.866
4862,302,8.218
4863,298,4.826
4864,311,8.072
4865,309,8.072
4866,310,5.974
4867,294,8.23
4868,298,8.23
4869,299,8.23
4870,286,8.23
4871,286,8.23
4872,284,8.23
4873,284,8.23
4874,281,8.052
4875,273,8.102
4876,262,8.218
4877,263,8.218
4878,271,8.218
4879,290,8.102
4880,291,8.102
4881,286,8.102
4882,293,7.752
4883,282,7.752
4884,291,7.752
4885,295,7.752
4886,299,7.752
4887,284,8.362
4888,289,7.752
4889,276,7.092
4890,268,7.687
4891,268,7.687
4892,258,6.296
4893,260,6.437
4894,251,6.888
4895,235,6.888
4896,235,6.888
4897,247,6.888
4898,265,6.888
4899,261,7.472
4900,235,7.472
4901,235,8.091
4902,234,7.293
4903,234,7.293
4904,233,7.293
4905,233,7.293
4906,232,5.528
4907,226,5.528
4908,240,7.272
4909,245,7.272
4910,246,7.272
4911,245,7.693
4912,249,7.693
4913,244,7.932
4914,235,7.932
4915,237,7.693
4916,237,7.693
4917,236,7.693
4918,263,7.863
4919,264,8.342
4920,273,8.342
4921,267,8.342
4922,253,8.342
4923,255,8.342
4924,239,8.342
4925,218,8.141
4926,219,5.604
4927,219,5.604
4928,217,5.546
4929,219,5.546
4930,225,5.546
4931,225,5.546
4932,213,5.546
4933,225,7.911
4934,210,7.49
4935,236,7.49
4936,211,7.49
4937,209,6.431
4938,205,6.431
4939,205,5.546
4940,228,5.666
4941,233,5.666
4942,216,5.546
4943,210,5.546
4944,225,5.546
4945,234,7.221
4946,234,7.221
4947,238,7.221
4948,240,7.221
4949,242,7.221
4950,250,5.546
4951,254,5.546
4952,252,6.196
4953,252,6.196
4954,251,7.214
4955,263,7.214
4956,270,7.214
4957,268,7.214
4958,264,7.214
4959,262,7.579
4960,239,7.689
4961,237,7.689
4962,222,7.689
4963,222,7.405
4964,219,7.405
4965,219,7.677
4966,223,7.677
4967,238,7.677
4968,274,7.677
4969,290,7.677
4970,293,7.677
4971,293,7.677
4972,294,7.447
4973,296,7.444
4974,300,7.444
4975,300,7.444
4976,289,7.444
4977,289,8.174
4978,296,8.174
4979,287,8.174
4980,288,8.174
4981,288,8.174
4982,283,8.284
4983,278,8.284
4984,267,8.284
4985,266,8.183
4986,225,8.183
4987,226,7.444
4988,231,7.444
4989,230,7.677
4990,226,7.677
4991,226,7.677
4992,226,7.677
4993,229,7.854
4994,239,7.854
4995,231,7.854
4996,231,7.854
4997,234,7.854
4998,258,7.854
4999,262,7.854
5000,257,7.562
5001,260,7.562
5002,256,7.562
5003,241,8.111
5004,237,7.562
5005,233,7.562
5006,230,7.562
5007,215,7.562
5008,214,7.908
5009,220,7.559
5010,230,7.121
5011,231,7.121
5012,252,5.684
5013,263,5.412
5014,248,5.412
5015,242,7.677
5016,241,7.677
5017,226,7.677
5018,225,7.677
5019,239,7.677
5020,240,7.101
5021,238,7.663
5022,233,7.777
5023,232,7.777
5024,245,7.777
5025,246,7.777
5026,245,7.752
5027,242,7.663
5028,245,7.663
5029,243,7.663
5030,230,7.663
5031,231,7.663
5032,218,7.663
5033,214,7.663
5034,216,7.663
5035,232,7.663
5036,235,7.663
5037,238,7.663
5038,238,7.663
5039,243,7.663
5040,250,7.663
5041,253,6.909
5042,265,7.645
5043,267,7.645
5044,247,6.909
5045,250,6.909
5046,252,6.06
5047,246,4.426
5048,254,4.426
5049,260,4.426
5050,252,4.426
5051,243,7.068
5052,249,7.068
5053,244,7.068
5054,233,5.397
5055,232,5.158
5056,221,5.358
5057,222,5.358
5058,232,5.358
5059,218,5.358
5060,210,7.866
5061,211,7.866
5062,221,7.463
5063,222,7.463
5064,229,7.463
5065,244,7.463
5066,230,8.004
5067,234,8.004
5068,242,7.463
5069,248,7.463
5070,245,7.463
5071,249,7.964
5072,252,8.018
5073,249,7.964
5074,245,7.964
5075,242,7.964
5076,242,7.964
5077,241,7.689
5078,244,7.905
5079,258,7.905
5080,265,7.905
5081,278,7.689
5082,286,7.689
5083,278,7.689
5084,279,7.689
5085,287,8.127
5086,278,8.127
5087,275,8.127
5088,272,8.127
5089,260,7.726
5090,259,7.689
5091,265,8.109
5092,254,8.109
5093,252,7.689
5094,243,7.689
5095,242,7.689
5096,246,8.156
5097,244,7.689
5098,232,7.689
5099,229,7.689
5100,232,7.689
5101,225,7.689
5102,214,7.689
5103,213,7.677
5104,218,7.677
5105,213,7.677
5106,212,7.444
5107,223,7.444
5108,224,7.444
5109,241,7.444
5110,228,7.444
5111,216,7.878
5112,215,7.878
5113,215,7.878
5114,213,8.251
5115,213,8.251
5116,227,8.251
5117,230,8.251
5118,235,8.251
5119,236,8.251
5120,233,8.251
5121,239,8.251
5122,240,8.183
5123,244,8.183
5124,259,6.228
5125,242,6.228
5126,257,6.766
5127,252,6.772
5128,252,8.108
5129,258,6.772
5130,266,6.772
5131,265,6.772
5132,260,6.772
5133,253,6.772
5134,257,6.772
5135,240,6.772
5136,232,7.689
5137,227,7.689
5138,230,7.689
5139,241,7.689
5140,231,7.689
5141,247,7.689
5142,251,7.801
5143,251,7.801
5144,239,7.689
5145,239,7.689
5146,243,7.689
5147,231,7.689
5148,224,7.689
5149,225,7.689
5150,226,7.689
5151,223,7.689
5152,224,8.282
5153,224,8.282
5154,238,8.21
5155,239,7.689
5156,242,7.689
5157,239,7.444
5158,239,7.444
5159,240,8.091
5160,232,8.091
5161,228,8.091
5162,238,8.091
5163,238,8.091
5164,237,8.091
5165,237,8.091
5166,248,8.091
5167,253,8.091
5168,233,8.091
5169,217,8.091
5170,230,8.091
5171,236,8.091
5172,241,8.091
5173,245,8.091
5174,242,7.444
5175,245,7.444
5176,235,7.444
5177,243,7.444
5178,263,7.444
5179,240,7.444
5180,239,6.536
5181,240,6.536
5182,237,6.536
5183,239,6.536
5184,236,6.778
5185,236,8.189
5186,223,8.189
5187,233,6.426
5188,248,6.426
5189,255,7.58
5190,248,8.174
5191,253,7.741
5192,255,7.741
5193,259,7.741
5194,252,7.272
5195,248,5.537
5196,258,6.432
5197,255,6.432
5198,263,6.432
5199,262,6.432
5200,258,5.456
5201,263,8.399
5202,256,5.456
5203,251,8.009
5204,262,8.009
5205,268,8.009
5206,274,8.009
5207,274,8.009
5208,269,7.973
5209,264,7.973
5210,262,7.973
5211,259,7.43
5212,257,7.43
5213,270,7.43
5214,243,7.43
5215,247,7.43
5216,251,8.332
5217,255,8.332
5218,256,8.332
5219,244,8.332
5220,244,8.353
5221,241,8.332
5222,235,8.285
5223,235,8.285
5224,242,8.285
5225,258,8.285
5226,257,7.833
5227,243,8.171
5228,231,8.171
5229,223,8.171
5230,219,8.171
5231,219,8.171
5232,242,8.171
5233,221,8.324
5234,223,8.324
5235,214,8.324
5236,218,8.282
5237,218,8.354
5238,223,8.354
5239,234,8.348
5240,219,8.297
5241,226,8.297
5242,229,8.297
5243,230,8.297
5244,227,8.297
5245,230,8.156
5246,228,8.156
5247,239,8.088
5248,235,8.088
5249,241,7.858
5250,241,6.709
5251,237,7.881
5252,237,7.881
5253,241,7.881
5254,234,7.881
5255,231,8.103
5256,232,8.103
5257,234,8.103
5258,236,4.279
5259,231,4.279
5260,269,4.279
5261,235,4.279
5262,247,8.073
5263,257,8.073
5264,268,7.678
5265,257,5.537
5266,258,5.537
5267,261,5.537
5268,260,3.726
5269,266,7.483
5270,264,7.483
5271,264,7.483
5272,275,6.897
5273,273,4.491
5274,269,4.491
5275,253,8.099
5276,259,8.186
5277,253,8.099
5278,256,7.011
5279,244,8.279
5280,239,8.279
5281,239,8.279
5282,255,8.279
5283,253,8.279
5284,269,5.6
5285,273,5.6
5286,286,8.359
5287,294,8.359
5288,304,8.359
5289,297,8.359
5290,292,8.359
5291,266,6.943
5292,245,6.861
5293,240,6.861
5294,240,6.861
5295,238,6.861
5296,258,6.826
5297,259,6.826
5298,275,5.487
5299,258,7.113
5300,251,7.113
5301,248,7.113
5302,247,7.953
5303,259,7.953
5304,258,7.953
5305,260,7.953
5306,266,7.941
5307,274,7.941
5308,272,7.941
5309,260,7.941
5310,259,7.941
5311,246,7.941
5312,247,7.941
5313,248,7.941
5314,239,7.382
5315,236,7.382
5316,259,7.382
5317,252,7.382
5318,234,7.382
5319,217,7.382
5320,227,7.382
5321,243,7.382
5322,237,7.382
5323,241,5.376
5324,236,7.866
5325,260,7.866
5326,260,7.633
5327,277,6.512
5328,273,5.69
5329,279,6.115
5330,275,6.115
5331,274,6.115
5332,261,8.24
5333,270,8.24
5334,269,8.24
5335,274,8.24
5336,275,8.24
5337,258,8.24
5338,257,8.24
5339,258,6.811
5340,259,6.811
5341,254,8.081
5342,218,8.081
5343,218,8.081
5344,214,8.081
5345,215,8.081
5346,215,8.081
5347,214,8.081
5348,221,8.081
5349,217,8.248
5350,236,8.248
5351,235,8.248
5352,256,8.248
5353,228,8.248
5354,218,8.248
5355,222,8.248
5356,225,8.081
5357,228,8.016
5358,238,5.4
5359,243,6.477
5360,235,6.477
5361,265,4.405
5362,273,6.464
5363,272,7.663
5364,263,7.663
5365,262,7.663
5366,254,7.663
5367,258,6.781
5368,259,6.781
5369,265,8.375
5370,263,8.375
5371,261,8.375
5372,257,8.375
5373,260,8.375
5374,268,8.117
5375,278,8.117
5376,274,8.117
5377,281,8.117
5378,287,7.663
5379,270,7.663
5380,267,7.696
5381,295,7.696
5382,290,7.696
5383,267,7.696
5384,273,7.663
5385,273,7.663
5386,270,7.663
5387,263,7.663
5388,257,8.171
5389,252,8.171
5390,229,8.171
5391,231,8.171
5392,247,8.171
5393,244,8.171
5394,250,8.171
5395,260,8.171
5396,258,8.171
5397,252,8.171
5398,256,7.663
5399,256,7.663
5400,256,7.663
5401,240,7.663
5402,255,7.663
5403,262,7.663
5404,278,7.663
5405,269,7.663
5406,292,7.663
5407,296,7.663
5408,289,8.374
5409,294,8.374
5410,284,8.374
5411,281,8.374
5412,273,8.374
5413,265,7.663
5414,259,8.27
5415,252,8.27
5416,249,8.27
5417,235,8.27
5418,242,8.27
5419,263,7.663
5420,265,7.663
5421,267,4.452
5422,267,5.101
5423,271,4.452
5424,281,4.452
5425,278,5.897
5426,253,6.903
5427,254,5.442
5428,256,8.234
5429,261,7.101
5430,267,7.322
5431,264,7.322
5432,254,7.322
5433,254,7.106
5434,267,7.101
5435,297,7.101
5436,284,7.101
5437,257,7.101
5438,265,7.773
5439,274,8.354
5440,248,8.354
5441,248,8.354
5442,241,7.606
5443,243,7.606
5444,246,7.606
5445,245,7.606
5446,236,7.606
5447,238,7.606
5448,239,7.606
5449,236,7.606
5450,234,7.606
5451,248,7.101
5452,257,7.101
5453,261,7.101
5454,261,7.101
5455,257,7.101
5456,258,7.101
5457,265,7.101
5458,234,7.101
5459,234,7.101
5460,241,7.101
5461,241,7.101
5462,234,7.178
5463,232,7.178
5464,235,7.178
5465,238,7.178
5466,251,7.178
5467,263,7.178
5468,252,7.178
5469,252,7.178
5470,258,7.178
5471,259,7.178
5472,260,7.178
5473,254,7.154
5474,266,6.533
5475,272,6.658
5476,270,6.658
5477,257,6.658
5478,250,6.658
5479,241,5.522
5480,235,5.612
5481,245,5.612
5482,252,6.796
5483,254,6.796
5484,238,6.796
5485,243,6.796
5486,241,6.796
5487,240,6.796
5488,238,6.662
5489,246,6.583
5490,243,6.583
5491,243,6.258
5492,252,6.553
5493,253,7.059
5494,248,7.059
5495,268,6.882
5496,268,6.882
5497,268,6.882
5498,266,6.882
5499,272,6.882
5500,246,6.882
5501,245,6.882
5502,241,7.427
5503,256,7.639
5504,260,7.639
5505,258,7.639
5506,261,6.882
5507,259,6.882
5508,258,6.882
5509,269,6.882
5510,256,6.882
5511,258,6.882
5512,245,6.882
5513,245,6.882
5514,274,7.062
5515,251,6.882
5516,249,5.412
5517,251,7.355
5518,251,7.355
5519,256,7.355
5520,267,7.355
5521,267,7.355
5522,282,7.355
5523,271,7.355
5524,234,8.252
5525,246,8.252
5526,236,8.252
5527,241,8.049
5528,240,8.049
5529,242,8.049
5530,239,8.049
5531,238,8.049
5532,247,8.049
5533,263,8.049
5534,273,8.38
5535,258,8.049
5536,265,8.049
5537,242,8.049
5538,242,8.049
5539,226,8.049
5540,238,8.049
5541,239,8.049
5542,237,8.248
5543,224,8.049
5544,224,8.049
5545,237,8.049
5546,238,8.049
5547,251,8.049
5548,244,8.049
5549,236,8.049
5550,238,7.212
5551,240,7.212
5552,247,7.212
5553,247,7.212
5554,243,7.212
5555,235,7.212
5556,226,7.212
5557,239,7.212
5558,255,7.212
5559,257,7.212
5560,248,7.212
5561,254,6.61
5562,266,6.61
5563,266,6.61
5564,289,8.216
5565,274,6.61
5566,276,5.059
5567,268,5.059
5568,274,7.053
5569,273,7.89
5570,270,7.053
5571,269,4.587
5572,263,4.587
5573,268,4.587
5574,256,5.777
5575,278,7.014
5576,281,8.028
5577,278,8.028
5578,285,8.372
5579,289,8.372
5580,282,8.372
5581,283,8.372
5582,274,8.109
5583,274,8.109
5584,267,7.577
5585,276,7.577
5586,286,7.577
5587,299,7.577
5588,295,7.577
5589,267,7.577
5590,261,8.386
5591,269,7.577
5592,252,4.898
5593,257,4.898
5594,258,4.208
5595,258,7.28
5596,259,7.28
5597,256,4.542
5598,260,7.677
5599,258,7.677
5600,268,7.677
5601,270,7.677
5602,265,7.677
5603,250,7.677
5604,236,6.102
5605,273,6.102
5606,277,6.102
5607,292,7.642
5608,294,7.642
5609,274,7.642
5610,275,7.828
5611,292,7.828
5612,293,8.162
5613,300,8.162
5614,293,8.162
5615,310,8.162
5616,277,8.162
5617,273,8.162
5618,291,8.162
5619,290,8.162
5620,291,8.162
5621,294,6.981
5622,297,6.981
5623,296,6.981
5624,297,6.981
5625,312,6.981
5626,294,7.768
5627,302,7.768
5628,319,6.847
5629,310,6.847
5630,282,6.847
5631,277,7.991
5632,277,7.991
5633,277,7.991
5634,277,7.991
5635,276,7.991
5636,282,7.991
5637,289,6.61
5638,282,7.896
5639,281,7.896
5640,289,7.896
5641,280,7.896
5642,277,7.896
5643,285,7.896
5644,286,7.896
5645,276,7.481
5646,274,5.439
5647,284,5.439
5648,273,7.6
5649,266,8.224
5650,275,6.665
5651,290,6.665
5652,288,6.665
5653,291,5.266
5654,295,5.193
5655,289,4.775
5656,281,8.273
5657,284,8.335
5658,280,8.335
5659,285,8.335
5660,266,8.273
5661,279,8.273
5662,266,8.273
5663,272,8.273
5664,254,8.273
5665,252,8.273
5666,252,8.252
5667,250,8.252
5668,255,7.182
5669,258,7.182
5670,253,5.941
5671,255,6.276
5672,252,8.115
5673,252,8.115
5674,253,8.115
5675,249,8.115
5676,272,8.115
5677,278,8.115
5678,265,8.115
5679,260,6.276
5680,261,6.276
5681,251,7.178
5682,248,7.178
5683,246,7.577
5684,254,7.577
5685,251,7.577
5686,266,7.577
5687,265,7.755
5688,285,7.755
5689,279,7.755
5690,282,7.755
5691,276,7.75
5692,270,7.75
5693,289,7.577
5694,278,7.577
5695,270,7.577
5696,259,7.92
5697,257,7.92
5698,281,7.577
5699,283,7.577
5700,293,5.367
5701,295,5.367
5702,294,5.367
5703,292,5.367
5704,292,6.018
5705,288,7.995
5706,271,7.995
5707,264,7.995
5708,267,7.995
5709,261,7.995
5710,256,7.995
5711,257,7.235
5712,293,6.204
5713,288,7.205
5714,273,7.665
5715,289,6.204
5716,285,6.204
5717,283,6.204
5718,253,7.163
5719,252,8.063
5720,249,8.063
5721,250,8.063
5722,250,8.063
5723,255,8.063
5724,254,8.195
5725,259,8.293
5726,244,7.964
5727,240,7.964
5728,244,7.964
5729,236,7.964
5730,246,7.964
5731,257,7.964
5732,262,7.402
5733,262,7.402
5734,270,7.402
5735,263,7.402
5736,246,7.402
5737,270,7.69
5738,273,7.69
5739,278,7.69
5740,276,7.69
5741,275,7.69
5742,275,7.69
5743,271,7.69
5744,284,7.69
5745,288,7.69
5746,289,7.69
5747,297,6.867
5748,313,7.397
5749,305,7.397
5750,296,8.079
5751,299,8.079
5752,306,7.771
5753,304,7.771
5754,291,8.222
5755,301,8.222
5756,299,7.705
5757,303,7.705
5758,269,7.705
5759,277,7.705
5760,271,7.705
5761,265,8.171
5762,265,8.171
5763,274,7.388
5764,273,7.747
5765,259,7.388
5766,257,7.388
5767,261,7.388
5768,259,7.95
5769,259,7.95
5770,253,7.26
5771,251,7.071
5772,248,7.071
5773,249,8.255
5774,249,8.255
5775,245,8.255
5776,258,8.255
5777,258,8.255
5778,248,7.785
5779,249,7.785
5780,253,7.785
5781,244,7.785
5782,245,7.785
5783,232,7.203
5784,217,7.203
5785,232,8.216
5786,239,8.216
5787,237,6.133
5788,247,8.365
5789,232,6.133
5790,231,6.133
5791,244,8.305
5792,240,8.111
5793,240,8.112
5794,251,8.323
5795,248,8.323
5796,255,8.323
5797,236,8.111
5798,238,6.542
5799,239,6.133
5800,249,6.133
5801,228,3.17
5802,220,5.926
5803,221,5.926
5804,222,6.231
5805,220,6.231
5806,231,6.623
5807,232,6.623
5808,216,4.94
5809,215,6.007
5810,234,6.007
5811,239,6.007
5812,251,6.007
5813,251,6.007
5814,245,6.769
5815,238,6.769
5816,216,6.769
5817,218,6.769
5818,213,7.875
5819,221,7.875
5820,224,7.875
5821,222,7.875
5822,223,7.875
5823,213,7.875
5824,221,6.007
5825,231,6.007
5826,225,7.438
5827,229,7.438
5828,213,7.438
5829,210,7.556
5830,217,7.556
5831,217,7.556
5832,213,7.556
5833,207,7.556
5834,207,7.556
5835,207,7.556
5836,235,7.556
5837,208,8.251
5838,207,8.251
5839,221,8.251
5840,221,8.251
5841,225,8.251
5842,211,8.251
5843,232,8.251
5844,240,8.251
5845,235,8.251
5846,257,8.251
5847,247,8.339
5848,249,8.251
5849,249,8.251
5850,253,7.988
5851,249,7.988
5852,258,8.326
5853,255,8.326
5854,265,8.326
5855,248,8.326
5856,241,8.326
5857,247,8.171
5858,250,7.842
5859,264,7.842
5860,265,7.489
5861,243,7.648
5862,237,7.648
5863,257,7.489
5864,246,7.489
5865,240,7.489
5866,238,7.8
5867,224,7.8
5868,233,7.8
5869,254,7.8
5870,253,7.633
5871,244,7.633
5872,257,7.633
5873,260,7.857
5874,256,7.857
5875,281,7.857
5876,285,7.857
5877,298,7.857
5878,284,8.396
5879,283,8.396
5880,276,8.396
5881,303,8.396
5882,307,6.031
5883,260,8.269
5884,264,8.269
5885,256,8.269
5886,238,8.269
5887,239,8.269
5888,246,8.306
5889,244,7.062
5890,233,7.062
5891,226,7.062
5892,218,7.026
5893,217,7.026
5894,232,7.026
5895,234,7.015
5896,241,7.193
5897,243,7.193
5898,256,7.863
5899,280,7.863
5900,262,7.863
5901,261,7.863
5902,267,7.077
5903,254,7.077
5904,256,7.077
5905,232,8.025
5906,229,8.025
5907,250,7.077
5908,231,7.077
5909,233,7.077
5910,227,7.077
5911,243,6.937
5912,273,6.937
5913,288,7.083
5914,245,7.083
5915,247,7.63
5916,246,7.63
5917,248,7.63
5918,245,7.63
5919,239,7.899
5920,235,7.63
5921,257,8.183
5922,264,7.63
5923,263,7.63
5924,265,7.731
5925,277,7.731
5926,258,7.137
5927,243,7.137
5928,244,8.273
5929,236,8.273
5930,233,7.845
5931,247,6.267
5932,249,6.267
5933,249,6.267
5934,249,6.267
5935,249,6.915
5936,245,6.915
5937,266,7.402
5938,260,7.402
5939,250,7.402
5940,241,8.233
5941,253,8.233
5942,240,8.26
5943,256,6.64
5944,284,6.64
5945,249,6.64
5946,245,7.484
5947,247,7.484
5948,248,7.484
5949,244,7.484
5950,241,7.484
5951,256,5.831
5952,237,7.878
5953,230,8.189
5954,234,8.189
5955,243,8.189
5956,245,8.189
5957,239,8.189
5958,244,8.189
5959,241,8.189
5960,242,8.189
5961,236,8.189
5962,238,8.189
5963,238,8.189
5964,236,8.207
5965,223,8.207
5966,221,8.207
5967,223,8.207
5968,221,8.207
5969,224,8.302
5970,249,8.302
5971,250,8.302
5972,264,8.302
5973,261,8.207
5974,256,8.207
5975,253,8.207
5976,254,8.207
5977,240,8.207
5978,241,8.207
5979,244,8.207
5980,240,8.207
5981,233,8.207
5982,237,8.207
5983,245,8.207
5984,246,8.207
5985,257,8.207
5986,252,8.207
5987,254,8.207
5988,252,7.974
5989,269,7.974
5990,268,7.286
5991,258,8.303
5992,261,7.167
5993,250,8.363
5994,273,8.363
5995,267,8.363
5996,266,8.363
5997,267,8.363
5998,267,8.363
5999,244,8.363
6000,264,8.363
6001,277,8.363
6002,277,8.363
6003,275,8.363
6004,284,8.363
6005,250,8.363
6006,253,8.363
6007,263,8.396
6008,268,8.396
6009,264,8.396
6010,264,8.396
6011,266,8.396
6012,260,8.396
6013,263,8.396
6014,283,8.396
6015,280,6.662
6016,273,6.662
6017,263,8.036
6018,246,8.036
6019,246,8.036
6020,241,8.036
6021,238,8.036
6022,248,8.036
6023,241,8.036
6024,241,8.036
6025,227,5.789
6026,228,5.785
6027,237,8.189
6028,244,8.189
6029,257,8.189
6030,254,8.189
6031,249,8.189
6032,242,8.189
6033,241,8.189
6034,240,6.193
6035,226,6.193
6036,224,6.193
6037,231,6.763
6038,235,7.519
6039,234,8.246
6040,234,7.519
6041,236,7.974
6042,244,6.849
6043,232,7.944
6044,226,7.944
6045,240,7.944
6046,255,6.849
6047,259,6.849
6048,259,6.849
6049,276,6.849
6050,299,6.849
6051,292,6.849
6052,286,7.499
6053,285,7.499
6054,277,7.499
6055,273,7.499
6056,273,7.78
6057,259,7.78
6058,237,7.499
6059,238,7.499
6060,243,7.668
6061,243,7.668
6062,241,7.668
6063,239,8.275
6064,242,7.821
6065,247,8.189
6066,272,7.668
6067,243,7.668
6068,240,7.668
6069,246,7.668
6070,243,8.237
6071,244,8.237
6072,250,8.237
6073,240,8.237
6074,249,8.237
6075,249,8.237
6076,246,7.668
6077,237,7.668
6078,235,6.716
6079,228,6.124
6080,232,6.643
6081,218,6.643
6082,218,6.643
6083,212,8.216
6084,231,8.216
6085,254,8.216
6086,263,8.216
6087,283,8.216
6088,275,8.216
6089,251,8.216
6090,258,7.657
6091,260,7.657
6092,265,7.308
6093,267,7.298
6094,259,7.298
6095,254,7.298
6096,269,7.298
6097,274,6.918
6098,261,6.918
6099,266,6.867
6100,257,6.871
6101,264,6.871
6102,271,6.871
6103,278,7.424
6104,282,7.424
6105,277,7.424
6106,270,7.424
6107,291,7.424
6108,293,7.424
6109,275,7.424
6110,256,7.424
6111,274,8.177
6112,260,6.867
6113,273,6.867
6114,267,6.867
6115,268,6.867
6116,264,7.923
6117,250,7.923
6118,245,7.923
6119,244,7.923
6120,247,8.308
6121,262,8.308
6122,250,8.308
6123,231,8.308
6124,244,8.308
6125,256,8.308
6126,254,8.308
6127,261,8.308
6128,266,7.465
6129,275,7.465
6130,271,7.465
6131,273,8.276
6132,273,8.276
6133,286,8.276
6134,266,7.801
6135,273,6.867
6136,275,6.867
6137,278,6.867
6138,275,6.867
6139,263,8.001
6140,264,8.001
6141,267,6.867
6142,269,6.867
6143,269,6.867
6144,263,7.005
6145,267,6.867
6146,259,6.867
6147,260,6.867
6148,264,6.867
6149,263,7.758
6150,264,7.758
6151,264,7.758
6152,257,7.758
6153,257,5.188
6154,251,7.801
6155,256,6.84
6156,263,6.84
6157,235,6.84
6158,234,6.287
6159,234,4.632
6160,236,4.632
6161,238,6.722
6162,239,6.722
6163,243,6.722
6164,243,6.722
6165,238,6.559
6166,235,7.534
6167,238,7.534
6168,232,7.534
6169,238,6.625
6170,239,7.731
6171,241,7.731
6172,245,7.731
6173,237,7.731
6174,244,7.731
6175,245,5.941
6176,238,6.673
6177,235,6.673
6178,236,6.715
6179,243,6.715
6180,250,6.715
6181,252,6.715
6182,246,6.715
6183,255,6.715
6184,262,6.243
6185,251,6.243
6186,249,6.243
6187,245,5.971
6188,247,5.971
6189,257,5.526
6190,268,5.526
6191,272,6.117
6192,275,6.117
6193,279,6.117
6194,289,6.73
6195,290,8.096
6196,275,6.73
6197,270,7.439
6198,266,8.141
6199,280,8.141
6200,282,6.73
6201,285,7.731
6202,276,6.73
6203,278,6.73
6204,278,6.73
6205,281,7.797
6206,283,7.797
6207,280,7.089
6208,287,7.089
6209,293,7.089
6210,297,7.065
6211,283,7.065
6212,287,7.065
6213,287,8.306
6214,309,8.306
6215,301,8.306
6216,276,7.786
6217,275,7.786
6218,274,6.393
6219,266,6.393
6220,258,6.393
6221,248,7.289
6222,248,7.289
6223,239,7.289
6224,247,6.393
6225,242,8.278
6226,262,8.278
6227,279,8.278
6228,273,7.2
6229,275,6.393
6230,266,6.393
6231,267,6.393
6232,241,6.393
6233,236,6.393
6234,254,6.393
6235,269,6.393
6236,275,3.28
6237,277,3.413
6238,244,5.187
6239,267,7.603
6240,269,6.727
6241,255,5.69
6242,243,5.187
6243,237,4.912
6244,238,8.159
6245,238,8.159
6246,233,8.159
6247,223,8.159
6248,224,7.444
6249,227,7.444
6250,228,7.444
6251,228,7.444
6252,226,7.444
6253,237,7.444
6254,238,7.444
6255,262,7.444
6256,275,7.444
6257,280,7.444
6258,286,6.264
6259,294,6.264
6260,281,6.264
6261,237,6.264
6262,238,5.2
6263,244,7.81
6264,252,7.81
6265,247,7.81
6266,232,7.741
6267,230,7.741
6268,229,7.741
6269,236,7.741
6270,233,7.741
6271,231,7.741
6272,233,7.741
6273,232,7.741
6274,257,8.183
6275,255,7.522
6276,255,7.522
6277,250,8.318
6278,247,8.318
6279,247,8.318
6280,247,6.353
6281,272,6.353
6282,271,6.353
6283,247,6.353
6284,252,7.722
6285,262,7.722
6286,259,8.279
6287,263,7.722
6288,240,7.722
6289,250,7.722
6290,244,7.722
6291,242,7.722
6292,242,7.722
6293,237,8.162
6294,254,8.162
6295,260,7.722
6296,263,6.456
6297,259,6.456
6298,253,7.37
6299,269,7.37
6300,289,7.499
6301,279,7.683
6302,301,7.499
6303,282,7.499
6304,281,7.287
6305,280,7.287
6306,284,5.057
6307,262,5.646
6308,275,6.512
6309,271,6.512
6310,284,6.512
6311,281,6.512
6312,265,4.871
6313,253,7.442
6314,253,7.442
6315,241,7.547
6316,241,7.579
6317,238,7.579
6318,231,7.579
6319,243,7.579
6320,251,7.579
6321,257,7.579
6322,247,7.579
6323,233,7.579
6324,231,7.579
6325,226,7.579
6326,232,7.579
6327,249,7.579
6328,252,7.579
6329,253,7.579
6330,233,7.579
6331,224,7.579
6332,223,6.677
6333,234,6.952
6334,221,6.952
6335,221,6.952
6336,229,6.952
6337,235,6.952
6338,265,6.952
6339,263,7.633
6340,232,7.633
6341,222,8.04
6342,252,7.128
6343,250,7.758
6344,213,8.177
6345,234,8.375
6346,234,8.375
6347,260,8.375
6348,230,8.252
6349,253,8.252
6350,225,8.252
6351,217,8.252
6352,227,8.252
6353,214,8.395
6354,228,8.395
6355,230,8.395
6356,244,8.378
6357,249,8.195
6358,239,8.124
6359,241,7.758
6360,241,7.758
6361,256,7.758
6362,256,7.758
6363,266,7.758
6364,266,7.758
6365,263,7.758
6366,252,7.986
6367,264,7.986
6368,247,7.986
6369,241,7.758
6370,227,7.758
6371,241,7.758
6372,241,7.758
6373,245,7.758
6374,245,7.702
6375,253,7.702
6376,254,7.702
6377,254,7.702
6378,269,7.702
6379,264,8.126
6380,263,8.126
6381,252,8.126
6382,257,8.126
6383,253,8.126
6384,253,7.6
6385,242,7.6
6386,265,7.6
6387,265,7.6
6388,282,7.6
6389,287,8.377
6390,279,8.377
6391,266,8.377
6392,280,7.6
6393,252,7.6
6394,271,7.6
6395,263,7.6
6396,259,7.6
6397,261,7.6
6398,266,7.6
6399,261,7.6
6400,272,7.6
6401,261,7.6
6402,261,7.6
6403,258,7.92
6404,263,7.92
6405,276,7.92
6406,276,7.92
6407,263,7.92
6408,257,7.92
6409,248,6.867
6410,253,6.906
6411,256,8.36
6412,253,8.264
6413,257,8.264
6414,272,8.264
6415,256,8.264
6416,271,8.264
6417,283,7.235
6418,289,7.743
6419,291,7.743
6420,292,7.743
6421,306,7.743
6422,293,7.523
6423,293,7.523
6424,281,7.523
6425,288,8.18
6426,287,8.18
6427,293,8.18
6428,307,8.18
6429,310,8.27
6430,306,8.27
6431,282,8.27
6432,266,8.27
6433,266,8.27
6434,223,8.27
6435,223,8.27
6436,231,8.27
6437,228,8.27
6438,221,7.758
6439,227,7.758
6440,216,7.758
6441,218,7.758
6442,218,7.758
6443,221,6.826
6444,218,7.758
6445,218,7.758
6446,205,7.758
6447,210,7.758
6448,211,7.758
6449,212,7.758
6450,206,7.758
6451,225,7.758
6452,245,8.073
6453,249,7.758
6454,254,7.758
6455,239,7.946
6456,229,7.946
6457,221,7.758
6458,222,7.758
6459,223,7.758
6460,222,7.758
6461,222,7.758
6462,222,7.758
6463,221,7.758
6464,235,7.758
6465,237,7.758
6466,231,7.758
6467,229,7.758
6468,239,7.758
6469,225,8.318
6470,225,8.318
6471,226,8.318
6472,221,8.396
6473,222,8.396
6474,267,8.396
6475,265,8.396
6476,224,8.396
6477,222,8.396
6478,223,7.758
6479,227,7.758
6480,227,7.758
6481,216,7.758
6482,223,7.758
6483,212,7.758
6484,251,7.758
6485,252,6.867
6486,252,7.053
6487,213,7.053
6488,222,7.053
6489,221,7.053
6490,219,7.387
6491,206,7.606
6492,213,7.606
6493,215,7.606
6494,239,7.606
6495,240,7.606
6496,247,7.015
6497,233,7.015
6498,234,7.015
6499,235,7.015
6500,237,7.015
6501,241,8.13
6502,215,7.015
6503,226,7.015
6504,263,7.015
6505,274,8.341
6506,262,8.225
6507,267,8.139
6508,283,7.792
6509,271,7.792
6510,271,7.792
6511,262,7.792
6512,266,7.792
6513,252,7.448
6514,232,7.346
6515,227,8.252
6516,234,8.252
6517,233,8.252
6518,229,8.252
6519,229,8.252
6520,228,7.959
6521,232,7.021
6522,233,7.997
6523,230,7.997
6524,252,7.997
6525,245,7.997
6526,245,7.997
6527,259,7.997
6528,254,7.997
6529,258,7.997
6530,238,7.997
6531,236,7.997
6532,245,6.867
6533,245,6.867
6534,235,6.867
6535,235,6.867
6536,248,7.795
6537,237,7.795
6538,226,7.024
6539,223,6.867
6540,219,6.867
6541,221,6.867
6542,223,6.867
6543,228,6.867
6544,232,6.867
6545,233,6.867
6546,233,6.867
6547,234,6.867
6548,234,6.867
6549,243,6.867
6550,252,6.867
6551,237,6.867
6552,235,6.867
6553,241,6.867
6554,243,6.867
6555,245,6.867
6556,245,6.867
6557,248,6.867
6558,256,6.867
6559,248,6.867
6560,247,6.867
6561,247,6.867
6562,259,8.097
6563,257,6.867
6564,255,6.867
6565,251,6.867
6566,251,6.867
6567,240,6.867
6568,242,6.867
6569,253,6.867
6570,251,7.842
6571,252,7.842
6572,236,7.825
6573,241,7.825
6574,266,7.825
6575,264,7.825
6576,263,7.825
6577,266,7.825
6578,287,7.825
6579,294,7.825
6580,297,7.825
6581,302,7.825
6582,302,7.825
6583,296,8.248
6584,293,8.248
6585,287,8.248
6586,262,7.825
6587,257,7.789
6588,255,7.415
6589,255,7.415
6590,277,7.415
6591,283,7.968
6592,288,7.968
6593,275,7.654
6594,268,7.654
6595,269,7.032
6596,274,7.032
6597,259,7.032
6598,269,7.032
6599,265,6.867
6600,261,7.095
6601,257,7.343
6602,255,7.343
6603,271,8.369
6604,247,8.369
6605,261,8.275
6606,252,8.275
6607,255,8.281
6608,255,8.281
6609,237,8.281
6610,238,8.371
6611,237,8.371
6612,237,8.371
6613,223,7.343
6614,230,7.343
6615,229,8.381
6616,227,8.381
6617,241,8.381
6618,219,8.381
6619,216,8.189
6620,221,8.189
6621,221,8.189
6622,240,8.189
6623,239,8.189
6624,239,8.189
6625,243,8.189
6626,250,8.189
6627,269,8.189
6628,267,8.324
6629,241,8.189
6630,236,8.198
6631,233,8.198
6632,229,8.198
6633,230,8.198
6634,232,8.198
6635,236,8.198
6636,239,8.198
6637,243,8.198
6638,251,8.198
6639,255,8.198
6640,250,8.198
6641,242,8.198
6642,250,8.198
6643,274,8.198
6644,279,8.198
6645,278,8.198
6646,281,7.741
6647,257,7.741
6648,252,7.741
6649,260,7.092
6650,260,7.092
6651,261,7.092
6652,259,6.928
6653,258,6.928
6654,247,6.928
6655,249,6.928
6656,274,7.965
6657,284,7.965
6658,280,7.965
6659,260,7.965
6660,260,6.605
6661,261,6.56
6662,257,6.796
6663,263,6.56
6664,268,7.732
6665,254,7.732
6666,261,7.788
6667,265,7.788
6668,248,7.732
6669,250,7.732
6670,256,7.732
6671,263,7.732
6672,263,7.732
6673,262,7.732
6674,260,5.959
6675,278,5.959
6676,286,7.08
6677,283,4.491
6678,275,4.491
6679,262,6.808
6680,266,6.808
6681,266,6.808
6682,256,6.808
6683,261,6.808
6684,277,6.808
6685,283,7.976
6686,283,8.007
6687,282,8.007
6688,279,8.007
6689,286,7.23
6690,286,7.23
6691,283,7.23
6692,277,7.062
6693,280,6.384
6694,277,7.849
6695,266,7.849
6696,239,7.849
6697,224,7.849
6698,219,7.849
6699,219,7.849
6700,223,7.849
6701,224,8.254
6702,219,7.849
6703,217,7.849
6704,231,7.849
6705,237,7.232
6706,244,7.232
6707,247,7.232
6708,250,7.232
6709,246,4.093
6710,246,4.093
6711,233,7.281
6712,239,7.281
6713,239,7.281
6714,233,7.281
6715,224,8.054
6716,225,8.054
6717,223,8.054
6718,221,8.054
6719,226,8.054
6720,226,8.054
6721,213,8.054
6722,223,8.054
6723,212,8.054
6724,225,6.458
6725,220,6.458
6726,258,6.458
6727,257,6.458
6728,230,7.349
6729,245,7.349
6730,228,8.219
6731,227,8.219
6732,233,8.219
6733,232,8.219
6734,236,8.091
6735,236,8.091
6736,221,8.389
6737,221,8.389
6738,228,7.471
6739,230,7.471
6740,217,7.471
6741,223,7.378
6742,225,7.378
6743,221,7.444
6744,222,7.444
6745,226,7.444
6746,231,7.444
6747,252,7.444
6748,249,7.378
6749,243,7.378
6750,242,7.378
6751,243,7.378
6752,232,7.378
6753,235,7.378
6754,228,7.378
6755,208,7.98
6756,202,7.98
6757,200,7.98
6758,229,7.875
6759,232,7.875
6760,244,7.875
6761,262,6.928
6762,261,7.328
6763,260,7.328
6764,245,7.451
6765,243,7.451
6766,244,7.451
6767,244,7.451
6768,254,7.451
6769,255,7.451
6770,256,7.451
6771,235,7.451
6772,237,7.451
6773,240,7.451
6774,247,7.451
6775,244,7.451
6776,247,7.451
6777,240,7.451
6778,242,7.451
6779,250,7.451
6780,252,7.451
6781,251,8.29
6782,251,8.29
6783,242,8.339
6784,243,8.339
6785,243,8.29
6786,239,7.758
6787,234,7.758
6788,235,7.758
6789,242,7.758
6790,239,7.758
6791,252,7.758
6792,246,7.758
6793,247,7.758
6794,274,7.758
6795,272,7.758
6796,263,8.067
6797,253,8.067
6798,246,8.067
6799,247,8.067
6800,249,8.308
6801,254,8.308
6802,263,8.308
6803,255,7.971
6804,254,7.971
6805,254,7.971
6806,272,7.872
6807,273,7.872
6808,298,7.872
6809,282,7.872
6810,265,7.872
6811,267,8.288
6812,263,8.288
6813,263,8.288
6814,282,8.288
6815,286,7.98
6816,289,7.783
6817,289,7.783
6818,289,7.783
6819,295,7.783
6820,299,7.783
6821,310,7.758
6822,284,8.15
6823,275,8.15
6824,261,7.758
6825,258,7.758
6826,261,7.758
6827,270,7.758
6828,278,7.758
6829,275,7.758
6830,282,7.758
6831,280,8.239
6832,273,8.239
6833,273,8.239
6834,276,8.239
6835,276,8.239
6836,283,7.758
6837,272,7.758
6838,263,7.758
6839,279,7.758
6840,268,7.758
6841,259,7.758
6842,249,8.332
6843,233,8.332
6844,223,8.332
6845,223,8.332
6846,223,8.332
6847,223,8.332
6848,225,8.332
6849,237,8.332
6850,234,8.332
6851,249,8.332
6852,254,8.332
6853,248,8.332
6854,252,8.332
6855,256,8.332
6856,260,8.332
6857,280,8.332
6858,274,8.332
6859,233,8.332
6860,230,8.332
6861,228,8.332
6862,228,8.332
6863,225,8.332
6864,225,8.332
6865,221,8.186
6866,224,7.935
6867,230,7.935
6868,221,8.186
6869,251,8.186
6870,251,8.186
6871,253,8.171
6872,245,8.171
6873,250,8.171
6874,252,8.171
6875,215,7.758
6876,235,7.887
6877,234,7.887
6878,236,8.278
6879,251,8.339
6880,249,8.339
6881,250,8.339
6882,247,8.278
6883,257,8.278
6884,276,8.278
6885,286,8.088
6886,269,8.088
6887,280,8.088
6888,273,8.088
6889,273,8.088
6890,263,8.294
6891,260,8.294
6892,255,7.758
6893,254,7.758
6894,246,7.758
6895,245,7.758
6896,248,5.959
6897,238,5.804
6898,235,7.758
6899,225,7.758
6900,242,8.081
6901,229,7.758
6902,255,7.758
6903,243,7.758
6904,254,7.758
6905,259,7.758
6906,263,7.758
6907,261,7.758
6908,262,7.758
6909,262,7.758
6910,236,7.758
6911,236,7.758
6912,239,7.758
6913,238,7.758
6914,236,7.758
6915,236,7.758
6916,236,7.758
6917,249,7.758
6918,247,7.758
6919,266,7.758
6920,266,7.758
6921,269,7.758
6922,248,7.758
6923,249,7.758
6924,249,7.758
6925,239,7.758
6926,239,7.819
6927,236,8.356
6928,234,8.356
6929,223,8.356
6930,224,8.117
6931,221,8.117
6932,223,8.117
6933,231,7.758
6934,249,7.758
6935,248,7.758
6936,249,7.758
6937,253,7.758
6938,238,7.758
6939,238,7.758
6940,242,7.758
6941,237,7.758
6942,240,7.758
6943,240,7.758
6944,265,7.758
6945,258,7.758
6946,255,8.096
6947,225,8.096
6948,232,8.096
6949,227,8.096
6950,225,7.758
6951,232,7.758
6952,235,7.758
6953,237,7.758
6954,233,7.789
6955,234,7.789
6956,235,7.789
6957,238,7.789
6958,241,7.758
6959,246,7.758
6960,243,7.824
6961,242,7.824
6962,238,7.824
6963,237,7.758
6964,237,7.758
6965,249,7.758
6966,235,7.758
6967,243,7.758
6968,244,7.887
6969,246,7.887
6970,258,7.887
6971,243,7.887
6972,238,7.887
6973,232,8.18
6974,225,7.758
6975,232,7.758
6976,228,7.758
6977,239,7.758
6978,251,7.758
6979,247,7.758
6980,241,7.758
6981,240,7.758
6982,240,7.758
6983,225,7.758
6984,234,7.98
6985,233,7.98
6986,226,7.98
6987,223,7.98
6988,222,7.98
6989,224,7.98
6990,224,7.98
6991,217,7.98
6992,217,7.98
6993,225,7.98
6994,243,7.98
6995,248,7.98
6996,248,8.237
6997,246,7.935
6998,262,7.935
6999,258,7.935
7000,265,7.988
7001,283,7.935
7002,280,7.758
7003,287,7.758
7004,279,7.758
7005,273,7.758
7006,258,7.758
7007,288,7.758
7008,296,7.758
7009,293,8.045
7010,295,7.758
7011,307,7.758
7012,256,7.758
7013,271,7.758
7014,251,7.758
7015,254,7.758
7016,254,7.758
7017,262,7.758
7018,260,7.758
7019,259,7.758
7020,236,8.359
7021,229,8.359
7022,220,7.798
7023,220,6.933
7024,224,6.933
7025,251,7.024
7026,244,7.217
7027,241,5.827
7028,243,5.827
7029,208,5.305
7030,239,6.147
7031,259,7.932
7032,240,6.967
7033,241,8.075
7034,254,6.967
7035,268,6.967
7036,286,6.967
7037,277,6.763
7038,238,7.089
7039,230,7.863
7040,230,7.863
7041,235,7.863
7042,236,7.651
7043,240,8.312
7044,276,8.312
7045,278,8.115
7046,272,8.115
7047,281,8.115
7048,274,8.115
7049,273,8.115
7050,277,7.953
7051,278,7.953
7052,278,7.953
7053,282,7.953
7054,280,5.848
7055,298,7.896
7056,286,5.848
7057,288,8.07
7058,298,8.07
7059,297,7.861
7060,294,8.162
7061,277,8.162
7062,289,8.162
7063,280,8.162
7064,247,7.511
7065,259,6.467
7066,265,6.467
7067,247,4.41
7068,249,8.076
7069,234,8.076
7070,266,7.917
7071,260,4.522
7072,262,7.758
7073,261,7.758
7074,257,8.381
7075,252,7.758
7076,256,7.758
7077,233,7.758
7078,232,6.867
7079,239,6.867
7080,235,7.236
7081,231,7.236
7082,230,7.807
7083,226,7.807
7084,226,7.807
7085,236,6.867
7086,236,6.867
7087,245,6.867
7088,256,6.867
7089,255,6.867
7090,256,6.867
7091,280,8.162
7092,274,6.867
7093,295,6.867
7094,292,6.867
7095,285,7.343
7096,308,6.867
7097,298,6.867
7098,290,7.633
7099,271,7.633
7100,276,8.372
7101,275,8.372
7102,277,8.106
7103,279,8.106
7104,253,7.056
7105,257,7.056
7106,257,7.056
7107,254,7.056
7108,257,7.837
7109,259,7.837
7110,262,7.837
7111,256,8.004
7112,248,8.004
7113,249,7.615
7114,233,6.867
7115,240,6.867
7116,229,8.034
7117,225,8.034
7118,222,8.034
7119,244,8.034
7120,245,8.27
7121,258,8.27
7122,250,7.732
7123,250,7.732
7124,224,7.666
7125,218,8.228
7126,213,8.228
7127,213,8.228
7128,242,8.228
7129,230,8.228
7130,219,8.228
7131,198,8.228
7132,235,8.228
7133,197,8.228
7134,214,8.228
7135,215,8.228
7136,224,6.867
7137,232,6.867
7138,232,6.867
7139,251,6.867
7140,250,7.402
7141,252,6.608
7142,272,5.971
7143,268,5.971
7144,277,5.971
7145,266,5.971
7146,267,5.971
7147,267,5.971
7148,280,7.14
7149,280,7.14
7150,280,7.14
7151,283,7.14
7152,283,7.14
7153,265,7.14
7154,266,7.14
7155,292,7.14
7156,290,7.059
7157,265,7.059
7158,265,6.426
7159,280,7.319
7160,269,7.319
7161,269,7.319
7162,281,7.319
7163,289,6.426
7164,271,6.426
7165,270,6.637
7166,255,6.426
7167,257,6.327
7168,259,6.327
7169,264,6.754
7170,265,8.272
7171,276,8.272
7172,272,7.926
7173,267,7.926
7174,244,7.926
7175,249,8.013
7176,246,8.013
7177,248,8.013
7178,251,7.765
7179,275,6.393
7180,269,8.402
7181,269,8.402
7182,241,7.086
7183,247,7.086
7184,254,6.563
7185,258,7.523
7186,254,7.523
7187,268,7.523
7188,252,7.523
7189,241,6.656
7190,247,6.656
7191,239,7.983
7192,226,7.983
7193,226,7.983
7194,243,6.485
7195,233,7.884
7196,238,7.884
7197,244,6.485
7198,251,6.838
7199,251,6.838
7200,258,6.838
7201,253,8.333
7202,254,8.333
7203,255,8.333
7204,250,6.746
7205,256,7.81
7206,249,7.81
7207,251,8.156
7208,264,8.156
7209,271,6.984
7210,258,6.695
7211,244,6.695
7212,245,6.775
7213,249,6.695
7214,250,6.927
7215,254,7.905
7216,245,7.905
7217,260,7.905
7218,264,7.905
7219,265,7.905
7220,272,7.905
7221,273,7.905
7222,273,7.905
7223,277,7.905
7224,282,8.302
7225,282,8.302
7226,285,8.302
7227,273,8.302
7228,276,8.302
7229,275,8.302
7230,279,8.302
7231,280,8.302
7232,292,7.453
7233,274,6.595
7234,266,7.72
7235,262,7.72
7236,271,7.062
7237,265,7.062
7238,278,8.366
7239,300,8.366
7240,299,8.366
7241,286,8.366
7242,287,7.062
7243,276,7.062
7244,282,7.062
7245,272,7.062
7246,274,7.062
7247,267,7.062
7248,264,7.062
7249,266,7.062
7250,266,7.062
7251,266,7.062
7252,269,7.609
7253,271,7.609
7254,282,7.609
7255,286,7.609
7256,285,7.609
7257,274,7.609
7258,270,7.609
7259,249,7.704
7260,249,7.704
7261,256,7.704
7262,258,7.704
7263,251,7.609
7264,270,7.609
7265,253,7.609
7266,265,7.609
7267,273,7.609
7268,268,7.199
7269,268,8.141
7270,265,8.141
7271,267,7.199
7272,264,7.908
7273,253,7.199
7274,259,7.221
7275,260,7.221
7276,263,7.221
7277,254,8.368
7278,259,8.368
7279,257,8.368
7280,255,7.526
7281,264,7.662
7282,258,7.526
7283,253,8.36
7284,255,7.221
7285,247,7.221
7286,242,6.849
7287,246,6.413
7288,247,6.177
7289,243,8.306
7290,242,8.306
7291,234,8.306
7292,237,8.306
7293,225,8.306
7294,215,8.306
7295,221,8.306
7296,224,8.306
7297,229,8.306
7298,226,8.306
7299,223,8.306
7300,230,8.306
7301,239,8.306
7302,242,8.306
7303,252,7.962
7304,251,7.962
7305,259,8.067
7306,258,8.067
7307,272,8.067
7308,271,7.355
7309,258,7.355
7310,251,7.496
7311,247,7.496
7312,249,7.496
7313,260,7.496
7314,263,6.695
7315,264,7.722
7316,269,7.722
7317,269,7.722
7318,268,7.722
7319,265,7.722
7320,268,7.441
7321,268,7.645
7322,266,7.645
7323,267,8.016
7324,264,7.684
7325,269,7.684
7326,273,8.082
7327,273,8.082
7328,274,8.082
7329,280,8.082
7330,279,8.082
7331,263,8.082
7332,263,8.082
7333,272,6.548
7334,270,7.837
7335,268,8.028
7336,256,8.028
7337,254,5.618
7338,254,7.13
7339,250,7.13
7340,259,7.002
7341,258,7.002
7342,256,7.002
7343,247,6.293
7344,248,6.293
7345,243,7.762
7346,258,7.762
7347,274,7.762
7348,282,7.762
7349,244,7.762
7350,253,7.762
7351,255,7.762
7352,256,7.762
7353,245,8.189
7354,244,8.189
7355,238,8.189
7356,248,7.762
7357,248,7.762
7358,248,7.762
7359,244,7.762
7360,232,7.762
7361,234,7.762
7362,241,7.762
7363,246,7.762
7364,240,8.378
7365,242,8.378
7366,249,8.378
7367,235,8.378
7368,235,8.378
7369,261,8.378
7370,241,8.378
7371,240,8.031
7372,244,8.031
7373,242,8.031
7374,234,8.031
7375,237,8.031
7376,235,6.948
7377,237,6.948
7378,231,6.948
7379,222,6.948
7380,214,6.948
7381,214,6.948
7382,225,6.948
7383,231,6.948
7384,233,6.948
7385,231,7.92
7386,237,7.92
7387,229,7.92
7388,222,7.92
7389,227,7.92
7390,240,7.92
7391,245,7.92
7392,243,7.92
7393,245,7.92
7394,238,7.92
7395,248,8.326
7396,251,8.326
7397,251,7.92
7398,248,8.234
7399,262,8.234
7400,253,8.234
7401,244,8.234
7402,257,8.234
7403,247,8.234
7404,230,8.234
7405,220,8.234
7406,216,8.234
7407,217,8.234
7408,245,8.234
7409,250,8.234
7410,246,8.234
7411,250,8.234
7412,244,8.264
7413,241,8.264
7414,235,8.264
7415,248,8.264
7416,250,8.264
7417,264,8.264
7418,264,8.264
7419,248,8.362
7420,248,8.362
7421,252,8.362
7422,258,8.362
7423,257,8.362
7424,257,8.362
7425,258,7.552
7426,249,7.319
7427,251,7.319
7428,250,7.319
7429,248,7.319
7430,242,7.319
7431,244,7.319
7432,244,7.319
7433,243,8.012
7434,244,6.933
7435,252,7.848
7436,245,7.848
7437,242,7.848
7438,246,7.848
7439,250,6.994
7440,246,6.882
7441,244,8.177
7442,256,8.348
7443,262,8.348
7444,251,8.348
7445,268,8.348
7446,245,8.348
7447,253,8.348
7448,245,8.177
7449,245,8.239
7450,275,8.239
7451,283,8.239
7452,273,8.239
7453,276,8.177
7454,271,8.177
7455,275,8.177
7456,278,8.177
7457,263,8.177
7458,265,6.21
7459,259,6.21
7460,258,6.21
7461,263,8.088
7462,261,6.946
7463,249,6.946
7464,244,7.881
7465,244,7.768
7466,252,7.768
7467,255,7.768
7468,249,7.768
7469,250,6.946
7470,250,6.946
7471,250,6.946
7472,242,6.946
7473,249,6.946
7474,252,6.946
7475,248,6.946
7476,280,6.946
7477,273,7.728
7478,270,6.946
7479,281,6.946
7480,259,6.946
7481,259,6.946
7482,258,7.834
7483,250,7.759
7484,244,7.759
7485,252,7.759
7486,254,7.759
7487,256,7.759
7488,256,7.759
7489,257,6.913
7490,270,8.069
7491,277,8.069
7492,287,8.069
7493,292,8.069
7494,289,8.069
7495,300,8.069
7496,306,8.099
7497,308,7.989
7498,298,7.989
7499,296,7.989
7500,291,7.989
7501,302,7.23
7502,287,6.913
7503,290,6.913
7504,284,8.093
7505,257,8.093
7506,262,8.093
7507,246,8.093
7508,275,8.356
7509,243,7.487
7510,264,7.487
7511,256,7.487
7512,269,7.487
7513,245,7.487
7514,265,8.144
7515,251,6.485
7516,246,7.952
7517,258,7.982
7518,255,7.982
7519,280,7.982
7520,287,7.982
7521,280,7.982
7522,265,6.82
7523,232,6.82
7524,227,6.82
7525,225,6.82
7526,224,6.82
7527,224,6.82
7528,237,6.82
7529,235,7.988
7530,224,7.988
7531,231,8.305
7532,243,8.305
7533,215,8.305
7534,211,8.305
7535,204,6.195
7536,214,6.195
7537,213,6.195
7538,213,6.195
7539,223,6.195
7540,224,8.09
7541,232,7.035
7542,217,7.035
7543,251,7.866
7544,233,7.035
7545,231,7.035
7546,242,7.035
7547,243,6.742
7548,244,6.742
7549,253,6.742
7550,246,6.742
7551,266,6.742
7552,262,6.742
7553,264,6.592
7554,246,8.084
7555,246,8.084
7556,239,7.28
7557,252,6.327
7558,242,7.053
7559,245,6.327
7560,248,6.327
7561,242,6.873
7562,232,6.539
7563,232,6.327
7564,239,5.622
7565,239,5.622
7566,238,6.066
7567,236,6.066
7568,249,6.344
7569,251,6.344
7570,227,7.023
7571,219,7.023
7572,214,7.023
7573,216,7.023
7574,221,7.958
7575,229,6.883
7576,221,4.498
7577,235,4.498
7578,235,5.05
7579,235,6.698
7580,242,6.698
7581,246,6.601
7582,254,6.601
7583,263,6.601
7584,263,7.103
7585,258,7.103
7586,258,7.103
7587,257,7.103
7588,257,7.103
7589,243,6.461
7590,243,6.461
7591,234,6.461
7592,221,6.461
7593,224,6.461
7594,221,7.902
7595,245,7.902
7596,254,8.366
7597,260,8.366
7598,260,8.366
7599,259,8.366
7600,247,8.366
7601,242,8.366
7602,248,8.105
7603,257,8.105
7604,265,8.105
7605,259,8.105
7606,260,8.105
7607,275,8.21
7608,274,8.21
7609,268,8.21
7610,271,8.212
7611,274,8.212
7612,261,8.21
7613,258,8.21
7614,260,8.21
7615,258,8.21
7616,263,8.21
7617,259,8.21
7618,254,8.21
7619,253,8.21
7620,250,8.21
7621,256,8.21
7622,256,8.21
7623,266,8.21
7624,274,8.055
7625,284,6.933
7626,255,6.933
7627,261,6.933
7628,263,7.761
7629,260,7.761
7630,287,6.222
7631,284,5.015
7632,284,5.256
7633,263,6.201
7634,261,6.201
7635,267,7.89
7636,292,7.89
7637,283,7.89
7638,280,7.89
7639,290,5.256
7640,291,5.654
7641,298,5.325
7642,321,5.325
7643,320,5.325
7644,317,5.601
7645,310,6.973
7646,301,7.812
7647,297,7.812
7648,294,7.812
7649,266,7.594
7650,252,7.594
7651,242,7.594
7652,246,6.85
7653,244,6.85
7654,245,6.85
7655,248,6.85
7656,242,5.613
7657,228,5.613
7658,230,5.613
7659,228,5.613
7660,227,7.543
7661,219,7.543
7662,227,7.905
7663,227,7.543
7664,226,7.543
7665,227,6.704
7666,211,6.704
7667,214,6.704
7668,223,6.704
7669,221,6.704
7670,239,6.704
7671,250,5.613
7672,238,7.813
7673,226,7.813
7674,229,7.813
7675,233,7.723
7676,230,7.723
7677,207,7.723
7678,210,7.723
7679,210,6.38
7680,210,8.386
7681,219,8.386
7682,227,8.386
7683,236,8.386
7684,236,8.386
7685,231,8.386
7686,237,8.386
7687,237,8.386
7688,239,8.386
7689,259,8.386
7690,268,8.386
7691,265,8.386
7692,246,8.386
7693,245,8.311
7694,259,8.311
7695,268,7.567
7696,261,7.567
7697,261,8.03
7698,262,7.567
7699,252,7.31
7700,274,7.31
7701,263,7.31
7702,257,7.31
7703,262,7.31
7704,280,7.31
7705,273,7.31
7706,289,7.31
7707,287,6.924
7708,286,6.924
7709,291,8.121
7710,319,6.924
7711,285,6.924
7712,278,6.924
7713,282,8.32
7714,291,8.32
7715,298,8.32
7716,290,8.32
7717,276,8.32
7718,239,8.32
7719,245,8.32
7720,240,8.32
7721,236,8.32
7722,226,8.32
7723,245,8.32
7724,244,8.32
7725,241,8.32
7726,240,8.32
7727,240,7.825
7728,244,7.825
7729,253,7.825
7730,242,7.825
7731,243,7.825
7732,248,7.825
7733,247,7.825
7734,239,8.115
7735,239,8.115
7736,241,8.115
7737,259,8.115
7738,256,8.115
7739,234,8.115
7740,241,8.29
7741,246,8.29
7742,245,8.29
7743,260,8.29
7744,247,8.371
7745,248,8.371
7746,250,8.371
7747,249,8.189
7748,251,8.189
7749,277,8.189
7750,286,8.189
7751,279,8.189
7752,252,8.189
7753,247,8.189
7754,247,8.189
7755,237,8.189
7756,238,8.189
7757,239,8.189
7758,267,8.189
7759,256,8.189
7760,249,8.189
7761,253,8.189
7762,246,8.189
7763,231,8.189
7764,230,8.189
7765,232,8.335
7766,234,8.335
7767,235,8.335
7768,233,8.335
7769,231,8.365
7770,235,8.365
7771,253,8.365
7772,254,7.896
7773,246,7.896
7774,244,7.896
7775,243,7.896
7776,247,7.896
7777,252,7.896
7778,250,7.896
7779,254,7.896
7780,254,7.896
7781,254,7.896
7782,258,7.896
7783,261,7.896
7784,269,7.896
7785,270,7.896
7786,272,7.896
7787,261,7.896
7788,261,8.141
7789,256,8.141
7790,255,7.896
7791,253,7.896
7792,250,7.896
7793,249,7.496
7794,246,7.496
7795,254,7.496
7796,256,7.671
7797,249,7.671
7798,254,7.671
7799,255,7.496
7800,258,7.698
7801,257,7.881
7802,261,7.881
7803,260,7.881
7804,255,7.896
7805,251,7.881
7806,245,7.496
7807,234,7.532
7808,233,8.165
7809,234,7.532
7810,234,7.532
7811,230,7.077
7812,226,6.605
7813,236,6.605
7814,228,6.605
7815,235,8.266
7816,226,7.164
7817,225,7.701
7818,223,7.701
7819,227,7.701
7820,236,8.228
7821,232,8.228
7822,232,7.701
7823,230,7.37
7824,229,7.37
7825,246,7.349
7826,253,7.858
7827,249,7.349
7828,242,6.284
7829,237,6.284
7830,260,5.959
7831,258,5.959
7832,261,7.514
7833,276,7.514
7834,278,7.514
7835,285,7.514
7836,284,6.462
7837,285,7.949
7838,283,7.949
7839,286,5.63
7840,272,4.955
7841,265,4.955
7842,265,4.955
7843,255,6.41
7844,259,6.41
7845,256,6.41
7846,277,6.41
7847,278,6.41
7848,280,6.41
7849,278,7.281
7850,264,8.315
7851,277,8.315
7852,292,6.41
7853,292,6.41
7854,288,7.086
7855,255,6.41
7856,243,6.41
7857,248,8.324
7858,250,6.41
7859,261,6.41
7860,253,7.663
7861,254,7.663
7862,259,6.652
7863,256,6.652
7864,266,8.318
7865,265,8.318
7866,269,8.318
7867,267,7.863
7868,267,7.863
7869,265,7.355
7870,281,4.306
7871,284,5.337
7872,280,7.852
7873,264,8.042
7874,260,7.232
7875,266,7.232
7876,259,7.232
7877,256,7.232
7878,274,7.232
7879,282,7.232
7880,277,7.232
7881,271,6.724
7882,266,7.145
7883,248,7.438
7884,249,8.248
7885,270,7.145
7886,273,7.145
7887,295,7.145
7888,296,7.145
7889,286,7.145
7890,283,7.758
7891,285,7.758
7892,292,7.758
7893,291,7.758
7894,276,7.758
7895,265,7.145
7896,266,7.961
7897,271,7.145
7898,265,7.149
7899,260,7.149
7900,262,7.149
7901,283,5.851
7902,279,6.629
7903,274,7.758
7904,285,4.156
7905,285,4.156
7906,283,4.978
7907,277,8.052
7908,281,8.052
7909,281,8.052
7910,290,8.052
7911,286,8.052
7912,282,8.052
7913,273,6.664
7914,271,6.664
7915,269,7.074
7916,279,7.074
7917,269,7.074
7918,274,7.074
7919,268,7.074
7920,263,7.074
7921,249,7.074
7922,256,7.074
7923,260,7.074
7924,246,4.79
7925,253,4.593
7926,250,5.791
7927,250,5.791
7928,244,4.515
7929,251,4.515
7930,261,4.515
7931,254,4.56
7932,257,4.56
7933,259,4.56
7934,248,7.456
7935,229,7.456
7936,248,2.925
7937,255,4.461
7938,258,5.415
7939,252,5.415
7940,244,5.415
7941,239,6.117
7942,228,7.624
7943,240,6.533
7944,230,5.965
7945,238,5.965
7946,248,4.921
7947,241,4.921
7948,243,4.921
7949,244,4.921
7950,254,7.487
7951,237,7.72
7952,241,7.72
7953,243,8.39
7954,238,6.45
7955,239,8.159
7956,241,8.159
7957,236,8.159
7958,231,8.159
7959,236,8.159
7960,234,8.159
7961,234,8.159
7962,219,8.159
7963,219,8.159
7964,212,8.159
7965,227,8.159
7966,221,8.057
7967,244,7.819
7968,241,7.819
7969,220,7.819
7970,222,5.032
7971,227,5.032
7972,231,8.218
7973,230,8.218
7974,211,5.34
7975,212,5.134
7976,213,7.235
7977,220,7.235
7978,228,7.235
7979,223,7.235
7980,232,7.235
7981,235,7.235
7982,235,7.235
7983,235,7.235
7984,237,7.235
7985,235,7.235
7986,234,7.235
7987,239,7.235
7988,233,7.235
7989,229,7.235
7990,233,7.235
7991,233,7.235
7992,231,7.893
7993,229,7.893
7994,229,7.893
7995,230,7.893
7996,232,7.287
7997,227,7.837
7998,237,7.837
7999,262,7.397
8000,256,8.228
8001,237,7.789
8002,232,7.789
8003,234,7.789
8004,228,7.789
8005,265,7.212
8006,296,7.212
8007,280,8.156
8008,258,8.156
8009,244,8.156
8010,240,8.156
8011,243,8.156
8012,230,7.707
8013,209,7.707
8014,218,6.831
8015,218,8.12
8016,220,8.12
8017,236,8.12
8018,247,7.746
8019,242,5.504
8020,240,7.934
8021,247,5.412
8022,255,6.494
8023,267,7.2
8024,275,7.2
8025,275,7.2
8026,280,7.2
8027,292,7.2
8028,298,7.2
8029,284,8.251
8030,270,8.251
8031,275,5.809
8032,275,5.809
8033,270,5.809
8034,301,5.809
8035,294,5.809
8036,296,6.587
8037,280,6.587
8038,286,6.587
8039,292,6.587
8040,287,6.587
8041,305,6.587
8042,307,6.587
8043,290,7.481
8044,284,7.481
8045,274,6.587
8046,298,6.587
8047,289,6.587
8048,286,6.587
8049,287,6.587
8050,286,7.564
8051,281,7.564
8052,283,7.564
8053,280,7.594
8054,263,7.594
8055,269,7.594
8056,279,7.594
8057,279,7.594
8058,282,7.594
8059,255,7.393
8060,264,7.393
8061,263,7.393
8062,256,7.393
8063,255,7.393
8064,250,7.393
8065,249,7.393
8066,258,8.133
8067,264,8.15
8068,248,7.753
8069,249,7.753
8070,247,7.753
8071,247,7.753
8072,236,7.442
8073,230,7.442
8074,236,7.442
8075,232,7.809
8076,235,7.809
8077,234,7.809
8078,260,7.821
8079,260,7.809
8080,260,7.809
8081,276,7.809
8082,255,7.809
8083,259,7.495
8084,259,7.495
8085,260,7.495
8086,251,7.495
8087,265,7.442
8088,266,7.442
8089,279,7.442
8090,270,7.442
8091,270,7.442
8092,271,7.292
8093,273,7.292
8094,288,7.292
8095,294,7.624
8096,293,7.624
8097,306,7.624
8098,296,7.624
8099,305,7.624
8100,306,7.71
8101,305,7.71
8102,304,8.096
8103,303,7.71
8104,282,7.71
8105,294,7.322
8106,293,7.322
8107,304,7.322
8108,304,7.302
8109,304,7.302
8110,304,7.302
8111,305,7.302
8112,303,7.302
8113,297,7.302
8114,304,7.302
8115,303,7.302
8116,303,7.302
8117,315,7.302
8118,319,7.302
8119,306,7.325
8120,290,7.325
8121,294,7.325
8122,298,7.325
8123,286,6.781
8124,278,6.781
8125,278,6.781
8126,274,6.781
8127,274,6.781
8128,281,6.781
8129,273,6.042
8130,278,6.904
8131,298,7.196
8132,314,7.215
8133,304,7.215
8134,297,6.121
8135,297,6.121
8136,296,6.121
8137,307,6.121
8138,305,6.392
8139,302,6.121
8140,300,7.94
8141,276,7.94
8142,282,6.121
8143,294,6.121
8144,295,6.121
8145,287,5.266
8146,290,8.318
8147,286,8.318
8148,273,8.318
8149,280,8.318
8150,288,8.318
8151,284,8.318
8152,275,8.318
8153,266,8.318
8154,269,5.782
8155,249,5.61
8156,261,5.61
8157,265,6.652
8158,271,6.652
8159,247,6.652
8160,252,7.899
8161,269,7.899
8162,270,7.695
8163,276,8.381
8164,272,7.695
8165,265,7.695
8166,270,7.695
8167,254,8.016
8168,245,8.016
8169,251,8.016
8170,243,8.016
8171,255,7.695
8172,258,7.695
8173,285,7.776
8174,275,7.776
8175,255,6.682
8176,255,6.682
8177,271,7.477
8178,282,8.15
8179,284,7.477
8180,284,7.477
8181,276,7.477
8182,289,7.914
8183,284,8.106
8184,284,8.106
8185,283,8.106
8186,282,8.106
8187,281,8.106
8188,269,8.106
8189,260,8.106
8190,254,8.106
8191,254,8.106
8192,262,8.106
8193,256,8.106
8194,253,8.106
8195,242,8.106
8196,262,8.106
8197,260,8.106
8198,253,8.279
8199,256,8.279
8200,255,7.961
8201,269,8.198
8202,255,8.198
8203,261,8.198
8204,263,8.198
8205,255,8.198
8206,257,8.198
8207,257,8.198
8208,257,8.198
8209,256,8.198
8210,291,8.198
8211,271,6.41
8212,271,6.153
8213,239,6.153
8214,237,6.153
8215,233,6.153
8216,228,6.882
8217,254,6.882
8218,261,6.882
8219,270,5.615
8220,263,6.258
8221,298,6.414
8222,291,6.414
8223,298,6.414
8224,290,8.135
8225,260,8.135
8226,252,8.135
8227,249,8.135
8228,249,8.383
8229,240,8.383
8230,243,7.789
8231,248,7.789
8232,244,7.789
8233,245,7.789
8234,241,7.789
8235,249,7.789
8236,246,7.789
8237,240,7.789
8238,233,7.789
8239,234,6.586
8240,235,6.566
8241,249,6.847
8242,258,6.847
8243,254,6.847
8244,256,8.392
8245,262,8.392
8246,263,8.392
8247,270,8.392
8248,273,8.392
8249,268,8.392
8250,276,8.133
8251,276,8.133
8252,273,8.133
8253,270,8.133
8254,272,8.378
8255,292,8.378
8256,280,8.378
8257,281,8.378
8258,287,8.378
8259,287,7.293
8260,287,6.969
8261,279,8.069
8262,266,7.053
8263,264,8.285
8264,267,8.285
8265,271,8.285
8266,276,8.285
8267,276,8.285
8268,275,8.285
8269,267,8.285
8270,250,8.285
8271,254,8.285
8272,265,8.285
8273,265,8.285
8274,263,8.285
8275,257,8.285
8276,249,8.285
8277,246,8.285
8278,245,8.285
8279,245,8.285
8280,250,8.407
8281,247,8.407
8282,244,8.407
8283,244,8.407
8284,244,8.407
8285,240,8.407
8286,254,7.029
8287,253,7.029
8288,293,7.934
8289,233,5.885
8290,235,7.331
8291,237,7.325
8292,240,7.325
8293,245,7.325
8294,238,7.325
8295,238,7.325
8296,237,6.521
8297,236,6.521
8298,234,6.521
8299,223,7.253
8300,223,7.253
8301,224,7.253
8302,234,8.201
8303,234,8.201
8304,235,8.201
8305,257,7.253
8306,257,7.253
8307,239,7.263
8308,265,7.263
8309,247,7.263
8310,241,7.263
8311,252,6.885
8312,274,7.564
8313,270,7.564
8314,271,7.564
8315,243,8.183
8316,238,7.331
8317,248,7.331
8318,245,7.331
8319,230,6.969
8320,232,7.704
8321,232,7.704
8322,239,7.704
8323,230,7.704
8324,246,7.704
8325,241,7.095
8326,246,7.095
8327,246,7.095
8328,266,7.032
8329,269,7.277
8330,271,7.277
8331,271,7.277
8332,276,7.761
8333,260,7.761
8334,256,7.761
8335,234,7.761
8336,233,8.177
8337,230,8.242
8338,242,8.242
8339,244,8.242
8340,241,8.242
8341,246,8.242
8342,237,8.242
8343,234,7.737
8344,237,7.737
8345,220,5.232
8346,221,5.084
8347,219,5.084
8348,226,5.084
8349,225,5.084
8350,225,4.25
8351,215,5.819
8352,214,5.819
8353,231,7.496
8354,232,5.819
8355,228,6.216
8356,233,6.216
8357,239,6.249
8358,261,6.249
8359,272,7.438
8360,282,6.249
8361,294,6.249
8362,290,6.249
8363,323,4.8
8364,321,5.014
8365,313,5.014
8366,297,5.014
8367,293,5.014
8368,292,6.275
8369,280,5.014
8370,293,8.081
8371,288,6.601
8372,287,6.601
8373,284,6.601
8374,286,6.601
8375,286,6.601
8376,283,6.601
8377,270,8.239
8378,255,8.239
8379,269,8.239
8380,255,8.239
8381,241,7.444
8382,243,7.594
8383,212,7.444
8384,236,7.444
8385,235,7.842
8386,234,7.869
8387,243,7.869
8388,233,7.869
8389,239,7.869
8390,218,7.869
8391,227,7.842
8392,221,7.842
8393,224,7.842
8394,224,7.842
8395,219,7.842
8396,217,7.842
8397,231,7.842
8398,228,7.842
8399,223,7.947
8400,216,7.842
8401,223,7.842
8402,232,8.049
8403,232,8.049
8404,208,7.842
8405,210,7.842
8406,190,8.133
8407,193,8.133
8408,197,7.842
8409,214,7.971
8410,210,7.971
8411,213,7.971
8412,215,7.971
8413,211,7.971
8414,211,7.971
8415,204,7.971
8416,215,7.971
8417,214,7.971
8418,236,7.971
8419,243,8.096
8420,247,8.096
8421,245,8.096
8422,230,8.096
8423,240,8.096
8424,238,7.777
8425,245,7.777
8426,235,7.777
8427,238,7.777
8428,238,7.777
8429,249,7.777
8430,241,7.777
8431,233,7.777
8432,224,7.857
8433,226,8.267
8434,229,8.267
8435,230,8.267
8436,231,8.267
8437,230,8.267
8438,240,6.802
8439,233,6.946
8440,237,6.946
8441,237,6.946
8442,244,8.318
8443,244,6.802
8444,240,6.802
8445,238,6.802
8446,232,6.64
8447,225,6.64
8448,231,7.633
8449,229,6.64
8450,231,5.332
8451,239,5.332
8452,243,7.574
8453,235,4.957
8454,231,4.957
8455,231,4.957
8456,233,4.957
8457,236,6.808
8458,238,6.808
8459,237,6.808
8460,226,6.808
8461,225,7.765
8462,218,4.957
8463,218,4.957
8464,220,4.957
8465,222,4.957
8466,215,4.957
8467,218,7.517
8468,225,5.643
8469,236,5.643
8470,239,7.068
8471,248,7.068
8472,250,7.671
8473,258,7.671
8474,253,7.671
8475,253,7.671
8476,253,7.671
8477,262,7.671
8478,257,7.671
8479,256,7.671
8480,247,7.671
8481,253,7.671
8482,243,7.671
8483,242,7.671
8484,240,7.671
8485,241,7.433
8486,240,7.433
8487,237,7.433
8488,240,7.433
8489,248,7.074
8490,245,7.074
8491,250,7.074
8492,243,7.074
8493,214,7.277
8494,220,7.689
8495,223,7.689
8496,220,7.689
8497,214,7.689
8498,200,7.325
8499,199,7.325
8500,205,7.325
8501,200,7.325
8502,205,7.325
8503,224,7.325
8504,238,8.218
8505,239,8.218
8506,226,8.218
8507,234,8.218
8508,234,8.218
8509,239,8.218
8510,238,8.218
8511,239,8.066
8512,236,8.066
8513,236,8.066
8514,240,8.066
8515,240,7.28
8516,248,7.28
8517,254,7.28
8518,258,7.28
8519,231,8.034
8520,254,8.034
8521,247,8.195
8522,260,8.195
8523,258,8.195
8524,255,8.312
8525,255,8.195
8526,269,8.195
8527,267,8.195
8528,273,8.195
8529,261,8.195
8530,259,7.564
8531,256,7.555
8532,258,7.555
8533,260,7.979
8534,245,7.555
8535,233,8.127
8536,232,8.127
8537,250,8.127
8538,243,8.127
8539,242,8.127
8540,234,8.127
8541,237,6.67
8542,236,6.67
8543,239,6.67
8544,238,6.766
8545,224,6.766
8546,227,7.884
8547,221,7.971
8548,215,7.971
8549,215,7.971
8550,213,7.971
8551,223,7.884
8552,226,7.884
8553,217,7.884
8554,217,7.884
8555,224,6.852
8556,245,6.852
8557,238,8.111
8558,238,8.111
8559,238,8.111
8560,241,8.111
8561,234,8.111
8562,232,8.32
8563,204,8.32
8564,207,8.32
8565,218,8.32
8566,224,8.204
8567,225,8.204
8568,237,7.023
8569,247,6.06
8570,240,6.06
8571,241,6.06
8572,244,6.06
8573,238,5.759
8574,232,6.834
8575,232,6.834
8576,228,6.834
8577,225,5.057
8578,223,7.684
8579,245,5.057
8580,248,6.13
8581,249,6.719
8582,263,8.198
8583,219,5.057
8584,222,5.28
8585,240,5.057
8586,237,5.057
8587,244,5.057
8588,250,5.057
8589,243,5.134
8590,225,5.134
8591,225,5.134
8592,225,8.389
8593,248,8.389
8594,245,8.389
8595,260,8.389
8596,246,8.389
8597,245,7.257
8598,247,7.257
8599,238,6.417
8600,205,6.417
8601,213,7.84
8602,225,6.928
8603,257,6.928
8604,267,6.954
8605,246,6.954
8606,246,6.954
8607,251,7.241
8608,244,7.241
8609,219,7.579
8610,225,7.579
8611,211,7.579
8612,217,7.579
8613,220,7.077
8614,222,6.574
8615,221,6.574
8616,222,6.574
8617,222,6.574
8618,248,6.574
8619,257,7.384
8620,260,7.384
8621,251,7.659
8622,256,7.659
8623,258,7.659
8624,254,7.659
8625,254,7.659
8626,226,8.066
8627,201,8.066
8628,207,8.066
8629,198,8.066
8630,198,8.066
8631,233,8.261
8632,244,8.261
8633,245,8.261
8634,255,8.261
8635,253,8.261
8636,237,8.261
8637,236,6.547
8638,238,5.445
8639,234,5.445
8640,234,5.445
8641,222,5.057
8642,219,5.57
8643,205,6.74
8644,209,6.453
8645,207,6.453
8646,205,7.277
8647,210,6.453
8648,212,6.453
8649,203,6.453
8650,206,4.719
8651,243,4.719
8652,248,4.719
8653,217,8.204
8654,231,4.719
8655,219,7.299
8656,218,4.719
8657,217,4.719
8658,210,5.06
8659,211,5.06
8660,216,5.4
8661,215,5.06
8662,217,5.06
8663,241,5.654
8664,232,5.654
8665,234,5.791
8666,236,5.791
8667,214,5.791
8668,211,5.791
8669,214,5.791
8670,222,5.791
8671,226,5.791
8672,214,6.593
8673,217,6.593
8674,233,5.37
8675,232,5.37
8676,221,4.596
8677,223,7.857
8678,230,4.596
8679,238,5.837
8680,233,5.837
8681,235,8.276
8682,220,8.097
8683,216,8.097
8684,227,8.097
8685,222,8.097
8686,228,4.587
8687,222,4.587
8688,216,6.246
8689,224,6.246
8690,223,7.244
8691,221,7.244
8692,224,7.244
8693,226,7.244
8694,226,7.893
8695,232,7.893
8696,232,7.244
8697,229,7.244
8698,225,7.244
8699,223,7.244
8700,235,6.207
8701,224,6.207
8702,224,6.207
8703,237,7.403
8704,234,7.403
8705,227,7.403
8706,238,7.403
8707,250,7.403
8708,250,7.403
8709,250,7.403
8710,242,7.301
8711,241,7.301
8712,249,7.301
8713,241,7.301
8714,239,6.622
8715,247,7.349
8716,262,8.027
8717,254,7.349
8718,250,7.349
8719,238,6.879
8720,241,6.879
8721,232,6.879
8722,231,5.003
8723,220,7.25
8724,209,7.25
8725,210,7.381
8726,208,7.381
8727,233,7.381
8728,236,7.902
8729,234,7.902
8730,246,7.902
8731,240,7.902
8732,243,7.902
8733,227,7.902
8734,219,7.902
8735,230,7.902
8736,221,7.902
8737,218,7.902
8738,220,7.902
8739,220,7.902
8740,216,8.374
8741,216,8.374
8742,234,7.902
8743,219,7.902
8744,216,8.384
8745,224,8.384
8746,224,8.384
8747,238,8.384
8748,247,8.384
8749,256,8.384
8750,270,8.384
8751,271,8.384
8752,268,8.384
8753,268,8.384
8754,257,8.384
8755,257,7.577
8756,249,7.577
8757,246,7.677
8758,252,7.677
8759,258,7.677
8760,263,7.677
8761,261,7.677
8762,260,7.677
8763,259,7.577
8764,264,8.156
8765,256,8.156
8766,266,6.255
8767,259,6.255
8768,255,6.255
8769,244,7.378
8770,243,8.189
8771,251,8.189
8772,260,8.189
8773,255,8.189
8774,256,8.189
8775,265,8.189
8776,259,8.189
8777,261,8.189
8778,270,8.189
8779,277,8.189
8780,287,8.189
8781,274,8.189
8782,277,8.189
8783,268,8.189
8784,267,8.189
8785,261,8.189
8786,267,8.189
8787,265,8.189
8788,257,8.189
8789,256,8.189
8790,251,8.189
8791,256,8.189
8792,257,8.189
8793,259,6.712
8794,254,6.712
8795,254,6.712
8796,256,6.712
8797,259,6.712
8798,261,6.954
8799,261,6.954
8800,261,7.525
8801,252,7.525
8802,249,8.06
8803,258,8.06
8804,257,8.06
8805,251,8.001
8806,258,7.677
8807,265,7.677
8808,264,7.677
8809,270,7.677
8810,266,7.444
8811,269,5.212
8812,271,7.594
8813,265,7.594
8814,264,7.594
8815,255,7.594
8816,250,7.594
8817,249,7.594
8818,245,7.277
8819,242,7.277
8820,249,7.277
8821,258,7.839
8822,247,7.839
8823,247,7.839
8824,245,8.372
8825,251,8.372
8826,255,8.372
8827,258,8.372
8828,258,8.372
8829,257,8.372
8830,236,8.372
8831,232,8.372
8832,242,8.372
8833,231,8.372
8834,228,8.372
8835,234,8.263
8836,236,8.263
8837,248,8.085
8838,242,8.085
8839,243,8.085
8840,242,8.085
8841,224,8.085
8842,220,8.085
8843,215,8.085
8844,227,8.085
8845,239,8.387
8846,237,8.387
8847,245,7.606
8848,248,7.516
8849,247,7.516
8850,252,7.842
8851,252,7.842
8852,252,7.842
8853,253,8.088
8854,249,8.088
8855,245,8.088
8856,242,8.088
8857,244,8.088
8858,238,8.088
8859,239,6.799
8860,236,6.799
8861,229,6.799
8862,242,6.799
8863,240,6.799
8864,239,6.799
8865,226,7.322
8866,229,6.799
8867,237,6.799
8868,237,6.799
8869,249,6.799
8870,239,6.799
8871,241,6.799
8872,246,6.799
8873,242,6.799
8874,237,7.415
8875,243,7.415
8876,241,7.415
8877,248,7.415
8878,248,7.415
8879,246,7.415
8880,247,7.415
8881,249,7.415
8882,249,8.133
8883,241,8.133
8884,221,8.133
8885,226,8.133
8886,225,8.133
8887,231,8.133
8888,253,8.133
8889,254,8.133
8890,236,8.133
8891,242,8.133
8892,241,8.133
8893,263,8.133
8894,269,8.133
8895,274,8.133
8896,277,7.184
8897,285,7.92
8898,283,8.324
8899,276,8.324
8900,275,7.968
8901,274,7.968
8902,269,7.456
8903,275,7.456
8904,254,7.456
8905,255,7.456
8906,256,7.456
8907,256,7.456
8908,252,7.456
8909,241,7.456
8910,241,7.534
8911,246,7.938
8912,254,7.938
8913,262,7.938
8914,264,7.447
8915,260,7.447
8916,267,7.447
8917,261,8.034
8918,254,8.034
8919,254,7.447
8920,260,7.447
8921,257,7.447
8922,247,6.963
8923,253,6.963
8924,258,6.963
8925,267,6.963
8926,269,6.963
8927,268,7.567
8928,259,7.908
8929,257,7.908
8930,277,7.908
8931,262,7.908
8932,250,7.908
8933,246,7.908
8934,247,8.347
8935,251,8.347
8936,261,7.908
8937,269,7.908
8938,260,7.908
8939,276,6.65
8940,278,8.076
8941,264,8.076
8942,263,8.076
8943,257,8.076
8944,259,8.076
8945,261,6.671
8946,254,6.763
8947,258,6.763
8948,260,6.763
8949,269,6.763
8950,268,8.321
8951,276,8.321
8952,283,8.321
8953,267,8.321
8954,260,8.321
8955,259,8.321
8956,250,5.855
8957,252,5.855
8958,253,5.855
8959,251,7.22
8960,253,7.22
8961,276,7.22
8962,280,5.761
8963,283,5.761
8964,316,5.761
8965,305,5.761
8966,288,6.273
8967,287,6.976
8968,282,8.15
8969,286,8.15
8970,268,8.15
8971,266,7.651
8972,267,7.654
8973,281,7.654
8974,283,7.319
8975,289,7.319
8976,277,8.401
8977,277,8.401
8978,280,7.319
8979,284,7.319
8980,285,7.319
8981,275,7.319
8982,274,7.319
8983,274,7.319
8984,272,4.847
8985,274,5.442
8986,265,5.442
8987,280,5.878
8988,291,5.442
8989,283,5.442
8990,284,7.113
8991,262,7.113
8992,250,7.113
8993,247,6.004
8994,247,7.94
8995,251,7.94
8996,247,7.94
8997,247,8.042
8998,226,8.042
8999,226,8.042
9000,228,8.042
9001,232,6.009
9002,235,7.116
9003,240,7.116
9004,253,7.116
9005,246,7.594
9006,250,7.594
9007,250,7.594
9008,259,7.116
9009,275,7.686
9010,269,7.686
9011,267,7.686
9012,256,7.686
9013,263,7.734
9014,266,7.734
9015,272,6.542
9016,255,6.542
9017,260,6.542
9018,260,6.542
9019,249,7.786
9020,251,6.64
9021,245,6.64
9022,250,7.077
9023,238,7.125
9024,265,7.128
9025,265,7.128
9026,264,7.128
9027,271,7.128
9028,268,8.153
9029,257,8.153
9030,258,8.153
9031,257,7.522
9032,264,7.522
9033,265,7.522
9034,257,7.522
9035,251,7.522
9036,253,7.471
9037,257,6.889
9038,244,8.135
9039,243,6.65
9040,242,6.243
9041,241,8.393
9042,237,8.393
9043,235,8.393
9044,237,8.393
9045,233,8.393
9046,241,5.46
9047,242,6.644
9048,244,6.951
9049,243,6.951
9050,243,6.951
9051,242,5.14
9052,243,5.14
9053,246,5.14
9054,249,7.331
9055,241,7.331
9056,243,7.331
9057,243,7.331
9058,252,7.331
9059,262,7.331
9060,270,7.331
9061,268,7.331
9062,283,7.331
9063,285,7.836
9064,297,5.302
9065,290,8.007
9066,289,8.007
9067,288,8.007
9068,283,8.007
9069,272,5.962
9070,268,5.962
9071,269,5.962
9072,252,5.962
9073,248,6.404
9074,264,7.857
9075,250,6.317
9076,257,6.317
9077,270,6.796
9078,241,6.68
9079,241,6.68
9080,238,6.68
9081,239,6.68
9082,240,6.671
9083,244,7.846
9084,246,6.889
9085,241,4.524
9086,234,7.842
9087,229,8.279
9088,231,8.279
9089,231,8.279
9090,228,8.279
9091,232,8.279
9092,230,8.279
9093,236,8.279
9094,236,8.279
9095,246,8.069
9096,252,8.069
9097,252,7.077
9098,260,7.077
9099,259,6.805
9100,258,6.805
9101,263,6.82
9102,269,6.894
9103,256,7.689
9104,253,7.689
9105,252,7.689
9106,250,7.483
9107,248,7.483
9108,244,7.762
9109,254,7.762
9110,254,7.762
9111,252,7.762
9112,259,7.495
9113,263,7.495
9114,255,7.495
9115,247,7.923
9116,263,7.495
9117,251,7.495
9118,258,7.495
9119,261,7.495
9120,261,8.138
9121,255,8.138
9122,242,8.138
9123,252,8.138
9124,252,8.269
9125,260,8.269
9126,255,8.269
9127,250,8.269
9128,243,8.269
9129,247,8.269
9130,248,7.798
9131,271,7.555
9132,276,7.328
9133,260,7.328
9134,265,7.328
9135,260,7.328
9136,259,7.328
9137,293,7.328
9138,285,7.328
9139,268,7.328
9140,276,7.328
9141,267,7.328
9142,272,7.328
9143,258,7.328
9144,256,6.906
9145,259,6.371
9146,257,6.321
9147,247,6.599
9148,254,7.905
9149,265,8.085
9150,274,8.085
9151,269,8.085
9152,269,8.085
9153,267,8.085
9154,271,8.085
9155,279,8.085
9156,271,8.085
9157,270,8.375
9158,253,8.375
9159,258,8.375
9160,258,7.786
9161,265,7.786
9162,255,7.786
9163,243,7.786
9164,249,6.79
9165,270,7.579
9166,244,6.79
9167,258,6.79
9168,247,7.905
9169,252,7.905
9170,246,7.905
9171,248,7.905
9172,250,7.905
9173,266,4.703
9174,266,4.703
9175,264,4.703
9176,260,4.703
9177,274,6.133
9178,291,6.742
9179,284,6.133
9180,290,6.133
9181,283,7.035
9182,266,7.035
9183,267,7.411
9184,264,7.411
9185,260,6.133
9186,243,6.312
9187,241,6.312
9188,256,6.312
9189,256,6.312
9190,263,6.312
9191,257,6.312
9192,257,4.874
9193,250,4.99
9194,234,4.99
9195,227,6.076
9196,262,6.138
9197,264,6.138
9198,260,4.061
9199,264,5.179
9200,274,7.221
9201,275,7.221
9202,273,7.221
9203,291,7.221
9204,291,7.221
9205,291,7.221
9206,286,7.221
9207,274,7.13
9208,249,7.13
9209,226,7.977
9210,233,7.977
9211,231,7.977
9212,235,7.977
9213,237,7.977
9214,253,7.287
9215,234,7.433
9216,239,7.433
9217,240,7.433
9218,241,7.696
9219,238,7.696
9220,248,7.696
9221,242,7.696
9222,234,7.696
9223,249,7.6
9224,252,7.858
9225,235,7.657
9226,245,7.657
9227,247,7.908
9228,245,7.908
9229,258,7.908
9230,258,7.657
9231,248,7.657
9232,254,7.657
9233,247,7.657
9234,246,7.657
9235,272,7.657
9236,253,7.657
9237,247,7.836
9238,242,7.836
9239,238,7.505
9240,242,6.867
9241,243,6.867
9242,243,6.867
9243,248,6.901
9244,244,6.867
9245,261,6.867
9246,241,6.867
9247,233,6.867
9248,245,6.867
9249,249,7.462
9250,241,8.118
9251,246,8.118
9252,280,7.686
9253,263,7.686
9254,249,7.686
9255,252,7.686
9256,248,7.686
9257,252,7.686
9258,252,7.686
9259,268,7.875
9260,293,7.875
9261,299,7.961
9262,301,6.867
9263,283,6.867
9264,278,6.867
9265,280,7.677
9266,287,8.377
9267,264,8.377
9268,263,8.377
9269,261,6.867
9270,261,6.867
9271,258,6.867
9272,259,6.867
9273,250,7.047
9274,266,6.867
9275,262,6.867
9276,265,6.867
9277,267,6.338
9278,270,6.338
9279,264,6.338
9280,272,7.603
9281,274,7.603
9282,276,6.59
9283,272,7.187
9284,270,7.187
9285,280,6.59
9286,294,5.607
9287,291,7.758
9288,293,8.396
9289,288,7.758
9290,291,7.758
9291,275,8.075
9292,272,7.758
9293,270,7.758
9294,271,7.998
9295,266,7.998
9296,274,7.998
9297,280,7.998
9298,267,7.998
9299,260,7.998
9300,262,7.758
9301,264,7.758
9302,265,8.378
9303,249,8.378
9304,241,8.378
9305,253,8.378
9306,244,8.121
9307,254,7.758
9308,256,7.758
9309,254,7.758
9310,254,7.852
9311,254,7.852
9312,259,7.852
9313,260,7.852
9314,256,7.852
9315,249,8.3
9316,255,8.3
9317,257,8.3
9318,258,8.3
9319,258,8.3
9320,261,8.3
9321,261,8.3
9322,251,8.3
9323,270,8.3
9324,262,8.3
9325,230,8.3
9326,237,8.3
9327,242,8.3
9328,240,8.3
9329,238,8.3
9330,236,8.24
9331,236,8.24
9332,230,8.24
9333,222,7.758
9334,232,7.758
9335,232,7.758
9336,258,7.833
9337,228,7.758
9338,228,7.758
9339,232,7.758
9340,241,7.965
9341,246,7.965
9342,260,7.965
9343,239,7.965
9344,219,8.384
9345,219,8.384
9346,227,8.384
9347,229,8.384
9348,249,7.819
9349,223,6.867
9350,224,6.867
9351,220,6.867
9352,211,6.867
9353,225,6.867
9354,231,7.145
9355,239,6.867
9356,240,6.867
9357,247,6.867
9358,258,8.088
9359,269,6.867
9360,273,6.867
9361,275,6.867
9362,280,6.867
9363,276,6.867
9364,286,8.103
9365,292,8.103
9366,292,8.103
9367,313,8.103
9368,312,8.103
9369,307,8.103
9370,311,8.103
9371,289,8.103
9372,288,8.103
9373,292,8.103
9374,287,8.103
9375,283,7.55
9376,285,7.55
9377,292,7.55
9378,285,7.699
9379,289,7.699
9380,278,7.699
9381,269,7.699
9382,273,7.699
9383,290,7.699
9384,290,7.699
9385,295,6.867
9386,297,7.588
9387,295,6.867
9388,297,6.867
9389,296,6.906
9390,296,6.906
9391,273,6.906
9392,270,6.906
9393,274,6.906
9394,268,6.906
9395,285,6.906
9396,281,6.906
9397,258,6.906
9398,267,6.906
9399,266,6.906
9400,268,6.906
9401,268,6.906
9402,283,6.906
9403,283,6.906
9404,277,7.047
9405,277,7.624
9406,273,7.624
9407,272,7.624
9408,274,7.477
9409,262,8.013
9410,269,8.013
9411,273,7.133
9412,268,8.207
9413,271,8.207
9414,278,8.207
9415,272,8.174
9416,276,8.174
9417,272,8.174
9418,253,7.199
9419,270,7.199
9420,277,7.199
9421,277,7.199
9422,277,7.199
9423,272,6.867
9424,272,6.867
9425,266,6.867
9426,268,6.867
9427,272,6.867
9428,265,6.867
9429,273,6.867
9430,260,6.867
9431,271,6.867
9432,258,6.867
9433,261,6.867
9434,242,6.867
9435,265,6.867
9436,271,6.867
9437,271,6.867
9438,266,6.867
9439,269,7.786
9440,268,6.894
9441,266,6.894
9442,258,6.867
9443,249,7.831
9444,256,7.831
9445,272,7.831
9446,290,7.765
9447,291,7.765
9448,281,6.867
9449,291,6.867
9450,298,6.867
9451,298,6.867
9452,299,7.758
9453,291,7.758
9454,292,7.758
9455,302,7.758
9456,291,7.758
9457,270,7.758
9458,276,7.758
9459,285,7.758
9460,271,7.758
9461,269,5.326
9462,271,8.338
9463,256,8.338
9464,253,8.338
9465,251,8.338
9466,250,3.567
9467,239,8.195
9468,267,6.213
9469,267,6.213
9470,266,7.442
9471,259,7.442
9472,239,7.442
9473,250,7.442
9474,257,5.639
9475,260,5.639
9476,263,4.733
9477,267,7.182
9478,267,6.162
9479,262,4.973
9480,254,4.973
9481,241,7.152
9482,244,7.152
9483,245,7.152
9484,237,7.152
9485,235,7.152
9486,233,8.108
9487,242,8.108
9488,246,6.003
9489,248,6.757
9490,237,6.757
9491,242,7.863
9492,237,8.055
9493,235,8.055
9494,229,8.055
9495,236,8.055
9496,237,8.055
9497,226,7.846
9498,233,7.846
9499,236,7.056
9500,257,6.867
9501,265,6.982
9502,267,6.982
9503,261,6.982
9504,265,6.982
9505,264,8.144
9506,264,8.144
9507,265,8.144
9508,270,8.144
9509,264,8.144
9510,262,8.144
9511,257,6.731
9512,274,6.731
9513,277,5.767
9514,268,5.767
9515,277,6.04
9516,280,6.04
9517,276,6.632
9518,276,6.632
9519,273,8.336
9520,284,8.085
9521,256,8.091
9522,238,8.091
9523,241,8.091
9524,244,7.974
9525,251,7.974
9526,257,6.148
9527,237,6.148
9528,243,6.112
9529,255,6.112
9530,258,7.553
9531,255,7.553
9532,255,7.553
9533,249,7.553
9534,290,7.553
9535,312,8.246
9536,313,7.175
9537,304,7.175
9538,270,7.447
9539,249,7.447
9540,259,7.175
9541,258,7.175
9542,250,7.175
9543,245,8.335
9544,232,6.536
9545,236,5.499
9546,236,6.187
9547,227,6.187
9548,224,6.187
9549,227,6.187
9550,234,6.613
9551,234,6.187
9552,232,7.457
9553,225,7.639
9554,243,7.639
9555,238,7.639
9556,253,6.718
9557,263,6.494
9558,270,8.019
9559,277,4.743
9560,272,4.743
9561,273,8.251
9562,284,8.251
9563,281,4.743
9564,269,4.743
9565,274,4.743
9566,268,4.743
9567,280,3.565
9568,259,4.748
9569,258,5.813
9570,246,5.813
9571,247,5.813
9572,248,5.813
9573,239,8.025
9574,244,6.488
9575,242,7.024
9576,238,3.08
9577,238,6.598
9578,238,6.598
9579,244,6.598
9580,243,3.08
9581,251,5.469
9582,254,5.469
9583,249,8.171
9584,250,8.171
9585,258,8.171
9586,249,8.171
9587,247,6.545
9588,254,7.071
9589,253,7.071
9590,258,7.071
9591,250,7.071
9592,245,7.127
9593,260,7.127
9594,267,7.127
9595,273,7.127
9596,273,7.127
9597,267,7.127
9598,264,7.127
9599,264,7.127
9600,263,7.127
9601,266,7.002
9602,251,6.512
9603,281,6.512
9604,274,8.357
9605,254,8.357
9606,254,8.357
9607,254,8.357
9608,253,8.357
9609,267,6.512
9610,254,4.318
9611,265,4.988
9612,265,5.08
9613,266,6.906
9614,244,6.906
9615,248,6.906
9616,250,6.867
9617,248,6.867
9618,248,6.867
9619,245,6.867
9620,247,7.032
9621,256,7.032
9622,257,7.032
9623,262,7.109
9624,258,7.726
9625,251,7.109
9626,251,7.109
9627,242,7.6
9628,255,7.6
9629,263,7.833
9630,262,8.369
9631,244,8.369
9632,242,8.369
9633,243,8.369
9634,242,8.369
9635,243,8.369
9636,239,8.027
9637,242,8.027
9638,242,8.027
9639,245,8.027
9640,245,8.027
9641,240,8.027
9642,229,8.027
9643,237,7.809
9644,230,7.265
9645,268,7.325
9646,276,7.325
9647,279,7.325
9648,273,7.325
9649,269,7.068
9650,244,7.068
9651,240,7.929
9652,259,7.956
9653,263,7.929
9654,265,7.929
9655,266,7.929
9656,274,7.929
9657,264,7.071
9658,258,7.071
9659,252,7.071
9660,257,7.071
9661,254,7.071
9662,289,7.071
9663,289,7.071
9664,255,7.071
9665,252,7.071
9666,250,7.024
9667,252,7.024
9668,251,7.024
9669,263,7.08
9670,266,7.704
9671,262,7.854
9672,275,7.854
9673,264,7.024
9674,263,7.621
9675,267,7.457
9676,280,7.457
9677,286,7.457
9678,280,8.236
9679,275,8.236
9680,284,7.101
9681,271,7.006
9682,258,7.698
9683,255,8.129
9684,254,8.129
9685,256,8.129
9686,256,8.129
9687,242,8.129
9688,242,8.129
9689,241,8.348
9690,255,8.348
9691,258,8.348
9692,252,8.348
9693,253,8.348
9694,255,4.501
9695,250,5.6
9696,240,6.384
9697,256,7.777
9698,255,8.082
9699,268,8.082
9700,268,8.082
9701,272,8.082
9702,268,8.072
9703,269,8.072
9704,268,8.072
9705,268,8.072
9706,284,8.072
9707,294,8.072
9708,290,8.072
9709,293,8.225
9710,281,8.225
9711,284,8.225
9712,288,5.616
9713,291,7.492
9714,293,5.275
9715,291,5.275
9716,283,8.075
9717,282,8.075
9718,292,8.033
9719,303,8.033
9720,294,6.199
9721,295,6.199
9722,287,5.912
9723,272,6.372
9724,262,6.372
9725,255,6.372
9726,262,6.372
9727,270,6.372
9728,271,6.372
9729,271,6.372
9730,281,6.272
9731,274,8.386
9732,276,8.386
9733,272,8.386
9734,274,6.727
9735,278,7.869
9736,263,7.869
9737,254,7.869
9738,263,7.869
9739,270,7.869
9740,270,7.869
9741,267,7.869
9742,274,7.869
9743,275,7.869
9744,274,7.869
9745,284,6.299
9746,285,6.299
9747,282,6.628
9748,281,5.776
9749,281,8.073
9750,289,5.776
9751,287,5.776
9752,284,5.319
9753,287,5.319
9754,290,5.319
9755,287,7.37
9756,276,7.639
9757,289,7.639
9758,285,7.639
9759,287,7.639
9760,288,7.639
9761,287,7.639
9762,285,7.639
9763,307,7.639
9764,299,7.639
9765,300,7.639
9766,298,7.639
9767,301,7.13
9768,305,7.13
9769,282,7.13
9770,277,6.948
9771,281,6.123
9772,290,6.123
9773,293,6.123
9774,297,6.123
9775,286,6.123
9776,285,6.123
9777,290,6.123
9778,285,6.123
9779,284,6.123
9780,283,6.123
9781,282,7.89
9782,275,6.855
9783,275,7.54
9784,273,7.54
9785,267,7.54
9786,272,5.471
9787,269,6.405
9788,291,6.405
9789,281,6.405
9790,269,8.378
9791,262,6.405
9792,300,6.405
9793,292,6.405
9794,279,6.405
9795,279,6.503
9796,289,6.593
9797,289,6.593
9798,288,6.593
9799,295,7.059
9800,318,7.472
9801,311,8.147
9802,283,8.147
9803,276,8.147
9804,270,7.929
9805,261,7.929
9806,253,5.169
9807,255,5.672
9808,249,6.297
9809,260,7.179
9810,262,7.179
9811,259,7.179
9812,259,7.179
9813,261,7.179
9814,284,7.179
9815,257,7.179
9816,270,6.778
9817,279,8.042
9818,285,8.042
9819,284,7.94
9820,273,6.688
9821,261,6.046
9822,257,6.852
9823,259,6.852
9824,269,6.852
9825,270,6.852
9826,276,7.656
9827,292,7.656
9828,281,7.672
9829,259,6.852
9830,261,7.986
9831,265,7.576
9832,262,7.612
9833,241,7.612
9834,235,7.612
9835,238,7.612
9836,240,7.612
9837,234,7.612
9838,262,7.612
9839,260,7.612
9840,261,7.612
9841,262,5.14
9842,267,7.272
9843,267,5.14
9844,267,5.14
9845,287,5.14
9846,291,5.14
9847,295,6.593
9848,303,8.069
9849,293,8.069
9850,290,8.069
9851,294,8.213
9852,292,8.213
9853,275,8.069
9854,274,8.069
9855,269,7.193
9856,270,8.009
9857,266,8.009
9858,267,8.009
9859,280,8.009
9860,280,8.009
9861,279,7.423
9862,286,7.423
9863,290,7.423
9864,282,7.062
9865,278,7.92
9866,277,7.92
9867,276,7.92
9868,259,7.92
9869,264,7.92
9870,247,7.92
9871,247,7.92
9872,254,7.92
9873,262,7.92
9874,258,7.92
9875,265,7.92
9876,253,7.92
9877,253,7.92
9878,251,7.789
9879,254,7.789
9880,254,7.789
9881,243,7.789
9882,242,7.789
9883,233,8.329
9884,233,7.789
9885,227,7.789
9886,229,7.789
9887,230,7.789
9888,241,7.789
9889,239,7.869
9890,237,7.869
9891,242,7.869
9892,253,7.789
9893,256,7.789
9894,250,7.789
9895,248,7.789
9896,253,7.789
9897,253,7.789
9898,255,7.789
9899,259,8.377
9900,276,8.377
9901,287,7.789
9902,287,7.789
9903,290,7.789
9904,292,7.789
9905,296,7.789
9906,297,6.039
9907,291,6.039
9908,282,6.039
9909,271,6.039
9910,267,6.039
9911,277,6.039
9912,276,4.958
9913,276,7.396
9914,276,7.591
9915,274,7.591
9916,278,7.396
9917,301,7.396
9918,297,5.205
9919,287,8.162
9920,271,5.884
9921,252,7.128
9922,232,7.128
9923,233,7.445
9924,237,7.786
9925,229,7.316
9926,234,7.316
9927,244,6.602
9928,243,6.602
9929,243,6.602
9930,239,6.602
9931,247,7.115
9932,241,6.602
9933,236,7.896
9934,236,7.663
9935,240,8.141
9936,240,8.141
9937,240,8.141
9938,243,8.141
9939,244,8.141
9940,256,7.663
9941,268,7.663
9942,272,6.435
9943,276,6.577
9944,269,6.577
9945,255,8.135
9946,260,8.135
9947,272,7.346
9948,261,6.713
9949,259,7.024
9950,268,6.124
9951,280,7.846
9952,281,7.971
9953,261,4.374
9954,240,7.05
9955,249,8.064
9956,243,8.064
9957,246,8.064
9958,247,8.064
9959,251,8.064
9960,250,8.064
9961,253,7.373
9962,247,7.373
9963,250,7.373
9964,251,7.373
9965,250,7.373
9966,254,7.05
9967,247,7.275
9968,258,7.275
9969,264,7.275
9970,254,7.991
9971,247,7.991
9972,256,7.964
9973,256,7.964
9974,255,7.032
9975,257,6.787
9976,254,6.234
9977,255,7.124
9978,257,7.124
9979,260,7.857
9980,266,7.857
9981,263,7.857
9982,274,7.857
9983,268,3.413
9984,266,3.564
9985,269,6.287
9986,269,8.306
9987,269,6.287
9988,266,6.021
9989,247,7.466
9990,238,7.466
9991,239,7.466
9992,240,7.466
9993,247,7.483
9994,250,7.483
9995,271,7.197
9996,279,7.902
9997,283,7.502
9998,273,7.502
9999,275,7.197
