step,cut_edges,max_dev_pct
0,263,26.908
1,257,26.908
2,269,26.908
3,272,26.908
4,253,26.908
5,248,26.908
6,241,26.908
7,240,24.681
8,251,23.847
9,252,23.847
10,255,27.574
11,254,27.574
12,280,26.492
13,282,26.492
14,280,26.555
15,265,26.555
16,239,26.555
17,250,26.555
18,245,25.47
19,241,25.47
20,241,25.47
21,240,20.882
22,254,26.684
23,250,26.684
24,255,26.684
25,261,26.684
26,259,26.684
27,243,26.684
28,247,22.109
29,257,27.828
30,252,27.828
31,253,27.828
32,248,24.043
33,247,24.043
34,241,24.043
35,233,24.043
36,240,24.043
37,246,24.043
38,244,24.417
39,255,24.665
40,250,24.665
41,251,24.665
42,255,27.305
43,243,24.665
44,223,24.665
45,223,24.665
46,213,10.448
47,224,17.028
48,232,17.028
49,231,18.424
50,238,27.43
51,241,27.43
52,232,22.094
53,224,25.063
54,219,25.063
55,233,25.063
56,227,25.063
57,230,25.063
58,234,25.063
59,238,25.063
60,241,25.063
61,230,25.063
62,251,24.02
63,249,21.186
64,245,21.186
65,245,22.713
66,255,18.089
67,262,23.198
68,257,23.198
69,251,26.857
70,241,27.657
71,271,27.657
72,267,27.657
73,270,27.657
74,231,27.657
75,207,28.68
76,216,18.627
77,226,21.643
78,216,19.53
79,214,16.7
80,217,16.7
81,233,20.798
82,231,22.298
83,273,26.294
84,273,20.798
85,275,24.997
86,269,23.721
87,260,23.721
88,258,23.721
89,262,23.954
90,251,23.954
91,250,23.954
92,244,25.733
93,249,25.733
94,260,25.733
95,255,27.517
96,251,27.517
97,267,25.733
98,275,25.733
99,279,25.58
100,266,26.423
101,274,27.615
102,271,28.121
103,255,28.5
104,258,28.5
105,258,25.081
106,262,18.791
107,256,18.791
108,259,18.505
109,260,18.505
110,272,18.505
111,250,19.474
112,256,19.474
113,257,28.465
114,259,28.465
115,259,28.465
116,252,28.465
117,252,25.789
118,260,22.928
119,260,22.928
120,271,24.394
121,283,22.928
122,271,22.928
123,260,22.361
124,266,22.361
125,264,22.361
126,260,22.361
127,255,23.067
128,260,23.067
129,262,23.067
130,274,23.067
131,272,23.067
132,270,26.415
133,272,22.361
134,271,22.361
135,271,21.692
136,271,19.85
137,285,19.85
138,286,19.85
139,276,22.907
140,285,22.907
141,280,22.907
142,278,27.216
143,285,27.216
144,269,27.216
145,269,27.125
146,270,27.125
147,264,27.125
148,260,27.125
149,251,27.125
150,258,27.125
151,259,27.639
152,251,27.639
153,251,25.726
154,261,19.85
155,237,19.85
156,235,27.798
157,224,27.798
158,223,27.798
159,238,27.798
160,239,27.798
161,252,27.798
162,258,23.924
163,260,23.924
164,263,23.924
165,255,23.924
166,260,23.924
167,264,23.924
168,269,24.54
169,258,23.924
170,271,27.709
171,268,23.924
172,262,23.924
173,262,18.096
174,247,24.701
175,238,24.701
176,236,24.085
177,236,24.085
178,243,24.085
179,259,20.699
180,250,22.035
181,266,21.976
182,261,21.976
183,247,21.976
184,248,22.654
185,243,28.689
186,247,28.689
187,246,28.689
188,246,28.689
189,238,28.689
190,245,19.291
191,242,19.291
192,241,17.836
193,246,17.522
194,245,16.816
195,260,16.816
196,275,18.358
197,270,19.351
198,270,19.351
199,264,25.897
200,244,25.897
201,259,25.897
202,251,27.927
203,249,27.927
204,248,27.927
205,244,18.666
206,275,27.867
207,282,27.867
208,283,27.867
209,244,25.126
210,237,25.126
211,236,25.126
212,233,25.126
213,232,25.126
214,221,25.126
215,227,25.126
216,225,25.126
217,231,25.314
218,231,25.314
219,230,25.314
220,224,25.314
221,239,24.037
222,238,24.315
223,259,23.213
224,265,23.213
225,256,23.694
226,251,23.213
227,254,27.571
228,241,22.666
229,245,22.666
230,251,22.666
231,244,26.092
232,245,28.677
233,244,22.666
234,247,22.666
235,247,5.755
236,246,21.338
237,249,19.736
238,250,26.187
239,246,26.187
240,258,26.187
241,256,24.519
242,272,24.519
243,255,28.408
244,266,28.408
245,273,28.408
246,264,28.408
247,265,28.408
248,261,28.408
249,246,28.408
250,254,28.482
251,242,28.482
252,243,28.408
253,248,28.408
254,260,28.408
255,263,28.408
256,274,28.408
257,274,28.408
258,290,28.408
259,290,28.408
260,297,28.408
261,301,28.408
262,299,28.408
263,328,28.408
264,323,28.408
265,317,28.408
266,313,28.408
267,319,28.408
268,319,25.048
269,326,22.932
270,325,24.893
271,301,24.893
272,292,22.632
273,288,22.632
274,304,22.632
275,297,26.812
276,300,22.632
277,302,22.632
278,299,18.98
279,295,24.33
280,305,17.844
281,299,12.938
282,295,17.713
283,286,17.713
284,298,21.886
285,304,21.886
286,306,22.78
287,304,24.575
288,304,24.575
289,292,24.648
290,290,24.575
291,292,23.281
292,277,23.281
293,277,23.281
294,267,22.952
295,261,25.867
296,261,25.867
297,252,25.867
298,247,25.867
299,245,27.882
300,240,27.882
301,252,25.867
302,249,27.589
303,248,27.589
304,236,27.589
305,230,27.589
306,229,27.589
307,224,25.867
308,223,28.309
309,235,28.369
310,236,28.369
311,238,27.699
312,239,27.699
313,238,27.699
314,241,27.75
315,243,27.75
316,246,27.239
317,237,27.239
318,222,27.239
319,226,25.264
320,224,25.264
321,231,25.264
322,225,25.264
323,232,25.264
324,227,28.222
325,219,28.222
326,230,25.264
327,246,25.264
328,249,25.264
329,247,25.264
330,246,26.68
331,255,25.264
332,255,25.264
333,257,26.403
334,283,27.323
335,272,26.403
336,277,27.066
337,281,27.911
338,250,27.911
339,267,28.486
340,297,28.486
341,297,28.486
342,292,28.486
343,276,28.486
344,281,28.486
345,281,28.486
346,289,28.486
347,284,28.486
348,298,24.578
349,280,20.166
350,282,27.243
351,275,27.243
352,286,27.243
353,280,27.243
354,292,27.243
355,274,27.243
356,271,27.243
357,250,27.243
358,242,27.243
359,251,27.243
360,248,27.409
361,245,27.243
362,252,27.243
363,249,27.243
364,239,27.243
365,224,27.243
366,217,27.243
367,220,22.274
368,238,22.274
369,246,28.312
370,233,28.312
371,231,28.312
372,246,28.312
373,254,28.312
374,251,27.302
375,228,20.764
376,225,20.782
377,211,20.782
378,225,20.782
379,218,20.782
380,226,17.279
381,224,14.173
382,225,14.173
383,253,15.241
384,265,13.104
385,275,23.188
386,274,23.188
387,269,23.188
388,242,23.188
389,250,23.188
390,228,26.154
391,235,18.822
392,247,22.974
393,246,15.778
394,238,15.778
395,249,15.778
396,252,25.533
397,233,25.533
398,246,28.542
399,252,28.542
400,256,25.903
401,262,25.903
402,262,25.903
403,266,25.533
404,262,24.764
405,278,24.764
406,284,24.764
407,283,24.764
408,280,24.764
409,270,26.773
410,277,24.764
411,256,24.764
412,260,24.764
413,237,24.764
414,232,24.764
415,220,22.819
416,258,22.819
417,261,22.274
418,255,23.55
419,262,23.55
420,251,23.55
421,268,23.55
422,276,23.55
423,249,28.83
424,248,23.55
425,253,23.55
426,249,25.563
427,231,28.261
428,228,25.563
429,231,25.563
430,219,25.563
431,214,25.563
432,220,25.563
433,254,25.563
434,226,25.688
435,226,25.688
436,228,25.688
437,233,25.688
438,225,25.688
439,229,28.166
440,242,28.166
441,243,28.166
442,240,28.166
443,248,28.166
444,243,28.166
445,250,28.166
446,255,25.947
447,255,25.947
448,247,25.947
449,243,25.947
450,245,27.974
451,236,27.974
452,240,27.974
453,230,28.026
454,245,28.026
455,247,28.026
456,250,28.026
457,261,28.026
458,260,28.026
459,269,27.553
460,269,27.553
461,272,27.553
462,261,27.553
463,266,27.553
464,264,26.54
465,268,26.54
466,276,25.965
467,272,25.965
468,279,25.965
469,281,28.213
470,277,28.213
471,273,28.213
472,282,23.807
473,267,28.025
474,269,28.025
475,270,28.025
476,264,20.66
477,259,20.66
478,273,20.66
479,261,20.66
480,268,19.604
481,270,22.355
482,268,22.355
483,272,26.525
484,271,26.525
485,270,28.54
486,271,28.597
487,262,23.06
488,267,23.06
489,261,23.027
490,260,23.027
491,262,14.508
492,260,14.508
493,260,14.508
494,268,28.533
495,269,25.174
496,264,25.174
497,243,25.174
498,250,25.174
499,244,19.075
500,244,23.171
501,274,23.171
502,267,23.171
503,263,27.185
504,251,27.185
505,252,27.185
506,250,27.185
507,243,27.185
508,251,27.185
509,245,27.185
510,240,27.185
511,225,27.185
512,224,22.819
513,237,22.819
514,237,22.819
515,236,22.819
516,227,28.528
517,272,28.528
518,272,28.528
519,233,28.528
520,241,28.528
521,243,28.528
522,249,28.623
523,255,28.623
524,248,28.623
525,255,28.528
526,249,28.528
527,253,28.528
528,264,28.528
529,260,28.528
530,267,28.528
531,272,28.528
532,272,28.528
533,267,28.528
534,258,28.528
535,259,28.528
536,254,28.528
537,259,28.528
538,241,28.528
539,246,28.528
540,231,28.528
541,247,28.528
542,262,28.528
543,260,28.528
544,261,28.528
545,268,28.528
546,270,28.528
547,256,28.528
548,258,28.528
549,256,28.528
550,260,28.528
551,276,28.528
552,271,28.528
553,271,28.528
554,265,28.528
555,276,28.528
556,271,28.602
557,280,28.731
558,260,28.731
559,266,28.731
560,254,28.731
561,279,28.731
562,282,28.731
563,255,28.731
564,284,28.731
565,268,28.731
566,247,28.731
567,274,28.731
568,232,28.731
569,229,28.731
570,255,28.731
571,280,28.731
572,283,28.731
573,269,28.731
574,279,18.553
575,289,28.357
576,290,28.357
577,292,28.357
578,291,28.357
579,294,28.357
580,292,28.169
581,279,25.204
582,291,25.204
583,298,27.999
584,292,22.875
585,292,22.875
586,288,27.912
587,282,27.912
588,288,27.912
589,286,27.912
590,271,27.912
591,265,27.912
592,267,25.028
593,256,25.028
594,265,27.66
595,276,27.66
596,277,27.648
597,278,28.309
598,277,28.321
599,274,24.821
600,277,24.821
601,285,24.821
602,277,26.16
603,289,26.16
604,295,24.238
605,287,18.338
606,274,21.159
607,277,22.743
608,277,22.743
609,289,22.659
610,285,27.84
611,273,22.659
612,268,22.659
613,250,18.526
614,258,21.458
615,261,21.458
616,260,21.458
617,280,23.828
618,278,21.458
619,270,21.458
620,273,19.329
621,287,26.74
622,318,26.74
623,312,28.411
624,313,28.411
625,313,28.411
626,317,28.411
627,310,28.686
628,301,28.686
629,302,28.799
630,306,28.799
631,269,28.799
632,249,28.799
633,252,20.589
634,252,20.589
635,241,16.738
636,253,21.661
637,247,22.615
638,235,22.615
639,230,18.834
640,233,20.367
641,235,21.9
642,258,23.721
643,252,26.911
644,227,28.258
645,247,26.911
646,234,21.9
647,233,18.427
648,239,18.427
649,237,25.108
650,252,25.774
651,243,25.774
652,234,23.398
653,260,21.195
654,255,24.205
655,271,28.295
656,238,28.295
657,258,28.295
658,259,28.295
659,257,28.295
660,270,28.295
661,278,28.295
662,269,28.295
663,252,13.276
664,246,26.683
665,263,13.276
666,259,21.389
667,245,13.276
668,248,14.257
669,252,12.482
670,251,26.847
671,249,26.671
672,231,27.454
673,248,27.454
674,250,23.73
675,246,23.73
676,248,23.73
677,242,23.73
678,248,28.698
679,235,28.698
680,235,28.698
681,234,28.698
682,265,28.698
683,227,28.698
684,218,26.196
685,219,26.196
686,232,28.019
687,221,26.196
688,217,23.799
689,214,23.799
690,225,23.799
691,231,23.799
692,254,27.778
693,252,17.67
694,250,21.07
695,256,28.369
696,244,28.369
697,249,21.541
698,247,21.541
699,252,22.534
700,229,23.478
701,240,23.478
702,227,27.37
703,232,27.37
704,236,27.098
705,238,27.612
706,238,25.272
707,237,26.835
708,235,26.835
709,232,26.835
710,226,26.835
711,236,16.263
712,224,20.627
713,223,20.627
714,223,26.282
715,219,26.282
716,215,26.814
717,214,26.814
718,214,26.814
719,234,26.814
720,236,28.204
721,232,28.204
722,217,28.204
723,215,28.204
724,210,28.204
725,219,28.204
726,219,28.204
727,207,23.117
728,246,26.524
729,237,27.99
730,237,27.99
731,229,27.99
732,265,27.99
733,242,27.99
734,230,27.99
735,229,22.819
736,231,22.819
737,226,22.819
738,222,22.819
739,223,27.541
740,228,27.541
741,228,27.541
742,246,22.819
743,254,28.324
744,242,28.324
745,247,28.177
746,242,28.177
747,251,28.177
748,238,22.819
749,238,22.819
750,230,22.819
751,239,22.819
752,237,22.819
753,234,22.819
754,226,22.819
755,229,22.819
756,229,28.585
757,218,28.585
758,223,28.585
759,221,28.585
760,223,28.585
761,212,28.585
762,209,28.585
763,213,28.585
764,244,28.585
765,239,28.585
766,237,28.585
767,241,28.585
768,231,28.585
769,233,28.585
770,227,28.585
771,236,28.585
772,246,28.585
773,246,28.585
774,237,28.585
775,234,28.585
776,233,28.585
777,242,25.224
778,257,25.224
779,275,20.364
780,270,24.047
781,271,20.364
782,262,15.232
783,268,15.232
784,267,27.565
785,252,27.565
786,253,27.565
787,255,27.565
788,262,27.565
789,255,27.565
790,259,26.115
791,251,27.503
792,251,27.503
793,251,27.503
794,243,27.636
795,240,27.636
796,245,27.636
797,240,27.601
798,243,27.503
799,232,27.503
800,204,27.503
801,205,27.503
802,209,27.503
803,209,27.503
804,212,27.503
805,217,27.503
806,219,27.503
807,248,27.503
808,248,24.13
809,230,24.13
810,229,24.064
811,244,22.094
812,253,22.094
813,255,22.094
814,262,22.094
815,261,19.479
816,249,21.21
817,224,28.814
818,233,28.814
819,247,28.814
820,243,28.814
821,226,28.814
822,227,28.814
823,219,28.814
824,225,27.864
825,232,27.864
826,237,28.079
827,237,28.079
828,238,28.079
829,244,28.079
830,223,21.668
831,223,21.668
832,225,21.668
833,228,25.95
834,231,25.95
835,237,25.95
836,236,20.089
837,236,20.089
838,250,20.089
839,229,20.089
840,240,26.587
841,240,26.587
842,242,18.164
843,239,17.324
844,242,15.431
845,248,15.431
846,247,15.431
847,250,15.431
848,247,17.324
849,247,17.324
850,235,23.838
851,238,17.324
852,239,17.324
853,266,23.015
854,256,23.015
855,256,23.015
856,266,25.837
857,273,26.617
858,269,26.617
859,270,26.617
860,275,19.918
861,275,19.918
862,283,22.406
863,279,27.799
864,277,27.799
865,273,27.799
866,280,28.896
867,274,28.896
868,269,27.799
869,275,27.799
870,272,26.169
871,271,26.169
872,262,26.169
873,280,26.169
874,280,26.815
875,271,26.815
876,270,26.815
877,273,27.069
878,266,28.39
879,269,28.157
880,269,13.229
881,265,13.229
882,266,28.86
883,286,28.86
884,285,26.731
885,280,27.521
886,284,27.521
887,283,27.521
888,265,24.116
889,255,24.116
890,256,18.87
891,253,28.405
892,247,28.405
893,238,28.731
894,237,28.405
895,236,28.405
896,233,28.31
897,229,28.31
898,229,28.31
899,227,28.171
900,216,28.171
901,218,16.302
902,227,17.593
903,238,17.593
904,241,27.89
905,252,27.89
906,242,27.89
907,243,27.89
908,242,27.89
909,230,27.89
910,279,27.89
911,270,27.89
912,267,27.89
913,265,24.076
914,256,27.756
915,246,20.627
916,233,23.06
917,231,23.06
918,230,23.06
919,244,15.322
920,243,14.816
921,248,18.454
922,252,21.641
923,261,26.166
924,245,26.166
925,245,24.08
926,250,24.08
927,255,18.314
928,250,18.314
929,243,18.314
930,227,14.816
931,227,14.816
932,222,19.891
933,231,28.408
934,213,19.891
935,209,20.409
936,215,21.511
937,227,28.605
938,230,28.605
939,222,20.409
940,222,26.477
941,239,26.477
942,243,26.477
943,233,26.477
944,233,26.477
945,228,26.477
946,226,26.477
947,227,27.141
948,225,27.141
949,223,27.141
950,214,27.141
951,216,27.141
952,223,28.465
953,226,28.465
954,219,26.704
955,221,26.704
956,242,26.704
957,245,23.105
958,244,23.2
959,243,23.2
960,241,26.704
961,249,23.2
962,250,23.2
963,233,23.105
964,238,23.105
965,235,21.01
966,231,21.01
967,238,21.01
968,236,22.941
969,249,23.344
970,223,22.941
971,228,22.941
972,227,22.941
973,224,25.646
974,225,25.646
975,227,22.941
976,223,22.941
977,234,22.941
978,223,22.941
979,227,25.619
980,245,25.619
981,244,22.941
982,258,21.327
983,256,21.327
984,276,25.487
985,287,27.675
986,285,21.327
987,287,21.327
988,281,21.327
989,246,21.327
990,246,21.327
991,244,17.626
992,237,18.095
993,238,18.095
994,260,19.676
995,246,17.626
996,246,22.349
997,236,28.557
998,260,25.383
999,265,25.383
1000,283,25.383
1001,259,24.737
1002,252,24.737
1003,255,24.737
1004,252,24.737
1005,249,24.737
1006,249,24.737
1007,253,24.737
1008,264,23.069
1009,274,24.555
1010,270,24.555
1011,271,25.918
1012,279,25.918
1013,298,24.555
1014,278,23.069
1015,260,23.069
1016,259,23.278
1017,256,26.369
1018,276,28.841
1019,282,26.369
1020,259,26.369
1021,260,26.369
1022,265,26.369
1023,253,26.369
1024,242,26.369
1025,250,26.369
1026,243,27.051
1027,237,27.051
1028,234,28.301
1029,234,27.051
1030,233,26.719
1031,234,27.056
1032,228,27.056
1033,247,27.056
1034,247,27.056
1035,250,26.363
1036,238,28.121
1037,240,28.121
1038,259,26.363
1039,261,25.353
1040,264,25.353
1041,268,27.822
1042,285,28.345
1043,266,27.822
1044,267,27.284
1045,257,27.666
1046,268,27.666
1047,269,27.666
1048,261,27.666
1049,265,27.666
1050,269,25.353
1051,243,25.353
1052,234,25.353
1053,265,25.353
1054,262,25.356
1055,260,27.496
1056,256,25.353
1057,254,25.353
1058,265,21.718
1059,264,26.734
1060,261,17.121
1061,262,17.121
1062,276,24.74
1063,278,28.865
1064,280,28.865
1065,271,18.388
1066,272,18.388
1067,266,26.563
1068,266,26.563
1069,275,28.031
1070,275,28.031
1071,262,28.031
1072,265,28.031
1073,263,28.031
1074,274,28.031
1075,266,27.263
1076,251,27.76
1077,263,27.625
1078,245,27.625
1079,251,27.625
1080,233,28.838
1081,225,27.625
1082,243,28.343
1083,244,28.343
1084,256,28.312
1085,257,28.312
1086,257,28.312
1087,272,28.312
1088,275,28.312
1089,274,28.312
1090,279,28.312
1091,271,28.312
1092,256,28.312
1093,254,28.312
1094,233,28.312
1095,233,28.312
1096,219,28.312
1097,220,28.312
1098,243,28.312
1099,245,28.312
1100,257,28.312
1101,252,28.312
1102,244,28.312
1103,250,28.312
1104,242,28.312
1105,243,28.312
1106,242,28.312
1107,239,28.312
1108,238,28.312
1109,223,28.312
1110,215,28.312
1111,211,28.312
1112,221,28.312
1113,212,28.312
1114,211,28.766
1115,207,28.766
1116,235,28.766
1117,238,28.766
1118,221,28.766
1119,214,28.766
1120,211,28.766
1121,225,28.766
1122,241,28.766
1123,239,25.222
1124,237,25.222
1125,224,25.222
1126,233,25.222
1127,233,25.222
1128,234,25.222
1129,245,26.459
1130,251,26.459
1131,258,26.459
1132,252,26.459
1133,257,26.459
1134,257,26.459
1135,254,26.459
1136,260,26.459
1137,267,27.4
1138,270,28.294
1139,268,28.294
1140,267,28.294
1141,257,28.294
1142,257,28.294
1143,249,28.42
1144,245,26.459
1145,248,27.855
1146,261,27.855
1147,246,27.855
1148,246,26.459
1149,265,26.459
1150,277,26.459
1151,265,26.459
1152,249,26.459
1153,247,26.459
1154,252,26.459
1155,237,27.664
1156,252,27.664
1157,252,27.664
1158,250,27.664
1159,269,27.664
1160,253,27.664
1161,250,27.664
1162,265,27.664
1163,269,27.664
1164,274,28.103
1165,278,28.103
1166,262,28.103
1167,263,28.103
1168,274,28.103
1169,266,28.103
1170,267,28.103
1171,267,28.103
1172,266,28.103
1173,267,26.603
1174,269,26.603
1175,266,26.603
1176,271,28.321
1177,270,28.091
1178,273,26.603
1179,262,26.603
1180,264,26.603
1181,256,23.694
1182,240,23.694
1183,237,23.694
1184,234,18.17
1185,245,24.191
1186,237,27.796
1187,237,27.796
1188,229,27.796
1189,223,28.172
1190,243,28.671
1191,246,28.671
1192,225,28.597
1193,225,25.754
1194,214,26.352
1195,212,26.352
1196,214,26.352
1197,223,26.352
1198,228,26.352
1199,233,18.176
1200,243,18.965
1201,256,18.965
1202,252,18.965
1203,247,18.699
1204,238,18.699
1205,243,18.699
1206,246,18.699
1207,232,18.699
1208,238,18.699
1209,226,20.358
1210,226,20.358
1211,217,19.396
1212,224,25.406
1213,228,25.406
1214,215,26.184
1215,218,26.184
1216,237,26.184
1217,232,28.785
1218,232,28.785
1219,247,28.785
1220,262,28.785
1221,279,28.785
1222,286,27.358
1223,262,27.358
1224,262,27.358
1225,258,27.358
1226,251,27.358
1227,251,27.358
1228,250,24.206
1229,253,24.206
1230,241,28.056
1231,240,23.834
1232,244,23.834
1233,244,23.834
1234,254,28.575
1235,254,28.575
1236,244,28.575
1237,248,28.575
1238,247,27.977
1239,240,27.977
1240,252,27.977
1241,273,27.977
1242,270,28.264
1243,269,28.264
1244,264,28.264
1245,273,28.264
1246,282,28.264
1247,295,18.654
1248,286,28.485
1249,287,23.066
1250,287,23.066
1251,274,23.066
1252,263,25.078
1253,242,18.128
1254,266,26.327
1255,247,26.169
1256,231,26.169
1257,235,26.169
1258,214,19.997
1259,214,25.308
1260,235,24.244
1261,230,24.244
1262,233,24.244
1263,240,24.244
1264,237,24.244
1265,222,23.512
1266,229,23.512
1267,229,23.512
1268,238,23.512
1269,245,20.819
1270,224,20.277
1271,229,20.277
1272,241,26.761
1273,242,26.761
1274,234,26.761
1275,228,26.761
1276,236,26.761
1277,256,28.187
1278,259,28.187
1279,258,28.187
1280,271,28.187
1281,270,28.187
1282,286,28.187
1283,288,28.187
1284,283,28.187
1285,281,28.187
1286,282,28.187
1287,290,23.712
1288,280,23.712
1289,308,27.23
1290,309,26.991
1291,271,23.712
1292,284,23.712
1293,283,23.712
1294,260,23.712
1295,270,23.712
1296,278,27.89
1297,271,27.89
1298,269,27.89
1299,256,27.89
1300,262,27.89
1301,263,27.89
1302,256,27.89
1303,260,27.89
1304,253,27.89
1305,262,27.89
1306,265,26.315
1307,253,26.315
1308,264,26.315
1309,261,26.315
1310,265,26.315
1311,273,26.315
1312,270,26.315
1313,267,26.315
1314,290,27.735
1315,285,26.315
1316,288,27.565
1317,269,27.021
1318,269,27.021
1319,286,27.021
1320,280,27.021
1321,282,27.021
1322,267,27.021
1323,270,27.021
1324,289,27.021
1325,289,27.021
1326,289,27.021
1327,287,27.021
1328,304,27.021
1329,303,27.021
1330,315,27.113
1331,327,27.113
1332,333,27.113
1333,328,24.959
1334,349,27.083
1335,345,24.959
1336,297,27.607
1337,305,27.607
1338,296,24.959
1339,276,24.959
1340,261,24.959
1341,261,24.959
1342,275,28.482
1343,273,28.482
1344,270,25.586
1345,269,25.586
1346,269,25.586
1347,272,25.586
1348,270,25.586
1349,274,25.586
1350,271,25.586
1351,269,25.084
1352,282,25.084
1353,270,26.037
1354,288,26.037
1355,284,26.037
1356,282,24.959
1357,280,24.959
1358,278,24.959
1359,282,28.264
1360,267,24.959
1361,277,28.754
1362,273,24.959
1363,276,26.578
1364,282,26.578
1365,273,26.578
1366,273,23.709
1367,261,23.709
1368,256,23.709
1369,265,23.013
1370,260,23.013
1371,257,23.858
1372,254,23.858
1373,256,23.858
1374,252,23.389
1375,248,23.389
1376,240,23.389
1377,241,23.389
1378,249,27.024
1379,251,27.024
1380,252,23.389
1381,248,23.389
1382,263,23.389
1383,261,23.389
1384,264,26.184
1385,260,26.184
1386,256,26.184
1387,274,26.184
1388,279,26.184
1389,274,26.184
1390,279,25.742
1391,269,27.437
1392,290,27.437
1393,308,27.601
1394,320,27.601
1395,311,27.717
1396,297,27.601
1397,254,27.601
1398,256,27.601
1399,260,27.601
1400,246,27.601
1401,243,24.803
1402,240,24.803
1403,235,24.803
1404,238,24.803
1405,249,28.396
1406,251,28.396
1407,248,25.986
1408,247,24.803
1409,242,24.803
1410,232,24.803
1411,225,23.996
1412,233,26.847
1413,236,27.332
1414,238,27.945
1415,238,27.945
1416,228,27.945
1417,239,27.945
1418,242,28.109
1419,244,28.109
1420,256,27.945
1421,251,27.945
1422,253,27.945
1423,249,27.945
1424,243,27.048
1425,242,27.048
1426,245,27.048
1427,237,23.078
1428,235,23.729
1429,246,23.885
1430,247,23.885
1431,241,23.885
1432,239,23.885
1433,256,23.885
1434,257,23.885
1435,258,23.885
1436,258,21.111
1437,254,21.111
1438,263,21.111
1439,257,27.108
1440,241,27.108
1441,247,21.066
1442,242,21.578
1443,234,21.578
1444,235,21.578
1445,229,22.519
1446,238,26.289
1447,245,26.289
1448,247,22.519
1449,262,22.519
1450,245,22.519
1451,265,25.957
1452,267,25.401
1453,261,25.401
1454,271,25.401
1455,283,25.401
1456,267,28.827
1457,255,28.827
1458,255,28.827
1459,256,28.187
1460,261,28.187
1461,285,28.187
1462,292,28.187
1463,271,28.316
1464,274,28.316
1465,258,27.792
1466,229,25.416
1467,228,25.416
1468,231,25.416
1469,233,25.416
1470,277,25.416
1471,269,25.416
1472,271,25.416
1473,237,27.882
1474,234,28.348
1475,233,28.348
1476,241,28.348
1477,247,28.348
1478,242,28.348
1479,253,28.348
1480,249,28.348
1481,243,28.348
1482,258,24.57
1483,264,22.904
1484,273,22.904
1485,252,20.905
1486,246,20.905
1487,244,20.905
1488,262,20.905
1489,265,21.81
1490,264,21.81
1491,256,24.962
1492,258,20.104
1493,258,20.104
1494,238,24.962
1495,261,24.962
1496,270,24.962
1497,280,24.962
1498,265,24.962
1499,261,24.962
1500,259,22.711
1501,258,22.711
1502,264,22.711
1503,268,20.173
1504,280,25.834
1505,294,25.834
1506,279,22.776
1507,277,14.26
1508,276,16.67
1509,282,26.686
1510,284,26.686
1511,277,26.686
1512,266,28.859
1513,264,28.859
1514,271,26.686
1515,284,26.686
1516,281,18.334
1517,289,18.334
1518,289,18.334
1519,288,23.15
1520,292,23.15
1521,281,23.15
1522,269,23.15
1523,293,23.15
1524,291,23.15
1525,295,23.897
1526,294,23.897
1527,298,25.119
1528,282,21.894
1529,283,25.524
1530,278,25.524
1531,294,25.524
1532,288,25.524
1533,273,21.894
1534,279,14.648
1535,274,27.884
1536,272,23.569
1537,276,23.569
1538,271,24.318
1539,292,24.318
1540,291,23.569
1541,271,23.569
1542,255,23.569
1543,244,24.166
1544,241,23.569
1545,239,23.569
1546,237,26.34
1547,221,27.574
1548,240,20.531
1549,242,20.531
1550,248,21.766
1551,244,21.766
1552,245,21.766
1553,246,23.419
1554,242,23.419
1555,248,24.803
1556,273,26.731
1557,273,26.731
1558,270,26.731
1559,271,26.731
1560,260,26.731
1561,269,26.731
1562,234,20.893
1563,244,20.893
1564,244,20.893
1565,239,20.492
1566,236,25.903
1567,247,21.365
1568,242,21.365
1569,247,24.648
1570,245,24.648
1571,237,24.648
1572,246,19.228
1573,237,24.711
1574,238,25.637
1575,244,24.711
1576,236,28.623
1577,243,28.623
1578,258,28.623
1579,265,28.623
1580,279,20.367
1581,282,28.103
1582,280,20.03
1583,280,19.279
1584,278,19.279
1585,270,21.284
1586,268,21.284
1587,298,21.67
1588,300,21.67
1589,304,21.67
1590,295,21.67
1591,316,25.61
1592,312,25.61
1593,296,19.47
1594,303,17.142
1595,257,19.078
1596,223,19.078
1597,226,19.078
1598,239,21.356
1599,219,19.078
1600,222,27.074
1601,235,28.51
1602,230,28.51
1603,230,28.51
1604,260,28.51
1605,272,28.51
1606,238,28.51
1607,242,28.51
1608,241,28.51
1609,239,28.51
1610,241,26.97
1611,251,28.808
1612,249,28.808
1613,245,28.808
1614,225,28.653
1615,225,28.653
1616,233,28.304
1617,246,28.304
1618,258,28.304
1619,253,28.304
1620,243,28.304
1621,229,28.325
1622,226,28.238
1623,227,28.238
1624,225,28.238
1625,229,28.352
1626,231,28.238
1627,243,28.238
1628,229,28.238
1629,235,28.238
1630,245,28.238
1631,229,28.238
1632,227,24.034
1633,223,24.034
1634,233,24.034
1635,239,25.409
1636,248,25.409
1637,248,25.409
1638,243,21.826
1639,217,20.72
1640,211,20.72
1641,213,25.873
1642,213,20.72
1643,212,20.72
1644,218,22.612
1645,219,27.819
1646,220,25.362
1647,224,25.362
1648,223,25.601
1649,220,26.292
1650,218,27.485
1651,220,27.485
1652,223,26.292
1653,234,18.667
1654,235,24.668
1655,250,21.147
1656,239,21.072
1657,236,28.106
1658,234,28.106
1659,235,28.106
1660,245,18.906
1661,244,18.906
1662,246,18.906
1663,243,19.214
1664,245,25.978
1665,243,25.978
1666,232,25.978
1667,236,25.978
1668,245,25.978
1669,247,24.334
1670,259,25.921
1671,255,26.333
1672,237,26.333
1673,236,26.333
1674,238,26.333
1675,260,26.333
1676,260,24.334
1677,252,21.497
1678,263,21.497
1679,252,22.128
1680,258,27.76
1681,248,27.76
1682,238,21.497
1683,242,26.498
1684,234,26.498
1685,241,26.498
1686,260,28.168
1687,260,28.168
1688,261,28.168
1689,261,26.498
1690,248,26.498
1691,240,26.498
1692,234,27.496
1693,220,27.496
1694,223,27.496
1695,228,21.497
1696,220,24.465
1697,221,21.497
1698,223,22.31
1699,227,23.987
1700,228,23.987
1701,246,26.307
1702,250,26.307
1703,252,26.307
1704,244,26.307
1705,262,25.225
1706,257,24.911
1707,254,24.911
1708,265,19.569
1709,258,19.569
1710,274,19.569
1711,266,19.569
1712,265,22.636
1713,261,27.063
1714,273,22.636
1715,279,25.285
1716,286,26.696
1717,279,26.696
1718,280,26.696
1719,278,26.696
1720,268,25.285
1721,267,25.285
1722,258,25.285
1723,271,25.285
1724,267,25.285
1725,266,27.37
1726,278,25.285
1727,289,26.539
1728,286,26.539
1729,281,26.539
1730,289,23.366
1731,272,26.788
1732,271,23.366
1733,257,23.366
1734,274,23.366
1735,256,23.366
1736,259,23.366
1737,237,23.366
1738,235,28.136
1739,232,23.366
1740,240,23.999
1741,253,25.542
1742,241,25.542
1743,230,25.542
1744,230,25.542
1745,221,27.996
1746,229,27.996
1747,236,27.996
1748,240,27.996
1749,262,27.996
1750,272,27.996
1751,273,27.996
1752,271,27.996
1753,268,27.996
1754,270,27.996
1755,278,27.996
1756,273,27.996
1757,262,27.996
1758,269,28.068
1759,280,28.068
1760,276,28.068
1761,285,28.068
1762,281,28.068
1763,279,20.045
1764,286,20.045
1765,294,26.644
1766,301,20.191
1767,307,20.045
1768,305,20.045
1769,309,20.045
1770,304,20.045
1771,297,22.218
1772,291,22.218
1773,294,22.218
1774,291,22.218
1775,282,21.506
1776,240,25.538
1777,234,25.538
1778,239,25.538
1779,236,25.538
1780,227,25.538
1781,252,21.506
1782,252,21.506
1783,258,23.568
1784,257,25.242
1785,265,25.242
1786,275,24.495
1787,279,27.317
1788,277,27.562
1789,265,28.294
1790,270,24.495
1791,272,23.691
1792,274,23.691
1793,277,23.628
1794,277,23.628
1795,278,28.833
1796,291,23.628
1797,285,23.628
1798,282,23.628
1799,260,23.628
1800,253,20.574
1801,257,20.574
1802,272,23.904
1803,291,24.967
1804,269,23.904
1805,256,20.574
1806,268,28.483
1807,261,19.446
1808,261,28.097
1809,248,28.097
1810,248,28.097
1811,250,28.097
1812,254,28.097
1813,250,28.097
1814,244,28.097
1815,238,25.52
1816,248,21.972
1817,254,21.972
1818,250,21.972
1819,253,22.098
1820,241,26.041
1821,237,28.154
1822,243,28.154
1823,239,28.154
1824,246,28.154
1825,245,23.557
1826,246,22.098
1827,247,28.047
1828,251,28.047
1829,255,28.047
1830,226,28.047
1831,244,28.047
1832,247,28.047
1833,247,28.047
1834,245,28.047
1835,268,23.844
1836,266,23.844
1837,245,23.844
1838,243,23.844
1839,245,21.284
1840,248,27.586
1841,247,28.375
1842,239,28.375
1843,242,28.375
1844,252,28.375
1845,270,28.375
1846,275,27.592
1847,280,27.592
1848,289,27.592
1849,279,27.592
1850,276,27.592
1851,274,27.371
1852,278,27.371
1853,281,27.371
1854,283,27.371
1855,295,28.563
1856,297,27.783
1857,298,27.783
1858,298,27.783
1859,295,28.527
1860,289,28.527
1861,286,28.527
1862,284,28.527
1863,282,28.527
1864,282,26.74
1865,279,26.74
1866,258,26.74
1867,261,24.54
1868,266,24.54
1869,281,24.54
1870,276,24.54
1871,271,28.103
1872,263,27.884
1873,264,27.884
1874,254,27.884
1875,253,24.889
1876,255,24.889
1877,254,24.889
1878,274,24.889
1879,268,27.911
1880,265,27.911
1881,239,27.816
1882,234,27.816
1883,243,28.189
1884,241,28.189
1885,254,28.189
1886,239,28.189
1887,232,28.189
1888,250,28.189
1889,260,28.189
1890,264,28.189
1891,255,28.189
1892,252,28.189
1893,238,25.236
1894,244,25.236
1895,247,25.236
1896,237,25.236
1897,257,25.236
1898,255,25.236
1899,244,27.601
1900,261,27.601
1901,264,27.601
1902,269,27.601
1903,282,27.601
1904,279,27.601
1905,277,27.601
1906,266,27.601
1907,261,27.601
1908,249,24.838
1909,236,24.838
1910,229,26.653
1911,244,24.838
1912,240,24.112
1913,222,24.112
1914,224,24.743
1915,234,24.743
1916,234,24.743
1917,243,27.024
1918,255,27.822
1919,255,27.822
1920,250,27.024
1921,245,27.024
1922,262,23.598
1923,254,24.043
1924,240,26.898
1925,244,26.898
1926,247,26.898
1927,254,28.73
1928,267,28.73
1929,275,28.73
1930,276,25.012
1931,270,25.012
1932,279,22.819
1933,282,22.819
1934,285,23.762
1935,274,27.228
1936,279,27.228
1937,287,27.228
1938,293,27.849
1939,304,22.819
1940,293,23.78
1941,275,23.159
1942,275,22.819
1943,276,22.819
1944,265,25.114
1945,262,25.114
1946,263,25.114
1947,257,26.33
1948,248,26.33
1949,248,26.33
1950,246,26.33
1951,247,25.248
1952,236,25.248
1953,257,28.905
1954,257,28.905
1955,253,28.905
1956,260,28.905
1957,255,28.905
1958,261,24.938
1959,258,27.589
1960,268,27.589
1961,270,24.938
1962,271,22.654
1963,261,28.516
1964,273,28.516
1965,283,28.516
1966,279,28.516
1967,269,28.516
1968,280,28.516
1969,279,28.516
1970,274,28.516
1971,282,27.284
1972,288,27.998
1973,275,27.998
1974,275,27.284
1975,274,27.098
1976,268,27.098
1977,263,27.098
1978,251,27.098
1979,250,26.36
1980,246,26.36
1981,243,26.36
1982,254,26.36
1983,252,26.36
1984,261,26.36
1985,262,28.168
1986,266,26.36
1987,266,26.36
1988,275,26.36
1989,269,26.845
1990,259,26.845
1991,268,26.845
1992,268,26.845
1993,261,26.845
1994,257,26.845
1995,262,26.845
1996,264,26.376
1997,251,26.376
1998,240,27.678
1999,256,27.128
2000,259,26.376
2001,262,26.376
2002,268,26.376
2003,256,19.826
2004,263,19.826
2005,264,19.826
2006,257,19.826
2007,257,19.826
2008,251,27.4
2009,245,27.4
2010,231,9.504
2011,245,20.289
2012,263,20.561
2013,274,20.561
2014,268,22.077
2015,263,26.959
2016,251,26.959
2017,264,26.959
2018,255,26.959
2019,254,26.959
2020,252,26.959
2021,272,26.959
2022,281,26.959
2023,276,28.408
2024,260,28.408
2025,271,24.767
2026,238,25.168
2027,240,27.846
2028,248,27.846
2029,232,27.624
2030,238,27.624
2031,228,27.624
2032,218,27.624
2033,217,27.624
2034,223,27.624
2035,214,27.624
2036,222,25.168
2037,222,25.168
2038,227,25.553
2039,242,25.553
2040,246,25.245
2041,242,28.139
2042,250,25.168
2043,267,21.766
2044,260,24.094
2045,252,24.094
2046,250,24.094
2047,251,23.771
2048,251,24.212
2049,258,23.771
2050,265,25.487
2051,248,25.487
2052,245,28.707
2053,244,26.418
2054,244,26.418
2055,235,18.678
2056,223,18.678
2057,239,21.123
2058,252,16.535
2059,242,16.535
2060,242,16.535
2061,269,28.24
2062,275,28.24
2063,271,20.023
2064,270,20.023
2065,257,20.023
2066,260,20.023
2067,261,22.956
2068,267,22.956
2069,262,21.903
2070,274,27.185
2071,265,27.361
2072,255,18.179
2073,255,18.179
2074,250,18.179
2075,256,18.179
2076,260,16.535
2077,263,28.797
2078,267,28.797
2079,262,28.797
2080,260,24.441
2081,259,24.155
2082,262,24.155
2083,268,24.155
2084,252,28.446
2085,274,24.155
2086,265,26.77
2087,266,26.77
2088,262,26.77
2089,262,26.77
2090,253,26.77
2091,256,26.77
2092,259,26.77
2093,253,26.77
2094,263,26.77
2095,253,26.77
2096,252,26.77
2097,248,26.77
2098,246,26.77
2099,264,26.77
2100,267,26.77
2101,260,26.77
2102,278,26.77
2103,271,26.77
2104,274,26.77
2105,278,26.77
2106,262,26.77
2107,262,26.77
2108,266,26.77
2109,270,26.866
2110,264,26.77
2111,254,26.77
2112,282,27.216
2113,276,27.216
2114,261,21.954
2115,259,19.826
2116,252,19.826
2117,240,23.042
2118,252,23.042
2119,268,27.915
2120,260,27.915
2121,254,27.915
2122,279,27.915
2123,268,27.915
2124,259,27.915
2125,263,27.915
2126,257,28.396
2127,267,27.915
2128,269,27.915
2129,269,27.915
2130,276,27.915
2131,278,27.915
2132,278,27.915
2133,277,27.915
2134,272,27.915
2135,274,27.915
2136,268,28.752
2137,275,28.752
2138,277,28.752
2139,282,28.752
2140,276,26.19
2141,280,26.19
2142,270,26.19
2143,266,27.69
2144,248,27.69
2145,240,26.19
2146,238,26.19
2147,255,26.19
2148,254,24.379
2149,254,24.379
2150,250,27.074
2151,246,27.074
2152,262,26.13
2153,264,26.327
2154,262,28.769
2155,262,24.379
2156,266,24.379
2157,266,24.379
2158,261,24.379
2159,250,26.761
2160,251,28.327
2161,246,26.761
2162,255,26.761
2163,272,24.572
2164,263,24.841
2165,266,24.841
2166,277,24.841
2167,268,24.841
2168,274,24.841
2169,291,24.841
2170,274,24.841
2171,279,25.155
2172,281,26.351
2173,281,26.351
2174,263,24.379
2175,264,27.087
2176,261,27.087
2177,251,23.601
2178,250,23.601
2179,254,23.601
2180,252,23.601
2181,244,23.601
2182,242,27.956
2183,242,27.956
2184,237,27.956
2185,243,27.956
2186,250,27.609
2187,249,27.609
2188,260,22.082
2189,249,27.84
2190,255,27.84
2191,257,27.84
2192,278,27.84
2193,277,27.84
2194,265,27.84
2195,264,28.31
2196,266,27.84
2197,258,27.84
2198,245,27.84
2199,238,27.84
2200,230,27.84
2201,239,27.84
2202,223,27.84
2203,230,27.84
2204,222,27.84
2205,221,28.449
2206,230,28.449
2207,232,28.449
2208,225,28.449
2209,228,27.84
2210,243,25.661
2211,244,28.542
2212,250,28.542
2213,251,25.661
2214,256,26.388
2215,247,27.772
2216,250,27.772
2217,250,27.772
2218,242,25.661
2219,231,28.038
2220,231,28.038
2221,232,28.038
2222,232,28.038
2223,240,28.038
2224,248,28.038
2225,268,28.038
2226,257,28.038
2227,252,28.038
2228,254,28.038
2229,229,28.038
2230,244,26.214
2231,243,24.974
2232,252,28.19
2233,264,28.19
2234,245,28.19
2235,248,27.67
2236,258,26.761
2237,265,26.761
2238,270,26.548
2239,256,26.671
2240,265,28.491
2241,261,28.491
2242,275,28.402
2243,282,23.478
2244,270,23.478
2245,270,23.763
2246,271,23.763
2247,280,23.478
2248,283,23.478
2249,273,23.478
2250,273,23.478
2251,269,27.233
2252,266,27.233
2253,262,28.213
2254,262,28.213
2255,268,28.213
2256,264,28.213
2257,268,24.33
2258,274,26.106
2259,279,26.106
2260,266,26.106
2261,268,26.106
2262,265,28.605
2263,270,28.605
2264,268,28.605
2265,265,28.605
2266,260,22.28
2267,263,24.95
2268,260,24.95
2269,258,27.926
2270,250,27.926
2271,250,27.926
2272,245,27.926
2273,250,28.47
2274,285,28.47
2275,275,24.95
2276,273,25.326
2277,282,24.809
2278,275,24.809
2279,272,24.809
2280,280,28.037
2281,289,28.037
2282,286,24.809
2283,286,24.809
2284,291,24.809
2285,283,24.809
2286,274,24.809
2287,276,24.809
2288,271,24.809
2289,265,22.11
2290,265,22.11
2291,273,25.427
2292,272,25.427
2293,261,25.427
2294,261,25.427
2295,254,25.427
2296,248,27.618
2297,250,27.618
2298,256,24.085
2299,267,24.085
2300,268,28.504
2301,269,28.504
2302,251,28.504
2303,240,24.409
2304,247,24.605
2305,248,24.085
2306,266,24.085
2307,256,25.078
2308,252,24.085
2309,239,25.876
2310,259,24.085
2311,272,24.085
2312,272,24.085
2313,264,26.154
2314,266,23.457
2315,252,23.457
2316,250,23.457
2317,243,27.346
2318,221,27.346
2319,227,22.11
2320,244,28.088
2321,228,28.088
2322,227,26.731
2323,249,26.731
2324,251,22.11
2325,240,22.821
2326,239,27.717
2327,248,27.717
2328,258,22.11
2329,236,24.662
2330,237,24.662
2331,245,28.474
2332,237,28.474
2333,254,24.662
2334,265,24.662
2335,286,24.662
2336,269,24.662
2337,254,24.662
2338,272,27.669
2339,266,26.557
2340,255,26.557
2341,252,22.11
2342,245,22.11
2343,248,22.11
2344,249,22.11
2345,255,26.914
2346,250,26.914
2347,260,22.11
2348,256,22.11
2349,261,24.555
2350,265,24.555
2351,269,24.555
2352,271,28.399
2353,266,28.399
2354,251,28.399
2355,256,28.587
2356,250,28.587
2357,273,28.587
2358,242,28.587
2359,234,28.587
2360,240,28.587
2361,238,28.587
2362,249,28.587
2363,220,26.352
2364,216,28.408
2365,213,28.408
2366,212,28.408
2367,211,26.352
2368,230,26.352
2369,246,26.352
2370,238,26.352
2371,249,26.352
2372,246,25.739
2373,232,21.324
2374,231,21.324
2375,234,21.136
2376,239,25.412
2377,241,21.136
2378,242,22.286
2379,244,22.286
2380,265,22.286
2381,265,22.286
2382,262,22.286
2383,244,22.286
2384,245,19.584
2385,242,19.584
2386,241,26.764
2387,244,26.764
2388,252,15.928
2389,225,18.977
2390,218,24.806
2391,218,27.696
2392,235,15.928
2393,243,15.928
2394,236,17.267
2395,237,23.643
2396,223,23.562
2397,228,23.562
2398,238,23.562
2399,241,23.562
2400,241,19.452
2401,240,22.457
2402,238,22.457
2403,243,18.199
2404,255,26.119
2405,249,26.119
2406,255,26.119
2407,246,26.119
2408,256,26.119
2409,238,26.119
2410,230,24.56
2411,233,24.878
2412,230,27.254
2413,230,27.254
2414,248,27.254
2415,244,28.378
2416,235,28.378
2417,227,27.254
2418,233,27.254
2419,235,27.254
2420,230,27.254
2421,231,27.254
2422,237,27.254
2423,250,27.254
2424,252,24.89
2425,251,24.89
2426,254,24.89
2427,251,24.89
2428,253,24.89
2429,249,24.378
2430,261,28.139
2431,245,28.139
2432,238,26.71
2433,241,26.632
2434,267,26.632
2435,285,25.741
2436,274,28.249
2437,280,28.249
2438,289,28.249
2439,289,28.249
2440,291,28.249
2441,292,28.249
2442,290,28.249
2443,270,27.687
2444,282,27.687
2445,297,27.687
2446,273,28.86
2447,284,28.86
2448,268,28.86
2449,269,28.86
2450,271,28.232
2451,271,28.232
2452,270,25.634
2453,282,27.251
2454,285,27.251
2455,289,27.251
2456,282,27.251
2457,284,27.251
2458,274,25.176
2459,259,25.176
2460,256,25.176
2461,229,25.176
2462,260,27.805
2463,273,27.805
2464,274,27.805
2465,282,27.805
2466,271,27.805
2467,270,22.959
2468,278,22.959
2469,274,22.959
2470,271,22.959
2471,233,22.959
2472,258,25.23
2473,262,25.23
2474,255,25.23
2475,249,20.834
2476,231,20.834
2477,235,20.834
2478,226,28.865
2479,271,28.865
2480,277,28.865
2481,279,24.34
2482,276,24.34
2483,221,24.34
2484,234,24.34
2485,230,24.34
2486,220,24.34
2487,224,24.34
2488,230,24.34
2489,234,24.34
2490,255,24.34
2491,241,28.357
2492,246,24.34
2493,284,24.34
2494,288,24.34
2495,294,28.1
2496,268,28.1
2497,266,28.1
2498,271,28.1
2499,268,27.425
2500,244,27.425
2501,247,23.936
2502,238,27.822
2503,253,27.822
2504,249,21.509
2505,253,21.509
2506,241,28.647
2507,261,28.647
2508,262,28.647
2509,268,28.647
2510,258,28.647
2511,235,28.647
2512,230,20.699
2513,244,20.699
2514,244,23.461
2515,246,23.461
2516,245,23.461
2517,243,23.461
2518,232,18.777
2519,233,18.777
2520,238,18.777
2521,234,18.777
2522,229,19.751
2523,239,19.751
2524,242,19.751
2525,237,27.243
2526,224,27.243
2527,233,27.243
2528,219,27.243
2529,223,27.243
2530,225,23.697
2531,225,23.697
2532,228,23.697
2533,232,24.064
2534,245,23.697
2535,257,23.697
2536,237,23.697
2537,226,23.697
2538,221,23.697
2539,238,25.371
2540,230,26.255
2541,228,25.137
2542,226,25.137
2543,227,25.137
2544,239,25.137
2545,232,25.137
2546,239,26.097
2547,230,26.097
2548,217,26.097
2549,222,24.716
2550,238,23.697
2551,247,28.542
2552,257,28.542
2553,253,23.697
2554,259,23.697
2555,259,23.697
2556,267,23.697
2557,272,24.309
2558,277,24.309
2559,254,24.309
2560,258,24.309
2561,219,24.309
2562,228,24.309
2563,232,24.309
2564,225,24.309
2565,221,24.309
2566,213,24.309
2567,229,24.309
2568,228,24.309
2569,246,23.218
2570,234,28.781
2571,234,28.781
2572,241,28.781
2573,232,28.781
2574,239,28.781
2575,255,28.781
2576,249,28.781
2577,248,28.781
2578,255,27.234
2579,269,28.881
2580,269,28.881
2581,264,18.101
2582,267,28.83
2583,290,28.83
2584,269,28.83
2585,272,28.83
2586,266,28.83
2587,277,28.83
2588,273,28.83
2589,273,28.83
2590,275,28.83
2591,265,27.759
2592,247,27.759
2593,247,27.747
2594,236,28.769
2595,226,28.769
2596,238,24.725
2597,238,28.851
2598,240,28.851
2599,242,28.851
2600,244,28.851
2601,247,28.851
2602,254,28.851
2603,255,28.851
2604,251,26.095
2605,254,26.095
2606,260,27.43
2607,258,28.061
2608,275,28.061
2609,277,28.061
2610,268,26.095
2611,268,24.173
2612,263,25.953
2613,234,24.173
2614,236,24.173
2615,228,24.097
2616,228,26.321
2617,256,26.321
2618,232,26.321
2619,227,28.357
2620,241,26.767
2621,239,26.512
2622,233,27.726
2623,237,27.726
2624,237,27.726
2625,244,23.775
2626,238,23.775
2627,236,25.974
2628,227,26.01
2629,248,26.01
2630,247,26.067
2631,248,26.067
2632,239,27.243
2633,232,27.243
2634,253,27.243
2635,253,26.067
2636,235,26.067
2637,223,26.067
2638,219,26.067
2639,211,26.01
2640,221,26.01
2641,219,28.477
2642,238,28.477
2643,253,25.777
2644,256,24.007
2645,256,24.007
2646,236,26.558
2647,236,26.558
2648,227,28.186
2649,226,28.186
2650,226,26.558
2651,226,26.558
2652,224,26.558
2653,216,24.841
2654,198,24.841
2655,207,24.841
2656,221,24.841
2657,225,24.841
2658,242,28.689
2659,242,28.689
2660,235,27.162
2661,232,27.162
2662,226,27.162
2663,228,27.162
2664,254,27.162
2665,253,27.162
2666,253,27.162
2667,270,27.162
2668,280,28.285
2669,260,27.756
2670,254,27.756
2671,255,27.756
2672,244,27.756
2673,219,27.574
2674,225,27.574
2675,227,27.574
2676,239,27.574
2677,272,27.574
2678,267,27.162
2679,250,27.162
2680,262,27.162
2681,264,27.162
2682,265,27.162
2683,258,27.326
2684,252,27.326
2685,241,27.326
2686,242,28.199
2687,236,28.199
2688,239,28.199
2689,233,27.843
2690,235,28.049
2691,236,28.327
2692,232,27.565
2693,250,28.33
2694,261,28.33
2695,267,28.33
2696,272,28.33
2697,253,28.33
2698,251,28.33
2699,250,28.429
2700,225,28.429
2701,219,28.429
2702,208,28.429
2703,204,27.565
2704,222,27.565
2705,237,27.565
2706,225,27.565
2707,240,27.565
2708,240,27.565
2709,243,28.757
2710,245,27.639
2711,228,27.639
2712,226,27.639
2713,238,27.837
2714,237,27.639
2715,232,27.639
2716,245,28.333
2717,236,28.333
2718,258,28.336
2719,255,27.299
2720,238,27.299
2721,237,27.162
2722,227,27.162
2723,238,27.162
2724,245,27.162
2725,246,27.162
2726,252,27.162
2727,254,27.162
2728,247,27.162
2729,253,27.162
2730,250,27.162
2731,250,27.162
2732,252,27.162
2733,254,27.162
2734,266,28.133
2735,278,28.133
2736,274,28.133
2737,267,27.162
2738,264,27.162
2739,269,27.162
2740,251,27.162
2741,231,27.162
2742,247,27.162
2743,238,27.162
2744,239,22.623
2745,257,22.623
2746,250,23.703
2747,249,23.703
2748,242,19.93
2749,249,24.895
2750,244,24.895
2751,243,24.895
2752,257,15.109
2753,254,25.708
2754,243,25.708
2755,251,27.08
2756,241,28.375
2757,237,22.752
2758,246,23.934
2759,246,20.645
2760,240,25.754
2761,272,25.754
2762,269,20.571
2763,248,20.571
2764,259,20.571
2765,252,25.35
2766,251,25.35
2767,251,25.35
2768,236,25.35
2769,236,25.35
2770,238,20.571
2771,230,20.571
2772,228,25.35
2773,233,25.35
2774,240,25.35
2775,251,27.009
2776,254,28.482
2777,257,25.834
2778,267,25.834
2779,254,25.475
2780,261,23.574
2781,277,23.574
2782,254,23.574
2783,279,26.226
2784,287,26.226
2785,305,26.226
2786,307,28.515
2787,305,28.533
2788,277,28.533
2789,272,28.533
2790,309,25.715
2791,284,25.715
2792,278,23.574
2793,287,26.527
2794,284,23.574
2795,279,23.574
2796,253,23.574
2797,248,23.574
2798,260,23.574
2799,261,27.361
2800,277,24.097
2801,294,24.097
2802,279,26.778
2803,267,26.778
2804,275,26.778
2805,264,28.662
2806,266,26.778
2807,273,24.34
2808,290,24.34
2809,288,24.34
2810,280,26.512
2811,295,26.512
2812,294,24.34
2813,288,24.34
2814,244,24.34
2815,234,24.34
2816,241,28.599
2817,258,26.13
2818,278,24.34
2819,255,24.34
2820,257,25.386
2821,259,28.325
2822,265,28.325
2823,253,22.316
2824,253,22.316
2825,241,21.796
2826,242,21.796
2827,234,18.989
2828,247,19.219
2829,236,26.352
2830,235,26.352
2831,234,26.352
2832,233,26.352
2833,245,26.352
2834,247,26.352
2835,245,27.855
2836,256,26.352
2837,264,26.352
2838,260,26.352
2839,253,26.352
2840,255,26.352
2841,259,26.352
2842,253,27.176
2843,254,26.352
2844,255,26.352
2845,256,26.352
2846,249,26.352
2847,244,26.352
2848,238,26.352
2849,232,26.352
2850,235,26.352
2851,225,27.616
2852,226,27.616
2853,221,27.616
2854,231,28.742
2855,242,28.742
2856,248,27.616
2857,247,27.616
2858,242,27.616
2859,243,24.764
2860,236,26.94
2861,264,26.049
2862,271,26.049
2863,275,26.049
2864,257,26.049
2865,262,26.178
2866,247,26.178
2867,249,21.937
2868,235,25.242
2869,235,25.242
2870,224,25.242
2871,230,25.242
2872,238,22.014
2873,241,22.014
2874,245,21.937
2875,254,21.937
2876,249,21.937
2877,228,23.653
2878,225,23.653
2879,220,28.399
2880,220,28.399
2881,220,28.399
2882,227,28.399
2883,226,28.399
2884,239,28.399
2885,230,28.399
2886,242,28.399
2887,242,26.178
2888,240,26.178
2889,239,26.178
2890,244,26.178
2891,215,26.178
2892,231,22.976
2893,217,16.667
2894,209,16.667
2895,236,16.667
2896,228,16.667
2897,240,16.667
2898,227,22.106
2899,253,22.106
2900,233,22.106
2901,233,28.656
2902,227,20.015
2903,235,20.015
2904,223,26.33
2905,225,20.015
2906,229,20.015
2907,249,20.015
2908,255,22.378
2909,259,22.378
2910,261,22.378
2911,240,22.378
2912,228,28.698
2913,253,28.698
2914,257,28.698
2915,256,22.552
2916,257,23.443
2917,249,23.443
2918,242,26.668
2919,256,20.465
2920,256,20.465
2921,255,17.456
2922,253,17.456
2923,252,17.456
2924,255,17.456
2925,236,17.456
2926,245,21.27
2927,246,25.646
2928,261,25.646
2929,254,21.921
2930,254,21.921
2931,259,24.932
2932,258,24.932
2933,258,24.932
2934,239,24.932
2935,229,26.118
2936,245,26.118
2937,250,26.118
2938,254,26.118
2939,253,25.619
2940,251,25.619
2941,256,25.619
2942,243,25.619
2943,242,28.139
2944,239,28.139
2945,261,28.139
2946,262,28.139
2947,268,28.139
2948,270,28.139
2949,270,27.496
2950,264,27.496
2951,253,25.619
2952,263,25.619
2953,261,25.619
2954,266,25.619
2955,267,25.619
2956,255,25.619
2957,255,25.619
2958,254,25.619
2959,264,25.619
2960,256,25.619
2961,237,27.837
2962,238,25.619
2963,243,25.619
2964,248,27.379
2965,248,27.379
2966,249,27.379
2967,253,27.379
2968,264,27.379
2969,258,28.823
2970,255,28.823
2971,234,27.379
2972,235,27.379
2973,246,27.379
2974,251,25.705
2975,243,25.705
2976,238,25.705
2977,236,25.705
2978,235,26.034
2979,250,27.717
2980,255,27.717
2981,233,25.705
2982,241,25.705
2983,239,25.705
2984,249,25.705
2985,250,25.705
2986,237,25.705
2987,245,25.705
2988,279,25.705
2989,278,22.603
2990,261,22.071
2991,256,28.354
2992,253,26.74
2993,254,26.74
2994,254,22.071
2995,225,21.855
2996,210,21.341
2997,211,18.699
2998,210,25.96
2999,252,25.96
3000,266,25.96
3001,279,25.96
3002,286,25.96
3003,250,25.96
3004,250,24.348
3005,256,24.348
3006,254,27.607
3007,241,27.607
3008,245,27.607
3009,245,27.607
3010,250,27.977
3011,258,27.977
3012,242,27.977
3013,262,24.982
3014,264,24.982
3015,272,18.146
3016,269,18.146
3017,270,18.146
3018,272,22.887
3019,248,22.887
3020,246,27.861
3021,247,27.861
3022,248,27.861
3023,243,27.861
3024,239,27.861
3025,241,26.639
3026,245,26.639
3027,337,26.639
3028,348,24.044
3029,266,24.044
3030,252,24.044
3031,244,28.563
3032,251,28.563
3033,248,28.563
3034,253,28.563
3035,236,28.563
3036,232,28.563
3037,230,28.636
3038,238,28.636
3039,213,28.636
3040,218,28.636
3041,213,28.636
3042,197,28.636
3043,194,28.636
3044,202,28.636
3045,223,18.663
3046,250,24.324
3047,245,24.324
3048,227,23.2
3049,229,25.969
3050,250,25.969
3051,229,25.969
3052,234,25.969
3053,263,23.2
3054,268,23.2
3055,281,23.2
3056,251,23.2
3057,250,16.947
3058,242,25.578
3059,241,25.578
3060,241,24.89
3061,236,25.131
3062,241,27.708
3063,238,27.708
3064,239,27.708
3065,246,27.708
3066,243,27.708
3067,243,27.434
3068,234,27.434
3069,231,27.434
3070,242,27.434
3071,244,26.136
3072,246,15.901
3073,238,15.901
3074,236,15.901
3075,223,26.429
3076,225,26.429
3077,248,26.429
3078,219,27.457
3079,231,27.639
3080,225,27.457
3081,221,27.457
3082,258,28.291
3083,263,28.291
3084,230,27.738
3085,249,27.738
3086,245,27.738
3087,243,27.738
3088,244,25.944
3089,241,25.944
3090,239,25.944
3091,256,26.784
3092,249,26.784
3093,241,26.784
3094,260,26.784
3095,227,26.821
3096,242,28.315
3097,237,28.315
3098,239,28.315
3099,248,28.315
3100,248,28.315
3101,254,28.315
3102,250,28.315
3103,251,28.315
3104,252,26.121
3105,237,26.121
3106,258,26.121
3107,250,26.471
3108,250,26.471
3109,244,26.471
3110,245,26.471
3111,250,26.471
3112,238,26.471
3113,243,26.471
3114,245,26.471
3115,250,27.254
3116,245,19.671
3117,238,21.144
3118,241,21.144
3119,233,21.144
3120,241,26.644
3121,239,26.644
3122,231,26.644
3123,232,28.533
3124,228,28.533
3125,249,28.533
3126,220,28.533
3127,230,28.533
3128,249,28.533
3129,225,28.533
3130,233,28.533
3131,229,14.81
3132,229,19.748
3133,226,19.748
3134,235,19.748
3135,240,19.748
3136,238,20.624
3137,227,27.35
3138,227,27.35
3139,235,27.35
3140,234,27.35
3141,256,24.321
3142,269,24.321
3143,279,25.939
3144,278,24.65
3145,281,24.107
3146,272,23.589
3147,263,28.835
3148,258,28.835
3149,258,28.835
3150,253,28.835
3151,255,28.052
3152,266,17.676
3153,270,13.606
3154,256,13.606
3155,247,21.692
3156,269,21.692
3157,269,21.692
3158,279,17.925
3159,270,16.331
3160,273,28.722
3161,261,23.317
3162,265,17.117
3163,257,16.872
3164,261,24.322
3165,253,24.322
3166,260,27.81
3167,256,27.81
3168,257,27.81
3169,226,26.441
3170,242,26.441
3171,235,19.252
3172,238,19.252
3173,241,28.336
3174,243,28.336
3175,239,28.336
3176,224,23.478
3177,219,24.124
3178,220,24.124
3179,230,24.124
3180,219,24.124
3181,231,24.124
3182,231,24.124
3183,232,24.124
3184,237,24.124
3185,220,24.124
3186,249,24.124
3187,243,24.124
3188,236,23.605
3189,241,23.0
3190,242,23.0
3191,249,26.498
3192,259,26.498
3193,239,26.498
3194,236,26.498
3195,231,26.498
3196,246,26.498
3197,268,26.498
3198,252,26.504
3199,267,27.768
3200,270,27.768
3201,263,28.053
3202,258,28.053
3203,257,28.053
3204,220,28.581
3205,219,28.581
3206,216,28.581
3207,242,26.352
3208,246,26.352
3209,241,26.352
3210,248,26.352
3211,264,28.037
3212,252,26.352
3213,257,26.352
3214,248,26.352
3215,242,27.293
3216,246,27.293
3217,230,27.293
3218,233,27.427
3219,241,27.427
3220,235,27.293
3221,234,27.37
3222,252,27.37
3223,249,27.37
3224,250,27.37
3225,241,27.37
3226,254,27.37
3227,253,27.37
3228,265,26.352
3229,266,26.352
3230,265,28.297
3231,264,26.352
3232,260,26.352
3233,253,26.352
3234,263,26.352
3235,263,26.352
3236,275,26.352
3237,275,26.352
3238,273,26.352
3239,274,26.352
3240,273,26.352
3241,261,26.352
3242,263,26.352
3243,267,26.352
3244,264,26.352
3245,265,27.63
3246,282,27.63
3247,278,27.63
3248,270,27.63
3249,274,26.352
3250,274,28.662
3251,265,28.662
3252,276,28.775
3253,257,28.775
3254,249,28.737
3255,245,28.737
3256,263,28.109
3257,264,19.069
3258,269,28.578
3259,255,23.873
3260,250,23.873
3261,228,23.066
3262,247,23.066
3263,246,23.066
3264,248,24.785
3265,258,23.912
3266,276,23.912
3267,255,23.066
3268,254,23.066
3269,225,23.945
3270,225,28.001
3271,234,28.001
3272,227,28.001
3273,242,28.001
3274,241,27.559
3275,251,23.601
3276,262,23.601
3277,270,23.614
3278,256,24.465
3279,260,24.465
3280,263,27.75
3281,255,27.75
3282,256,27.75
3283,260,28.614
3284,267,28.614
3285,273,28.614
3286,276,28.614
3287,280,28.614
3288,276,28.614
3289,292,28.614
3290,295,28.614
3291,290,28.844
3292,280,28.844
3293,283,28.844
3294,273,28.844
3295,268,28.844
3296,281,28.844
3297,302,28.844
3298,322,28.844
3299,292,28.844
3300,282,26.424
3301,284,26.424
3302,293,26.267
3303,284,26.267
3304,286,18.48
3305,265,20.239
3306,270,18.48
3307,269,20.259
3308,263,21.59
3309,262,21.59
3310,269,22.544
3311,265,24.077
3312,269,24.077
3313,271,24.077
3314,263,24.077
3315,261,26.157
3316,263,26.86
3317,266,26.86
3318,279,21.68
3319,306,21.68
3320,308,23.823
3321,311,27.464
3322,273,20.259
3323,279,27.338
3324,275,27.338
3325,266,25.992
3326,260,25.992
3327,248,23.682
3328,254,23.682
3329,263,24.427
3330,251,24.427
3331,243,25.335
3332,243,25.619
3333,244,25.619
3334,253,28.136
3335,250,25.619
3336,250,25.619
3337,260,24.271
3338,258,24.271
3339,258,24.271
3340,259,28.716
3341,266,28.716
3342,258,28.716
3343,256,26.728
3344,266,26.728
3345,276,26.728
3346,304,26.728
3347,294,26.728
3348,304,26.728
3349,318,26.728
3350,331,25.506
3351,301,25.506
3352,330,25.506
3353,325,23.294
3354,310,23.294
3355,302,23.294
3356,281,24.803
3357,285,26.796
3358,268,26.796
3359,270,25.882
3360,265,23.294
3361,279,23.294
3362,270,27.299
3363,269,27.299
3364,257,27.299
3365,254,27.299
3366,233,23.294
3367,256,23.294
3368,244,23.294
3369,263,28.121
3370,252,26.548
3371,255,26.548
3372,252,23.294
3373,244,23.294
3374,241,23.294
3375,254,23.294
3376,247,23.294
3377,284,23.294
3378,292,20.561
3379,269,24.08
3380,257,24.08
3381,260,24.08
3382,286,28.647
3383,273,28.647
3384,270,28.516
3385,260,28.516
3386,253,28.516
3387,259,28.516
3388,240,28.516
3389,242,28.516
3390,226,24.997
3391,217,25.871
3392,208,26.6
3393,207,26.6
3394,219,27.152
3395,225,28.662
3396,228,28.662
3397,225,27.628
3398,225,27.628
3399,217,27.971
3400,225,27.971
3401,228,27.726
3402,229,27.726
3403,244,27.726
3404,239,26.811
3405,242,26.6
3406,243,25.562
3407,254,27.974
3408,261,24.642
3409,247,24.642
3410,253,27.678
3411,255,24.642
3412,252,24.642
3413,237,24.642
3414,232,25.81
3415,234,25.81
3416,226,25.81
3417,227,25.81
3418,234,25.81
3419,234,28.671
3420,243,28.671
3421,241,28.638
3422,238,28.638
3423,240,28.638
3424,241,28.638
3425,240,25.619
3426,237,25.619
3427,246,25.619
3428,238,25.619
3429,240,25.619
3430,238,25.619
3431,232,25.619
3432,245,24.321
3433,256,24.321
3434,245,28.077
3435,231,24.321
3436,244,24.321
3437,246,24.321
3438,240,24.321
3439,228,24.321
3440,225,24.321
3441,226,24.321
3442,227,24.321
3443,227,24.722
3444,253,24.321
3445,248,24.321
3446,240,24.321
3447,240,24.321
3448,247,24.321
3449,249,21.9
3450,252,21.9
3451,248,21.9
3452,257,21.263
3453,254,22.671
3454,257,25.556
3455,263,27.884
3456,264,25.996
3457,258,25.996
3458,263,27.598
3459,267,27.598
3460,251,27.598
3461,247,27.598
3462,246,27.598
3463,244,24.336
3464,264,24.336
3465,260,24.336
3466,256,24.336
3467,252,24.336
3468,261,24.336
3469,273,24.336
3470,264,26.542
3471,264,27.484
3472,237,26.196
3473,242,26.196
3474,230,25.646
3475,262,27.311
3476,244,26.004
3477,219,28.315
3478,224,26.459
3479,263,26.459
3480,272,26.793
3481,276,25.646
3482,274,25.793
3483,298,25.793
3484,257,25.646
3485,222,25.646
3486,227,25.646
3487,223,25.646
3488,222,25.646
3489,221,26.77
3490,231,25.646
3491,228,24.101
3492,242,26.716
3493,224,28.058
3494,234,28.058
3495,245,28.061
3496,241,28.808
3497,277,28.808
3498,262,26.465
3499,264,26.465
3500,262,27.914
3501,230,26.112
3502,215,26.112
3503,224,26.112
3504,225,24.101
3505,211,27.269
3506,208,27.269
3507,224,27.269
3508,231,27.269
3509,227,27.269
3510,220,26.252
3511,218,26.252
3512,244,26.946
3513,247,26.946
3514,237,23.808
3515,246,23.808
3516,255,23.808
3517,259,28.372
3518,265,28.372
3519,278,28.372
3520,277,28.372
3521,272,28.372
3522,268,27.888
3523,286,27.888
3524,284,23.21
3525,295,24.424
3526,273,21.318
3527,264,21.318
3528,265,24.085
3529,260,24.085
3530,263,24.085
3531,252,24.085
3532,247,24.085
3533,243,27.858
3534,242,27.858
3535,241,27.858
3536,251,18.926
3537,252,18.571
3538,269,18.571
3539,264,18.571
3540,254,18.571
3541,255,18.571
3542,235,18.571
3543,229,18.571
3544,235,27.732
3545,246,28.615
3546,241,27.732
3547,239,25.087
3548,247,27.649
3549,245,27.649
3550,258,27.649
3551,256,27.649
3552,263,27.649
3553,269,27.649
3554,284,27.649
3555,300,27.649
3556,308,27.649
3557,309,27.649
3558,287,27.649
3559,276,27.649
3560,278,27.649
3561,282,27.649
3562,277,27.649
3563,269,27.649
3564,256,27.649
3565,259,18.625
3566,264,27.532
3567,281,18.625
3568,284,18.625
3569,277,18.625
3570,268,20.761
3571,279,20.761
3572,279,21.117
3573,274,21.117
3574,264,21.117
3575,275,20.468
3576,273,20.468
3577,268,20.468
3578,253,20.468
3579,253,20.468
3580,259,22.178
3581,276,20.468
3582,269,26.193
3583,253,26.193
3584,251,26.193
3585,240,26.193
3586,237,26.459
3587,233,26.459
3588,230,27.953
3589,247,28.79
3590,247,28.79
3591,242,28.79
3592,232,22.52
3593,240,27.463
3594,240,27.463
3595,241,27.463
3596,241,26.985
3597,245,22.52
3598,251,22.52
3599,245,22.52
3600,246,22.52
3601,247,21.222
3602,258,21.222
3603,250,21.222
3604,245,21.222
3605,248,28.536
3606,256,28.536
3607,261,20.119
3608,264,25.418
3609,261,23.637
3610,253,23.673
3611,259,23.673
3612,244,23.637
3613,242,23.637
3614,249,26.943
3615,258,26.943
3616,263,26.943
3617,263,25.568
3618,256,28.366
3619,255,28.366
3620,242,28.366
3621,237,28.366
3622,247,28.366
3623,248,28.366
3624,241,28.366
3625,246,28.366
3626,294,28.366
3627,284,28.366
3628,272,28.366
3629,239,28.366
3630,240,28.811
3631,237,28.811
3632,209,28.811
3633,208,28.811
3634,202,28.435
3635,214,28.435
3636,223,19.467
3637,241,19.467
3638,236,16.051
3639,246,16.051
3640,233,21.207
3641,228,26.614
3642,220,21.207
3643,221,23.608
3644,221,23.608
3645,217,23.608
3646,225,21.207
3647,245,21.207
3648,248,21.207
3649,252,26.943
3650,250,27.17
3651,249,27.17
3652,271,27.17
3653,283,27.17
3654,278,27.17
3655,259,27.17
3656,277,27.17
3657,271,27.17
3658,250,26.438
3659,240,26.438
3660,236,26.438
3661,240,26.438
3662,241,23.604
3663,232,23.604
3664,241,27.074
3665,234,27.074
3666,233,27.667
3667,256,27.667
3668,275,27.667
3669,276,26.6
3670,281,23.604
3671,296,23.604
3672,296,23.604
3673,296,23.604
3674,294,23.604
3675,250,28.133
3676,230,28.133
3677,222,28.133
3678,227,23.102
3679,239,23.102
3680,247,25.545
3681,228,25.545
3682,232,25.545
3683,248,25.545
3684,248,25.545
3685,240,25.545
3686,246,25.545
3687,246,25.545
3688,239,25.545
3689,249,25.545
3690,249,25.545
3691,252,16.729
3692,254,25.228
3693,268,25.228
3694,279,25.228
3695,263,23.865
3696,248,24.522
3697,255,24.522
3698,252,24.522
3699,257,24.522
3700,256,24.522
3701,261,24.522
3702,253,24.522
3703,264,19.539
3704,260,26.184
3705,257,27.467
3706,254,27.467
3707,246,28.01
3708,254,27.467
3709,249,27.467
3710,248,27.467
3711,249,27.467
3712,253,27.467
3713,248,27.467
3714,245,27.467
3715,243,27.467
3716,238,27.467
3717,243,27.467
3718,238,27.467
3719,251,27.467
3720,254,27.467
3721,246,28.043
3722,244,28.043
3723,244,27.227
3724,244,27.227
3725,237,27.227
3726,243,27.227
3727,238,26.397
3728,228,27.042
3729,234,17.743
3730,225,22.653
3731,208,24.1
3732,209,24.1
3733,206,21.775
3734,203,27.814
3735,203,27.814
3736,200,27.814
3737,205,27.814
3738,204,27.814
3739,209,27.814
3740,254,27.814
3741,256,21.901
3742,256,21.901
3743,256,21.901
3744,273,26.681
3745,269,26.681
3746,268,26.681
3747,276,26.681
3748,277,26.681
3749,280,26.681
3750,254,25.846
3751,262,25.846
3752,253,25.846
3753,249,21.694
3754,251,21.694
3755,274,24.528
3756,279,27.93
3757,272,27.93
3758,259,27.93
3759,266,20.807
3760,270,20.807
3761,276,22.549
3762,266,27.956
3763,265,20.807
3764,271,24.761
3765,270,24.761
3766,264,20.411
3767,266,20.411
3768,278,20.411
3769,281,24.674
3770,282,24.674
3771,279,24.674
3772,267,24.674
3773,270,24.674
3774,269,24.212
3775,258,28.318
3776,258,28.318
3777,258,28.318
3778,257,28.318
3779,254,28.118
3780,248,28.118
3781,248,25.769
3782,243,28.677
3783,241,28.677
3784,244,26.447
3785,242,26.447
3786,254,27.669
3787,243,26.205
3788,254,24.617
3789,252,25.58
3790,254,25.58
3791,247,25.514
3792,242,25.514
3793,244,25.514
3794,251,28.183
3795,247,25.514
3796,233,27.565
3797,233,27.565
3798,231,27.565
3799,235,27.565
3800,233,27.565
3801,214,27.565
3802,218,27.565
3803,218,27.565
3804,251,27.565
3805,243,27.908
3806,239,26.328
3807,240,26.328
3808,242,28.282
3809,241,28.282
3810,242,24.136
3811,234,24.136
3812,260,24.136
3813,243,25.598
3814,239,27.263
3815,243,27.263
3816,242,25.813
3817,243,25.813
3818,250,25.625
3819,234,28.121
3820,238,28.121
3821,239,28.121
3822,232,28.121
3823,240,28.569
3824,242,28.79
3825,249,28.79
3826,241,28.79
3827,246,26.333
3828,254,26.333
3829,256,26.333
3830,247,26.294
3831,253,27.0
3832,246,27.0
3833,237,27.0
3834,244,26.294
3835,232,26.294
3836,220,26.294
3837,223,28.826
3838,224,28.826
3839,225,26.294
3840,225,26.294
3841,252,26.157
3842,264,25.684
3843,244,22.819
3844,239,24.007
3845,228,24.007
3846,248,24.007
3847,248,24.007
3848,250,23.864
3849,262,23.864
3850,279,23.864
3851,271,23.864
3852,273,23.864
3853,276,27.433
3854,288,21.024
3855,284,26.441
3856,282,27.661
3857,284,26.62
3858,278,26.441
3859,281,26.061
3860,283,26.061
3861,269,28.494
3862,263,28.494
3863,263,28.494
3864,270,28.494
3865,272,28.494
3866,291,25.79
3867,301,26.131
3868,282,25.79
3869,295,25.79
3870,277,25.79
3871,260,28.103
3872,265,25.79
3873,253,25.79
3874,269,25.79
3875,247,25.79
3876,242,25.464
3877,238,25.464
3878,239,25.464
3879,234,25.464
3880,240,25.464
3881,235,25.464
3882,236,25.464
3883,242,25.464
3884,231,27.394
3885,225,28.205
3886,229,28.811
3887,230,28.205
3888,226,28.205
3889,227,28.205
3890,233,28.205
3891,238,28.205
3892,239,28.205
3893,245,28.205
3894,242,28.205
3895,242,28.205
3896,260,28.205
3897,251,28.205
3898,247,28.205
3899,270,28.889
3900,272,28.889
3901,274,21.805
3902,273,21.805
3903,284,21.805
3904,284,21.805
3905,283,27.781
3906,273,27.781
3907,277,27.781
3908,267,26.926
3909,261,26.926
3910,266,26.926
3911,245,26.926
3912,249,26.926
3913,247,26.926
3914,245,26.926
3915,259,26.926
3916,250,26.926
3917,250,26.926
3918,270,15.618
3919,278,15.618
3920,274,15.618
3921,271,25.977
3922,284,25.977
3923,285,24.695
3924,287,24.695
3925,274,24.695
3926,263,24.695
3927,260,27.867
3928,247,27.867
3929,247,27.867
3930,247,27.867
3931,269,27.867
3932,257,27.867
3933,258,27.867
3934,262,27.867
3935,245,27.867
3936,232,27.867
3937,235,27.867
3938,236,27.867
3939,236,27.867
3940,254,27.867
3941,254,26.584
3942,248,26.584
3943,232,26.584
3944,233,25.335
3945,236,24.695
3946,244,24.695
3947,244,24.304
3948,249,27.778
3949,251,27.778
3950,256,25.013
3951,255,25.013
3952,261,27.152
3953,254,27.152
3954,254,27.152
3955,258,25.942
3956,272,25.942
3957,274,27.586
3958,275,27.586
3959,280,27.586
3960,277,25.604
3961,275,25.604
3962,271,28.068
3963,270,28.068
3964,268,20.657
3965,281,24.025
3966,281,25.38
3967,297,24.025
3968,305,24.025
3969,308,24.025
3970,311,28.561
3971,309,28.561
3972,293,27.691
3973,289,27.691
3974,287,26.235
3975,301,26.235
3976,288,26.235
3977,286,26.235
3978,287,22.517
3979,273,27.186
3980,281,27.186
3981,281,27.186
3982,285,27.186
3983,279,27.186
3984,301,24.576
3985,289,24.576
3986,272,25.431
3987,265,28.357
3988,276,28.357
3989,280,25.431
3990,270,25.431
3991,273,25.431
3992,258,25.431
3993,248,25.431
3994,243,25.431
3995,244,24.947
3996,235,18.619
3997,230,18.619
3998,236,18.619
3999,251,20.63
4000,249,20.63
4001,259,24.615
4002,248,24.615
4003,269,24.615
4004,269,24.615
4005,261,24.615
4006,260,24.615
4007,257,26.196
4008,288,26.196
4009,286,26.196
4010,285,26.196
4011,272,26.196
4012,243,28.319
4013,242,28.319
4014,213,28.319
4015,214,28.319
4016,217,28.319
4017,217,28.319
4018,231,28.319
4019,224,28.319
4020,228,23.679
4021,256,21.267
4022,241,21.267
4023,240,22.45
4024,247,22.45
4025,241,22.45
4026,233,26.611
4027,234,26.611
4028,215,22.45
4029,216,22.45
4030,224,22.45
4031,238,21.267
4032,246,21.267
4033,249,21.267
4034,240,24.241
4035,236,24.241
4036,240,26.851
4037,242,26.851
4038,236,24.241
4039,238,23.024
4040,247,23.024
4041,250,27.243
4042,248,27.243
4043,245,27.243
4044,253,27.243
4045,252,28.213
4046,267,28.213
4047,253,28.213
4048,249,28.213
4049,264,27.243
4050,269,27.243
4051,263,27.243
4052,263,27.243
4053,262,25.861
4054,271,25.861
4055,255,28.707
4056,252,25.195
4057,260,25.195
4058,268,25.263
4059,241,26.988
4060,238,26.988
4061,240,26.988
4062,224,26.988
4063,239,27.156
4064,244,27.156
4065,228,26.988
4066,258,27.858
4067,265,27.858
4068,266,28.157
4069,250,28.157
4070,245,28.157
4071,250,28.157
4072,264,28.157
4073,234,28.157
4074,234,28.157
4075,220,25.063
4076,219,25.0
4077,216,25.0
4078,210,25.0
4079,234,25.0
4080,246,26.859
4081,226,25.0
4082,226,25.0
4083,232,25.0
4084,233,25.0
4085,228,25.0
4086,241,25.0
4087,231,28.635
4088,235,28.835
4089,234,27.089
4090,248,27.089
4091,231,27.089
4092,214,27.089
4093,223,24.46
4094,260,24.46
4095,250,24.46
4096,231,27.442
4097,226,27.442
4098,243,27.442
4099,245,27.442
4100,243,25.499
4101,273,25.499
4102,244,25.499
4103,250,27.849
4104,261,27.849
4105,260,27.849
4106,260,24.366
4107,247,24.366
4108,244,24.366
4109,250,28.485
4110,254,28.485
4111,248,28.485
4112,251,23.963
4113,251,19.611
4114,251,19.611
4115,245,27.024
4116,238,27.024
4117,245,24.869
4118,256,18.532
4119,248,18.532
4120,246,18.532
4121,252,18.532
4122,241,18.532
4123,259,25.852
4124,262,18.532
4125,250,25.326
4126,247,15.503
4127,242,17.064
4128,278,25.389
4129,276,25.389
4130,269,25.389
4131,267,25.389
4132,267,22.232
4133,270,28.458
4134,262,28.458
4135,232,28.458
4136,245,28.458
4137,285,28.458
4138,276,28.183
4139,279,28.183
4140,248,28.291
4141,251,28.291
4142,244,27.343
4143,240,28.742
4144,237,21.674
4145,235,27.592
4146,218,27.592
4147,216,27.592
4148,222,27.666
4149,230,27.666
4150,216,27.666
4151,233,27.592
4152,262,27.592
4153,236,27.592
4154,227,27.592
4155,238,27.592
4156,235,27.592
4157,241,27.592
4158,225,27.592
4159,212,27.953
4160,224,26.812
4161,224,26.812
4162,222,27.186
4163,211,26.812
4164,211,26.812
4165,214,26.812
4166,224,26.812
4167,227,26.812
4168,234,26.098
4169,240,26.098
4170,236,26.074
4171,235,26.666
4172,273,26.666
4173,258,28.139
4174,247,28.139
4175,269,26.666
4176,269,26.666
4177,271,26.666
4178,272,26.666
4179,263,26.666
4180,263,26.477
4181,271,28.355
4182,267,26.477
4183,268,25.105
4184,244,25.105
4185,253,25.105
4186,272,25.105
4187,274,26.932
4188,280,26.932
4189,278,26.932
4190,284,26.932
4191,279,26.932
4192,269,26.932
4193,269,26.932
4194,265,21.988
4195,282,21.988
4196,283,21.988
4197,273,21.988
4198,263,21.988
4199,272,21.988
4200,249,21.988
4201,260,21.988
4202,264,21.988
4203,256,24.33
4204,248,21.988
4205,270,27.237
4206,274,27.237
4207,272,28.145
4208,274,28.787
4209,244,28.787
4210,240,28.787
4211,220,28.787
4212,235,28.787
4213,239,28.787
4214,241,28.787
4215,275,28.787
4216,291,28.787
4217,289,26.375
4218,283,26.375
4219,283,26.375
4220,256,26.375
4221,263,26.375
4222,262,26.375
4223,254,26.375
4224,258,26.375
4225,239,26.375
4226,235,27.633
4227,231,27.633
4228,235,27.633
4229,235,27.633
4230,249,26.375
4231,215,26.375
4232,204,26.375
4233,210,26.375
4234,207,26.375
4235,206,26.375
4236,209,25.487
4237,216,25.487
4238,236,25.487
4239,237,27.92
4240,256,27.92
4241,250,27.92
4242,277,27.92
4243,271,27.92
4244,278,27.92
4245,284,27.92
4246,273,27.92
4247,258,27.92
4248,243,27.92
4249,239,27.92
4250,251,27.92
4251,250,27.92
4252,250,27.92
4253,251,27.92
4254,244,27.92
4255,259,27.92
4256,253,27.92
4257,258,21.988
4258,259,21.464
4259,252,21.464
4260,255,22.283
4261,255,20.917
4262,265,27.242
4263,265,27.242
4264,265,27.242
4265,264,27.242
4266,270,27.242
4267,276,27.242
4268,268,27.242
4269,242,27.242
4270,241,27.242
4271,257,27.242
4272,270,27.242
4273,272,27.73
4274,268,27.73
4275,263,27.73
4276,293,27.73
4277,291,27.73
4278,271,28.578
4279,255,28.578
4280,263,27.73
4281,262,27.73
4282,270,24.668
4283,272,24.668
4284,272,26.032
4285,274,26.032
4286,275,24.463
4287,273,24.594
4288,273,24.594
4289,272,24.594
4290,267,24.594
4291,273,23.945
4292,268,23.945
4293,271,28.435
4294,277,28.435
4295,276,28.435
4296,261,28.435
4297,254,28.435
4298,269,28.662
4299,275,28.662
4300,282,28.435
4301,261,28.435
4302,278,28.435
4303,275,28.47
4304,277,28.435
4305,284,26.848
4306,274,26.848
4307,259,26.848
4308,258,26.848
4309,276,26.848
4310,271,26.848
4311,272,26.587
4312,270,26.587
4313,287,26.587
4314,285,26.587
4315,288,26.587
4316,287,24.39
4317,300,24.39
4318,317,27.266
4319,299,27.018
4320,292,27.018
4321,278,22.746
4322,282,10.646
4323,278,28.219
4324,290,28.219
4325,295,28.219
4326,277,28.219
4327,286,28.219
4328,263,28.219
4329,249,28.219
4330,235,27.708
4331,235,27.708
4332,238,28.835
4333,238,28.835
4334,228,28.835
4335,239,24.599
4336,240,20.702
4337,240,20.702
4338,226,20.702
4339,232,20.702
4340,243,21.151
4341,249,21.151
4342,247,21.151
4343,254,21.151
4344,247,27.481
4345,230,27.481
4346,230,27.481
4347,229,27.481
4348,211,27.481
4349,221,24.934
4350,216,24.934
4351,255,24.934
4352,218,24.934
4353,223,24.934
4354,229,24.934
4355,252,25.299
4356,239,25.299
4357,233,25.299
4358,235,23.819
4359,252,20.553
4360,230,26.414
4361,232,26.414
4362,250,20.553
4363,240,28.811
4364,232,28.811
4365,228,28.811
4366,240,28.811
4367,251,20.809
4368,255,20.809
4369,252,20.809
4370,251,23.617
4371,252,23.617
4372,249,23.617
4373,256,28.509
4374,255,28.509
4375,258,26.883
4376,247,23.617
4377,246,23.617
4378,248,23.617
4379,237,23.617
4380,234,23.617
4381,238,23.691
4382,241,23.691
4383,248,23.691
4384,250,23.691
4385,249,24.934
4386,237,28.429
4387,226,23.617
4388,209,27.873
4389,217,27.873
4390,217,27.873
4391,225,27.873
4392,228,23.617
4393,227,23.617
4394,225,28.162
4395,223,27.756
4396,226,25.188
4397,251,27.989
4398,244,27.989
4399,260,27.989
4400,252,27.989
4401,248,27.989
4402,242,27.989
4403,271,27.727
4404,290,27.727
4405,258,27.727
4406,252,25.959
4407,254,25.959
4408,272,25.959
4409,265,25.959
4410,257,27.219
4411,280,27.219
4412,258,27.219
4413,261,27.219
4414,254,27.219
4415,274,25.182
4416,276,25.182
4417,265,23.9
4418,271,23.9
4419,253,21.858
4420,258,21.858
4421,249,23.559
4422,273,26.157
4423,272,25.439
4424,245,25.439
4425,235,25.439
4426,230,25.439
4427,233,25.439
4428,233,25.439
4429,246,25.439
4430,262,25.439
4431,262,25.439
4432,262,27.741
4433,288,25.153
4434,276,25.153
4435,273,25.153
4436,261,26.716
4437,265,26.716
4438,248,26.716
4439,241,23.457
4440,264,23.457
4441,244,25.566
4442,259,26.543
4443,238,28.243
4444,236,28.243
4445,220,28.243
4446,224,28.243
4447,227,26.109
4448,233,25.311
4449,234,25.311
4450,239,22.519
4451,235,22.519
4452,239,22.519
4453,248,22.519
4454,271,23.021
4455,266,22.519
4456,266,22.519
4457,273,22.519
4458,263,22.519
4459,267,24.067
4460,238,24.067
4461,241,28.665
4462,248,28.665
4463,249,28.665
4464,248,23.351
4465,245,23.351
4466,248,22.588
4467,262,26.053
4468,259,26.053
4469,257,22.588
4470,256,22.588
4471,268,22.875
4472,288,24.842
4473,280,24.842
4474,276,24.842
4475,268,26.474
4476,263,28.079
4477,248,26.474
4478,247,26.474
4479,251,26.474
4480,260,26.474
4481,271,26.474
4482,263,26.474
4483,249,26.474
4484,246,26.474
4485,249,26.474
4486,252,26.474
4487,271,27.745
4488,286,27.745
4489,270,27.745
4490,276,28.588
4491,276,28.588
4492,258,25.126
4493,252,25.126
4494,253,25.309
4495,253,25.309
4496,252,25.309
4497,249,25.309
4498,252,25.309
4499,244,25.309
4500,254,25.502
4501,241,28.584
4502,230,28.584
4503,240,28.584
4504,242,28.584
4505,261,28.584
4506,270,28.584
4507,270,28.584
4508,275,28.584
4509,278,25.61
4510,272,25.61
4511,273,25.61
4512,271,26.145
4513,269,25.61
4514,253,25.61
4515,241,26.391
4516,239,26.391
4517,233,23.679
4518,229,27.745
4519,229,27.745
4520,222,28.193
4521,232,28.193
4522,224,28.193
4523,221,28.193
4524,224,26.665
4525,226,26.531
4526,234,27.959
4527,232,26.97
4528,227,26.97
4529,218,26.97
4530,222,26.97
4531,227,26.97
4532,236,26.97
4533,228,26.97
4534,240,26.97
4535,243,26.486
4536,250,27.816
4537,243,27.816
4538,243,27.816
4539,236,24.896
4540,238,24.896
4541,238,25.042
4542,235,25.042
4543,234,25.042
4544,242,24.896
4545,245,26.662
4546,246,26.662
4547,243,24.896
4548,220,27.666
4549,223,27.666
4550,222,27.666
4551,221,26.596
4552,242,24.896
4553,234,24.896
4554,229,22.752
4555,227,22.752
4556,234,22.752
4557,243,22.752
4558,246,25.219
4559,250,25.219
4560,250,25.219
4561,260,25.219
4562,256,25.219
4563,253,28.151
4564,253,28.151
4565,259,24.426
4566,245,24.426
4567,280,24.426
4568,283,28.627
4569,283,24.717
4570,283,24.717
4571,283,24.717
4572,287,24.717
4573,274,25.733
4574,266,25.733
4575,266,24.717
4576,284,24.717
4577,260,24.717
4578,257,24.717
4579,267,24.717
4580,267,24.717
4581,268,24.717
4582,275,24.717
4583,289,26.294
4584,285,25.774
4585,280,24.717
4586,286,23.65
4587,292,23.65
4588,278,23.65
4589,269,26.663
4590,275,26.663
4591,272,26.663
4592,272,26.663
4593,287,26.663
4594,293,26.663
4595,289,26.663
4596,277,26.663
4597,274,25.505
4598,254,25.505
4599,251,25.505
4600,261,25.505
4601,254,21.607
4602,259,27.702
4603,254,27.702
4604,258,26.63
4605,245,28.261
4606,249,28.337
4607,246,28.337
4608,249,28.337
4609,252,28.337
4610,264,28.261
4611,263,28.261
4612,263,28.261
4613,259,28.261
4614,260,28.261
4615,265,23.664
4616,265,23.664
4617,266,28.591
4618,277,28.591
4619,263,28.591
4620,275,28.591
4621,293,28.591
4622,266,28.591
4623,268,28.591
4624,283,26.169
4625,281,26.169
4626,282,26.169
4627,279,26.169
4628,267,26.169
4629,272,26.169
4630,268,26.169
4631,269,26.169
4632,262,25.096
4633,264,28.575
4634,247,28.575
4635,255,28.575
4636,253,28.575
4637,251,28.575
4638,250,28.575
4639,239,28.575
4640,249,28.575
4641,255,28.575
4642,234,28.575
4643,241,28.575
4644,230,28.647
4645,234,28.647
4646,256,28.575
4647,265,22.056
4648,257,22.056
4649,254,22.056
4650,263,22.056
4651,263,19.59
4652,259,23.273
4653,263,23.273
4654,259,23.273
4655,261,23.273
4656,246,26.699
4657,244,28.704
4658,246,28.704
4659,228,28.704
4660,239,28.704
4661,238,20.911
4662,257,20.911
4663,271,24.212
4664,266,28.139
4665,275,24.212
4666,264,18.155
4667,267,18.155
4668,273,18.155
4669,269,21.309
4670,254,21.309
4671,264,17.587
4672,264,17.587
4673,251,28.032
4674,260,28.032
4675,259,28.032
4676,287,28.032
4677,278,28.032
4678,274,28.032
4679,265,28.032
4680,273,28.032
4681,292,27.903
4682,301,25.251
4683,304,24.094
4684,302,24.409
4685,291,27.993
4686,301,27.993
4687,305,27.993
4688,305,27.993
4689,297,27.993
4690,290,27.993
4691,296,28.195
4692,294,28.195
4693,276,27.993
4694,275,27.993
4695,263,28.701
4696,266,28.438
4697,274,28.438
4698,284,27.993
4699,278,25.607
4700,263,22.534
4701,271,28.21
4702,273,28.698
4703,273,28.698
4704,260,28.21
4705,244,27.574
4706,239,27.574
4707,238,27.574
4708,234,27.574
4709,235,27.574
4710,221,28.551
4711,220,27.574
4712,229,27.574
4713,227,27.574
4714,253,25.712
4715,253,25.712
4716,257,25.712
4717,246,25.712
4718,242,23.001
4719,249,23.001
4720,230,23.248
4721,232,23.248
4722,229,24.868
4723,228,23.001
4724,222,25.191
4725,228,25.191
4726,239,25.191
4727,238,28.264
4728,224,28.264
4729,227,27.185
4730,214,23.001
4731,212,23.001
4732,226,28.659
4733,222,28.659
4734,212,28.659
4735,238,28.659
4736,250,28.659
4737,254,28.659
4738,258,28.659
4739,250,24.131
4740,249,28.387
4741,246,23.036
4742,243,23.036
4743,222,24.612
4744,224,24.612
4745,226,25.816
4746,225,25.816
4747,238,23.885
4748,228,26.067
4749,231,28.121
4750,236,28.121
4751,232,28.121
4752,229,28.121
4753,218,28.121
4754,240,28.121
4755,232,26.534
4756,229,26.534
4757,229,26.534
4758,223,26.534
4759,225,26.534
4760,215,26.534
4761,211,26.534
4762,203,26.534
4763,209,25.341
4764,218,28.695
4765,218,28.695
4766,218,28.695
4767,234,28.695
4768,240,25.341
4769,237,25.341
4770,257,25.341
4771,243,25.341
4772,225,25.341
4773,225,25.478
4774,239,25.478
4775,244,25.478
4776,244,25.478
4777,248,22.064
4778,247,22.064
4779,248,18.872
4780,243,18.872
4781,260,18.872
4782,275,18.872
4783,263,18.872
4784,265,20.97
4785,262,23.598
4786,273,23.598
4787,288,25.093
4788,259,25.093
4789,271,25.093
4790,274,25.113
4791,271,25.113
4792,267,25.664
4793,239,25.664
4794,238,27.266
4795,250,27.972
4796,249,27.972
4797,269,27.972
4798,244,27.972
4799,241,27.972
4800,242,28.39
4801,238,28.39
4802,242,26.901
4803,236,28.82
4804,228,28.82
4805,233,28.82
4806,238,28.82
4807,238,28.82
4808,277,28.82
4809,292,27.963
4810,293,27.963
4811,278,28.091
4812,263,27.963
4813,300,27.963
4814,268,27.963
4815,253,27.963
4816,256,27.963
4817,266,27.963
4818,263,27.963
4819,263,27.963
4820,258,28.438
4821,251,23.395
4822,251,28.671
4823,252,28.671
4824,231,28.671
4825,246,28.671
4826,276,28.671
4827,281,23.395
4828,269,23.395
4829,263,23.395
4830,252,23.395
4831,264,23.395
4832,273,23.847
4833,297,23.395
4834,295,23.395
4835,296,20.774
4836,277,24.345
4837,286,26.656
4838,285,24.345
4839,284,28.59
4840,269,24.345
4841,273,24.345
4842,271,26.961
4843,264,27.158
4844,265,26.961
4845,274,26.961
4846,274,26.961
4847,279,26.961
4848,279,26.961
4849,267,28.097
4850,273,28.097
4851,261,28.1
4852,245,28.1
4853,252,28.1
4854,247,28.1
4855,258,28.1
4856,254,28.1
4857,259,23.876
4858,260,23.876
4859,256,23.876
4860,251,24.426
4861,259,23.876
4862,263,23.876
4863,266,23.876
4864,268,23.876
4865,272,23.876
4866,273,23.876
4867,286,23.876
4868,275,23.876
4869,278,25.23
4870,282,24.713
4871,282,24.713
4872,284,23.846
4873,287,23.846
4874,289,28.581
4875,283,28.856
4876,274,28.856
4877,271,20.08
4878,276,28.008
4879,271,26.684
4880,276,26.684
4881,266,28.208
4882,251,28.208
4883,265,28.208
4884,273,28.875
4885,293,28.875
4886,291,28.875
4887,275,28.875
4888,275,28.875
4889,280,28.875
4890,274,28.875
4891,275,28.875
4892,302,18.454
4893,280,18.454
4894,244,22.283
4895,241,22.283
4896,245,27.284
4897,213,27.284
4898,206,27.284
4899,219,20.361
4900,206,22.516
4901,188,27.373
4902,182,28.205
4903,185,28.205
4904,203,28.205
4905,214,28.205
4906,201,28.205
4907,205,28.205
4908,220,28.205
4909,228,28.791
4910,230,22.319
4911,228,22.319
4912,226,18.454
4913,231,27.882
4914,209,27.882
4915,210,27.882
4916,210,27.882
4917,251,27.882
4918,231,27.882
4919,233,27.882
4920,222,27.882
4921,254,27.882
4922,254,27.882
4923,282,27.882
4924,303,27.882
4925,297,27.511
4926,298,27.511
4927,266,28.808
4928,234,24.516
4929,232,24.516
4930,230,24.516
4931,222,22.789
4932,236,22.789
4933,219,22.789
4934,235,22.789
4935,228,22.789
4936,225,22.789
4937,233,22.789
4938,262,22.789
4939,251,22.789
4940,255,28.467
4941,243,28.467
4942,263,28.467
4943,250,28.467
4944,251,26.657
4945,247,22.789
4946,248,22.789
4947,253,28.288
4948,258,22.789
4949,255,25.2
4950,240,22.789
4951,225,22.789
4952,225,24.555
4953,224,24.555
4954,220,24.555
4955,228,24.555
4956,215,24.555
4957,200,24.555
4958,200,22.822
4959,200,24.581
4960,201,26.432
4961,212,23.984
4962,212,23.984
4963,218,22.822
4964,222,22.822
4965,274,22.822
4966,274,28.405
4967,273,28.405
4968,282,28.405
4969,280,28.405
4970,264,28.405
4971,259,28.405
4972,268,28.405
4973,275,28.405
4974,272,28.405
4975,268,23.496
4976,263,23.496
4977,267,26.504
4978,267,26.504
4979,263,26.504
4980,250,25.096
4981,242,25.096
4982,257,22.819
4983,249,22.819
4984,264,22.819
4985,262,22.819
4986,263,22.819
4987,271,22.819
4988,268,26.33
4989,259,26.33
4990,259,26.33
4991,252,26.33
4992,252,27.34
4993,265,27.34
4994,263,25.78
4995,248,26.988
4996,250,25.78
4997,247,25.78
4998,258,25.78
4999,255,25.78
5000,266,27.753
5001,278,27.753
5002,254,26.264
5003,258,26.264
5004,274,26.264
5005,264,25.78
5006,265,27.326
5007,261,27.326
5008,272,27.326
5009,271,27.326
5010,245,26.862
5011,264,26.862
5012,267,26.862
5013,261,26.862
5014,265,26.862
5015,256,26.862
5016,263,26.862
5017,265,22.819
5018,280,22.819
5019,255,25.574
5020,255,25.574
5021,239,26.829
5022,237,26.829
5023,233,26.829
5024,236,26.829
5025,247,26.829
5026,248,26.829
5027,254,26.829
5028,258,26.889
5029,268,26.889
5030,278,22.819
5031,276,28.282
5032,287,28.282
5033,285,25.143
5034,283,25.003
5035,252,27.195
5036,243,27.195
5037,251,27.195
5038,253,27.195
5039,240,27.195
5040,270,24.071
5041,266,24.071
5042,271,24.071
5043,234,25.47
5044,246,25.47
5045,269,24.071
5046,269,24.071
5047,260,24.071
5048,255,23.691
5049,243,21.864
5050,238,21.864
5051,230,21.446
5052,240,21.446
5053,239,21.189
5054,228,23.912
5055,220,28.313
5056,231,28.313
5057,232,28.313
5058,236,28.313
5059,242,28.313
5060,239,28.313
5061,244,28.313
5062,247,20.917
5063,247,20.917
5064,259,20.917
5065,243,22.447
5066,239,22.447
5067,240,22.447
5068,242,25.06
5069,254,23.0
5070,245,23.0
5071,253,15.313
5072,253,18.221
5073,234,18.221
5074,236,23.769
5075,232,28.207
5076,229,28.207
5077,236,28.207
5078,253,28.207
5079,222,28.207
5080,239,28.207
5081,259,28.207
5082,258,27.52
5083,246,27.52
5084,239,26.247
5085,243,27.421
5086,260,28.799
5087,255,28.799
5088,243,19.377
5089,260,19.694
5090,283,20.692
5091,281,20.692
5092,282,20.692
5093,287,20.692
5094,288,25.59
5095,273,20.692
5096,280,20.692
5097,273,20.692
5098,269,19.847
5099,266,25.906
5100,264,25.906
5101,231,25.906
5102,227,25.906
5103,227,20.525
5104,241,19.927
5105,238,22.588
5106,232,22.588
5107,246,19.927
5108,238,24.268
5109,251,19.927
5110,247,19.927
5111,242,19.927
5112,246,19.927
5113,247,28.727
5114,248,20.086
5115,245,20.086
5116,247,28.716
5117,236,28.716
5118,236,28.716
5119,220,24.157
5120,217,20.086
5121,237,28.013
5122,225,28.859
5123,244,28.859
5124,249,28.168
5125,249,28.168
5126,240,27.095
5127,237,27.095
5128,238,27.32
5129,240,27.32
5130,240,27.32
5131,271,27.095
5132,267,27.095
5133,280,26.958
5134,281,26.958
5135,275,26.958
5136,274,26.958
5137,257,26.958
5138,252,26.958
5139,258,26.958
5140,261,26.958
5141,264,26.958
5142,263,26.958
5143,250,23.984
5144,254,23.984
5145,243,27.021
5146,276,17.88
5147,292,27.43
5148,292,27.43
5149,274,22.863
5150,273,22.16
5151,237,22.16
5152,241,27.822
5153,228,21.709
5154,226,22.337
5155,229,27.941
5156,228,27.941
5157,227,28.282
5158,237,28.282
5159,233,28.282
5160,234,28.282
5161,231,28.282
5162,244,28.282
5163,249,28.282
5164,268,28.282
5165,260,28.282
5166,254,23.673
5167,246,23.673
5168,247,25.813
5169,250,28.019
5170,244,28.019
5171,241,28.019
5172,256,26.103
5173,263,26.103
5174,277,24.632
5175,279,26.805
5176,277,26.805
5177,280,26.805
5178,277,26.805
5179,285,25.55
5180,277,25.55
5181,278,25.55
5182,286,25.55
5183,286,28.883
5184,286,27.932
5185,285,27.932
5186,279,28.518
5187,277,28.518
5188,290,27.932
5189,300,27.932
5190,301,27.932
5191,312,27.932
5192,291,22.098
5193,290,22.098
5194,282,26.217
5195,291,26.217
5196,295,23.105
5197,272,24.983
5198,282,24.983
5199,284,24.983
5200,263,24.983
5201,266,22.692
5202,263,22.692
5203,260,22.692
5204,260,28.856
5205,261,28.856
5206,269,28.856
5207,272,26.339
5208,275,26.339
5209,276,25.291
5210,277,25.291
5211,283,25.291
5212,288,25.291
5213,286,25.291
5214,276,25.291
5215,281,25.291
5216,292,25.291
5217,273,27.457
5218,270,27.457
5219,253,25.291
5220,250,25.291
5221,249,25.291
5222,248,25.291
5223,248,25.291
5224,240,25.598
5225,248,25.291
5226,259,25.291
5227,263,28.247
5228,254,28.247
5229,253,28.247
5230,260,28.247
5231,260,28.247
5232,248,28.247
5233,229,28.247
5234,217,27.778
5235,217,27.778
5236,227,27.778
5237,220,27.778
5238,231,27.816
5239,234,27.816
5240,232,19.689
5241,232,17.743
5242,228,17.743
5243,225,17.27
5244,226,17.27
5245,221,16.454
5246,221,24.684
5247,210,24.684
5248,224,19.503
5249,211,26.645
5250,210,16.454
5251,224,23.67
5252,226,28.893
5253,225,28.893
5254,237,28.893
5255,257,28.893
5256,262,25.243
5257,256,25.243
5258,259,26.382
5259,262,26.382
5260,261,20.738
5261,261,20.738
5262,250,20.738
5263,255,27.198
5264,257,28.773
5265,241,28.773
5266,249,28.773
5267,233,28.773
5268,239,25.245
5269,237,18.983
5270,231,20.848
5271,246,27.162
5272,239,25.924
5273,242,25.924
5274,238,20.848
5275,246,20.848
5276,250,20.848
5277,268,20.848
5278,268,26.946
5279,292,26.946
5280,268,26.946
5281,261,26.946
5282,271,28.094
5283,260,28.28
5284,255,28.869
5285,254,28.869
5286,256,28.869
5287,248,28.869
5288,244,28.869
5289,266,28.869
5290,265,28.869
5291,234,28.869
5292,249,28.869
5293,271,28.869
5294,274,28.869
5295,281,28.869
5296,263,28.869
5297,260,28.869
5298,262,28.869
5299,246,28.869
5300,232,28.869
5301,243,28.869
5302,245,20.967
5303,265,26.205
5304,268,26.205
5305,274,26.255
5306,258,26.255
5307,258,26.255
5308,259,24.223
5309,263,24.223
5310,265,24.223
5311,257,24.223
5312,266,24.223
5313,278,24.223
5314,282,24.223
5315,281,24.223
5316,288,25.59
5317,288,25.59
5318,282,25.59
5319,282,25.59
5320,275,20.756
5321,269,26.352
5322,295,26.352
5323,298,26.352
5324,292,26.352
5325,283,27.899
5326,294,28.489
5327,259,28.489
5328,267,28.489
5329,280,28.489
5330,271,28.489
5331,265,28.489
5332,267,28.489
5333,268,28.489
5334,264,28.489
5335,265,28.489
5336,255,28.489
5337,267,28.489
5338,256,28.489
5339,266,28.489
5340,270,28.489
5341,268,28.489
5342,287,28.489
5343,290,28.489
5344,297,28.489
5345,283,28.396
5346,266,28.396
5347,274,28.396
5348,270,28.396
5349,277,27.959
5350,252,26.282
5351,260,28.797
5352,255,28.797
5353,244,28.797
5354,255,28.797
5355,245,26.282
5356,251,24.992
5357,257,26.45
5358,259,26.45
5359,280,25.263
5360,288,25.263
5361,295,25.263
5362,281,27.361
5363,272,27.361
5364,278,27.361
5365,277,26.74
5366,265,27.367
5367,263,27.367
5368,253,27.367
5369,253,24.992
5370,255,24.992
5371,252,24.992
5372,247,24.992
5373,246,24.992
5374,246,24.992
5375,250,24.992
5376,250,24.992
5377,237,24.992
5378,237,24.037
5379,261,24.037
5380,255,27.454
5381,270,27.454
5382,256,27.454
5383,260,22.819
5384,265,22.819
5385,254,27.574
5386,269,27.574
5387,263,27.574
5388,256,27.362
5389,264,22.819
5390,261,24.364
5391,255,24.364
5392,237,24.364
5393,235,24.364
5394,234,22.819
5395,228,22.819
5396,229,22.819
5397,220,27.933
5398,233,27.933
5399,234,27.933
5400,241,26.785
5401,255,25.448
5402,255,22.819
5403,257,22.819
5404,258,22.819
5405,269,22.819
5406,254,22.819
5407,259,22.819
5408,259,20.054
5409,257,20.054
5410,282,24.029
5411,304,18.803
5412,308,24.092
5413,259,24.092
5414,269,24.092
5415,251,27.819
5416,246,27.213
5417,248,27.213
5418,268,27.213
5419,270,27.213
5420,284,24.092
5421,271,24.092
5422,245,24.092
5423,262,24.092
5424,265,21.665
5425,265,21.665
5426,267,21.665
5427,250,21.665
5428,253,21.665
5429,239,28.512
5430,251,27.317
5431,247,27.317
5432,246,27.317
5433,237,27.317
5434,241,28.13
5435,242,28.13
5436,250,27.159
5437,222,27.159
5438,233,27.159
5439,252,27.159
5440,251,27.778
5441,239,27.778
5442,248,27.778
5443,236,27.778
5444,237,27.778
5445,225,27.778
5446,219,27.778
5447,221,24.373
5448,242,24.373
5449,242,24.373
5450,257,24.405
5451,257,26.752
5452,258,26.752
5453,243,27.386
5454,251,23.413
5455,249,23.413
5456,252,27.021
5457,238,27.021
5458,238,23.413
5459,230,23.413
5460,222,23.413
5461,222,28.252
5462,210,23.413
5463,228,23.413
5464,241,23.996
5465,228,23.413
5466,232,24.68
5467,240,23.413
5468,240,23.413
5469,244,23.413
5470,232,23.413
5471,238,23.413
5472,248,25.912
5473,255,15.515
5474,255,23.879
5475,255,26.217
5476,251,26.217
5477,245,26.217
5478,247,26.217
5479,255,26.217
5480,247,26.217
5481,220,26.217
5482,240,26.217
5483,243,22.711
5484,240,22.711
5485,243,24.42
5486,250,26.689
5487,260,26.689
5488,250,26.689
5489,246,26.689
5490,232,26.689
5491,232,26.689
5492,233,25.258
5493,230,25.622
5494,225,28.213
5495,219,28.213
5496,221,25.622
5497,248,25.258
5498,248,25.258
5499,249,25.258
5500,247,25.258
5501,217,25.258
5502,211,25.258
5503,218,25.258
5504,243,28.007
5505,224,26.796
5506,227,26.796
5507,225,28.817
5508,232,28.817
5509,235,28.817
5510,238,28.817
5511,228,28.817
5512,219,28.817
5513,236,28.817
5514,234,28.817
5515,235,25.478
5516,246,25.105
5517,257,27.317
5518,271,27.317
5519,261,23.978
5520,255,23.978
5521,274,23.221
5522,291,23.221
5523,296,23.221
5524,285,25.987
5525,283,25.987
5526,270,24.77
5527,277,25.203
5528,265,28.041
5529,258,28.041
5530,258,28.041
5531,261,25.424
5532,255,27.38
5533,262,27.577
5534,256,27.577
5535,259,27.577
5536,285,27.577
5537,305,27.577
5538,261,27.577
5539,266,27.577
5540,269,28.049
5541,293,28.049
5542,273,28.049
5543,256,24.743
5544,249,28.674
5545,244,20.8
5546,247,25.76
5547,275,25.76
5548,260,25.76
5549,255,25.76
5550,250,22.81
5551,250,22.295
5552,251,27.08
5553,239,27.08
5554,231,23.425
5555,220,23.425
5556,208,23.425
5557,215,23.425
5558,215,23.425
5559,212,23.425
5560,215,23.425
5561,211,24.058
5562,207,24.058
5563,197,24.058
5564,235,24.058
5565,216,25.888
5566,220,25.888
5567,224,26.181
5568,221,26.648
5569,245,28.827
5570,256,28.827
5571,253,26.923
5572,252,26.923
5573,258,28.866
5574,266,28.866
5575,262,28.866
5576,281,28.866
5577,245,28.866
5578,246,28.866
5579,259,28.866
5580,256,26.253
5581,246,27.475
5582,240,26.253
5583,233,26.253
5584,217,28.115
5585,217,28.115
5586,214,24.585
5587,218,24.585
5588,208,21.401
5589,216,23.168
5590,232,19.82
5591,232,25.909
5592,241,27.598
5593,225,27.598
5594,217,27.598
5595,235,27.598
5596,237,27.598
5597,249,27.598
5598,257,27.598
5599,265,27.598
5600,264,27.598
5601,267,22.819
5602,253,22.819
5603,254,27.915
5604,263,23.469
5605,246,23.469
5606,249,22.819
5607,249,22.819
5608,243,28.895
5609,261,28.895
5610,261,25.684
5611,262,25.684
5612,235,28.349
5613,238,28.349
5614,241,28.349
5615,244,28.349
5616,241,27.759
5617,243,27.759
5618,245,27.759
5619,253,22.819
5620,254,28.668
5621,255,28.668
5622,268,25.921
5623,255,22.819
5624,250,22.819
5625,250,22.819
5626,245,25.455
5627,240,25.455
5628,241,25.455
5629,253,25.183
5630,247,28.088
5631,237,28.088
5632,233,28.088
5633,239,28.668
5634,221,28.088
5635,214,26.276
5636,217,26.276
5637,221,26.276
5638,226,26.276
5639,208,26.276
5640,208,27.697
5641,186,27.697
5642,200,27.697
5643,199,27.697
5644,203,28.286
5645,238,28.286
5646,238,28.286
5647,240,22.23
5648,241,22.23
5649,250,22.23
5650,261,24.653
5651,249,24.653
5652,230,24.653
5653,224,22.23
5654,221,23.898
5655,248,24.534
5656,234,23.898
5657,228,28.056
5658,206,28.056
5659,201,28.889
5660,202,28.056
5661,200,28.056
5662,208,28.056
5663,202,28.056
5664,204,27.523
5665,207,26.666
5666,225,26.666
5667,226,26.666
5668,230,26.391
5669,229,26.45
5670,223,26.45
5671,229,26.45
5672,232,26.45
5673,229,26.373
5674,234,26.731
5675,235,26.731
5676,235,26.731
5677,234,23.551
5678,250,23.551
5679,258,23.551
5680,261,23.551
5681,255,27.524
5682,239,27.524
5683,238,27.524
5684,239,26.274
5685,246,26.133
5686,264,24.8
5687,275,27.702
5688,267,24.8
5689,281,28.492
5690,281,28.492
5691,284,24.558
5692,288,24.106
5693,270,24.199
5694,270,23.733
5695,267,23.733
5696,267,23.733
5697,259,23.733
5698,250,23.733
5699,250,27.607
5700,253,28.088
5701,255,28.088
5702,262,28.088
5703,261,28.088
5704,262,28.088
5705,262,28.088
5706,267,28.82
5707,261,28.82
5708,259,28.088
5709,262,23.913
5710,258,23.913
5711,254,23.913
5712,251,23.913
5713,249,28.432
5714,247,23.913
5715,241,28.617
5716,240,28.617
5717,248,23.913
5718,248,23.913
5719,244,25.431
5720,242,25.431
5721,246,27.209
5722,251,27.209
5723,257,27.209
5724,247,28.118
5725,257,28.118
5726,259,28.118
5727,264,28.118
5728,257,28.118
5729,245,28.348
5730,270,28.118
5731,266,28.118
5732,262,25.431
5733,264,25.431
5734,238,25.431
5735,225,25.431
5736,232,25.431
5737,240,28.312
5738,244,25.431
5739,235,25.85
5740,223,25.431
5741,228,25.431
5742,243,28.59
5743,236,25.431
5744,221,27.367
5745,218,25.431
5746,250,25.431
5747,250,25.921
5748,234,25.921
5749,238,28.617
5750,232,25.921
5751,239,25.431
5752,237,25.431
5753,238,25.137
5754,238,25.137
5755,237,25.137
5756,242,25.137
5757,236,24.184
5758,246,24.184
5759,249,20.277
5760,254,20.277
5761,258,28.432
5762,261,28.432
5763,251,28.432
5764,246,23.813
5765,245,23.885
5766,245,23.885
5767,239,23.885
5768,258,23.885
5769,259,23.885
5770,256,23.885
5771,251,23.885
5772,241,23.885
5773,253,23.885
5774,257,26.45
5775,261,26.45
5776,246,26.45
5777,234,26.45
5778,257,26.45
5779,264,26.45
5780,256,26.45
5781,259,26.45
5782,242,26.45
5783,226,28.875
5784,226,28.875
5785,226,28.875
5786,253,28.875
5787,272,28.875
5788,264,28.875
5789,277,28.231
5790,278,28.231
5791,274,25.801
5792,283,25.801
5793,271,25.801
5794,273,25.801
5795,269,25.801
5796,256,25.801
5797,245,28.321
5798,249,27.822
5799,247,27.55
5800,250,27.55
5801,246,27.083
5802,239,27.083
5803,238,27.083
5804,246,27.083
5805,246,27.382
5806,254,28.721
5807,270,28.721
5808,263,27.382
5809,258,27.382
5810,255,27.382
5811,244,27.382
5812,268,27.382
5813,274,27.382
5814,256,27.382
5815,256,27.382
5816,247,27.382
5817,249,27.382
5818,238,27.382
5819,237,27.098
5820,239,27.098
5821,238,27.098
5822,244,27.098
5823,242,21.443
5824,244,21.443
5825,247,21.443
5826,253,26.049
5827,253,22.208
5828,250,22.208
5829,244,23.625
5830,245,23.625
5831,237,22.647
5832,231,22.647
5833,227,27.198
5834,233,27.198
5835,247,27.198
5836,263,22.647
5837,259,22.647
5838,261,21.709
5839,258,22.257
5840,265,24.358
5841,261,26.31
5842,261,26.31
5843,247,26.31
5844,248,27.616
5845,250,27.616
5846,248,27.616
5847,206,23.661
5848,210,20.713
5849,207,28.775
5850,247,28.775
5851,253,27.5
5852,270,27.5
5853,230,27.5
5854,247,27.5
5855,237,27.5
5856,235,27.5
5857,243,27.5
5858,232,27.5
5859,225,27.5
5860,207,27.5
5861,210,26.083
5862,221,26.521
5863,223,26.521
5864,222,26.521
5865,212,19.933
5866,208,21.754
5867,200,24.361
5868,205,24.361
5869,222,25.897
5870,222,25.897
5871,208,24.361
5872,216,28.267
5873,198,28.267
5874,194,28.267
5875,202,28.267
5876,204,28.267
5877,207,28.267
5878,219,21.479
5879,210,19.734
5880,219,19.734
5881,220,18.31
5882,231,17.142
5883,250,28.025
5884,248,28.025
5885,241,17.142
5886,234,17.142
5887,225,17.142
5888,221,18.468
5889,209,18.468
5890,216,18.468
5891,226,20.068
5892,226,20.068
5893,226,20.068
5894,217,22.184
5895,231,27.66
5896,217,20.068
5897,212,22.708
5898,215,20.068
5899,236,18.468
5900,247,18.468
5901,218,19.462
5902,210,25.744
5903,224,25.744
5904,233,25.744
5905,221,25.744
5906,215,25.744
5907,236,28.585
5908,237,25.744
5909,243,25.744
5910,242,28.273
5911,248,28.724
5912,242,20.573
5913,243,21.24
5914,230,20.573
5915,230,20.573
5916,233,25.102
5917,231,20.573
5918,222,20.573
5919,224,23.088
5920,227,22.092
5921,228,22.092
5922,229,22.092
5923,226,22.092
5924,226,22.092
5925,225,22.092
5926,221,22.092
5927,224,22.092
5928,222,22.092
5929,212,22.092
5930,219,22.092
5931,238,22.092
5932,253,27.042
5933,258,27.553
5934,249,27.789
5935,216,27.789
5936,224,27.789
5937,225,28.724
5938,222,28.724
5939,212,27.331
5940,206,27.331
5941,208,27.331
5942,209,26.638
5943,205,27.243
5944,215,27.243
5945,218,27.243
5946,214,27.243
5947,202,27.243
5948,216,27.243
5949,211,27.702
5950,216,27.243
5951,228,27.243
5952,231,28.208
5953,244,28.252
5954,227,28.793
5955,222,28.208
5956,228,28.208
5957,225,28.208
5958,241,28.237
5959,244,28.237
5960,237,28.237
5961,232,28.237
5962,256,28.237
5963,244,28.237
5964,230,28.208
5965,230,28.208
5966,231,28.208
5967,270,28.877
5968,277,28.208
5969,280,28.208
5970,290,25.993
5971,294,25.993
5972,291,25.993
5973,293,19.147
5974,274,19.147
5975,276,19.147
5976,262,25.792
5977,267,22.181
5978,264,22.181
5979,266,22.181
5980,270,26.267
5981,256,26.267
5982,256,26.267
5983,257,26.267
5984,243,26.267
5985,243,26.267
5986,233,25.164
5987,232,25.164
5988,238,25.164
5989,242,28.905
5990,244,28.905
5991,250,28.905
5992,264,28.905
5993,263,28.905
5994,250,28.905
5995,260,28.905
5996,254,28.905
5997,245,28.905
5998,237,25.164
5999,226,25.296
6000,229,28.22
6001,234,27.772
6002,242,27.772
6003,241,27.502
6004,250,26.134
6005,252,24.648
6006,269,27.051
6007,291,27.051
6008,285,27.051
6009,276,27.051
6010,286,28.781
6011,282,28.781
6012,279,24.648
6013,262,28.312
6014,265,28.312
6015,253,28.312
6016,261,17.608
6017,231,22.411
6018,220,22.411
6019,209,22.411
6020,217,22.411
6021,215,22.411
6022,207,22.411
6023,212,26.067
6024,214,26.067
6025,201,26.067
6026,201,26.067
6027,205,26.067
6028,212,28.168
6029,210,24.803
6030,211,26.459
6031,221,26.459
6032,226,25.983
6033,221,24.991
6034,225,26.435
6035,236,27.568
6036,224,26.584
6037,230,26.584
6038,218,26.584
6039,230,27.17
6040,224,27.17
6041,232,27.17
6042,231,27.17
6043,222,28.195
6044,230,24.824
6045,239,28.232
6046,234,26.77
6047,233,26.77
6048,236,27.021
6049,253,26.77
6050,266,26.77
6051,264,23.757
6052,240,25.152
6053,241,25.152
6054,237,25.152
6055,239,23.757
6056,239,23.757
6057,245,23.757
6058,251,24.31
6059,245,21.497
6060,253,21.497
6061,256,21.497
6062,254,18.042
6063,244,21.868
6064,247,23.559
6065,242,25.885
6066,229,26.181
6067,253,23.559
6068,253,23.559
6069,249,21.868
6070,234,22.719
6071,244,18.202
6072,271,16.203
6073,275,16.203
6074,280,16.338
6075,284,15.841
6076,272,20.299
6077,266,20.654
6078,285,15.841
6079,280,20.212
6080,274,20.212
6081,246,21.787
6082,265,28.148
6083,259,28.148
6084,286,25.392
6085,290,25.392
6086,294,25.392
6087,296,25.392
6088,293,27.777
6089,281,27.777
6090,286,25.392
6091,286,25.392
6092,291,25.392
6093,300,25.392
6094,283,25.392
6095,280,25.392
6096,275,25.392
6097,275,25.392
6098,266,25.392
6099,269,25.392
6100,253,25.138
6101,243,25.138
6102,249,28.728
6103,232,28.728
6104,237,28.728
6105,234,28.728
6106,232,28.483
6107,234,28.483
6108,236,28.483
6109,230,28.483
6110,218,21.222
6111,219,21.222
6112,233,15.058
6113,240,19.353
6114,237,19.353
6115,238,19.353
6116,241,28.145
6117,233,28.145
6118,229,28.145
6119,224,28.145
6120,239,28.145
6121,239,28.145
6122,245,28.145
6123,241,25.965
6124,248,25.965
6125,273,24.115
6126,262,26.456
6127,255,26.456
6128,247,28.36
6129,255,28.36
6130,253,28.36
6131,244,27.651
6132,239,26.456
6133,243,24.824
6134,251,23.078
6135,246,23.078
6136,244,28.641
6137,226,26.214
6138,253,23.078
6139,276,23.078
6140,280,23.078
6141,267,23.078
6142,262,25.978
6143,283,25.978
6144,289,25.978
6145,288,27.024
6146,299,27.024
6147,304,27.024
6148,301,25.978
6149,310,25.978
6150,292,25.978
6151,292,25.882
6152,301,23.831
6153,309,27.433
6154,309,27.433
6155,304,27.433
6156,274,26.062
6157,274,26.062
6158,271,26.441
6159,254,26.441
6160,267,26.441
6161,277,26.441
6162,275,17.237
6163,275,17.193
6164,275,27.063
6165,268,27.063
6166,254,27.063
6167,261,27.063
6168,262,27.063
6169,257,27.407
6170,270,27.377
6171,282,27.586
6172,285,27.586
6173,279,26.118
6174,277,14.131
6175,271,24.038
6176,269,19.721
6177,286,27.831
6178,278,27.831
6179,284,27.831
6180,283,27.831
6181,264,26.638
6182,268,26.638
6183,261,26.638
6184,262,26.638
6185,264,26.638
6186,260,26.638
6187,259,26.638
6188,269,26.638
6189,284,26.636
6190,284,26.636
6191,298,26.636
6192,281,28.322
6193,263,28.322
6194,258,28.322
6195,254,28.322
6196,253,28.322
6197,269,28.322
6198,264,28.322
6199,246,26.48
6200,259,26.48
6201,264,28.884
6202,270,28.884
6203,280,28.884
6204,272,28.884
6205,262,28.187
6206,260,28.698
6207,267,28.698
6208,265,28.187
6209,270,28.187
6210,265,28.187
6211,261,28.187
6212,257,28.187
6213,258,28.187
6214,262,28.187
6215,280,28.187
6216,283,28.187
6217,282,28.187
6218,265,23.879
6219,264,28.546
6220,248,28.546
6221,254,28.546
6222,267,28.546
6223,258,28.546
6224,256,28.546
6225,251,28.546
6226,255,28.546
6227,262,28.546
6228,254,28.546
6229,255,28.546
6230,238,28.546
6231,247,28.546
6232,253,28.546
6233,231,28.546
6234,244,28.546
6235,247,28.546
6236,258,28.546
6237,250,28.546
6238,255,24.005
6239,250,24.863
6240,255,28.435
6241,249,28.435
6242,241,28.435
6243,243,28.435
6244,262,28.435
6245,260,28.435
6246,261,28.435
6247,278,28.435
6248,272,24.304
6249,253,24.304
6250,250,24.304
6251,253,26.035
6252,253,26.035
6253,244,26.035
6254,241,28.62
6255,246,28.62
6256,253,28.62
6257,263,28.62
6258,262,28.62
6259,234,28.62
6260,236,28.62
6261,256,28.36
6262,257,28.36
6263,252,27.586
6264,260,22.824
6265,239,26.196
6266,226,27.234
6267,227,28.449
6268,225,27.234
6269,229,27.234
6270,230,27.454
6271,231,27.454
6272,240,27.234
6273,246,27.234
6274,247,27.234
6275,268,28.905
6276,270,28.905
6277,270,28.905
6278,283,28.905
6279,282,19.67
6280,263,17.928
6281,300,19.599
6282,302,19.599
6283,297,26.238
6284,296,19.599
6285,264,22.801
6286,257,22.801
6287,267,25.527
6288,263,25.527
6289,271,25.527
6290,268,25.527
6291,260,25.527
6292,267,25.138
6293,274,28.818
6294,267,23.715
6295,254,23.21
6296,236,26.125
6297,233,26.125
6298,231,26.125
6299,246,26.125
6300,240,18.039
6301,249,23.82
6302,247,23.82
6303,238,28.512
6304,222,28.512
6305,235,28.512
6306,232,22.819
6307,218,22.819
6308,190,22.819
6309,223,22.819
6310,192,22.819
6311,196,22.819
6312,202,22.819
6313,216,22.819
6314,210,22.819
6315,209,22.819
6316,207,22.819
6317,210,22.819
6318,205,22.819
6319,221,22.819
6320,204,22.819
6321,207,22.819
6322,220,22.819
6323,205,22.819
6324,206,22.819
6325,202,22.819
6326,214,22.819
6327,243,22.819
6328,239,22.819
6329,254,23.631
6330,257,23.631
6331,263,23.966
6332,246,22.819
6333,255,24.477
6334,253,24.477
6335,268,25.284
6336,269,25.284
6337,267,25.284
6338,240,24.477
6339,220,22.819
6340,238,17.626
6341,239,28.48
6342,242,17.626
6343,231,25.676
6344,228,25.676
6345,230,25.676
6346,243,26.817
6347,234,26.817
6348,241,26.817
6349,248,22.498
6350,249,27.439
6351,249,27.439
6352,245,27.439
6353,249,28.007
6354,245,28.007
6355,234,28.007
6356,228,28.007
6357,227,26.01
6358,227,27.158
6359,226,27.158
6360,226,27.158
6361,223,24.988
6362,244,28.745
6363,243,28.745
6364,260,24.803
6365,259,24.803
6366,253,25.016
6367,267,25.016
6368,285,25.858
6369,273,25.858
6370,248,25.016
6371,249,25.016
6372,258,24.803
6373,259,24.803
6374,268,24.803
6375,287,24.803
6376,263,24.925
6377,256,26.889
6378,242,26.889
6379,244,26.889
6380,246,28.901
6381,241,28.901
6382,230,28.901
6383,225,24.803
6384,235,25.075
6385,236,25.075
6386,230,25.075
6387,231,25.075
6388,222,25.075
6389,256,25.837
6390,224,28.461
6391,223,28.461
6392,223,28.461
6393,223,28.461
6394,213,28.461
6395,226,27.162
6396,237,27.162
6397,233,27.162
6398,248,27.162
6399,257,27.162
6400,245,27.162
6401,243,27.162
6402,239,27.162
6403,239,27.162
6404,236,27.162
6405,248,27.162
6406,253,27.162
6407,253,27.162
6408,246,27.162
6409,260,27.162
6410,257,27.162
6411,253,28.739
6412,253,27.162
6413,250,27.162
6414,248,27.243
6415,237,27.243
6416,245,27.243
6417,244,27.243
6418,251,27.243
6419,247,27.243
6420,242,27.243
6421,248,27.243
6422,230,27.243
6423,228,27.243
6424,242,27.243
6425,242,27.243
6426,262,27.243
6427,258,27.243
6428,254,27.243
6429,250,27.243
6430,244,27.243
6431,253,27.243
6432,253,27.243
6433,245,28.57
6434,239,28.57
6435,243,28.57
6436,240,28.007
6437,243,28.396
6438,230,27.243
6439,230,26.569
6440,230,26.569
6441,224,26.569
6442,212,26.112
6443,216,26.112
6444,216,24.686
6445,210,24.426
6446,226,24.426
6447,234,24.426
6448,244,24.426
6449,247,24.426
6450,249,23.84
6451,251,26.295
6452,256,23.84
6453,269,23.84
6454,277,23.84
6455,280,22.807
6456,283,22.807
6457,285,22.807
6458,298,22.807
6459,274,22.807
6460,272,22.807
6461,267,22.842
6462,268,22.842
6463,274,19.324
6464,267,23.688
6465,277,23.688
6466,274,23.688
6467,275,23.688
6468,296,24.086
6469,281,24.086
6470,272,19.999
6471,257,23.521
6472,261,24.853
6473,248,24.853
6474,246,24.853
6475,252,24.853
6476,260,28.763
6477,248,28.763
6478,276,28.763
6479,279,28.763
6480,275,28.763
6481,268,28.763
6482,283,28.763
6483,274,28.763
6484,280,27.485
6485,287,27.485
6486,287,28.633
6487,285,28.633
6488,282,28.633
6489,285,28.633
6490,291,27.485
6491,283,27.485
6492,282,27.485
6493,281,27.485
6494,265,27.766
6495,275,27.766
6496,269,27.766
6497,282,24.797
6498,281,24.761
6499,276,24.761
6500,269,24.761
6501,269,27.11
6502,263,27.11
6503,270,27.11
6504,270,27.11
6505,266,25.983
6506,270,25.14
6507,272,25.14
6508,292,25.14
6509,288,25.14
6510,298,21.267
6511,293,23.392
6512,276,23.392
6513,273,23.392
6514,262,23.392
6515,252,24.342
6516,253,24.342
6517,243,28.85
6518,247,28.542
6519,279,21.076
6520,272,23.978
6521,271,26.847
6522,276,26.847
6523,284,26.847
6524,250,26.847
6525,245,28.142
6526,247,26.518
6527,243,26.518
6528,248,22.37
6529,247,22.37
6530,263,26.369
6531,261,26.375
6532,246,26.375
6533,257,26.375
6534,257,26.375
6535,252,26.375
6536,252,26.375
6537,258,22.376
6538,256,22.376
6539,251,19.9
6540,249,20.801
6541,274,19.967
6542,287,27.819
6543,260,27.819
6544,265,27.819
6545,258,27.819
6546,250,27.819
6547,249,27.819
6548,246,27.819
6549,254,27.819
6550,270,28.118
6551,261,28.118
6552,269,28.118
6553,274,28.118
6554,271,28.118
6555,261,28.118
6556,249,25.227
6557,252,25.227
6558,247,25.227
6559,242,26.14
6560,240,26.14
6561,242,26.14
6562,245,26.14
6563,245,26.14
6564,249,26.14
6565,247,26.14
6566,236,26.14
6567,246,26.14
6568,245,26.14
6569,245,26.14
6570,253,27.213
6571,254,24.181
6572,249,23.999
6573,249,22.681
6574,238,22.681
6575,235,20.654
6576,238,20.654
6577,242,20.654
6578,251,20.654
6579,256,20.654
6580,266,28.787
6581,255,28.787
6582,247,25.439
6583,252,25.439
6584,265,28.596
6585,260,28.596
6586,252,28.596
6587,250,28.596
6588,231,28.596
6589,243,28.596
6590,231,27.601
6591,230,27.601
6592,224,27.601
6593,217,27.601
6594,211,27.601
6595,211,27.601
6596,245,26.773
6597,246,26.773
6598,203,26.773
6599,241,26.773
6600,239,26.773
6601,251,26.773
6602,253,26.773
6603,252,27.243
6604,238,27.243
6605,242,27.243
6606,237,27.243
6607,255,27.243
6608,257,25.675
6609,249,25.675
6610,248,23.019
6611,251,23.568
6612,251,23.568
6613,248,23.568
6614,237,24.074
6615,242,28.449
6616,233,26.483
6617,269,28.336
6618,257,28.336
6619,258,23.019
6620,264,23.019
6621,257,23.019
6622,269,23.019
6623,260,23.019
6624,232,25.864
6625,235,25.864
6626,241,25.864
6627,253,23.019
6628,247,23.019
6629,246,23.019
6630,261,23.019
6631,248,23.019
6632,249,23.617
6633,256,23.617
6634,245,24.336
6635,241,28.195
6636,241,28.195
6637,241,28.195
6638,236,28.195
6639,223,28.195
6640,218,28.195
6641,254,23.87
6642,219,23.87
6643,220,26.506
6644,219,23.87
6645,213,26.883
6646,214,24.761
6647,230,24.761
6648,226,23.617
6649,239,23.617
6650,239,23.617
6651,241,19.136
6652,238,19.136
6653,244,19.136
6654,258,18.281
6655,260,18.281
6656,256,18.281
6657,245,24.465
6658,248,24.465
6659,254,24.465
6660,251,24.971
6661,253,24.971
6662,254,24.971
6663,255,24.971
6664,250,26.303
6665,254,26.303
6666,251,24.971
6667,261,24.124
6668,270,24.124
6669,270,24.124
6670,273,24.124
6671,263,25.442
6672,266,24.124
6673,264,19.214
6674,266,19.237
6675,264,19.237
6676,264,25.805
6677,260,25.805
6678,265,26.498
6679,272,26.498
6680,277,26.498
6681,278,25.805
6682,273,25.805
6683,261,25.805
6684,263,25.805
6685,277,24.665
6686,267,24.665
6687,254,28.59
6688,259,28.59
6689,259,28.59
6690,254,26.059
6691,261,26.059
6692,249,27.639
6693,251,27.639
6694,259,27.639
6695,242,27.639
6696,242,27.639
6697,247,26.059
6698,257,26.415
6699,257,26.059
6700,229,26.059
6701,223,24.516
6702,214,24.516
6703,210,24.516
6704,208,25.282
6705,223,26.534
6706,246,24.516
6707,252,24.516
6708,230,28.307
6709,232,24.516
6710,240,24.516
6711,248,20.603
6712,245,24.094
6713,242,24.094
6714,247,20.529
6715,256,20.526
6716,258,20.526
6717,245,19.592
6718,248,26.196
6719,261,19.592
6720,267,19.592
6721,271,20.307
6722,280,24.576
6723,275,24.576
6724,274,24.576
6725,272,24.576
6726,287,24.576
6727,302,24.576
6728,290,25.398
6729,278,25.398
6730,280,25.398
6731,245,23.774
6732,266,23.774
6733,259,23.774
6734,266,23.774
6735,274,23.774
6736,278,23.774
6737,282,23.774
6738,278,23.774
6739,269,23.774
6740,264,23.774
6741,264,26.77
6742,263,26.77
6743,272,26.77
6744,273,28.195
6745,268,28.195
6746,266,26.77
6747,262,18.741
6748,281,21.129
6749,258,22.591
6750,256,22.591
6751,261,21.969
6752,252,24.806
6753,260,21.969
6754,265,18.353
6755,259,18.353
6756,264,12.566
6757,264,26.947
6758,261,16.197
6759,266,16.197
6760,278,21.928
6761,266,21.686
6762,266,21.686
6763,268,21.686
6764,269,20.917
6765,279,26.264
6766,273,23.613
6767,269,27.463
6768,266,27.463
6769,265,27.681
6770,251,23.613
6771,240,19.601
6772,236,19.601
6773,241,21.653
6774,235,24.334
6775,237,26.665
6776,245,26.665
6777,247,27.039
6778,229,27.039
6779,238,27.039
6780,237,26.665
6781,231,26.665
6782,234,26.665
6783,231,26.665
6784,223,26.665
6785,221,26.665
6786,262,21.123
6787,263,21.123
6788,273,21.123
6789,268,26.295
6790,259,26.295
6791,264,21.123
6792,251,22.654
6793,245,24.034
6794,246,24.034
6795,252,24.034
6796,276,26.901
6797,275,26.901
6798,258,27.697
6799,251,27.697
6800,231,27.697
6801,225,27.697
6802,227,27.697
6803,239,27.846
6804,232,27.846
6805,217,27.846
6806,227,22.585
6807,234,26.928
6808,227,26.928
6809,227,24.256
6810,215,24.256
6811,227,25.87
6812,242,25.87
6813,251,25.039
6814,256,25.039
6815,246,25.039
6816,239,23.138
6817,246,22.585
6818,247,22.585
6819,238,27.278
6820,243,26.339
6821,245,26.755
6822,251,26.339
6823,254,24.983
6824,239,24.983
6825,236,24.983
6826,227,25.655
6827,229,25.655
6828,232,25.655
6829,240,22.585
6830,253,22.585
6831,247,27.908
6832,239,27.908
6833,237,27.908
6834,234,27.908
6835,246,27.908
6836,244,18.779
6837,245,18.779
6838,244,20.719
6839,254,26.382
6840,248,26.382
6841,252,26.382
6842,251,26.382
6843,244,26.382
6844,237,26.382
6845,235,26.382
6846,235,26.382
6847,233,26.382
6848,243,27.535
6849,248,27.535
6850,246,24.714
6851,260,24.714
6852,266,24.714
6853,262,24.714
6854,260,24.714
6855,255,24.714
6856,267,22.916
6857,274,22.916
6858,275,22.916
6859,272,22.916
6860,265,23.12
6861,256,23.12
6862,227,23.12
6863,239,23.12
6864,246,22.819
6865,257,28.782
6866,246,28.782
6867,251,28.782
6868,267,28.782
6869,258,28.782
6870,258,28.782
6871,263,28.782
6872,264,28.782
6873,275,23.778
6874,265,22.839
6875,286,25.804
6876,279,22.819
6877,269,22.819
6878,283,22.819
6879,261,22.819
6880,262,17.868
6881,260,17.868
6882,262,17.868
6883,264,17.868
6884,274,28.668
6885,263,28.668
6886,265,28.787
6887,269,28.787
6888,259,28.787
6889,255,28.787
6890,249,28.787
6891,243,28.787
6892,250,28.787
6893,256,28.139
6894,248,28.139
6895,257,28.139
6896,258,27.834
6897,261,20.908
6898,252,20.908
6899,256,25.161
6900,251,25.161
6901,243,26.967
6902,238,26.967
6903,260,26.967
6904,262,26.967
6905,251,23.798
6906,262,23.798
6907,254,27.218
6908,285,27.218
6909,288,27.218
6910,284,28.438
6911,284,28.438
6912,276,24.34
6913,273,24.753
6914,275,27.051
6915,281,24.753
6916,264,24.753
6917,262,24.753
6918,263,24.753
6919,258,24.753
6920,252,24.753
6921,249,19.444
6922,244,19.444
6923,262,19.444
6924,261,12.864
6925,259,26.205
6926,265,24.549
6927,265,28.665
6928,268,28.665
6929,284,28.665
6930,277,28.665
6931,292,28.665
6932,305,28.665
6933,303,24.155
6934,283,27.162
6935,279,25.261
6936,264,25.261
6937,261,27.233
6938,260,27.233
6939,287,23.488
6940,277,23.488
6941,286,23.488
6942,282,24.818
6943,282,23.738
6944,280,23.738
6945,280,23.738
6946,264,23.738
6947,267,18.995
6948,268,18.995
6949,255,19.282
6950,247,20.283
6951,250,20.283
6952,261,20.283
6953,262,24.104
6954,264,28.261
6955,272,28.261
6956,271,28.261
6957,270,28.261
6958,271,25.95
6959,273,25.95
6960,252,25.95
6961,249,25.95
6962,251,25.882
6963,249,26.914
6964,258,26.914
6965,264,25.882
6966,268,25.882
6967,258,24.961
6968,240,25.171
6969,246,24.961
6970,245,26.821
6971,250,24.961
6972,274,24.447
6973,278,24.447
6974,248,23.204
6975,250,23.204
6976,265,23.204
6977,265,23.204
6978,283,23.204
6979,283,23.204
6980,266,23.204
6981,258,23.204
6982,259,23.204
6983,257,25.006
6984,258,28.062
6985,245,28.062
6986,240,28.062
6987,241,28.062
6988,242,26.313
6989,243,20.914
6990,247,26.602
6991,253,20.914
6992,267,20.914
6993,268,20.914
6994,245,28.602
6995,249,28.602
6996,244,28.602
6997,235,28.602
6998,240,24.534
6999,246,25.249
7000,240,24.534
7001,248,20.914
7002,246,28.871
7003,234,28.871
7004,244,28.871
7005,243,22.952
7006,262,22.952
7007,262,25.885
7008,274,25.885
7009,264,25.885
7010,262,24.95
7011,250,25.942
7012,250,27.156
7013,248,27.156
7014,251,25.942
7015,254,21.772
7016,240,17.985
7017,237,24.417
7018,253,24.417
7019,266,25.816
7020,275,25.816
7021,288,28.171
7022,271,28.171
7023,263,28.171
7024,279,28.171
7025,278,28.171
7026,245,28.402
7027,237,28.402
7028,230,28.393
7029,223,26.947
7030,237,26.947
7031,239,25.999
7032,242,27.987
7033,240,27.987
7034,264,27.987
7035,246,27.987
7036,232,27.987
7037,240,27.987
7038,246,26.016
7039,237,26.016
7040,248,18.555
7041,256,18.555
7042,254,18.555
7043,266,22.6
7044,257,16.401
7045,267,28.291
7046,275,24.48
7047,269,27.831
7048,280,27.831
7049,284,27.831
7050,285,27.819
7051,277,27.819
7052,270,28.497
7053,265,28.497
7054,260,28.497
7055,263,28.058
7056,269,27.819
7057,251,27.819
7058,253,27.819
7059,242,25.652
7060,246,25.652
7061,230,23.628
7062,227,23.628
7063,223,23.628
7064,236,18.451
7065,235,25.595
7066,241,25.595
7067,269,25.595
7068,270,27.415
7069,246,25.595
7070,251,22.564
7071,256,25.681
7072,271,25.681
7073,266,25.681
7074,276,25.681
7075,279,26.79
7076,278,26.79
7077,271,26.79
7078,267,23.762
7079,263,23.762
7080,273,24.731
7081,263,24.731
7082,272,24.731
7083,288,25.013
7084,289,24.731
7085,278,24.731
7086,278,24.731
7087,286,25.813
7088,280,28.462
7089,289,28.462
7090,268,28.462
7091,259,28.462
7092,264,28.462
7093,261,28.462
7094,234,28.462
7095,235,28.462
7096,234,26.533
7097,235,22.513
7098,236,22.513
7099,227,25.604
7100,227,25.604
7101,235,28.615
7102,230,28.615
7103,237,28.615
7104,236,28.615
7105,224,25.604
7106,222,25.604
7107,220,25.604
7108,229,24.603
7109,232,24.603
7110,234,22.426
7111,230,24.384
7112,222,22.23
7113,227,26.115
7114,225,28.085
7115,240,22.23
7116,239,25.4
7117,233,22.985
7118,230,22.23
7119,238,22.23
7120,248,22.23
7121,245,22.23
7122,249,22.23
7123,251,27.027
7124,243,27.027
7125,251,27.027
7126,252,27.027
7127,240,27.027
7128,243,27.027
7129,242,25.968
7130,254,25.968
7131,253,25.968
7132,228,25.968
7133,238,25.968
7134,253,25.968
7135,260,25.968
7136,260,25.968
7137,271,25.968
7138,260,25.968
7139,258,26.731
7140,273,26.731
7141,274,28.549
7142,271,24.525
7143,283,24.525
7144,278,22.982
7145,281,23.338
7146,281,23.338
7147,280,16.968
7148,280,16.968
7149,291,25.149
7150,274,25.149
7151,266,16.227
7152,264,16.227
7153,255,16.227
7154,247,16.227
7155,256,16.227
7156,254,21.584
7157,251,25.454
7158,260,25.454
7159,263,25.454
7160,264,25.454
7161,261,25.454
7162,276,25.454
7163,271,24.657
7164,266,24.657
7165,272,27.702
7166,280,27.702
7167,270,27.702
7168,270,27.702
7169,265,27.702
7170,265,27.702
7171,264,27.702
7172,244,23.694
7173,244,25.454
7174,246,26.193
7175,254,26.193
7176,240,26.193
7177,272,26.193
7178,272,26.193
7179,265,26.193
7180,258,26.193
7181,257,26.193
7182,262,26.193
7183,266,26.193
7184,263,26.193
7185,256,26.193
7186,256,28.793
7187,245,19.302
7188,248,27.293
7189,256,19.302
7190,271,23.2
7191,261,27.386
7192,236,27.386
7193,258,27.012
7194,250,27.012
7195,255,27.012
7196,243,27.012
7197,254,27.012
7198,265,27.418
7199,267,27.012
7200,271,27.012
7201,269,27.012
7202,268,27.012
7203,242,27.012
7204,267,27.012
7205,268,27.012
7206,260,27.415
7207,261,27.415
7208,261,27.415
7209,255,27.415
7210,264,27.415
7211,257,27.415
7212,246,27.415
7213,243,27.415
7214,249,27.415
7215,236,27.415
7216,247,26.205
7217,246,26.205
7218,249,26.405
7219,265,26.405
7220,269,26.405
7221,277,26.405
7222,287,26.405
7223,274,26.405
7224,271,26.405
7225,270,26.405
7226,269,26.405
7227,248,26.405
7228,257,27.186
7229,252,27.186
7230,250,27.186
7231,251,27.186
7232,247,27.186
7233,244,27.186
7234,241,27.186
7235,244,26.955
7236,244,27.723
7237,257,27.723
7238,253,27.723
7239,245,28.294
7240,221,24.262
7241,222,24.262
7242,219,24.262
7243,219,24.262
7244,215,18.377
7245,228,18.377
7246,215,21.135
7247,217,21.135
7248,219,25.918
7249,218,25.918
7250,214,25.918
7251,248,26.231
7252,250,28.467
7253,248,28.467
7254,239,20.209
7255,238,20.209
7256,233,20.209
7257,251,28.593
7258,279,28.593
7259,290,28.593
7260,287,28.593
7261,273,28.593
7262,268,24.581
7263,264,24.581
7264,264,24.581
7265,267,24.581
7266,263,28.847
7267,259,25.885
7268,267,25.885
7269,257,24.581
7270,266,24.581
7271,268,25.879
7272,292,25.879
7273,290,25.879
7274,282,26.104
7275,273,26.892
7276,249,26.104
7277,256,26.104
7278,262,26.104
7279,249,26.57
7280,233,27.089
7281,258,26.57
7282,246,26.57
7283,241,26.104
7284,226,25.847
7285,236,22.032
7286,252,22.032
7287,249,22.032
7288,290,22.032
7289,292,20.598
7290,284,19.919
7291,284,25.206
7292,282,25.757
7293,277,25.757
7294,243,25.757
7295,246,26.666
7296,250,26.666
7297,249,26.666
7298,241,26.666
7299,231,26.666
7300,223,26.666
7301,235,26.666
7302,235,26.666
7303,237,26.666
7304,227,26.666
7305,228,26.666
7306,230,26.666
7307,233,26.666
7308,240,26.666
7309,233,26.666
7310,235,26.666
7311,239,26.666
7312,230,28.85
7313,229,26.666
7314,228,26.666
7315,249,26.666
7316,229,26.666
7317,236,26.666
7318,244,26.666
7319,249,26.666
7320,238,26.666
7321,243,26.666
7322,241,26.666
7323,242,26.666
7324,242,27.263
7325,244,27.263
7326,239,26.666
7327,237,26.666
7328,228,26.666
7329,232,28.47
7330,247,28.47
7331,246,26.666
7332,250,26.666
7333,253,26.666
7334,236,26.666
7335,250,26.666
7336,251,26.666
7337,260,27.556
7338,274,27.556
7339,274,27.556
7340,268,26.666
7341,268,26.666
7342,268,26.666
7343,271,26.666
7344,266,26.666
7345,270,26.666
7346,268,26.666
7347,270,26.666
7348,270,26.666
7349,270,26.666
7350,277,26.666
7351,264,26.666
7352,268,26.666
7353,267,26.666
7354,264,26.666
7355,275,28.56
7356,271,26.666
7357,271,26.666
7358,258,26.666
7359,266,26.666
7360,274,26.666
7361,280,26.666
7362,272,27.556
7363,273,27.556
7364,270,26.666
7365,267,26.666
7366,285,26.666
7367,272,26.666
7368,253,26.901
7369,261,28.776
7370,264,28.776
7371,287,28.776
7372,273,26.666
7373,265,26.666
7374,254,26.666
7375,256,26.932
7376,252,26.666
7377,249,26.666
7378,255,26.666
7379,254,28.189
7380,262,26.666
7381,248,27.914
7382,221,26.666
7383,232,26.666
7384,234,26.666
7385,256,26.666
7386,256,26.666
7387,253,26.666
7388,231,27.544
7389,232,27.544
7390,226,27.544
7391,221,27.544
7392,239,26.666
7393,258,26.666
7394,239,26.666
7395,239,18.011
7396,233,25.732
7397,237,25.732
7398,265,25.732
7399,259,25.732
7400,230,25.732
7401,235,20.893
7402,237,21.847
7403,228,26.101
7404,228,26.101
7405,231,26.101
7406,247,19.509
7407,241,18.504
7408,247,20.779
7409,231,26.101
7410,238,27.173
7411,237,28.071
7412,229,20.779
7413,234,22.908
7414,228,24.797
7415,227,26.214
7416,228,26.214
7417,229,26.214
7418,230,26.214
7419,228,26.214
7420,235,26.214
7421,263,25.868
7422,260,25.868
7423,257,25.868
7424,259,26.444
7425,261,25.868
7426,267,27.053
7427,270,25.868
7428,271,28.489
7429,278,28.489
7430,288,28.489
7431,280,28.489
7432,292,28.489
7433,291,28.277
7434,298,28.277
7435,254,28.277
7436,249,28.277
7437,257,27.658
7438,257,27.658
7439,247,27.658
7440,259,27.658
7441,253,27.658
7442,266,27.159
7443,277,25.868
7444,259,25.868
7445,259,28.464
7446,259,28.464
7447,237,28.464
7448,243,28.464
7449,233,28.464
7450,237,28.464
7451,236,25.868
7452,234,25.868
7453,229,25.868
7454,233,25.868
7455,237,25.927
7456,241,25.868
7457,244,25.868
7458,243,25.868
7459,251,25.868
7460,239,25.868
7461,236,25.868
7462,237,25.868
7463,240,25.868
7464,252,25.868
7465,256,25.868
7466,260,25.868
7467,251,25.868
7468,247,20.633
7469,255,24.672
7470,259,24.672
7471,259,24.672
7472,259,24.672
7473,253,25.267
7474,254,25.267
7475,260,24.122
7476,260,21.904
7477,262,21.904
7478,261,21.904
7479,257,21.904
7480,255,26.211
7481,254,26.211
7482,260,24.342
7483,263,20.669
7484,260,27.171
7485,246,27.171
7486,257,28.381
7487,261,28.381
7488,279,28.381
7489,270,27.171
7490,284,27.171
7491,289,27.171
7492,305,27.171
7493,298,27.171
7494,293,22.746
7495,285,20.866
7496,280,25.604
7497,282,23.518
7498,297,23.518
7499,286,25.219
7500,276,25.219
7501,256,27.469
7502,246,25.219
7503,247,25.219
7504,257,24.8
7505,268,24.8
7506,251,24.8
7507,256,28.603
7508,263,28.603
7509,268,28.603
7510,267,28.603
7511,259,28.603
7512,285,28.641
7513,282,26.483
7514,284,26.483
7515,252,26.471
7516,241,26.471
7517,258,23.267
7518,267,23.267
7519,288,23.267
7520,293,25.535
7521,283,27.914
7522,273,23.267
7523,272,27.66
7524,278,27.66
7525,276,27.66
7526,268,27.66
7527,258,27.66
7528,270,18.917
7529,277,21.592
7530,262,21.592
7531,261,26.163
7532,265,27.717
7533,251,27.717
7534,246,27.717
7535,244,27.717
7536,247,27.717
7537,244,27.717
7538,244,27.717
7539,247,26.725
7540,258,26.725
7541,274,25.861
7542,274,25.861
7543,264,25.861
7544,258,25.861
7545,269,25.861
7546,270,27.75
7547,271,27.75
7548,260,27.769
7549,243,27.769
7550,245,27.769
7551,254,27.769
7552,258,23.117
7553,250,20.071
7554,244,23.586
7555,242,23.586
7556,247,23.586
7557,261,18.206
7558,266,16.61
7559,256,16.61
7560,253,16.61
7561,243,16.61
7562,256,16.61
7563,251,18.995
7564,253,21.323
7565,253,21.323
7566,263,9.218
7567,251,27.051
7568,252,27.051
7569,245,27.051
7570,254,27.051
7571,254,27.051
7572,280,27.051
7573,273,27.051
7574,275,27.051
7575,286,27.051
7576,273,27.051
7577,267,27.051
7578,279,27.051
7579,276,27.051
7580,253,27.051
7581,255,27.051
7582,253,27.051
7583,248,27.051
7584,265,24.989
7585,257,24.989
7586,247,27.679
7587,248,27.679
7588,239,27.679
7589,246,27.153
7590,239,28.639
7591,256,28.639
7592,247,24.944
7593,267,24.944
7594,268,24.944
7595,252,28.742
7596,255,28.742
7597,251,28.742
7598,259,28.742
7599,248,28.742
7600,249,28.742
7601,251,23.553
7602,252,21.667
7603,252,23.195
7604,252,23.195
7605,255,23.195
7606,270,23.195
7607,272,23.195
7608,240,25.526
7609,228,25.526
7610,267,22.325
7611,263,15.856
7612,264,18.851
7613,255,26.211
7614,233,23.006
7615,238,19.335
7616,241,19.335
7617,245,24.08
7618,249,24.08
7619,246,24.08
7620,247,24.08
7621,255,24.08
7622,254,18.588
7623,244,19.554
7624,244,19.554
7625,237,28.196
7626,238,28.196
7627,235,28.196
7628,240,19.554
7629,246,19.554
7630,249,23.192
7631,247,23.192
7632,246,28.357
7633,245,28.853
7634,246,15.551
7635,247,15.551
7636,245,15.551
7637,246,27.96
7638,253,27.96
7639,256,27.96
7640,256,27.96
7641,262,28.24
7642,261,27.96
7643,271,27.96
7644,267,27.96
7645,260,27.96
7646,264,28.809
7647,257,28.809
7648,268,28.809
7649,265,28.809
7650,266,28.809
7651,282,28.809
7652,292,27.344
7653,291,27.344
7654,276,27.344
7655,265,27.344
7656,269,27.344
7657,263,27.344
7658,250,27.344
7659,243,27.344
7660,236,27.344
7661,243,27.344
7662,238,27.344
7663,251,27.344
7664,248,23.233
7665,249,23.233
7666,260,23.233
7667,258,24.519
7668,247,24.519
7669,237,24.519
7670,223,24.519
7671,230,24.519
7672,240,24.519
7673,241,24.519
7674,241,24.519
7675,228,24.16
7676,233,27.027
7677,228,27.027
7678,237,27.027
7679,244,27.188
7680,244,27.188
7681,241,27.188
7682,259,27.188
7683,261,27.188
7684,262,25.58
7685,253,25.58
7686,256,26.08
7687,251,26.08
7688,253,26.382
7689,252,25.882
7690,245,25.882
7691,239,28.766
7692,253,22.851
7693,251,25.99
7694,246,25.99
7695,252,25.99
7696,261,14.335
7697,270,14.786
7698,283,27.676
7699,272,20.917
7700,267,22.534
7701,257,20.917
7702,260,26.071
7703,244,22.69
7704,253,24.824
7705,253,24.824
7706,260,27.684
7707,255,24.824
7708,257,24.824
7709,261,26.16
7710,268,26.16
7711,263,26.22
7712,249,26.22
7713,248,26.22
7714,240,26.22
7715,246,26.22
7716,241,26.22
7717,255,26.22
7718,258,25.403
7719,252,23.252
7720,263,28.746
7721,267,19.575
7722,271,22.475
7723,276,22.475
7724,280,22.475
7725,279,22.475
7726,279,22.475
7727,283,25.195
7728,269,23.568
7729,266,25.412
7730,267,22.475
7731,263,22.475
7732,290,22.475
7733,283,22.475
7734,284,22.475
7735,283,22.475
7736,271,24.31
7737,279,21.634
7738,279,21.634
7739,267,28.557
7740,256,28.557
7741,264,28.557
7742,265,28.557
7743,257,28.557
7744,264,24.663
7745,272,26.474
7746,275,27.039
7747,274,27.039
7748,293,28.384
7749,301,28.384
7750,305,28.384
7751,322,26.151
7752,324,26.151
7753,308,26.151
7754,304,26.151
7755,311,21.384
7756,314,21.384
7757,317,21.384
7758,317,21.384
7759,315,21.384
7760,315,24.919
7761,307,28.279
7762,307,28.279
7763,317,28.279
7764,276,28.279
7765,269,28.279
7766,254,28.279
7767,252,28.279
7768,253,28.279
7769,265,25.227
7770,274,25.227
7771,275,27.063
7772,284,27.063
7773,291,27.063
7774,307,27.132
7775,312,27.132
7776,319,28.521
7777,296,27.132
7778,281,27.132
7779,284,27.132
7780,283,27.132
7781,269,27.132
7782,276,27.132
7783,274,27.368
7784,273,27.368
7785,279,27.063
7786,277,27.063
7787,272,27.063
7788,277,27.063
7789,280,27.063
7790,276,26.346
7791,260,26.346
7792,250,26.346
7793,239,26.635
7794,241,26.346
7795,247,26.346
7796,250,27.03
7797,232,26.346
7798,234,26.346
7799,244,21.384
7800,259,21.384
7801,247,25.341
7802,243,25.341
7803,252,26.471
7804,252,24.6
7805,261,24.6
7806,264,24.6
7807,264,24.6
7808,261,24.6
7809,253,24.6
7810,242,21.342
7811,222,21.342
7812,222,21.342
7813,229,21.342
7814,239,21.342
7815,241,21.342
7816,264,21.342
7817,255,21.342
7818,250,21.342
7819,252,28.106
7820,253,28.106
7821,246,28.106
7822,241,28.106
7823,242,28.106
7824,259,28.106
7825,296,28.106
7826,297,28.106
7827,298,16.319
7828,306,23.611
7829,309,23.611
7830,290,28.728
7831,280,28.728
7832,274,28.728
7833,289,28.728
7834,287,28.728
7835,282,28.728
7836,285,28.728
7837,280,28.728
7838,281,28.728
7839,281,27.595
7840,279,27.598
7841,277,27.598
7842,303,26.832
7843,325,27.654
7844,295,25.9
7845,284,24.599
7846,249,22.202
7847,245,24.253
7848,259,26.713
7849,281,26.713
7850,284,26.713
7851,284,26.713
7852,279,26.713
7853,289,26.713
7854,289,27.365
7855,262,26.713
7856,262,26.713
7857,272,26.973
7858,268,26.973
7859,260,26.113
7860,279,25.529
7861,279,25.529
7862,282,25.529
7863,262,25.529
7864,269,25.712
7865,278,25.712
7866,279,25.712
7867,270,25.712
7868,251,25.712
7869,260,25.712
7870,264,25.712
7871,262,25.712
7872,262,25.712
7873,258,25.712
7874,258,22.358
7875,266,22.358
7876,266,27.176
7877,262,27.176
7878,263,27.176
7879,273,22.358
7880,262,22.358
7881,257,22.358
7882,256,22.358
7883,258,22.358
7884,267,14.918
7885,259,14.918
7886,260,19.697
7887,279,19.697
7888,280,19.697
7889,273,19.697
7890,270,26.373
7891,270,26.373
7892,269,27.168
7893,265,27.168
7894,269,27.168
7895,282,27.168
7896,290,21.793
7897,276,21.793
7898,267,13.379
7899,259,13.379
7900,259,13.379
7901,266,10.948
7902,289,13.561
7903,282,26.856
7904,275,23.966
7905,252,16.029
7906,255,20.872
7907,264,23.838
7908,275,24.486
7909,281,28.298
7910,277,28.298
7911,274,28.298
7912,271,26.107
7913,261,26.107
7914,256,26.107
7915,256,27.996
7916,256,27.996
7917,269,27.996
7918,298,27.996
7919,283,27.996
7920,287,27.996
7921,273,27.996
7922,268,27.996
7923,252,27.996
7924,254,27.996
7925,250,27.996
7926,246,27.996
7927,255,27.996
7928,263,27.996
7929,266,26.554
7930,288,26.554
7931,274,26.554
7932,267,26.554
7933,263,26.554
7934,251,24.34
7935,243,24.34
7936,227,25.954
7937,228,25.954
7938,226,24.34
7939,230,24.34
7940,233,28.062
7941,252,24.34
7942,246,25.362
7943,251,25.362
7944,253,25.362
7945,236,28.617
7946,254,28.617
7947,257,26.624
7948,278,26.624
7949,279,26.624
7950,282,26.624
7951,280,24.34
7952,281,24.34
7953,277,24.34
7954,239,24.34
7955,242,24.34
7956,248,26.656
7957,230,28.612
7958,234,28.612
7959,242,28.612
7960,257,28.612
7961,231,28.612
7962,224,28.612
7963,226,28.612
7964,226,28.742
7965,222,28.742
7966,225,28.612
7967,231,28.612
7968,237,28.612
7969,234,28.612
7970,241,28.612
7971,234,28.612
7972,234,28.612
7973,223,28.612
7974,220,28.612
7975,215,28.612
7976,226,28.612
7977,224,27.311
7978,223,27.311
7979,236,28.162
7980,241,28.162
7981,246,28.162
7982,248,28.485
7983,248,28.485
7984,237,27.846
7985,231,27.846
7986,231,27.846
7987,226,27.846
7988,224,27.846
7989,226,27.846
7990,237,27.846
7991,214,25.045
7992,242,25.149
7993,237,25.045
7994,217,25.045
7995,230,25.045
7996,247,25.045
7997,245,25.045
7998,237,25.792
7999,239,25.792
8000,239,25.792
8001,240,25.792
8002,240,26.844
8003,232,27.843
8004,259,28.533
8005,270,28.533
8006,265,28.533
8007,262,28.533
8008,249,28.898
8009,243,28.898
8010,249,28.118
8011,252,28.118
8012,251,28.118
8013,251,28.118
8014,238,28.118
8015,234,22.253
8016,217,20.553
8017,215,20.553
8018,223,27.104
8019,230,27.23
8020,242,27.23
8021,247,28.453
8022,241,27.23
8023,242,21.766
8024,262,25.461
8025,252,18.628
8026,262,16.111
8027,262,22.372
8028,249,22.372
8029,262,25.533
8030,262,25.533
8031,252,25.533
8032,238,22.372
8033,248,22.372
8034,258,24.731
8035,266,24.731
8036,277,25.249
8037,283,25.249
8038,261,28.701
8039,266,28.701
8040,270,27.015
8041,257,27.015
8042,265,27.015
8043,271,27.015
8044,271,25.853
8045,271,25.853
8046,266,25.853
8047,258,25.853
8048,260,27.048
8049,252,27.048
8050,249,21.909
8051,252,21.909
8052,245,21.909
8053,255,26.232
8054,261,26.157
8055,237,27.173
8056,241,27.173
8057,236,27.173
8058,236,27.173
8059,267,28.387
8060,260,22.819
8061,259,28.183
8062,256,22.819
8063,271,22.819
8064,275,22.272
8065,268,22.272
8066,282,21.909
8067,271,21.909
8068,273,27.248
8069,254,21.909
8070,259,21.909
8071,264,21.909
8072,273,21.258
8073,269,20.065
8074,253,20.313
8075,254,24.047
8076,244,24.047
8077,251,20.107
8078,252,21.025
8079,259,20.107
8080,262,20.107
8081,266,25.862
8082,266,21.073
8083,260,21.073
8084,277,21.073
8085,284,21.073
8086,285,21.915
8087,287,21.915
8088,299,21.073
8089,298,27.377
8090,296,27.377
8091,283,27.377
8092,281,28.582
8093,268,28.582
8094,254,28.582
8095,253,28.582
8096,258,28.351
8097,274,27.637
8098,257,27.657
8099,255,28.39
8100,249,28.39
8101,256,26.298
8102,257,26.298
8103,255,22.914
8104,237,25.9
8105,235,25.9
8106,238,25.9
8107,246,25.179
8108,245,25.179
8109,240,25.179
8110,246,27.547
8111,242,25.179
8112,229,20.544
8113,234,20.544
8114,232,18.974
8115,258,28.581
8116,260,28.581
8117,256,28.581
8118,268,28.581
8119,252,27.344
8120,242,25.087
8121,276,27.873
8122,298,27.873
8123,265,28.545
8124,272,28.545
8125,253,28.545
8126,254,28.545
8127,279,24.082
8128,272,28.895
8129,287,28.895
8130,327,25.312
8131,291,26.231
8132,289,22.369
8133,293,28.438
8134,255,28.438
8135,249,28.626
8136,250,28.626
8137,246,28.438
8138,260,28.438
8139,259,28.438
8140,271,21.616
8141,271,21.616
8142,273,22.083
8143,253,22.083
8144,252,21.616
8145,262,27.633
8146,278,27.633
8147,278,20.414
8148,267,26.001
8149,281,18.272
8150,287,20.932
8151,287,20.932
8152,274,26.45
8153,272,18.87
8154,285,25.804
8155,291,25.804
8156,293,18.87
8157,274,19.9
8158,289,23.082
8159,297,20.81
8160,278,22.113
8161,286,28.234
8162,274,22.113
8163,280,24.163
8164,280,24.163
8165,276,22.113
8166,260,22.113
8167,259,22.113
8168,267,22.113
8169,267,28.787
8170,272,28.787
8171,269,28.787
8172,260,28.787
8173,277,28.787
8174,263,28.787
8175,260,28.787
8176,250,28.787
8177,255,28.787
8178,252,28.787
8179,259,28.787
8180,252,27.867
8181,235,27.867
8182,234,27.867
8183,239,27.867
8184,225,27.867
8185,250,27.867
8186,249,27.843
8187,265,27.063
8188,272,27.063
8189,267,21.766
8190,277,28.13
8191,278,28.13
8192,279,22.517
8193,285,20.607
8194,278,20.607
8195,296,24.522
8196,282,20.607
8197,283,18.714
8198,285,18.714
8199,283,25.305
8200,264,27.914
8201,266,27.914
8202,258,27.914
8203,267,25.874
8204,266,25.874
8205,284,25.874
8206,277,25.874
8207,283,25.874
8208,263,25.072
8209,254,26.285
8210,256,25.383
8211,234,25.383
8212,236,25.383
8213,241,25.383
8214,241,25.383
8215,233,25.383
8216,229,27.598
8217,219,23.892
8218,220,21.676
8219,234,21.676
8220,230,21.676
8221,223,16.61
8222,226,27.977
8223,221,24.498
8224,219,24.498
8225,223,24.498
8226,245,28.473
8227,248,28.473
8228,249,28.473
8229,242,28.473
8230,238,28.473
8231,234,28.473
8232,229,28.473
8233,222,28.473
8234,232,28.473
8235,232,28.473
8236,235,28.473
8237,237,28.473
8238,251,26.331
8239,261,26.331
8240,264,28.187
8241,277,28.187
8242,274,26.331
8243,268,26.331
8244,290,20.042
8245,295,21.093
8246,292,24.041
8247,282,24.041
8248,277,25.601
8249,274,25.601
8250,271,26.061
8251,274,26.061
8252,279,26.746
8253,273,28.802
8254,269,27.902
8255,269,25.601
8256,268,25.601
8257,258,25.601
8258,261,25.601
8259,255,25.601
8260,247,22.325
8261,248,22.325
8262,242,27.944
8263,235,27.944
8264,227,27.944
8265,242,27.944
8266,249,27.944
8267,246,27.944
8268,258,27.944
8269,261,28.79
8270,266,25.553
8271,267,25.553
8272,271,25.553
8273,263,25.553
8274,257,25.553
8275,258,25.553
8276,273,25.553
8277,247,25.553
8278,249,25.553
8279,252,25.553
8280,259,25.553
8281,259,25.553
8282,255,25.553
8283,255,25.553
8284,256,25.553
8285,261,25.553
8286,271,25.553
8287,264,25.553
8288,240,28.372
8289,233,28.372
8290,249,25.553
8291,250,25.553
8292,242,25.553
8293,248,25.553
8294,252,25.553
8295,267,25.553
8296,252,25.553
8297,260,25.553
8298,265,25.553
8299,277,25.553
8300,282,27.084
8301,275,27.084
8302,266,27.084
8303,271,21.302
8304,269,21.302
8305,272,28.641
8306,256,21.302
8307,256,21.302
8308,262,21.302
8309,255,21.302
8310,256,21.302
8311,254,22.337
8312,255,22.337
8313,254,22.337
8314,261,22.337
8315,275,22.337
8316,284,22.355
8317,279,22.355
8318,287,27.741
8319,292,22.355
8320,288,22.931
8321,282,22.931
8322,285,22.931
8323,278,21.302
8324,283,21.302
8325,267,21.302
8326,279,21.302
8327,274,21.302
8328,286,21.302
8329,277,21.302
8330,277,28.243
8331,278,28.243
8332,290,28.243
8333,282,28.243
8334,284,28.243
8335,275,28.243
8336,273,28.243
8337,283,28.243
8338,277,28.243
8339,263,28.243
8340,266,28.243
8341,274,28.243
8342,262,28.243
8343,284,28.243
8344,277,28.243
8345,274,28.243
8346,268,28.243
8347,270,28.243
8348,262,28.243
8349,261,28.243
8350,265,28.452
8351,264,28.452
8352,276,28.452
8353,273,28.243
8354,265,28.243
8355,263,28.243
8356,261,28.27
8357,261,27.855
8358,265,27.855
8359,263,27.855
8360,260,27.855
8361,265,27.855
8362,264,28.083
8363,263,28.083
8364,258,22.203
8365,258,22.203
8366,272,22.203
8367,271,26.352
8368,285,26.352
8369,267,26.352
8370,269,23.667
8371,264,23.667
8372,261,23.162
8373,276,23.162
8374,275,23.162
8375,276,23.933
8376,287,22.91
8377,289,28.533
8378,271,28.533
8379,250,28.533
8380,245,26.136
8381,255,26.136
8382,276,22.819
8383,281,22.819
8384,277,22.819
8385,293,28.826
8386,294,28.826
8387,294,28.826
8388,278,28.826
8389,281,28.826
8390,274,27.364
8391,266,27.364
8392,281,27.364
8393,281,28.106
8394,266,28.106
8395,279,28.106
8396,280,28.106
8397,277,22.819
8398,273,22.819
8399,269,22.819
8400,267,28.824
8401,271,22.819
8402,248,22.819
8403,248,22.819
8404,241,22.819
8405,236,22.819
8406,237,22.819
8407,266,22.819
8408,233,22.819
8409,237,22.819
8410,272,27.861
8411,275,27.861
8412,243,28.259
8413,261,28.259
8414,263,27.167
8415,268,27.167
8416,264,22.819
8417,245,22.819
8418,224,27.858
8419,230,23.156
8420,248,23.156
8421,256,22.819
8422,248,28.174
8423,243,28.318
8424,243,26.626
8425,245,22.819
8426,250,22.819
8427,256,22.819
8428,264,22.819
8429,256,22.819
8430,253,26.459
8431,257,26.459
8432,263,26.459
8433,271,27.538
8434,269,27.538
8435,267,27.538
8436,267,27.538
8437,262,27.538
8438,266,27.538
8439,244,25.14
8440,243,25.14
8441,239,26.381
8442,238,23.279
8443,235,23.279
8444,245,22.994
8445,243,25.78
8446,243,22.994
8447,234,22.994
8448,231,22.994
8449,232,26.994
8450,241,28.019
8451,243,28.019
8452,245,28.019
8453,223,27.125
8454,245,27.125
8455,242,27.125
8456,249,28.474
8457,256,26.994
8458,255,26.412
8459,258,26.412
8460,267,26.412
8461,270,26.412
8462,267,26.412
8463,270,26.412
8464,270,26.412
8465,276,26.412
8466,265,28.578
8467,269,22.819
8468,272,22.819
8469,277,22.819
8470,262,22.819
8471,255,24.477
8472,262,24.477
8473,255,24.477
8474,263,24.477
8475,268,22.487
8476,266,26.062
8477,254,26.062
8478,250,26.062
8479,252,22.487
8480,257,22.487
8481,268,22.487
8482,265,22.487
8483,275,22.487
8484,271,23.616
8485,271,22.487
8486,265,22.487
8487,256,22.487
8488,252,22.487
8489,267,22.487
8490,258,22.487
8491,256,22.839
8492,251,26.627
8493,246,26.627
8494,240,26.627
8495,233,22.487
8496,230,22.487
8497,223,22.487
8498,230,20.332
8499,247,27.179
8500,261,27.179
8501,256,27.179
8502,260,27.179
8503,258,27.131
8504,257,27.131
8505,258,20.131
8506,259,25.607
8507,268,25.607
8508,272,20.131
8509,276,20.301
8510,261,20.131
8511,253,20.131
8512,233,20.131
8513,235,22.053
8514,230,20.131
8515,227,26.868
8516,240,26.868
8517,236,26.868
8518,231,26.868
8519,248,26.868
8520,253,20.388
8521,252,20.388
8522,248,20.388
8523,243,21.766
8524,249,21.766
8525,258,21.766
8526,261,21.766
8527,263,24.845
8528,267,24.845
8529,270,24.845
8530,267,28.331
8531,266,28.331
8532,273,28.331
8533,269,28.331
8534,250,28.331
8535,247,28.331
8536,266,28.331
8537,271,28.331
8538,268,28.331
8539,267,24.785
8540,243,24.785
8541,264,24.785
8542,280,24.785
8543,268,24.785
8544,268,24.785
8545,274,19.285
8546,279,21.727
8547,268,23.745
8548,281,19.285
8549,293,24.516
8550,271,28.273
8551,265,28.273
8552,251,25.392
8553,249,26.704
8554,247,27.204
8555,246,26.704
8556,261,26.704
8557,259,26.704
8558,265,26.704
8559,264,26.704
8560,247,26.704
8561,260,27.215
8562,271,27.215
8563,279,27.215
8564,267,27.215
8565,274,28.085
8566,272,28.085
8567,271,28.085
8568,266,27.684
8569,265,27.684
8570,265,28.736
8571,267,28.736
8572,269,28.736
8573,258,28.736
8574,253,28.736
8575,274,28.857
8576,254,28.857
8577,260,28.857
8578,263,28.857
8579,269,28.857
8580,268,28.857
8581,270,27.787
8582,260,26.666
8583,275,26.666
8584,257,26.666
8585,253,26.666
8586,245,26.666
8587,243,28.88
8588,242,28.88
8589,238,26.364
8590,237,26.364
8591,225,27.604
8592,248,26.364
8593,246,26.666
8594,235,26.666
8595,230,26.666
8596,230,25.792
8597,240,27.478
8598,282,28.692
8599,264,25.792
8600,246,21.452
8601,230,22.845
8602,227,27.977
8603,251,27.977
8604,251,27.977
8605,262,27.977
8606,287,27.977
8607,296,23.001
8608,268,23.001
8609,254,23.001
8610,254,23.001
8611,245,23.001
8612,217,23.001
8613,215,23.001
8614,234,18.367
8615,236,18.367
8616,223,24.89
8617,225,24.89
8618,225,24.89
8619,227,24.89
8620,225,24.89
8621,232,24.89
8622,224,24.89
8623,224,24.89
8624,233,24.89
8625,219,24.89
8626,226,24.89
8627,226,25.536
8628,238,24.89
8629,248,24.89
8630,243,28.829
8631,236,28.829
8632,223,24.89
8633,215,24.89
8634,225,24.89
8635,233,28.896
8636,226,28.896
8637,226,24.89
8638,234,24.89
8639,266,24.89
8640,256,26.734
8641,251,26.734
8642,251,26.734
8643,248,24.955
8644,255,24.955
8645,254,21.607
8646,253,23.572
8647,248,27.135
8648,246,27.135
8649,247,27.135
8650,254,27.135
8651,243,27.135
8652,236,27.135
8653,255,27.135
8654,254,23.619
8655,256,23.619
8656,252,23.619
8657,272,23.619
8658,264,23.619
8659,267,25.051
8660,270,25.051
8661,267,27.015
8662,275,25.051
8663,290,25.246
8664,276,25.246
8665,249,25.051
8666,258,26.145
8667,237,26.145
8668,244,24.394
8669,242,24.394
8670,241,24.394
8671,254,24.394
8672,275,28.008
8673,272,28.008
8674,259,22.953
8675,247,26.1
8676,239,26.1
8677,243,26.1
8678,250,22.953
8679,258,22.953
8680,267,27.831
8681,266,27.831
8682,266,27.831
8683,261,27.831
8684,260,27.831
8685,261,27.831
8686,267,22.047
8687,246,25.765
8688,228,25.765
8689,239,25.765
8690,248,25.765
8691,237,25.765
8692,240,25.765
8693,234,25.765
8694,240,25.765
8695,252,25.765
8696,249,25.765
8697,250,25.765
8698,252,25.514
8699,259,26.313
8700,255,26.313
8701,254,28.59
8702,256,28.186
8703,240,28.358
8704,239,28.358
8705,242,28.358
8706,243,25.299
8707,261,25.299
8708,268,25.299
8709,274,23.885
8710,281,23.885
8711,278,23.709
8712,284,23.709
8713,254,23.709
8714,250,23.709
8715,256,23.709
8716,235,25.682
8717,247,25.682
8718,249,25.682
8719,256,25.682
8720,245,25.682
8721,240,28.534
8722,254,28.534
8723,280,28.534
8724,282,28.534
8725,284,28.534
8726,281,28.534
8727,259,28.534
8728,263,28.534
8729,267,28.534
8730,267,28.534
8731,257,28.534
8732,260,28.165
8733,262,27.37
8734,250,27.37
8735,268,27.37
8736,268,27.37
8737,264,26.758
8738,265,26.758
8739,274,26.758
8740,266,26.758
8741,276,25.481
8742,263,25.481
8743,253,26.758
8744,237,26.758
8745,236,25.481
8746,244,25.481
8747,233,27.497
8748,252,27.497
8749,244,26.178
8750,243,26.178
8751,249,26.178
8752,233,23.425
8753,230,23.425
8754,230,23.425
8755,252,26.829
8756,245,26.829
8757,231,22.819
8758,227,22.819
8759,229,22.819
8760,235,22.819
8761,228,22.819
8762,245,22.819
8763,231,22.819
8764,238,22.819
8765,235,22.819
8766,240,22.819
8767,234,22.819
8768,238,25.583
8769,234,22.819
8770,238,22.819
8771,243,22.819
8772,243,22.819
8773,243,22.819
8774,222,26.527
8775,214,27.932
8776,219,27.932
8777,228,27.932
8778,226,27.932
8779,236,22.819
8780,234,22.819
8781,251,22.819
8782,230,27.523
8783,232,25.989
8784,231,25.989
8785,234,22.819
8786,237,22.819
8787,241,22.819
8788,243,22.819
8789,252,22.819
8790,253,22.819
8791,259,22.819
8792,249,22.819
8793,253,26.594
8794,254,26.594
8795,255,26.594
8796,261,26.594
8797,256,26.594
8798,249,26.594
8799,261,26.594
8800,270,26.594
8801,257,26.594
8802,261,22.286
8803,250,22.286
8804,249,22.286
8805,257,19.536
8806,267,19.536
8807,257,24.462
8808,245,24.537
8809,245,24.537
8810,237,24.462
8811,238,24.462
8812,246,20.511
8813,258,20.66
8814,257,20.66
8815,252,23.807
8816,240,23.807
8817,245,25.147
8818,241,28.752
8819,250,28.752
8820,252,28.752
8821,247,28.752
8822,258,28.752
8823,253,28.752
8824,250,28.752
8825,246,28.752
8826,237,28.752
8827,221,28.752
8828,221,28.752
8829,226,23.377
8830,247,22.878
8831,249,22.878
8832,247,22.878
8833,223,22.878
8834,236,28.465
8835,265,22.878
8836,258,22.878
8837,239,22.878
8838,247,23.828
8839,234,22.878
8840,244,24.779
8841,236,24.779
8842,230,24.779
8843,225,22.878
8844,214,22.878
8845,235,22.878
8846,227,22.878
8847,233,22.878
8848,232,22.878
8849,232,26.666
8850,236,21.927
8851,237,15.13
8852,229,15.13
8853,244,15.13
8854,242,19.948
8855,245,25.06
8856,243,28.905
8857,254,28.905
8858,266,28.905
8859,264,28.905
8860,251,28.905
8861,263,28.905
8862,259,28.905
8863,259,28.905
8864,247,25.213
8865,249,25.213
8866,251,24.782
8867,257,24.782
8868,261,24.782
8869,255,24.782
8870,262,19.787
8871,269,25.407
8872,256,25.407
8873,272,22.639
8874,267,21.599
8875,272,21.599
8876,270,26.671
8877,253,28.145
8878,264,26.671
8879,263,26.671
8880,255,26.671
8881,259,26.671
8882,233,26.671
8883,235,28.739
8884,231,26.163
8885,226,26.163
8886,238,26.163
8887,239,26.163
8888,240,26.51
8889,235,21.993
8890,240,21.993
8891,243,21.467
8892,246,24.985
8893,254,26.228
8894,257,24.985
8895,248,24.985
8896,236,24.785
8897,254,24.785
8898,255,27.168
8899,257,27.168
8900,258,27.168
8901,248,27.168
8902,257,27.168
8903,257,27.168
8904,249,27.168
8905,244,27.168
8906,245,27.168
8907,243,28.767
8908,256,28.767
8909,262,28.767
8910,267,28.767
8911,255,28.767
8912,263,28.767
8913,258,28.767
8914,251,28.767
8915,252,28.767
8916,250,28.767
8917,252,28.767
8918,237,28.767
8919,235,28.767
8920,259,28.767
8921,272,28.767
8922,270,28.767
8923,272,28.767
8924,267,28.767
8925,266,28.767
8926,281,28.767
8927,275,28.86
8928,261,28.767
8929,239,28.767
8930,240,23.879
8931,239,27.556
8932,244,27.556
8933,243,22.896
8934,253,24.626
8935,275,22.896
8936,273,22.896
8937,271,25.198
8938,284,28.731
8939,272,28.731
8940,289,25.198
8941,292,25.198
8942,293,28.838
8943,282,28.838
8944,282,28.127
8945,284,28.127
8946,287,28.127
8947,289,28.127
8948,297,28.127
8949,286,28.127
8950,284,26.163
8951,272,28.488
8952,264,28.488
8953,229,28.488
8954,239,28.488
8955,250,27.651
8956,250,27.651
8957,263,27.613
8958,257,25.198
8959,244,25.198
8960,245,22.319
8961,237,22.319
8962,259,22.319
8963,264,22.319
8964,264,22.319
8965,266,22.319
8966,264,22.319
8967,252,22.319
8968,260,22.319
8969,254,22.319
8970,257,22.439
8971,260,22.439
8972,277,16.866
8973,280,26.835
8974,270,16.866
8975,243,16.866
8976,256,16.911
8977,258,16.911
8978,255,16.866
8979,258,26.543
8980,246,26.543
8981,245,26.543
8982,246,26.543
8983,254,26.543
8984,270,26.537
8985,278,27.329
8986,281,28.585
8987,273,28.585
8988,253,28.585
8989,239,28.585
8990,247,28.585
8991,253,28.585
8992,244,28.585
8993,245,28.585
8994,247,28.585
8995,255,28.585
8996,263,28.585
8997,266,28.585
8998,264,28.585
8999,254,28.585
9000,252,28.585
9001,263,28.585
9002,263,28.585
9003,263,28.585
9004,257,28.585
9005,259,22.654
9006,269,22.654
9007,264,22.654
9008,260,22.654
9009,263,22.654
9010,258,22.654
9011,257,22.654
9012,284,22.654
9013,271,22.654
9014,242,22.654
9015,240,22.654
9016,241,16.624
9017,237,16.624
9018,229,16.11
9019,229,21.437
9020,228,18.589
9021,237,27.977
9022,228,27.917
9023,236,27.917
9024,236,19.566
9025,236,23.422
9026,237,26.495
9027,235,26.495
9028,231,26.865
9029,239,26.865
9030,238,26.865
9031,238,26.865
9032,242,26.495
9033,249,26.495
9034,245,26.925
9035,226,27.786
9036,228,27.786
9037,238,27.786
9038,262,26.495
9039,262,26.495
9040,270,26.495
9041,288,26.495
9042,278,28.563
9043,271,28.563
9044,262,28.563
9045,270,28.563
9046,270,28.563
9047,280,28.563
9048,275,26.495
9049,262,26.495
9050,259,26.495
9051,259,26.495
9052,293,26.495
9053,303,26.495
9054,275,26.495
9055,290,26.507
9056,292,26.172
9057,290,22.986
9058,291,22.986
9059,291,24.205
9060,284,24.205
9061,251,24.205
9062,272,24.205
9063,302,24.205
9064,269,24.205
9065,272,25.996
9066,266,25.996
9067,266,28.763
9068,263,28.763
9069,264,28.763
9070,288,28.763
9071,259,28.763
9072,258,28.763
9073,256,28.763
9074,253,28.763
9075,269,28.763
9076,273,28.473
9077,273,28.473
9078,281,28.473
9079,274,28.473
9080,280,28.695
9081,263,28.695
9082,262,20.331
9083,260,20.331
9084,263,26.058
9085,257,27.422
9086,265,28.423
9087,272,28.423
9088,268,28.423
9089,278,28.435
9090,261,28.677
9091,262,28.677
9092,276,28.423
9093,282,28.423
9094,289,27.299
9095,294,27.299
9096,276,28.868
9097,264,28.868
9098,262,27.299
9099,263,27.299
9100,249,27.198
9101,220,27.198
9102,236,27.198
9103,232,17.461
9104,229,17.461
9105,243,23.449
9106,251,27.326
9107,278,19.114
9108,264,19.114
9109,265,20.137
9110,262,20.137
9111,253,20.137
9112,240,22.579
9113,233,25.442
9114,232,25.442
9115,230,25.442
9116,221,22.819
9117,223,22.819
9118,228,22.819
9119,230,22.819
9120,220,22.819
9121,221,22.819
9122,221,22.819
9123,221,23.212
9124,229,23.212
9125,252,23.212
9126,262,24.865
9127,262,27.876
9128,276,26.716
9129,256,26.928
9130,257,25.813
9131,260,28.199
9132,263,28.199
9133,248,28.199
9134,234,28.112
9135,239,28.112
9136,242,26.787
9137,255,25.625
9138,258,25.625
9139,253,25.625
9140,253,25.625
9141,236,25.625
9142,226,22.819
9143,221,22.819
9144,243,22.819
9145,242,22.819
9146,253,22.819
9147,251,28.575
9148,252,28.575
9149,259,28.575
9150,274,23.834
9151,239,23.834
9152,237,23.834
9153,234,22.819
9154,270,22.819
9155,270,26.264
9156,246,26.264
9157,250,26.264
9158,253,27.556
9159,264,26.318
9160,261,22.819
9161,266,27.254
9162,259,25.61
9163,271,28.814
9164,250,25.61
9165,251,25.61
9166,267,22.819
9167,248,22.819
9168,254,22.819
9169,252,22.819
9170,266,22.819
9171,251,22.819
9172,253,22.819
9173,264,22.819
9174,266,22.819
9175,272,23.051
9176,271,23.051
9177,248,24.343
9178,250,24.343
9179,251,26.612
9180,256,26.612
9181,274,26.612
9182,259,26.612
9183,253,26.612
9184,249,26.612
9185,237,26.612
9186,238,26.612
9187,241,26.612
9188,246,26.612
9189,241,26.612
9190,241,26.612
9191,246,26.612
9192,241,26.612
9193,241,26.612
9194,227,26.612
9195,221,27.789
9196,224,27.789
9197,235,27.789
9198,241,27.977
9199,233,27.828
9200,233,27.828
9201,239,28.83
9202,241,28.83
9203,242,28.83
9204,244,25.179
9205,258,25.242
9206,248,24.946
9207,256,24.946
9208,264,24.435
9209,248,24.435
9210,243,27.562
9211,241,27.562
9212,235,28.339
9213,231,28.339
9214,232,28.339
9215,243,28.339
9216,260,28.339
9217,247,28.339
9218,228,28.339
9219,220,28.339
9220,223,28.339
9221,254,24.442
9222,255,23.108
9223,261,26.585
9224,263,26.585
9225,282,26.585
9226,280,26.585
9227,282,26.669
9228,272,26.74
9229,270,26.74
9230,262,26.74
9231,256,26.74
9232,256,26.74
9233,262,26.74
9234,268,24.674
9235,268,24.674
9236,275,28.086
9237,272,28.133
9238,264,25.67
9239,276,26.073
9240,283,26.492
9241,294,27.407
9242,304,27.491
9243,301,28.213
9244,291,27.491
9245,290,27.491
9246,292,27.491
9247,291,27.491
9248,265,27.491
9249,274,24.794
9250,271,24.794
9251,276,19.829
9252,283,19.829
9253,278,19.608
9254,287,19.608
9255,277,16.092
9256,276,20.561
9257,277,20.561
9258,280,23.649
9259,279,24.723
9260,284,24.723
9261,276,24.723
9262,279,28.142
9263,277,28.142
9264,289,24.723
9265,303,24.723
9266,307,28.195
9267,310,28.195
9268,308,28.195
9269,311,28.195
9270,286,28.195
9271,284,24.723
9272,282,24.723
9273,300,24.723
9274,305,24.723
9275,281,28.599
9276,274,28.599
9277,255,27.446
9278,259,27.446
9279,262,22.038
9280,265,23.945
9281,272,23.945
9282,260,27.87
9283,259,27.87
9284,250,27.87
9285,247,26.062
9286,245,21.952
9287,283,23.293
9288,269,25.368
9289,261,25.368
9290,253,25.368
9291,267,25.368
9292,273,28.812
9293,277,28.812
9294,262,23.108
9295,258,23.108
9296,294,23.108
9297,293,23.108
9298,267,23.108
9299,268,24.587
9300,262,24.587
9301,276,24.587
9302,254,24.587
9303,254,24.587
9304,268,24.587
9305,271,24.587
9306,271,24.587
9307,253,24.587
9308,251,24.587
9309,244,24.587
9310,230,24.587
9311,229,24.587
9312,217,24.587
9313,236,24.587
9314,216,25.323
9315,219,25.924
9316,213,24.587
9317,221,24.587
9318,220,24.587
9319,210,24.587
9320,213,24.587
9321,218,24.587
9322,219,24.587
9323,214,9.647
9324,211,9.647
9325,211,26.061
9326,217,26.061
9327,217,28.803
9328,209,28.803
9329,212,28.803
9330,207,24.815
9331,205,24.815
9332,205,24.815
9333,213,27.655
9334,217,27.655
9335,213,27.655
9336,212,27.655
9337,219,28.396
9338,219,28.396
9339,226,28.396
9340,215,28.381
9341,214,28.521
9342,229,28.381
9343,232,25.565
9344,233,26.689
9345,244,27.944
9346,249,27.944
9347,253,28.309
9348,246,28.309
9349,240,28.309
9350,245,28.309
9351,234,28.309
9352,231,28.309
9353,236,24.868
9354,234,24.868
9355,213,28.16
9356,207,25.628
9357,205,25.628
9358,205,25.628
9359,205,25.628
9360,209,25.628
9361,222,25.628
9362,224,25.628
9363,209,25.628
9364,212,20.054
9365,206,14.733
9366,213,17.061
9367,234,24.86
9368,221,17.061
9369,223,17.061
9370,224,17.061
9371,231,21.631
9372,223,21.631
9373,230,25.547
9374,235,25.547
9375,235,25.547
9376,229,27.909
9377,224,22.819
9378,224,22.819
9379,227,22.819
9380,227,24.393
9381,233,24.393
9382,224,24.393
9383,250,25.282
9384,260,25.282
9385,230,26.947
9386,227,24.393
9387,228,24.393
9388,230,22.86
9389,230,22.86
9390,221,22.86
9391,215,22.86
9392,211,27.071
9393,212,26.669
9394,216,28.213
9395,235,28.213
9396,231,26.669
9397,209,26.669
9398,212,26.669
9399,216,24.534
9400,227,24.534
9401,230,23.075
9402,232,22.819
9403,240,24.214
9404,228,23.467
9405,219,26.334
9406,224,28.725
9407,222,28.725
9408,216,28.725
9409,233,28.725
9410,232,28.725
9411,234,28.725
9412,257,28.725
9413,261,28.725
9414,256,28.725
9415,259,28.047
9416,256,28.047
9417,237,28.047
9418,235,28.047
9419,256,28.047
9420,257,28.047
9421,262,25.757
9422,255,25.757
9423,261,23.7
9424,264,22.819
9425,267,17.375
9426,262,17.773
9427,254,17.773
9428,243,18.517
9429,242,20.012
9430,240,20.012
9431,243,24.48
9432,243,24.48
9433,240,23.856
9434,243,23.856
9435,264,17.599
9436,280,27.648
9437,277,27.648
9438,277,22.982
9439,277,22.982
9440,279,22.982
9441,275,22.982
9442,253,23.12
9443,259,22.83
9444,252,24.809
9445,254,22.83
9446,254,22.83
9447,252,22.83
9448,250,22.819
9449,249,22.819
9450,250,22.819
9451,251,27.266
9452,246,27.266
9453,251,27.266
9454,266,27.266
9455,277,27.995
9456,280,27.995
9457,284,27.995
9458,282,27.995
9459,271,27.056
9460,254,27.104
9461,269,27.104
9462,257,28.65
9463,261,28.65
9464,247,28.076
9465,249,28.805
9466,273,28.375
9467,265,28.869
9468,263,28.869
9469,262,26.333
9470,264,26.112
9471,254,26.146
9472,254,26.146
9473,260,26.146
9474,266,27.735
9475,251,27.735
9476,261,26.146
9477,251,26.146
9478,262,26.146
9479,258,26.146
9480,266,26.146
9481,274,26.146
9482,275,26.146
9483,281,26.146
9484,277,28.432
9485,289,28.432
9486,278,28.432
9487,273,28.432
9488,253,28.432
9489,237,28.432
9490,229,28.432
9491,233,28.432
9492,235,28.432
9493,233,28.432
9494,228,24.558
9495,215,24.558
9496,221,28.826
9497,220,28.826
9498,229,28.826
9499,235,28.689
9500,239,28.689
9501,257,28.689
9502,258,28.689
9503,266,26.489
9504,260,26.489
9505,253,23.727
9506,270,24.471
9507,277,21.981
9508,283,21.981
9509,291,21.981
9510,290,24.038
9511,291,21.981
9512,290,28.001
9513,288,17.265
9514,280,25.72
9515,270,18.621
9516,278,17.265
9517,275,17.265
9518,274,28.192
9519,274,28.192
9520,275,28.192
9521,263,27.654
9522,269,17.265
9523,254,15.437
9524,255,15.437
9525,264,26.725
9526,260,26.725
9527,260,26.725
9528,266,26.725
9529,268,26.725
9530,270,26.725
9531,274,26.725
9532,272,26.725
9533,280,26.725
9534,297,16.682
9535,295,16.682
9536,287,25.43
9537,292,28.169
9538,289,28.169
9539,274,28.169
9540,268,22.152
9541,269,24.103
9542,273,24.103
9543,272,24.388
9544,290,24.388
9545,278,24.388
9546,280,24.103
9547,275,22.633
9548,266,21.988
9549,272,24.445
9550,269,24.445
9551,277,22.528
9552,272,22.528
9553,253,27.894
9554,252,28.265
9555,266,28.265
9556,268,28.265
9557,267,23.802
9558,267,25.424
9559,270,25.424
9560,282,25.424
9561,280,25.424
9562,284,22.764
9563,282,24.074
9564,268,24.074
9565,273,27.831
9566,276,15.479
9567,285,15.479
9568,280,15.479
9569,280,15.479
9570,292,25.44
9571,284,25.777
9572,265,27.243
9573,271,27.243
9574,276,27.243
9575,277,27.243
9576,277,27.243
9577,274,27.243
9578,269,27.243
9579,267,27.243
9580,259,27.243
9581,278,27.243
9582,268,27.243
9583,292,27.243
9584,286,27.243
9585,288,27.243
9586,287,27.243
9587,276,28.579
9588,272,28.579
9589,274,28.579
9590,257,28.579
9591,267,27.243
9592,269,27.243
9593,266,27.243
9594,279,27.243
9595,271,27.243
9596,281,27.243
9597,278,27.95
9598,274,27.95
9599,277,28.907
9600,273,27.243
9601,269,27.243
9602,283,27.801
9603,310,27.801
9604,303,27.801
9605,275,27.801
9606,257,27.628
9607,247,27.628
9608,248,27.834
9609,238,27.834
9610,241,27.834
9611,244,27.834
9612,250,27.243
9613,253,26.149
9614,247,27.834
9615,248,27.834
9616,250,27.834
9617,249,27.834
9618,245,27.834
9619,234,27.834
9620,236,27.834
9621,235,27.834
9622,238,27.834
9623,270,27.834
9624,270,27.243
9625,245,27.243
9626,231,27.243
9627,237,27.243
9628,240,27.243
9629,246,27.243
9630,238,27.243
9631,233,27.243
9632,236,27.243
9633,239,27.243
9634,243,27.243
9635,246,27.243
9636,256,27.243
9637,250,27.243
9638,239,27.243
9639,245,27.243
9640,243,27.243
9641,230,27.243
9642,225,27.243
9643,222,27.243
9644,247,27.243
9645,253,27.902
9646,257,27.902
9647,262,27.902
9648,252,27.902
9649,257,27.902
9650,232,27.243
9651,226,27.252
9652,228,27.252
9653,237,27.252
9654,236,27.252
9655,259,27.243
9656,269,27.243
9657,255,27.243
9658,258,27.243
9659,243,27.243
9660,242,27.243
9661,244,27.243
9662,255,27.243
9663,246,27.243
9664,218,27.243
9665,225,27.243
9666,224,27.888
9667,211,27.888
9668,229,27.888
9669,236,27.243
9670,262,27.243
9671,251,27.243
9672,248,27.243
9673,241,27.243
9674,215,27.243
9675,209,27.243
9676,222,27.999
9677,239,27.999
9678,239,27.999
9679,232,27.243
9680,244,27.243
9681,239,27.243
9682,250,27.243
9683,259,27.243
9684,241,27.243
9685,256,28.704
9686,245,27.243
9687,240,27.243
9688,239,27.243
9689,239,27.243
9690,230,27.243
9691,231,27.243
9692,266,27.243
9693,266,27.243
9694,264,27.243
9695,253,27.243
9696,263,27.243
9697,260,27.243
9698,264,27.243
9699,270,27.243
9700,265,27.243
9701,277,27.243
9702,284,27.243
9703,286,27.243
9704,281,27.243
9705,272,27.243
9706,269,27.243
9707,277,27.243
9708,270,27.243
9709,264,27.243
9710,275,27.243
9711,282,27.243
9712,277,27.243
9713,280,27.243
9714,272,27.243
9715,268,27.243
9716,256,27.243
9717,260,27.243
9718,271,27.243
9719,238,27.243
9720,252,27.243
9721,268,27.243
9722,244,27.243
9723,233,27.243
9724,231,27.243
9725,239,27.243
9726,245,28.596
9727,233,28.596
9728,251,28.596
9729,221,27.243
9730,221,26.352
9731,220,27.015
9732,232,26.352
9733,227,26.352
9734,225,26.352
9735,228,26.352
9736,230,26.352
9737,243,26.352
9738,246,26.509
9739,247,26.509
9740,236,27.517
9741,237,27.517
9742,223,27.517
9743,230,26.352
9744,237,26.352
9745,246,26.352
9746,247,22.878
9747,242,26.853
9748,243,23.855
9749,238,28.506
9750,218,28.506
9751,222,28.506
9752,214,28.506
9753,219,28.506
9754,220,28.506
9755,223,28.506
9756,248,28.506
9757,244,25.867
9758,244,20.218
9759,250,20.218
9760,241,25.983
9761,233,25.983
9762,235,26.824
9763,227,28.593
9764,229,26.824
9765,226,26.824
9766,223,24.941
9767,235,20.483
9768,239,20.483
9769,235,28.549
9770,244,28.76
9771,249,28.549
9772,253,28.549
9773,248,28.549
9774,272,18.462
9775,282,19.153
9776,282,19.153
9777,280,19.153
9778,293,21.246
9779,288,23.282
9780,269,27.643
9781,270,23.282
9782,274,24.923
9783,266,24.923
9784,268,25.738
9785,268,26.282
9786,263,28.435
9787,257,28.435
9788,253,28.435
9789,253,28.435
9790,262,28.435
9791,257,28.435
9792,248,24.959
9793,236,24.959
9794,237,24.944
9795,236,25.843
9796,232,27.063
9797,227,27.063
9798,216,27.063
9799,221,27.063
9800,221,27.063
9801,224,27.063
9802,229,27.063
9803,249,27.063
9804,255,16.337
9805,256,24.047
9806,261,26.518
9807,260,24.047
9808,253,24.047
9809,245,24.047
9810,240,24.047
9811,251,24.047
9812,267,24.047
9813,267,24.047
9814,268,24.047
9815,245,24.047
9816,229,26.575
9817,229,26.575
9818,228,26.575
9819,235,26.575
9820,243,26.575
9821,244,24.047
9822,251,20.884
9823,251,20.884
9824,252,20.884
9825,239,25.234
9826,241,25.234
9827,258,13.31
9828,274,25.903
9829,260,25.903
9830,260,25.903
9831,257,22.227
9832,265,22.777
9833,247,22.777
9834,247,16.463
9835,239,28.889
9836,244,28.889
9837,240,28.889
9838,246,28.889
9839,242,20.4
9840,248,23.345
9841,248,17.791
9842,239,17.791
9843,240,17.791
9844,248,22.316
9845,241,17.464
9846,246,17.464
9847,248,25.025
9848,252,23.889
9849,254,23.889
9850,261,23.889
9851,260,23.889
9852,245,23.889
9853,234,23.889
9854,227,25.398
9855,236,22.782
9856,237,22.782
9857,239,28.591
9858,240,28.591
9859,256,28.591
9860,254,28.591
9861,242,28.591
9862,245,24.916
9863,260,27.454
9864,271,27.0
9865,265,27.0
9866,263,27.0
9867,260,27.0
9868,259,22.579
9869,247,22.579
9870,257,22.579
9871,255,23.395
9872,255,22.579
9873,255,22.579
9874,255,22.579
9875,274,22.579
9876,276,26.321
9877,281,26.722
9878,281,26.321
9879,280,23.484
9880,282,24.653
9881,289,23.484
9882,290,23.484
9883,274,23.484
9884,255,23.484
9885,263,26.636
9886,255,23.484
9887,254,23.484
9888,249,23.759
9889,257,26.54
9890,252,23.759
9891,272,23.759
9892,246,27.385
9893,237,27.385
9894,236,27.385
9895,246,27.385
9896,240,27.385
9897,255,27.385
9898,261,26.603
9899,271,26.603
9900,273,27.553
9901,286,27.553
9902,260,27.553
9903,258,26.536
9904,264,26.536
9905,262,26.536
9906,259,28.883
9907,269,25.5
9908,267,25.5
9909,277,28.518
9910,292,28.518
9911,294,28.518
9912,284,28.518
9913,305,28.518
9914,304,28.518
9915,293,28.518
9916,287,26.614
9917,280,26.614
9918,280,26.524
9919,281,25.831
9920,298,25.831
9921,296,25.831
9922,277,25.831
9923,282,27.281
9924,270,27.281
9925,273,27.281
9926,248,27.281
9927,248,28.823
9928,251,27.281
9929,262,27.281
9930,252,27.281
9931,252,27.281
9932,249,27.281
9933,241,27.427
9934,247,27.427
9935,245,27.427
9936,250,27.427
9937,260,23.825
9938,261,23.825
9939,277,23.825
9940,272,23.825
9941,270,23.825
9942,285,23.825
9943,274,23.825
9944,274,23.825
9945,278,23.825
9946,273,23.825
9947,281,23.825
9948,280,23.825
9949,279,23.825
9950,278,23.236
9951,285,23.236
9952,299,26.259
9953,306,26.259
9954,308,26.259
9955,289,22.094
9956,288,28.464
9957,287,28.464
9958,273,28.464
9959,275,25.236
9960,274,25.236
9961,269,25.236
9962,276,22.268
9963,264,25.637
9964,294,21.222
9965,295,22.819
9966,291,23.135
9967,282,23.135
9968,276,23.135
9969,274,22.819
9970,303,22.819
9971,293,22.819
9972,274,22.819
9973,257,22.917
9974,247,26.94
9975,249,26.94
9976,255,22.917
9977,254,25.816
9978,246,25.816
9979,244,25.816
9980,245,25.816
9981,245,25.816
9982,235,26.518
9983,242,26.518
9984,240,26.518
9985,248,26.518
9986,237,26.518
9987,244,26.518
9988,244,26.518
9989,241,26.518
9990,239,26.518
9991,247,28.617
9992,263,27.143
9993,259,27.143
9994,263,27.143
9995,276,27.143
9996,271,27.143
9997,259,27.143
9998,257,27.143
9999,265,27.143
